"se_id","chr","start","end","control_accessibility","h24_accessibility","h48_accessibility","log2fc_24h","log2fc_48h","cell_line","change_24h","change_48h"
"SE_1","1",8361497,8420686,0.109409847284837,0.0945886627932708,0.12246425442619,-0.207957425684041,0.161224561213785,"CLB_Ma","No change","No change"
"SE_2","1",8646697,8719401,0.129835866889786,0.111549966120481,0.132588997941279,-0.217192467944153,0.0300431054573951,"CLB_Ma","No change","No change"
"SE_3","1",33317147,33469629,0.137177463034732,0.126190691023498,0.15641606997502,-0.119529244158645,0.188060498267636,"CLB_Ma","No change","No change"
"SE_4","1",36231047,36302301,0.0809783828851402,0.115152687123763,0.116353488769149,0.502707093829501,0.517545295376919,"CLB_Ma","No change","No change"
"SE_5","1",39102247,39486501,0.110076290114209,0.095783957929256,0.146297657254881,-0.19871105407722,0.407183586858998,"CLB_Ma","No change","No change"
"SE_6","1",51619871,51674051,0.153906445489784,0.135971384143071,0.166367746715988,-0.177522655384281,0.111624359885553,"CLB_Ma","No change","No change"
"SE_7","1",51733147,51811451,0.0548600234693232,0.0554307027643365,0.0756508953529089,0.0146641366544628,0.45648646422711,"CLB_Ma","No change","No change"
"SE_8","1",59115547,59166001,0.172174844831931,0.167305120320688,0.220252934874107,-0.0411503129266265,0.353467211221238,"CLB_Ma","No change","No change"
"SE_9","1",67673147,67772501,0.16419780902749,0.147453733761867,0.18912026209088,-0.154181173798531,0.202717742764089,"CLB_Ma","No change","No change"
"SE_10","1",85269397,85527851,0.109555117410713,0.102113543439457,0.139784263762203,-0.100531970823293,0.348720278332294,"CLB_Ma","No change","No change"
"SE_11","1",85540597,85586901,0.247583633589824,0.205275118050775,0.29484431414784,-0.269161507888697,0.251106853672302,"CLB_Ma","No change","No change"
"SE_12","1",86739147,86795951,0.121502936977175,0.107935386567833,0.175466086549528,-0.169343662689942,0.526574613489551,"CLB_Ma","No change","No change"
"SE_13","1",89527835,89577701,0.0792408024473124,0.0657473711206864,0.0908780506360727,-0.265625017041171,0.195384213899838,"CLB_Ma","No change","No change"
"SE_14","1",97091247,97148351,0.0816675643932463,0.0799115062824768,0.100467845799284,-0.030976501418601,0.295629336527402,"CLB_Ma","No change","No change"
"SE_15","1",115296347,115335235,0.16641118235192,0.128279205725027,0.158606583538674,-0.37290565747838,-0.0688757351204927,"CLB_Ma","No change","No change"
"SE_16","1",150560047,150583051,0.722623835799742,0.604155679908097,0.763545189355017,-0.257933598341137,0.0793618459368244,"CLB_Ma","No change","No change"
"SE_17","1",155452497,155476151,0.108226850675129,0.10690392127193,0.124722693920987,-0.017580256263316,0.202917540744759,"CLB_Ma","No change","No change"
"SE_18","1",157996270,158050251,0.21610844044696,0.2202557620455,0.251155685106698,0.027299212839454,0.215898938509832,"CLB_Ma","No change","No change"
"SE_19","1",162625447,162723901,0.155349042602591,0.137437340510677,0.195968557261114,-0.175537253417001,0.333194960903479,"CLB_Ma","No change","No change"
"SE_20","1",162956397,162998851,0.0813125857878342,0.0670593787741166,0.089331362563294,-0.274319056106444,0.13411393166431,"CLB_Ma","No change","No change"
"SE_21","1",163031997,163057701,0.275446632860875,0.231736230117991,0.336272240595274,-0.24830518668063,0.286912581644704,"CLB_Ma","No change","No change"
"SE_22","1",164703497,164782451,0.19681239084325,0.159811875156099,0.216648765149106,-0.298758852139417,0.13786903644817,"CLB_Ma","No change","No change"
"SE_23","1",172341847,172363501,0.265185158917019,0.264912818706445,0.341403659995566,-0.00147681036975196,0.363267986556806,"CLB_Ma","No change","No change"
"SE_24","1",172883997,172970651,0.242077468086593,0.191273853698902,0.240083404691507,-0.338253578280098,-0.0118838253960595,"CLB_Ma","No change","No change"
"SE_25","1",178096991,178139351,0.169986684890148,0.13141587072119,0.151310548327335,-0.368807936736328,-0.166868123942534,"CLB_Ma","No change","No change"
"SE_26","1",181072497,181117901,0.296691043322599,0.257290633919997,0.312224284279397,-0.204820485931715,0.0733802534790286,"CLB_Ma","No change","No change"
"SE_27","1",183019797,183165151,0.115215562375827,0.122756648544978,0.153162110783365,0.0907027604407014,0.407644957872931,"CLB_Ma","No change","No change"
"SE_28","1",198087697,198127351,0.111776745804279,0.0916126232257272,0.114188907286372,-0.284188866123744,0.0305321722547265,"CLB_Ma","No change","No change"
"SE_29","1",198153497,198299701,0.0920030370601755,0.0896716612318304,0.110241376360271,-0.0366261115483961,0.258343765971006,"CLB_Ma","No change","No change"
"SE_30","1",202551447,202591201,0.229316006358563,0.187845987676474,0.209304257651008,-0.286404546309462,-0.131136620127749,"CLB_Ma","No change","No change"
"SE_31","1",203504597,203560001,0.276520818290505,0.333484024468798,0.425597434876893,0.269341307285009,0.620279291168428,"CLB_Ma","No change","Increased"
"SE_32","1",203629784,203701601,0.222016462734307,0.180077120382661,0.240305206219389,-0.300545942501957,0.1137088307724,"CLB_Ma","No change","No change"
"SE_33","1",204403397,204440351,0.308051167734949,0.305692751700868,0.426978332142165,-0.011051645490839,0.46969204092694,"CLB_Ma","No change","No change"
"SE_34","1",218335647,218391051,0.16222668602331,0.133992542568209,0.177032224809859,-0.273997233360505,0.125261456927422,"CLB_Ma","No change","No change"
"SE_35","1",218449847,218501551,0.27892333768639,0.214410960136193,0.296164731716334,-0.377940115621755,0.0862311313617463,"CLB_Ma","No change","No change"
"SE_36","1",219293047,219342601,0.194261944714119,0.158146627570731,0.201681078912665,-0.295054219146834,0.0538006090338132,"CLB_Ma","No change","No change"
"SE_37","1",223698247,223795801,0.222394406614327,0.214047831767919,0.314626821814715,-0.0549354785386492,0.498626746248776,"CLB_Ma","No change","No change"
"SE_38","1",234956997,235022701,0.376516902582412,0.331649692187667,0.468093423474796,-0.1825375409934,0.313334035159253,"CLB_Ma","No change","No change"
"SE_39","1",235900697,235929701,0.4389811685283,0.426233722388781,0.540630965237832,-0.0424162505671979,0.299868443853997,"CLB_Ma","No change","No change"
"SE_40","1",243202847,243295901,0.224912697094878,0.198937599909034,0.249623193296058,-0.176215549330779,0.149754573850858,"CLB_Ma","No change","No change"
"SE_41","1",243697547,243750051,0.0676007771858367,0.0660097127252382,0.0953530078952992,-0.0338546987316237,0.490104783542387,"CLB_Ma","No change","No change"
"SE_42","10",4762497,4781751,0.231248385053228,0.207046556933222,0.276713720824011,-0.158762152118773,0.257929892412418,"CLB_Ma","No change","No change"
"SE_43","10",17648397,17689351,0.182227994327804,0.138748468822137,0.208994730478046,-0.390807465145175,0.196713184779116,"CLB_Ma","No change","No change"
"SE_44","10",31999447,32053442,0.095969778938769,0.0673753535372191,0.101027668796024,-0.504058807616289,0.0733533483281339,"CLB_Ma","No change","No change"
"SE_45","10",33192197,33328451,0.157598475167698,0.152205145567421,0.174295541927745,-0.0499141478180368,0.144410405872599,"CLB_Ma","No change","No change"
"SE_46","10",62220397,62279801,0.163092561092953,0.125624297572082,0.163443502268976,-0.373955571839591,0.00308216566353259,"CLB_Ma","No change","No change"
"SE_47","10",73993047,74146251,0.126550360465885,0.103543361679094,0.137769312952374,-0.286965519879125,0.121621593645733,"CLB_Ma","No change","No change"
"SE_48","10",77149647,77204701,0.231364349251922,0.200746373577213,0.252116225966541,-0.203845997629843,0.123411255402884,"CLB_Ma","No change","No change"
"SE_49","10",77385247,77437951,0.240883336441026,0.218848196879626,0.291870949280274,-0.137803684088435,0.27595371101284,"CLB_Ma","No change","No change"
"SE_50","10",77476897,77545051,0.237318855266374,0.20452089477181,0.25850776699232,-0.213608022523942,0.122884619755427,"CLB_Ma","No change","No change"
"SE_51","10",90910747,90944298,0.320295196690639,0.185154147875598,0.269530522626682,-0.787401650329137,-0.248108037509081,"CLB_Ma","Decreased","No change"
"SE_52","10",93432197,93479316,0.449974165337746,0.437368277073013,0.528835518965173,-0.0409013890089661,0.232499772815707,"CLB_Ma","No change","No change"
"SE_53","10",99941997,100006952,0.17582211972647,0.186331858165941,0.232247504941514,0.0832975078050479,0.399562887301335,"CLB_Ma","No change","No change"
"SE_54","10",112953247,113100451,0.127971740052541,0.105796644586153,0.173888721548461,-0.272188660639168,0.439382273118066,"CLB_Ma","No change","No change"
"SE_55","10",114603997,114719451,0.154242668790393,0.128201832020802,0.167801914180973,-0.264898613037255,0.120806124073157,"CLB_Ma","No change","No change"
"SE_56","10",126194647,126282651,0.197808442250726,0.196798286468135,0.236128726150237,-0.00734909311372627,0.254291422614717,"CLB_Ma","No change","No change"
"SE_57","11",8688436,8790051,0.210065074151696,0.170779671133513,0.238835161599736,-0.297128555280929,0.184355314505681,"CLB_Ma","No change","No change"
"SE_58","11",9750847,9817401,0.246876642512782,0.196847450235562,0.25797588201713,-0.325233859602719,0.0631954161740193,"CLB_Ma","No change","No change"
"SE_59","11",12113573,12239701,0.296555563780368,0.245711408295695,0.322527530739056,-0.270334664479785,0.120729390321395,"CLB_Ma","No change","No change"
"SE_60","11",13207347,13236401,0.413290620801365,0.376862601381405,0.537401675371551,-0.132781423067649,0.37803974000323,"CLB_Ma","No change","No change"
"SE_61","11",14442997,14507351,0.104976864649172,0.0972247068553179,0.133025903407131,-0.109591488466401,0.338762509030544,"CLB_Ma","No change","No change"
"SE_62","11",33043012,33086001,0.148501614419485,0.110728921240963,0.204699015273125,-0.420158385221687,0.46037382367406,"CLB_Ma","No change","No change"
"SE_63","11",33668347,33733101,0.342798241588892,0.283616437498024,0.373635059731749,-0.27254318147543,0.123923752685818,"CLB_Ma","No change","No change"
"SE_64","11",35141867,35186351,0.182371635968915,0.168509916901873,0.198891508732628,-0.113400820927365,0.124446689309301,"CLB_Ma","No change","No change"
"SE_65","11",65470447,65508051,0.757039014302981,0.702256477602135,0.866738638874363,-0.108221166007186,0.194988469183599,"CLB_Ma","No change","No change"
"SE_66","11",66073350,66143451,0.144525410569241,0.132509014553075,0.157840685019403,-0.124333931616686,0.126309399931679,"CLB_Ma","No change","No change"
"SE_67","11",74120547,74164051,0.133539571555597,0.0848739225411801,0.145256271922238,-0.647738571309352,0.120467924264144,"CLB_Ma","Decreased","No change"
"SE_68","11",85947547,86047801,0.0932873034479743,0.0616306928616956,0.0832598955727139,-0.590193674294687,-0.162217385461097,"CLB_Ma","Decreased","No change"
"SE_69","11",86578797,86637051,0.123303738829126,0.112611007898033,0.150202595048832,-0.12976706471506,0.282613209681012,"CLB_Ma","No change","No change"
"SE_70","11",86717797,86786451,0.216899950642732,0.201892137617051,0.253279605043153,-0.102952910141999,0.222749883032242,"CLB_Ma","No change","No change"
"SE_71","11",86803237,86821251,0.1737489349794,0.174049131661711,0.201526593002677,0.00247624222367112,0.212827692263566,"CLB_Ma","No change","No change"
"SE_72","11",95983997,96338436,0.144165187764262,0.130990269362648,0.184806442954688,-0.137263945817625,0.356105008537765,"CLB_Ma","No change","No change"
"SE_73","11",108869497,108930201,0.117803428727289,0.113231624380984,0.132570085421188,-0.0566143656682655,0.169020461953034,"CLB_Ma","No change","No change"
"SE_74","11",111517782,111567101,0.240415124338253,0.196439148789284,0.262684846613991,-0.290107982074779,0.127298603225149,"CLB_Ma","No change","No change"
"SE_75","11",111718147,111751501,0.241146161582807,0.225668006557718,0.315746735555513,-0.0952973602212476,0.387451616769853,"CLB_Ma","No change","No change"
"SE_76","11",118906947,118930051,0.667647511776918,0.647766215741827,0.761755204183299,-0.0435471778054257,0.18997424665352,"CLB_Ma","No change","No change"
"SE_77","11",120328847,120348451,0.261839606866519,0.23795788126738,0.325163381475994,-0.137426338289325,0.311412129680409,"CLB_Ma","No change","No change"
"SE_78","11",122155306,122200061,0.164217009100026,0.135189829880252,0.167778694420217,-0.278743247343111,0.0307705786930663,"CLB_Ma","No change","No change"
"SE_79","12",27541147,27624851,0.112520203676465,0.100820261247951,0.130675168641879,-0.156924410627011,0.214034224234748,"CLB_Ma","No change","No change"
"SE_80","12",29277047,29288851,0.109770892283398,0.0963247297686976,0.110220875537063,-0.186700489449012,0.00584877091667352,"CLB_Ma","No change","No change"
"SE_81","12",31482597,31533801,0.124843527641525,0.117878236696321,0.14180724350859,-0.0821463961507124,0.182438139988857,"CLB_Ma","No change","No change"
"SE_82","12",45212947,45314301,0.244706868624387,0.196675699304064,0.278477973917905,-0.313802659766585,0.185796398417942,"CLB_Ma","No change","No change"
"SE_83","12",49186097,49246251,0.224870159830577,0.237626786596786,0.273823099880835,0.079262313192198,0.283009587093286,"CLB_Ma","No change","No change"
"SE_84","12",49480847,49519451,0.185056070874683,0.1552059627702,0.190712015911869,-0.252287939534993,0.0432032981455096,"CLB_Ma","No change","No change"
"SE_85","12",50150597,50219704,0.171233638312652,0.152718118812883,0.21644164707533,-0.164079711605341,0.336261351707055,"CLB_Ma","No change","No change"
"SE_86","12",54220147,54286601,0.261936231404785,0.226799648970797,0.323274389209261,-0.206947428484534,0.302502133617682,"CLB_Ma","No change","No change"
"SE_87","12",65630447,65674151,0.192953363352477,0.192795615821692,0.247174539187386,-0.0011738604362847,0.355645319651037,"CLB_Ma","No change","No change"
"SE_88","12",67651729,67693001,0.230511630027306,0.153957764795047,0.256982631453893,-0.57920962045012,0.156189270882635,"CLB_Ma","No change","No change"
"SE_89","12",68613836,68658601,0.067622323285251,0.0714976224407989,0.0852371133244935,0.0792557119547476,0.329630915782289,"CLB_Ma","No change","No change"
"SE_90","12",69489747,69581721,0.104842013596373,0.0858166879839925,0.114468482504682,-0.285868122997302,0.125586703492378,"CLB_Ma","No change","No change"
"SE_91","12",93395297,93439249,0.0750221164707086,0.0577953918538733,0.0738118845805965,-0.370716103810414,-0.0231517165025393,"CLB_Ma","No change","No change"
"SE_92","12",93766797,93826401,0.126502598614701,0.108808504388265,0.127596739133584,-0.215536859056062,0.0123274095020372,"CLB_Ma","No change","No change"
"SE_93","12",95198897,95263201,0.253748317618344,0.213858024501663,0.290293347114712,-0.245688958943792,0.193400133231645,"CLB_Ma","No change","No change"
"SE_94","12",96197379,96241451,0.219468139937892,0.189301477475534,0.259564038407741,-0.212283423053954,0.241067799335737,"CLB_Ma","No change","No change"
"SE_95","12",103933497,103987201,0.274789734302224,0.230508175022252,0.336722662988759,-0.252505617669734,0.292270238575387,"CLB_Ma","No change","No change"
"SE_96","12",104279847,104337401,0.173817445123862,0.155088497848805,0.186110769344062,-0.163484930181984,0.0980434373866222,"CLB_Ma","No change","No change"
"SE_97","12",105307597,105385551,0.129098918974011,0.113472917211531,0.146215136713123,-0.184602658377601,0.178317043068166,"CLB_Ma","No change","No change"
"SE_98","12",106027997,106148601,0.172779328571173,0.172479439940309,0.213754679973283,-0.00249178991203247,0.305433090533014,"CLB_Ma","No change","No change"
"SE_99","12",110265747,110341501,0.117798041467734,0.102723936351059,0.136235520502786,-0.195762188722739,0.208142889118568,"CLB_Ma","No change","No change"
"SE_100","12",116120397,116165351,0.107539640567694,0.0972784351754686,0.116724718278141,-0.143275244385394,0.117195233918812,"CLB_Ma","No change","No change"
"SE_101","12",120224447,120262770,0.37391893137662,0.338561468257512,0.415197855401284,-0.14290591741738,0.150690855367829,"CLB_Ma","No change","No change"
"SE_102","12",121921554,121965951,0.13681499165724,0.133262438392104,0.16405408967369,-0.0376770853293069,0.260206051345131,"CLB_Ma","No change","No change"
"SE_103","12",122071347,122131051,0.158188546345081,0.147967882682294,0.19533115012677,-0.0957352166635864,0.302552553270296,"CLB_Ma","No change","No change"
"SE_104","13",32021847,32064001,0.138875694161487,0.123236408039988,0.166496552926594,-0.171057267073678,0.259986114374643,"CLB_Ma","No change","No change"
"SE_105","13",45177147,45292701,0.112700256894342,0.0973034810388797,0.144980890134699,-0.209921103791588,0.360544009271505,"CLB_Ma","No change","No change"
"SE_106","13",45479047,45523351,0.130106558629219,0.0969469773778763,0.142363400282895,-0.420666981402674,0.128936902207669,"CLB_Ma","No change","No change"
"SE_107","13",49061897,49143101,0.0790515194845015,0.0713524928442154,0.096426097762417,-0.145886062819459,0.283379494981944,"CLB_Ma","No change","No change"
"SE_108","13",99279297,99337501,0.154769787589394,0.114557033114713,0.157482675872319,-0.430810373047118,0.0249097026101659,"CLB_Ma","No change","No change"
"SE_109","13",114096847,114129619,0.232436161308188,0.209845991659234,0.308312170458078,-0.14683846930788,0.406035535573756,"CLB_Ma","No change","No change"
"SE_110","14",21214097,21266478,0.0867460632370058,0.0686518049648747,0.10532491517804,-0.333173660290471,0.277073399158017,"CLB_Ma","No change","No change"
"SE_111","14",49970047,50024601,0.257987548190586,0.24863013525228,0.310337259530291,-0.0530906302447499,0.265595506258703,"CLB_Ma","No change","No change"
"SE_112","14",50984347,51025351,0.243713433460825,0.217963401518547,0.305214087861345,-0.160403548101626,0.323447357976464,"CLB_Ma","No change","No change"
"SE_113","14",51506647,51556701,0.194202262469296,0.177276380737174,0.215705662699314,-0.130854196778616,0.150767078358132,"CLB_Ma","No change","No change"
"SE_114","14",51635547,51730301,0.120564567534709,0.104517623811796,0.133439848775675,-0.204238805729295,0.14523803770362,"CLB_Ma","No change","No change"
"SE_115","14",55571297,55650451,0.128259921019381,0.0852955839213428,0.144451304016486,-0.582916377087769,0.170261215498237,"CLB_Ma","No change","No change"
"SE_116","14",64917597,64937951,0.0911645894919497,0.0999589219784,0.068414868144947,0.131483945545077,-0.408967849637133,"CLB_Ma","No change","No change"
"SE_117","14",75820597,75887251,0.118799272957507,0.116335858775866,0.141968165875823,-0.0299751727875987,0.255074791216195,"CLB_Ma","No change","No change"
"SE_118","14",77562347,77613766,0.101921020627406,0.165832784541598,0.234203733771802,0.696865153746984,1.19237329370698,"CLB_Ma","Increased","Increased"
"SE_119","14",101960747,102056851,0.119163554276878,0.11114615113058,0.135819336845208,-0.0996192837754075,0.187272750917257,"CLB_Ma","No change","No change"
"SE_120","14",103388361,103457151,0.112421404654857,0.0818462069363254,0.146068126267377,-0.453185377274791,0.374791680109743,"CLB_Ma","No change","No change"
"SE_121","15",32769247,33035351,0.115319492681269,0.0940658531066353,0.127014622454992,-0.291093747443012,0.138215729128938,"CLB_Ma","No change","No change"
"SE_122","15",40992297,41050501,0.0703188914163588,0.0661779181681439,0.0778880201110366,-0.086297190429126,0.145521952211409,"CLB_Ma","No change","No change"
"SE_123","15",44028097,44164751,0.0953043144544521,0.0828133715676696,0.114928627830426,-0.200420003021107,0.267564536934924,"CLB_Ma","No change","No change"
"SE_124","15",48395247,48510951,0.10183734825495,0.0966036427706252,0.126784466041255,-0.0753574164130681,0.313348152832814,"CLB_Ma","No change","No change"
"SE_125","15",48524197,48642787,0.141784068409704,0.10390748148644,0.145507234559454,-0.444717447511351,0.0371368919833817,"CLB_Ma","No change","No change"
"SE_126","15",51835397,51889201,0.121732213779278,0.114744292802707,0.155405660280717,-0.0845729080069726,0.349778758482759,"CLB_Ma","No change","No change"
"SE_127","15",60342847,60472801,0.248120726478909,0.235058014144049,0.298881151961836,-0.0777035935687789,0.267545792547257,"CLB_Ma","No change","No change"
"SE_128","15",71651697,71731001,0.141022629710753,0.125021192389497,0.175163073338573,-0.172454459948672,0.310790718176916,"CLB_Ma","No change","No change"
"SE_129","15",85393797,85445551,0.0856017671385357,0.0780430358109118,0.10281767065346,-0.131758106268706,0.261583654554931,"CLB_Ma","No change","No change"
"SE_130","15",90391238,90424151,0.138274918406353,0.136445245724199,0.211804630203385,-0.0190784663749605,0.611594070543243,"CLB_Ma","No change","Increased"
"SE_131","15",98716247,98765001,0.136165874409937,0.121156440054834,0.161141776137192,-0.167191672977121,0.241334254789058,"CLB_Ma","No change","No change"
"SE_132","15",98841397,98928101,0.256463882292964,0.223826948806017,0.303826303896625,-0.195555087379328,0.243617338960982,"CLB_Ma","No change","No change"
"SE_133","15",101640397,101717901,0.186404017674882,0.156961705405556,0.203799245535201,-0.246577033856602,0.128058517916326,"CLB_Ma","No change","No change"
"SE_134","16",9094677,9130401,0.127869054130088,0.0666844567245752,0.0919226450976142,-0.929009393001204,-0.471803737834666,"CLB_Ma","Decreased","No change"
"SE_135","16",24970047,25012377,0.160808321663163,0.130901648111417,0.189542730560244,-0.294823215063954,0.235828762363906,"CLB_Ma","No change","No change"
"SE_136","16",50180847,50235851,0.126918374126564,0.108520434408585,0.130877299893987,-0.224023432930827,0.0439727470912227,"CLB_Ma","No change","No change"
"SE_137","16",57167697,57204351,0.28493863378832,0.25164199647734,0.327307552157623,-0.178611081686584,0.199342378250373,"CLB_Ma","No change","No change"
"SE_138","16",69431847,69497251,0.140958229283664,0.110629457514586,0.147477962746047,-0.346748698910649,0.0647823364501121,"CLB_Ma","No change","No change"
"SE_139","16",75231497,75262947,0.494557084208137,0.444281359103505,0.50006955456496,-0.154334036667459,0.015959627086192,"CLB_Ma","No change","No change"
"SE_140","17",667897,706401,0.220294800312367,0.187141132827629,0.239676999859906,-0.234154256857811,0.121128725162488,"CLB_Ma","No change","No change"
"SE_141","17",4194597,4257901,0.158284210840981,0.149017770269639,0.225000604644711,-0.0864698613298443,0.50472336665539,"CLB_Ma","No change","No change"
"SE_142","17",16002690,16048251,0.110150998463067,0.129794808979341,0.204441982802606,0.234784375821021,0.886210123595719,"CLB_Ma","No change","Increased"
"SE_143","17",20165097,20227451,0.112216574554248,0.0952662536643188,0.128444906435387,-0.233983127642433,0.193253017639092,"CLB_Ma","No change","No change"
"SE_144","17",31232597,31278401,0.163571763379661,0.14404388078264,0.223437224953657,-0.182227393315993,0.447595155215849,"CLB_Ma","No change","No change"
"SE_145","17",31563897,31604151,0.495078674949912,0.440284929064913,0.61878680549571,-0.168858464422931,0.321203100941044,"CLB_Ma","No change","No change"
"SE_146","17",40280547,40348051,0.476460797040671,0.460013889846495,0.480522785535438,-0.050572064250541,0.0122217852549119,"CLB_Ma","No change","No change"
"SE_147","17",45064296,45129532,0.286816142498603,0.231291621446693,0.386820697518154,-0.309210391202982,0.430242290821891,"CLB_Ma","No change","No change"
"SE_148","17",45287497,45322351,0.446094498460372,0.475942732443443,0.491661098847886,0.0932362555900011,0.140015765604613,"CLB_Ma","No change","No change"
"SE_149","17",50026997,50084801,0.612027212239668,0.538410818925988,0.645252912750697,-0.184566658580565,0.0761477613867949,"CLB_Ma","No change","No change"
"SE_150","17",59622686,59699401,0.12767731415753,0.172271851048298,0.130450182617159,0.429279571419375,0.0307584177389235,"CLB_Ma","No change","No change"
"SE_151","17",59745197,59859951,0.492617831590243,0.41489172622869,0.684970665007542,-0.247186527531932,0.474752370253254,"CLB_Ma","No change","No change"
"SE_152","17",64525147,64684501,0.144720891093722,0.12630044419999,0.163019274204511,-0.194970269040738,0.170657636130584,"CLB_Ma","No change","No change"
"SE_153","17",75673497,75708901,0.452311630463839,0.428363236526301,0.554906982467374,-0.0783045081860139,0.294340326725741,"CLB_Ma","No change","No change"
"SE_154","18",9105627,9148201,0.258898521807555,0.21996177639413,0.300914514818048,-0.234151605277872,0.216191689013553,"CLB_Ma","No change","No change"
"SE_155","18",28027147,28097351,0.128705840597903,0.115521933454974,0.130654780749052,-0.154641899476812,0.021516465594469,"CLB_Ma","No change","No change"
"SE_156","18",57727847,57849851,0.144028030453209,0.121623795283754,0.174191437501685,-0.24209280290076,0.272600499131688,"CLB_Ma","No change","No change"
"SE_157","18",77063747,77109201,0.314777468005577,0.278031607420184,0.394883025038595,-0.178479679582119,0.32616597499516,"CLB_Ma","No change","No change"
"SE_158","2",33129797,33170001,0.139149866191248,0.123723169668333,0.158391884624283,-0.168240869220678,0.185607809991137,"CLB_Ma","No change","No change"
"SE_159","2",36338247,36573801,0.142937152605411,0.125849668584009,0.154435366338692,-0.182319273930575,0.110875774647883,"CLB_Ma","No change","No change"
"SE_160","2",55092947,55121751,0.204101700863616,0.196828728115918,0.271608246964402,-0.0520875105094188,0.410489751495724,"CLB_Ma","No change","No change"
"SE_161","2",62709894,62829051,0.154177775506093,0.133077039471491,0.173842557371163,-0.210859751521264,0.172134435110838,"CLB_Ma","No change","No change"
"SE_162","2",63844877,63896501,0.0873903411469074,0.0770498897439823,0.094651873190372,-0.179492133549658,0.113904493991844,"CLB_Ma","No change","No change"
"SE_163","2",68027447,68060026,0.118822171802416,0.100563322906183,0.148915983093698,-0.2385153856467,0.323259314495886,"CLB_Ma","No change","No change"
"SE_164","2",68166547,68259001,0.132377744441657,0.0930859536520066,0.135232895123569,-0.503466696635334,0.0305571451297587,"CLB_Ma","No change","No change"
"SE_165","2",69016141,69255351,0.167526704338474,0.14091839012741,0.198086720881916,-0.247915666110264,0.240419780736658,"CLB_Ma","No change","No change"
"SE_166","2",69754597,69803851,0.192172537085844,0.181098269019393,0.238137098653377,-0.0851727954937097,0.307947956653227,"CLB_Ma","No change","No change"
"SE_167","2",70090450,70144501,0.176290880500042,0.188759706903197,0.195145894836779,0.098055357954592,0.14580881267394,"CLB_Ma","No change","No change"
"SE_168","2",75586547,75607951,0.226248290763801,0.206750010080078,0.275367919042894,-0.129420896308967,0.282320713217992,"CLB_Ma","No change","No change"
"SE_169","2",108537352,108599501,0.212940126843013,0.181106725281122,0.219278455814417,-0.232422898676117,0.0421212987901015,"CLB_Ma","No change","No change"
"SE_170","2",117930197,118011162,0.141453824186872,0.141205738035518,0.162465960345158,-0.00251467224985198,0.198495893095903,"CLB_Ma","No change","No change"
"SE_171","2",138018897,138053301,0.146613572908024,0.121536874446651,0.135356842847653,-0.268609423730136,-0.11443828035513,"CLB_Ma","No change","No change"
"SE_172","2",160204397,160252901,0.374220589740988,0.327029177795613,0.466838895077409,-0.19391484951945,0.318272813073296,"CLB_Ma","No change","No change"
"SE_173","2",177215723,177276301,0.205605518086294,0.214201403762406,0.22710640138888,0.0588087019710683,0.142828147136976,"CLB_Ma","No change","No change"
"SE_174","2",189075647,189176878,0.0982892892087901,0.0876154705902069,0.100202081597013,-0.164079507894759,0.0275289635977728,"CLB_Ma","No change","No change"
"SE_175","2",189203447,189299101,0.11345609328484,0.0980926137668585,0.142129591209764,-0.207944839574469,0.322527702187638,"CLB_Ma","No change","No change"
"SE_176","2",189366697,189413601,0.12834210238891,0.119911088511542,0.140972145720552,-0.0972454086495573,0.134415941437392,"CLB_Ma","No change","No change"
"SE_177","2",190883818,190963751,0.110768252994662,0.103951207792647,0.128918249112517,-0.090791689287201,0.217093636054402,"CLB_Ma","No change","No change"
"SE_178","2",201627947,201656951,0.252293630724228,0.221003984544092,0.25395435486985,-0.190225229352192,0.00942818106161917,"CLB_Ma","No change","No change"
"SE_179","2",207219697,207261451,0.383909460415531,0.284567813556564,0.336273854077906,-0.430685748667388,-0.190598647524749,"CLB_Ma","No change","No change"
"SE_180","2",216443447,216512801,0.128924536597353,0.113753767076858,0.129636984533085,-0.179132398888327,0.0078894816150233,"CLB_Ma","No change","No change"
"SE_181","2",222904597,223003801,0.16894056014149,0.14793610742806,0.187006312874386,-0.190336668186124,0.145750880239329,"CLB_Ma","No change","No change"
"SE_182","2",223026197,223111101,0.204176919642082,0.174354604225542,0.235651947537368,-0.22659313982767,0.205898343582661,"CLB_Ma","No change","No change"
"SE_183","2",233402297,233502201,0.130653385488645,0.118782409163364,0.153858312700674,-0.136328566600841,0.234204207086171,"CLB_Ma","No change","No change"
"SE_184","2",234240697,234260551,0.312526988614575,0.289179171818286,0.363645674428136,-0.111645665692448,0.21790564383297,"CLB_Ma","No change","No change"
"SE_185","20",31652097,31718505,0.160016386916625,0.13436930531502,0.182574814293004,-0.250306873240168,0.18916061913666,"CLB_Ma","No change","No change"
"SE_186","20",35301597,35345051,0.363440123249005,0.281134961676129,0.383362528865777,-0.369296348966665,0.0767858937710922,"CLB_Ma","No change","No change"
"SE_187","20",35854497,35904351,0.353524162531647,0.268117336483145,0.449740647423199,-0.397648625353148,0.346413599538292,"CLB_Ma","No change","No change"
"SE_188","20",45013747,45105201,0.148175413055597,0.12700515099109,0.171974150835119,-0.220807905452296,0.213546686778539,"CLB_Ma","No change","No change"
"SE_189","20",50894997,50936551,0.153744926162225,0.125056420121893,0.155231315619432,-0.295822509250983,0.0137915553746167,"CLB_Ma","No change","No change"
"SE_190","20",53734697,53754501,0.229751493498739,0.171648196447446,0.274599910815344,-0.418504722196035,0.256235435690475,"CLB_Ma","No change","No change"
"SE_191","20",53770647,53846251,0.213396321378978,0.193696668158895,0.270077521879207,-0.139051956735098,0.33842533569271,"CLB_Ma","No change","No change"
"SE_192","20",58235547,58296451,0.103744086141326,0.0915257142278828,0.10657171706852,-0.178942519372198,0.0384300204576439,"CLB_Ma","No change","No change"
"SE_193","21",25306247,25344901,0.115524723171403,0.120542890899183,0.132830665564097,0.060829426463059,0.199772643286138,"CLB_Ma","No change","No change"
"SE_194","21",29148556,29233751,0.165323060627536,0.132207773703183,0.183864311334258,-0.3203099343262,0.152478522982804,"CLB_Ma","No change","No change"
"SE_195","21",29308201,29352601,0.120978589965401,0.090400036008773,0.11907062676013,-0.416361305233331,-0.0227446806434285,"CLB_Ma","No change","No change"
"SE_196","22",24282697,24339106,0.0974765171223514,0.0828077763002806,0.108028539363292,-0.232695624105027,0.146854181807157,"CLB_Ma","No change","No change"
"SE_197","22",31207297,31254601,0.238087734371028,0.232929216710814,0.303128797828248,-0.0314680600198786,0.347142311916294,"CLB_Ma","No change","No change"
"SE_198","22",31583547,31662751,0.214125255173204,0.174102828541181,0.257350960507495,-0.296974514855814,0.264155343946653,"CLB_Ma","No change","No change"
"SE_199","22",36295897,36399251,0.318480655599095,0.296219131778865,0.330758758572399,-0.104201595228392,0.0544059745391861,"CLB_Ma","No change","No change"
"SE_200","22",40466438,40543951,0.170155586291073,0.144764425158974,0.175832684055594,-0.231669718092046,0.0470765725089473,"CLB_Ma","No change","No change"
"SE_201","22",42905297,43018201,0.190085963658922,0.1612513170103,0.203425474655183,-0.235991619351883,0.0973531820285587,"CLB_Ma","No change","No change"
"SE_202","3",15629947,15648901,0.46408777858294,0.432389343105231,0.544895652718732,-0.101839351222081,0.231122178403773,"CLB_Ma","No change","No change"
"SE_203","3",30333897,30359151,0.126425666406244,0.129271356696022,0.163611039583882,0.0318640092081561,0.369405194642152,"CLB_Ma","No change","No change"
"SE_204","3",48011697,48086278,0.11508948497365,0.180151733877816,0.148408080274158,0.641961311217109,0.364020870670262,"CLB_Ma","Increased","No change"
"SE_205","3",57998247,58175901,0.129641127708861,0.115794638483413,0.158858963664865,-0.161635101474381,0.291190492090307,"CLB_Ma","No change","No change"
"SE_206","3",71487847,71554851,0.187801376497907,0.143737035208497,0.216449015414067,-0.383435158146138,0.203807893424412,"CLB_Ma","No change","No change"
"SE_207","3",81722147,81765851,0.232643033429718,0.177541864533207,0.231853138735592,-0.38804362343238,-0.00488569173824251,"CLB_Ma","No change","No change"
"SE_208","3",98877097,98924851,0.210421193252075,0.200553806209573,0.234319838754775,-0.0689549746104886,0.154502950411572,"CLB_Ma","No change","No change"
"SE_209","3",99842697,99936151,0.138725919572982,0.107870085357388,0.146881975408182,-0.359992076019654,0.0818465505072192,"CLB_Ma","No change","No change"
"SE_210","3",100001947,100049201,0.154826027601168,0.132880245310146,0.153474116294528,-0.218993127087723,-0.0125711065035196,"CLB_Ma","No change","No change"
"SE_211","3",107192747,107250501,0.181820261786798,0.159901457044327,0.218698744647059,-0.184248581249654,0.265100654556901,"CLB_Ma","No change","No change"
"SE_212","3",111845697,111975874,0.14949678311071,0.133166823516814,0.174545677269305,-0.165704680395286,0.222113821450306,"CLB_Ma","No change","No change"
"SE_213","3",112604967,112699901,0.286741941644355,0.225833382394955,0.324511040140614,-0.343142552486243,0.177930949611348,"CLB_Ma","No change","No change"
"SE_214","3",120403647,120448070,0.173899009992941,0.159300322419824,0.213847453089458,-0.125744795721897,0.296790551795519,"CLB_Ma","No change","No change"
"SE_215","3",123595047,123881301,0.188805078112413,0.172375937618587,0.212952201028579,-0.130614906573067,0.172769929480918,"CLB_Ma","No change","No change"
"SE_216","3",128758647,128806351,0.103114840107837,0.0797510993439735,0.107360942713272,-0.366621913328363,0.0576691305906017,"CLB_Ma","No change","No change"
"SE_217","3",134457097,134482731,0.186849165614316,0.201467453901286,0.212265717008653,0.108115309434594,0.183077359669814,"CLB_Ma","No change","No change"
"SE_218","3",136136147,136186501,0.0670940970060836,0.0489573053110861,0.0683735027769373,-0.446834077881838,0.026854992165114,"CLB_Ma","No change","No change"
"SE_219","3",149369097,149408351,0.175260763748133,0.134949240405315,0.179058945320337,-0.374643270965289,0.0307579128114322,"CLB_Ma","No change","No change"
"SE_220","3",152272624,152467151,0.0989664815901298,0.0818129142438147,0.125834014603853,-0.2715886793236,0.343425351753035,"CLB_Ma","No change","No change"
"SE_221","3",156531797,156559251,0.274765357449011,0.280611087593692,0.362358303674149,0.0302629047528882,0.397951643860858,"CLB_Ma","No change","No change"
"SE_222","3",160394797,160446837,0.130514904232132,0.100387634422225,0.114102285850993,-0.375344598432104,-0.192309820880226,"CLB_Ma","No change","No change"
"SE_223","3",170688547,170768951,0.226843333623122,0.189578932829147,0.248104549508643,-0.257653511747453,0.128709210466958,"CLB_Ma","No change","No change"
"SE_224","3",171256147,171331701,0.0994378927760541,0.0867430732739684,0.119175779336764,-0.194946521820773,0.258842493578709,"CLB_Ma","No change","No change"
"SE_225","3",171343347,171428051,0.113125176560602,0.0974886042629,0.135999666537458,-0.212588381522472,0.263555289440322,"CLB_Ma","No change","No change"
"SE_226","3",172044197,172186201,0.155347276803717,0.124449465010952,0.181968973303239,-0.317647772904158,0.226844935163671,"CLB_Ma","No change","No change"
"SE_227","3",172243397,172368751,0.0927235595281186,0.0846981847552958,0.119116551882525,-0.129147101637815,0.357951313491547,"CLB_Ma","No change","No change"
"SE_228","3",172753682,172817751,0.0672689725129353,0.0650920527787741,0.108607528711509,-0.0467532329741476,0.683044953632665,"CLB_Ma","No change","Increased"
"SE_229","3",179580247,179618651,0.162146506192694,0.155672275327636,0.169229946198593,-0.0584181886516789,0.0613167604961978,"CLB_Ma","No change","No change"
"SE_230","3",188185397,188301151,0.167195695002449,0.138127123918707,0.188535808336521,-0.273737068079886,0.17232965742908,"CLB_Ma","No change","No change"
"SE_231","3",192851647,192915160,0.196397446573328,0.188967652279214,0.225090290635726,-0.0553495508536721,0.195795709420722,"CLB_Ma","No change","No change"
"SE_232","3",194552997,194599901,0.391986379324277,0.362288542796891,0.420891022387229,-0.113363442879694,0.102391077721075,"CLB_Ma","No change","No change"
"SE_233","3",196742854,196810951,0.176286888216879,0.163679018264792,0.233546320032639,-0.106429088186631,0.403787024175672,"CLB_Ma","No change","No change"
"SE_234","4",24526247,24572351,0.0544784154838907,0.0482203081041154,0.0675865657269331,-0.172672894857439,0.305999435200687,"CLB_Ma","No change","No change"
"SE_235","4",41119997,41209951,0.179229046075725,0.15104183842361,0.180436365445082,-0.245363162667663,0.0096321079181,"CLB_Ma","No change","No change"
"SE_236","4",69746947,69803551,0.0808222296598831,0.0649486463546353,0.0962385546502233,-0.311149803889839,0.249035598093538,"CLB_Ma","No change","No change"
"SE_237","4",76579197,76609551,0.151281454649161,0.116087988609857,0.157744449733087,-0.379147170679807,0.0599658948110663,"CLB_Ma","No change","No change"
"SE_238","4",76943147,77072971,0.186148356952164,0.163870328266638,0.206399645052281,-0.182850602183904,0.148231042781854,"CLB_Ma","No change","No change"
"SE_239","4",79996847,80070322,0.172325285344286,0.158946159853161,0.196350666714434,-0.115895780419304,0.187279257502011,"CLB_Ma","No change","No change"
"SE_240","4",88010644,88041951,0.162323384258564,0.143890763920814,0.197609347200265,-0.172765734319219,0.282202154997462,"CLB_Ma","No change","No change"
"SE_241","4",88586847,88641951,0.25353886059388,0.235553088680534,0.265063836603991,-0.105721931912144,0.0638865023832543,"CLB_Ma","No change","No change"
"SE_242","4",94507447,94596301,0.0928597900952868,0.0820362264311107,0.103001238393793,-0.176766351852475,0.148021568256339,"CLB_Ma","No change","No change"
"SE_243","4",102787947,102822859,0.115908511980045,0.0677982944358752,0.098978753188677,-0.764935269798901,-0.225686533992775,"CLB_Ma","Decreased","No change"
"SE_244","4",112883597,112910451,0.08704938372204,0.0638222600598121,0.112430012963923,-0.441823584535128,0.365417608595781,"CLB_Ma","No change","No change"
"SE_245","4",113435197,113476701,0.270980180964315,0.240687081931646,0.377038475373441,-0.170361163219305,0.475031547176474,"CLB_Ma","No change","No change"
"SE_246","4",113897397,113976721,0.090459663747079,0.07740173470236,0.0932157388568945,-0.222250039564448,0.0428324689163113,"CLB_Ma","No change","No change"
"SE_247","4",114224047,114284551,0.140108840258125,0.0929566772775013,0.143257396036142,-0.586740774151097,0.0318369138797242,"CLB_Ma","Decreased","No change"
"SE_248","4",114316247,114367701,0.0831894133196931,0.0617229158399728,0.107685257066975,-0.424646199676194,0.368445521722555,"CLB_Ma","No change","No change"
"SE_249","4",122757697,122799301,0.206525714094363,0.157881368687545,0.207799260502372,-0.385340152814789,0.00882649339025887,"CLB_Ma","No change","No change"
"SE_250","4",122829705,122915251,0.0999376648641403,0.0811557092771914,0.102266754018203,-0.297031874686597,0.0329112475570702,"CLB_Ma","No change","No change"
"SE_251","4",137509247,137529497,0.151948538782023,0.102139715111479,0.140425501875046,-0.56844635824846,-0.113004033281438,"CLB_Ma","No change","No change"
"SE_252","4",159262097,159310151,0.117148705887007,0.100226021748795,0.141163077701825,-0.223023621919021,0.266942992667249,"CLB_Ma","No change","No change"
"SE_253","4",169200697,169268097,0.149630173543399,0.134871576702154,0.187046080714748,-0.148767106126353,0.320075444828038,"CLB_Ma","No change","No change"
"SE_254","4",185180697,185403601,0.151276640417154,0.141938527416585,0.17919700035681,-0.0912998155908232,0.242880349478672,"CLB_Ma","No change","No change"
"SE_255","5",9324147,9372201,0.185067786355365,0.149253930783673,0.198204417134438,-0.308425571641586,0.0984213325781191,"CLB_Ma","No change","No change"
"SE_256","5",9426847,9508331,0.140458155446418,0.135359763434136,0.185186396715507,-0.0529573527041867,0.396372315109133,"CLB_Ma","No change","No change"
"SE_257","5",17220558,17262401,0.13692830255394,0.100428740235529,0.128240871034925,-0.443452021134322,-0.0938561457893066,"CLB_Ma","No change","No change"
"SE_258","5",52994197,53046301,0.152763232226186,0.146199498046783,0.167566779976224,-0.062937816362763,0.132609679367854,"CLB_Ma","No change","No change"
"SE_259","5",61350847,61505451,0.121728546599785,0.0776812499492119,0.14090749672012,-0.641379076282344,0.209479948226288,"CLB_Ma","Decreased","No change"
"SE_260","5",65100547,65248151,0.102634020549779,0.0854722516983224,0.116569797960321,-0.261188520739659,0.182019816785527,"CLB_Ma","No change","No change"
"SE_261","5",69237792,69296951,0.0855576564370411,0.0561196295203605,0.0909866643007181,-0.599674816451269,0.0877632841871862,"CLB_Ma","Decreased","No change"
"SE_262","5",76488247,76543601,0.0752139969622255,0.0722372474746634,0.0950727386976351,-0.0574784075852611,0.334071136449766,"CLB_Ma","No change","No change"
"SE_263","5",95710247,95802001,0.172207378222807,0.136248724674244,0.207111390169184,-0.335707643095844,0.264855540792759,"CLB_Ma","No change","No change"
"SE_264","5",120599047,120624601,0.145633847993279,0.104414569570554,0.13926404532626,-0.476143885462657,-0.0640729219585014,"CLB_Ma","No change","No change"
"SE_265","5",122140947,122184251,0.207544868950928,0.162718082023587,0.208025102922069,-0.349144145866039,0.00331839701492088,"CLB_Ma","No change","No change"
"SE_266","5",131504497,131547351,0.0856964611318979,0.0831067550191952,0.110071797450119,-0.0437514302612037,0.357447534198692,"CLB_Ma","No change","No change"
"SE_267","5",140280247,140343602,0.222142952973639,0.203453060655112,0.266191791123831,-0.126198585768518,0.259907438993728,"CLB_Ma","No change","No change"
"SE_268","5",147471147,147507055,0.21578545510009,0.183976021752467,0.245504970309756,-0.228929696627907,0.185348771686417,"CLB_Ma","No change","No change"
"SE_269","5",150008297,150066101,0.170441179349934,0.147895843114907,0.198877480742212,-0.203410202295387,0.221402260046731,"CLB_Ma","No change","No change"
"SE_270","5",151658897,151703801,0.318026663757458,0.28474418420212,0.380173247665268,-0.158952871928342,0.256769861161505,"CLB_Ma","No change","No change"
"SE_271","5",154193732,154320951,0.138682355191496,0.125258290094123,0.153793504870262,-0.145771671598764,0.14819514768018,"CLB_Ma","No change","No change"
"SE_272","5",154342197,154376051,0.109231552268854,0.10092807707288,0.134341568288864,-0.11298572414945,0.296067776507373,"CLB_Ma","No change","No change"
"SE_273","5",157495447,157572822,0.173117252067717,0.159404122598435,0.20290211184604,-0.118347935247555,0.227817560959354,"CLB_Ma","No change","No change"
"SE_274","5",169548297,169606201,0.135554905824191,0.121038542453523,0.160218560096411,-0.16214429024554,0.239536697194488,"CLB_Ma","No change","No change"
"SE_275","6",11160047,11236601,0.171953378482992,0.137519191205626,0.195931458404522,-0.320297326712768,0.187310394266203,"CLB_Ma","No change","No change"
"SE_276","6",16657547,16771001,0.195346409734392,0.188584808558787,0.232724978133013,-0.0505578524072469,0.251410704795733,"CLB_Ma","No change","No change"
"SE_277","6",30724546,30794251,0.378688921540752,0.356176770962106,0.454418554160466,-0.0881796473609569,0.262375164351363,"CLB_Ma","No change","No change"
"SE_278","6",34629397,34684901,0.103055813445694,0.0971794226874382,0.133333695484601,-0.0838649800442969,0.368463658829239,"CLB_Ma","No change","No change"
"SE_279","6",37101147,37145951,0.314499857352265,0.317279136737715,0.33544493262543,0.012653238200548,0.0927310391994194,"CLB_Ma","No change","No change"
"SE_280","6",42182047,42231451,0.160976599060412,0.140902919192298,0.189636562069534,-0.190881131930892,0.235039438977694,"CLB_Ma","No change","No change"
"SE_281","6",44654997,44669401,0.272131270051393,0.268109928118758,0.334220235445003,-0.0213988772809594,0.295514745651551,"CLB_Ma","No change","No change"
"SE_282","6",56638797,56774401,0.1248327141862,0.112133884832441,0.134666464236343,-0.153475948148683,0.108557096002153,"CLB_Ma","No change","No change"
"SE_283","6",56795347,56840664,0.121984869281175,0.0980424646387299,0.146643928408,-0.312361711900481,0.263641196445894,"CLB_Ma","No change","No change"
"SE_284","6",104995247,105073801,0.0714666446675558,0.0549418570133672,0.0874322075638193,-0.373388951089407,0.287254807328648,"CLB_Ma","No change","No change"
"SE_285","6",113344347,113414701,0.137731894524543,0.0940945530601903,0.135255438081284,-0.544864889879182,-0.0259856916884392,"CLB_Ma","No change","No change"
"SE_286","6",129625997,129718001,0.134819903704743,0.121964313013515,0.182188912769038,-0.143455240545917,0.43163727457366,"CLB_Ma","No change","No change"
"SE_287","6",140041947,140079801,0.243085860243889,0.197976995989686,0.240969729461597,-0.29478707462302,-0.0125621461385499,"CLB_Ma","No change","No change"
"SE_288","6",142353347,142419951,0.127661493271501,0.116262519310146,0.148296760419554,-0.13383838054769,0.21460252276173,"CLB_Ma","No change","No change"
"SE_289","6",150853797,150900301,0.252551646324261,0.223412246636907,0.306761291294608,-0.17612823300567,0.279532146041586,"CLB_Ma","No change","No change"
"SE_290","6",151242996,151296801,0.103053725108048,0.0766474874276639,0.100862066262536,-0.422317467534329,-0.0307117266883888,"CLB_Ma","No change","No change"
"SE_291","6",152704947,152760451,0.126808314152097,0.106159446950562,0.15003295504553,-0.254222648578252,0.240881687511221,"CLB_Ma","No change","No change"
"SE_292","6",157984853,158087051,0.251303360933854,0.234959739188572,0.300687340971041,-0.0966187049494863,0.25789473659246,"CLB_Ma","No change","No change"
"SE_293","7",6226047,6284751,0.146730429024406,0.130576389313603,0.152920347205506,-0.167066389944907,0.0592169403240233,"CLB_Ma","No change","No change"
"SE_294","7",23426597,23479601,0.229934708015842,0.221582729242992,0.267378324139833,-0.0531433626190967,0.216783138163242,"CLB_Ma","No change","No change"
"SE_295","7",80824647,80911651,0.103246460843641,0.0938355098054003,0.121608957075357,-0.136499143158786,0.234065972372533,"CLB_Ma","No change","No change"
"SE_296","7",101092897,101141301,0.780245026588392,0.564090444162546,0.779462983631676,-0.467293307465718,-0.00144489185217781,"CLB_Ma","No change","No change"
"SE_297","7",102834447,102897801,0.169552868473001,0.145075768378507,0.199469613436094,-0.223502141296138,0.233164554628024,"CLB_Ma","No change","No change"
"SE_298","7",130352297,130375251,0.452530744962966,0.408584326579118,0.512105318659006,-0.147039845442486,0.178054625319739,"CLB_Ma","No change","No change"
"SE_299","7",130838297,131040951,0.204144586959093,0.181213150876337,0.242537757182708,-0.171014000528315,0.247504372582021,"CLB_Ma","No change","No change"
"SE_300","7",134689347,134969601,0.128607320484214,0.114799798761952,0.149659299202804,-0.162514460665109,0.217142516845928,"CLB_Ma","No change","No change"
"SE_301","8",13075347,13130299,0.118451441318119,0.102274337445985,0.118080302780894,-0.209942457014722,-0.00448946668498554,"CLB_Ma","No change","No change"
"SE_302","8",25178147,25216001,0.273351200963502,0.212294172452305,0.263780866483467,-0.363179341757501,-0.0512250168624524,"CLB_Ma","No change","No change"
"SE_303","8",32672597,32785351,0.0869799550990062,0.0806191022077196,0.11105242255334,-0.108268023608613,0.348927069919808,"CLB_Ma","No change","No change"
"SE_304","8",38891897,38939851,0.277074480993711,0.283805898283521,0.453441883953974,0.0345076705331602,0.708624453909007,"CLB_Ma","No change","Increased"
"SE_305","8",38999983,39046151,0.233079882867269,0.198018477862933,0.241755361709319,-0.234098568716697,0.0525022079634086,"CLB_Ma","No change","No change"
"SE_306","8",40148697,40220751,0.242176858075933,0.191815815034242,0.253453835018762,-0.334782552878518,0.0653979939081355,"CLB_Ma","No change","No change"
"SE_307","8",53942447,53966801,0.205925841313428,0.139062469958605,0.214156212720425,-0.563043388796051,0.0562706761811706,"CLB_Ma","No change","No change"
"SE_308","8",58800197,58896151,0.133444714161427,0.128677939660794,0.170201044089581,-0.0520799607859547,0.348678464992049,"CLB_Ma","No change","No change"
"SE_309","8",66505597,66563401,0.289812108258812,0.23601940388781,0.316859606369356,-0.295082166608627,0.12830235170587,"CLB_Ma","No change","No change"
"SE_310","8",73542447,73633701,0.0907177094492054,0.0821250357096684,0.10712671751447,-0.141917270348769,0.237450818365704,"CLB_Ma","No change","No change"
"SE_311","8",88101447,88148651,0.133172309888601,0.106355556872613,0.138683714079184,-0.321690093805273,0.0580768618748213,"CLB_Ma","No change","No change"
"SE_312","8",97879097,97953601,0.115620986871395,0.0990208930338145,0.126887754957011,-0.221526045036223,0.133050698830831,"CLB_Ma","No change","No change"
"SE_313","8",100898947,100947570,0.124975039787249,0.123029449750581,0.149763977157385,-0.0224551948593594,0.259153846986743,"CLB_Ma","No change","No change"
"SE_314","8",101125247,101202731,0.219256706692142,0.22893020762147,0.276432021258987,0.0620100668971312,0.332948364357511,"CLB_Ma","No change","No change"
"SE_315","8",117825897,118120901,0.128282081904678,0.11111094649816,0.157646087983482,-0.205595186372126,0.295289610668842,"CLB_Ma","No change","No change"
"SE_316","8",140763497,140845851,0.0911858840659041,0.0867175410099974,0.115816886673031,-0.0716804859088266,0.341631080182243,"CLB_Ma","No change","No change"
"SE_317","9",2800697,2841129,0.24479060949074,0.132941409424234,0.287812043820615,-0.875827743857042,0.23270110751741,"CLB_Ma","Decreased","No change"
"SE_318","9",12778010,12835101,0.164335209065007,0.125808772693303,0.171902775573533,-0.382739432108852,0.0645670410682488,"CLB_Ma","No change","No change"
"SE_319","9",16499797,16547801,0.173308882418162,0.15427561199584,0.189554333616053,-0.166814834111125,0.128556330440459,"CLB_Ma","No change","No change"
"SE_320","9",16670397,16728801,0.201545542309476,0.157977954831389,0.242579576817097,-0.349419610435361,0.266146839993966,"CLB_Ma","No change","No change"
"SE_321","9",33271497,33355551,0.158574482005147,0.147001589164326,0.21799892245584,-0.108617297819068,0.456693806658938,"CLB_Ma","No change","No change"
"SE_322","9",35507297,35534101,0.293126934570278,0.186216469821446,0.299030543654454,-0.651731547182463,0.0286704726097886,"CLB_Ma","Decreased","No change"
"SE_323","9",36089347,36114801,0.277676857787617,0.245315633197553,0.327371478929637,-0.178085005504448,0.236735624240946,"CLB_Ma","No change","No change"
"SE_324","9",37921497,37979401,0.231808640462194,0.195728808039732,0.240698831228338,-0.242936368887588,0.0540658933099433,"CLB_Ma","No change","No change"
"SE_325","9",37992697,38066212,0.257270890902456,0.226228754684392,0.278214492737018,-0.184739637517153,0.112488777245765,"CLB_Ma","No change","No change"
"SE_326","9",94767247,94813751,0.178327542080145,0.162474873816228,0.220027234722908,-0.133528172330231,0.301627065780786,"CLB_Ma","No change","No change"
"SE_327","9",106859997,106898751,0.285274730481764,0.250343914605127,0.288565199243942,-0.187737569275104,0.016487896686264,"CLB_Ma","No change","No change"
"SE_328","9",110007397,110193301,0.129315302171157,0.117170651365434,0.15581491834759,-0.14113472612554,0.267056313394031,"CLB_Ma","No change","No change"
"SE_329","9",112010897,112082301,0.345640354409878,0.246000778651017,0.349521394501994,-0.488924026951852,0.0160628868250631,"CLB_Ma","No change","No change"
"SE_330","9",115664947,115693701,0.314104201772066,0.332245165819954,0.384395037283517,0.080754955017905,0.290509002057077,"CLB_Ma","No change","No change"
"SE_331","9",122988147,123104301,0.107757071191388,0.0881014209989747,0.124747893862417,-0.287588860179366,0.209425031216082,"CLB_Ma","No change","No change"
"SE_332","9",124251597,124307001,0.202688818276542,0.172000920846742,0.240163800957747,-0.235587067095877,0.243646588700832,"CLB_Ma","No change","No change"
"SE_333","9",125509297,125559351,0.167708048815546,0.128088321256389,0.166443377939281,-0.386170319596853,-0.0108554827656183,"CLB_Ma","No change","No change"
"SE_334","9",125784147,125856501,0.0945330019234098,0.0736158129661212,0.0983172557385523,-0.356517792754623,0.0560451995998327,"CLB_Ma","No change","No change"
"SE_335","9",129931747,129999401,0.135728351563921,0.127505474794998,0.152665375625402,-0.0894826019800813,0.1684797022776,"CLB_Ma","No change","No change"
"SE_336","9",130823247,130870501,0.283162331493391,0.238082788616207,0.288560867473342,-0.249205048569773,0.0271513195892644,"CLB_Ma","No change","No change"
"SE_337","X",136155497,136215901,0.0982191329982186,0.0918966272384433,0.123315173027394,-0.0949921324594528,0.325312136485242,"CLB_Ma","No change","No change"
"SE_1","1",8361497,8420686,0.128034900845563,0.108210472011663,0.142856209954581,-0.240650132299277,0.156866167544198,"SK_N_SH","No change","No change"
"SE_2","1",8646697,8719401,0.182140759773208,0.149626128784257,0.169033646576516,-0.281980859945583,-0.107132654999128,"SK_N_SH","No change","No change"
"SE_3","1",33317147,33469629,0.174319811603757,0.15670982945565,0.195216131256909,-0.152716453033918,0.162454619133448,"SK_N_SH","No change","No change"
"SE_4","1",36231047,36302301,0.0869272115945321,0.0771472476897083,0.0880944166232027,-0.170114654720881,0.0190253058577058,"SK_N_SH","No change","No change"
"SE_5","1",39102247,39486501,0.122780865512021,0.0998437343022724,0.127343340223917,-0.295666866702497,0.0522201211192588,"SK_N_SH","No change","No change"
"SE_6","1",51619871,51674051,0.173074289978855,0.152694784017346,0.209013131824431,-0.179634934177169,0.270776401500982,"SK_N_SH","No change","No change"
"SE_7","1",51733147,51811451,0.0851066064680226,0.0584749773989666,0.0703658721916602,-0.533841113204346,-0.270889602328601,"SK_N_SH","No change","No change"
"SE_8","1",59115547,59166001,0.206034539620524,0.149090882428251,0.173080606730808,-0.464035132737739,-0.250115982955475,"SK_N_SH","No change","No change"
"SE_9","1",67673147,67772501,0.173964662688491,0.151494760579426,0.197235903540732,-0.198303897488272,0.180154707383498,"SK_N_SH","No change","No change"
"SE_10","1",85269397,85527851,0.131848024868941,0.10653407530322,0.118084227426059,-0.304982886379482,-0.157794436081557,"SK_N_SH","No change","No change"
"SE_11","1",85540597,85586901,0.316869922250284,0.235966737305536,0.29065406633845,-0.423751946835302,-0.12417832222683,"SK_N_SH","No change","No change"
"SE_12","1",86739147,86795951,0.198237546048181,0.159501052432766,0.222349254132336,-0.31190678959479,0.16481188984469,"SK_N_SH","No change","No change"
"SE_13","1",89527835,89577701,0.119714204842422,0.107394752139291,0.106840720826364,-0.155300541561397,-0.1626934079191,"SK_N_SH","No change","No change"
"SE_14","1",97091247,97148351,0.116934811919511,0.0866599425730912,0.123199598724597,-0.427999996094832,0.0746708774287348,"SK_N_SH","No change","No change"
"SE_15","1",115296347,115335235,0.143732827236187,0.106741540882162,0.147251610868574,-0.425817577109126,0.0346556003848509,"SK_N_SH","No change","No change"
"SE_16","1",150560047,150583051,0.976376197357149,0.702904005722808,1.00138666414886,-0.473535274138781,0.0364532508562442,"SK_N_SH","No change","No change"
"SE_17","1",155452497,155476151,0.15803651149939,0.168900750167816,0.169967177442696,0.095334205981222,0.104361364220591,"SK_N_SH","No change","No change"
"SE_18","1",157996270,158050251,0.199791129051292,0.157077238390251,0.191670626027394,-0.345065884084535,-0.0595588929159657,"SK_N_SH","No change","No change"
"SE_19","1",162625447,162723901,0.161350786183297,0.134558346676479,0.169488175279314,-0.260200424529006,0.070557309373036,"SK_N_SH","No change","No change"
"SE_20","1",162956397,162998851,0.137690361956684,0.112951561616487,0.129922344405598,-0.283446837845881,-0.0831561917476423,"SK_N_SH","No change","No change"
"SE_21","1",163031997,163057701,0.446217372629301,0.375239644472987,0.452758845795193,-0.24932435823925,0.0209495357037375,"SK_N_SH","No change","No change"
"SE_22","1",164703497,164782451,0.170781221760449,0.137889544494165,0.182861595507974,-0.306634338741358,0.0980478280476267,"SK_N_SH","No change","No change"
"SE_23","1",172341847,172363501,0.215570505288287,0.170314378626929,0.221398879187467,-0.338190532179474,0.0383127415455865,"SK_N_SH","No change","No change"
"SE_24","1",172883997,172970651,0.11841633268243,0.0863392066327582,0.125555010965519,-0.451298837620894,0.0837644634813747,"SK_N_SH","No change","No change"
"SE_25","1",178096991,178139351,0.0972961817407982,0.0608597062679697,0.134507056660489,-0.668135393976065,0.463160701169598,"SK_N_SH","Decreased","No change"
"SE_26","1",181072497,181117901,0.256305904888698,0.219022702301222,0.234497570754639,-0.225832174665443,-0.127772387745804,"SK_N_SH","No change","No change"
"SE_27","1",183019797,183165151,0.0744876889880368,0.0532691806145674,0.0662927384885164,-0.476108253492433,-0.165790546707081,"SK_N_SH","No change","No change"
"SE_28","1",198087697,198127351,0.110807000252688,0.0885189590722466,0.0959209367063829,-0.320745352511446,-0.206130265253337,"SK_N_SH","No change","No change"
"SE_29","1",198153497,198299701,0.120494888301697,0.0921599070163976,0.102240852486151,-0.38311451138118,-0.234881656782549,"SK_N_SH","No change","No change"
"SE_30","1",202551447,202591201,0.134545910513188,0.095672915783872,0.121159570472841,-0.487597925987007,-0.150014692439073,"SK_N_SH","No change","No change"
"SE_31","1",203504597,203560001,0.262559417052057,0.187612495089965,0.219597632984399,-0.482702986893772,-0.256710930012783,"SK_N_SH","No change","No change"
"SE_32","1",203629784,203701601,0.174214380836204,0.178848687190638,0.230502160779208,0.0376624385798259,0.401904469329327,"SK_N_SH","No change","No change"
"SE_33","1",204403397,204440351,0.337385178303618,0.260899118218142,0.274384983949962,-0.36965517566319,-0.297216482896367,"SK_N_SH","No change","No change"
"SE_34","1",218335647,218391051,0.158094919915326,0.120233100753048,0.174453990881024,-0.392104112155251,0.141204994207775,"SK_N_SH","No change","No change"
"SE_35","1",218449847,218501551,0.158580832770529,0.113368769713341,0.146569706571295,-0.480594225964348,-0.11289078785235,"SK_N_SH","No change","No change"
"SE_36","1",219293047,219342601,0.147507011134585,0.0853952458674535,0.0965039555109951,-0.781507211937752,-0.606998391440399,"SK_N_SH","Decreased","Decreased"
"SE_37","1",223698247,223795801,0.186589823233142,0.148116335998167,0.18545454635335,-0.331143247166516,-0.00875758860215877,"SK_N_SH","No change","No change"
"SE_38","1",234956997,235022701,0.24325076404052,0.194751322468532,0.264549369395467,-0.319341020898358,0.120617028349409,"SK_N_SH","No change","No change"
"SE_39","1",235900697,235929701,0.448718287008614,0.328035043104408,0.355501160691546,-0.450780306883733,-0.335114776090217,"SK_N_SH","No change","No change"
"SE_40","1",243202847,243295901,0.187526567953892,0.142750663007578,0.23746981791699,-0.391199238372955,0.339038833725494,"SK_N_SH","No change","No change"
"SE_41","1",243697547,243750051,0.0810978786129946,0.0705429862821619,0.0919767851709765,-0.198534604382407,0.179525599472538,"SK_N_SH","No change","No change"
"SE_42","10",4762497,4781751,0.101787222456523,0.104086760090184,0.119593419511295,0.0319199818431616,0.230490251675836,"SK_N_SH","No change","No change"
"SE_43","10",17648397,17689351,0.131239387699793,0.104334655615199,0.133492754488932,-0.328171781568936,0.0243765030159153,"SK_N_SH","No change","No change"
"SE_44","10",31999447,32053442,0.0857589575276739,0.0673242675847172,0.0625066783139196,-0.344614628497173,-0.450104405504313,"SK_N_SH","No change","No change"
"SE_45","10",33192197,33328451,0.121553834069046,0.116024977643439,0.133449252721036,-0.0665991298635084,0.133646117326945,"SK_N_SH","No change","No change"
"SE_46","10",62220397,62279801,0.110810700230591,0.0984633350467232,0.116491486414971,-0.16882154878885,0.0714979610154428,"SK_N_SH","No change","No change"
"SE_47","10",73993047,74146251,0.12054021466477,0.103574707393448,0.121615503346631,-0.216899783854177,0.0127076579770754,"SK_N_SH","No change","No change"
"SE_48","10",77149647,77204701,0.174451233157076,0.133463065023198,0.147873135296665,-0.383860147120862,-0.23698664994722,"SK_N_SH","No change","No change"
"SE_49","10",77385247,77437951,0.169199545905227,0.150025227772316,0.16371656596968,-0.172437625487226,-0.0472415299778212,"SK_N_SH","No change","No change"
"SE_50","10",77476897,77545051,0.203203907701277,0.164393223304998,0.190410927473376,-0.304110350442126,-0.0933372799780765,"SK_N_SH","No change","No change"
"SE_51","10",90910747,90944298,0.263521643515955,0.142647920007868,0.175710730191502,-0.880848667317388,-0.581996124841841,"SK_N_SH","Decreased","No change"
"SE_52","10",93432197,93479316,0.321499566147604,0.245389466561473,0.306093007665222,-0.388356639260663,-0.0706215563731613,"SK_N_SH","No change","No change"
"SE_53","10",99941997,100006952,0.141826111976821,0.126060137897102,0.155713803621245,-0.168748272114763,0.133872498357286,"SK_N_SH","No change","No change"
"SE_54","10",112953247,113100451,0.147786430896448,0.122883072948464,0.137059322910698,-0.264263885824995,-0.107954646828427,"SK_N_SH","No change","No change"
"SE_55","10",114603997,114719451,0.181375282169327,0.147656847327791,0.183166858204136,-0.294924293082557,0.0141032539482417,"SK_N_SH","No change","No change"
"SE_56","10",126194647,126282651,0.142552791539283,0.099417682826854,0.143393568403766,-0.515568045773264,0.00842509737153113,"SK_N_SH","No change","No change"
"SE_57","11",8688436,8790051,0.157186332515543,0.12422541828292,0.145262055269517,-0.337097524102423,-0.113069414670177,"SK_N_SH","No change","No change"
"SE_58","11",9750847,9817401,0.190455984606002,0.152076766137945,0.185829640918564,-0.322757428797497,-0.0352893973858504,"SK_N_SH","No change","No change"
"SE_59","11",12113573,12239701,0.185636893367364,0.127547308478501,0.155324389944539,-0.537934795137913,-0.255691311352931,"SK_N_SH","No change","No change"
"SE_60","11",13207347,13236401,0.260048158455929,0.167788936101891,0.195598793562403,-0.629095641004801,-0.409061512800241,"SK_N_SH","Decreased","No change"
"SE_61","11",14442997,14507351,0.101996650820813,0.0918647123782676,0.10789455276626,-0.149395028748095,0.0803343623685114,"SK_N_SH","No change","No change"
"SE_62","11",33043012,33086001,0.112399895452793,0.112506092351034,0.161831362255818,0.00135042491491205,0.521959287509097,"SK_N_SH","No change","No change"
"SE_63","11",33668347,33733101,0.161318296492137,0.124467883810899,0.152353657107495,-0.371507506632443,-0.081963057660511,"SK_N_SH","No change","No change"
"SE_64","11",35141867,35186351,0.0738720522645984,0.0619660637269625,0.0791188610175207,-0.24985281843298,0.0977146120358342,"SK_N_SH","No change","No change"
"SE_65","11",65470447,65508051,0.701680858713726,0.567430116933595,0.694298654875882,-0.305886605139685,-0.0152368010546903,"SK_N_SH","No change","No change"
"SE_66","11",66073350,66143451,0.169900324536283,0.146031579468993,0.17702222676115,-0.21702908602353,0.0589022418081072,"SK_N_SH","No change","No change"
"SE_67","11",74120547,74164051,0.147805945829646,0.102830855371777,0.156033170994665,-0.519196940779844,0.0776371665767576,"SK_N_SH","No change","No change"
"SE_68","11",85947547,86047801,0.0824009618033316,0.0596383465249179,0.0822838787185112,-0.459833606423533,-0.00202676155905028,"SK_N_SH","No change","No change"
"SE_69","11",86578797,86637051,0.101124801273438,0.0814001214501695,0.0919856429147559,-0.309614902084455,-0.135253386174696,"SK_N_SH","No change","No change"
"SE_70","11",86717797,86786451,0.164104555589257,0.113455909932393,0.141529920294398,-0.52858796946074,-0.21211512205613,"SK_N_SH","No change","No change"
"SE_71","11",86803237,86821251,0.144997912042464,0.123351724482428,0.142917408934332,-0.231521222190192,-0.0207066189734601,"SK_N_SH","No change","No change"
"SE_72","11",95983997,96338436,0.151385261377282,0.122301542989931,0.146458316367221,-0.30553251919536,-0.0474161829323594,"SK_N_SH","No change","No change"
"SE_73","11",108869497,108930201,0.0618639151977957,0.0571264535294154,0.0647650334516556,-0.113037238672093,0.0650885959056677,"SK_N_SH","No change","No change"
"SE_74","11",111517782,111567101,0.258000782795675,0.212365360400555,0.26256884024226,-0.279630482836584,0.0252233631907903,"SK_N_SH","No change","No change"
"SE_75","11",111718147,111751501,0.199356866694694,0.174496654025473,0.217392932431276,-0.191128430386757,0.124354213812372,"SK_N_SH","No change","No change"
"SE_76","11",118906947,118930051,0.772397635388301,0.588882928513004,0.645168117354562,-0.390781695980078,-0.259300785283913,"SK_N_SH","No change","No change"
"SE_77","11",120328847,120348451,0.244520936516299,0.214314241956881,0.227999878871324,-0.189402304250479,-0.100499218736791,"SK_N_SH","No change","No change"
"SE_78","11",122155306,122200061,0.116480644622077,0.109193037393204,0.115834453529072,-0.0923900176150622,-0.00795731095522846,"SK_N_SH","No change","No change"
"SE_79","12",27541147,27624851,0.0747200042730032,0.0638874274006893,0.0808669953047733,-0.222735523996872,0.112607453831282,"SK_N_SH","No change","No change"
"SE_80","12",29277047,29288851,0.209276462777164,0.157077106534729,0.224618872672437,-0.411658926551773,0.101600380471676,"SK_N_SH","No change","No change"
"SE_81","12",31482597,31533801,0.120449406132377,0.0935963958078971,0.11636797948479,-0.360498313464921,-0.0493165716313611,"SK_N_SH","No change","No change"
"SE_82","12",45212947,45314301,0.189245980319325,0.140623132683757,0.169320825122996,-0.42580903746752,-0.159611127461629,"SK_N_SH","No change","No change"
"SE_83","12",49186097,49246251,0.198895371453386,0.179825638548401,0.236901438000875,-0.144645820837064,0.251118925106468,"SK_N_SH","No change","No change"
"SE_84","12",49480847,49519451,0.184341639382555,0.132241678598441,0.154407796659267,-0.476141603246106,-0.254128153591741,"SK_N_SH","No change","No change"
"SE_85","12",50150597,50219704,0.154415086311886,0.138112390524203,0.178651069885338,-0.159875630317919,0.209070972598448,"SK_N_SH","No change","No change"
"SE_86","12",54220147,54286601,0.208823417390802,0.185887921827816,0.250432353608917,-0.167002365454487,0.260994604435383,"SK_N_SH","No change","No change"
"SE_87","12",65630447,65674151,0.0482274566905753,0.0513772474617298,0.0573828030760736,0.0894770394646583,0.246080273746584,"SK_N_SH","No change","No change"
"SE_88","12",67651729,67693001,0.140991289055698,0.148039918975277,0.162120365273498,0.069896369726972,0.200134485728351,"SK_N_SH","No change","No change"
"SE_89","12",68613836,68658601,0.077772568102919,0.0638429702590229,0.0575260155968124,-0.280743132657058,-0.428615245978073,"SK_N_SH","No change","No change"
"SE_90","12",69489747,69581721,0.109101453506489,0.0837234959230659,0.109870457170199,-0.377999489582121,0.0100414776477455,"SK_N_SH","No change","No change"
"SE_91","12",93395297,93439249,0.089535346769461,0.0723720772924402,0.0932671936594553,-0.303250027558349,0.0582746210727866,"SK_N_SH","No change","No change"
"SE_92","12",93766797,93826401,0.096541357210201,0.0896108091922309,0.118012259502801,-0.106330883192446,0.287024242232643,"SK_N_SH","No change","No change"
"SE_93","12",95198897,95263201,0.200172665475798,0.166088714483913,0.224562835598211,-0.26781999682728,0.165095093682017,"SK_N_SH","No change","No change"
"SE_94","12",96197379,96241451,0.168688612320332,0.172262670830428,0.160791132189568,0.0300711116906616,-0.068757214435005,"SK_N_SH","No change","No change"
"SE_95","12",103933497,103987201,0.175641168020507,0.185693337389045,0.233790112815262,0.0798488254373893,0.410550039851111,"SK_N_SH","No change","No change"
"SE_96","12",104279847,104337401,0.113427632884984,0.0979818323023484,0.121049369739108,-0.209199833521201,0.093029357547856,"SK_N_SH","No change","No change"
"SE_97","12",105307597,105385551,0.126557940605494,0.109698714039339,0.13446569413518,-0.204514248129838,0.0867748331694906,"SK_N_SH","No change","No change"
"SE_98","12",106027997,106148601,0.202993253877052,0.143561861872083,0.173392840368338,-0.496834450091915,-0.226180630558563,"SK_N_SH","No change","No change"
"SE_99","12",110265747,110341501,0.11590002824715,0.127497930717776,0.132493466099809,0.136469848513901,0.191493851781355,"SK_N_SH","No change","No change"
"SE_100","12",116120397,116165351,0.102216066939724,0.086460433630993,0.0951600666312947,-0.238965156251894,-0.102157761883827,"SK_N_SH","No change","No change"
"SE_101","12",120224447,120262770,0.459203387525596,0.326503195455417,0.356881104036259,-0.490762620056451,-0.362791231074217,"SK_N_SH","No change","No change"
"SE_102","12",121921554,121965951,0.110784776245486,0.066994906225541,0.0987778529731514,-0.717225146303845,-0.163932192905483,"SK_N_SH","Decreased","No change"
"SE_103","12",122071347,122131051,0.160626079717736,0.142374543838439,0.186003594655063,-0.172871111607535,0.210405994652532,"SK_N_SH","No change","No change"
"SE_104","13",32021847,32064001,0.128213436572245,0.121521608283293,0.149011082982871,-0.0767198902212888,0.215312992574595,"SK_N_SH","No change","No change"
"SE_105","13",45177147,45292701,0.0941682625409635,0.077465487485153,0.0953177211536115,-0.278422298630936,0.0173207263240059,"SK_N_SH","No change","No change"
"SE_106","13",45479047,45523351,0.0495634876388981,0.0492214513250102,0.0596513563117264,-0.00979225652892917,0.262443930398904,"SK_N_SH","No change","No change"
"SE_107","13",49061897,49143101,0.0534319869526339,0.0489803534016101,0.0587896291218744,-0.12309359781548,0.135440561515325,"SK_N_SH","No change","No change"
"SE_108","13",99279297,99337501,0.0643946095968637,0.0594391425470467,0.0800924782068511,-0.11368852785073,0.310396381480116,"SK_N_SH","No change","No change"
"SE_109","13",114096847,114129619,0.182048921626996,0.156328895346339,0.186896780582336,-0.218445611092829,0.0377110733769153,"SK_N_SH","No change","No change"
"SE_110","14",21214097,21266478,0.0832053984500072,0.0642647377737927,0.0986761943550411,-0.36760900712525,0.243336259049198,"SK_N_SH","No change","No change"
"SE_111","14",49970047,50024601,0.166313358052,0.138015303462515,0.15031554951523,-0.267308922231978,-0.144992382965726,"SK_N_SH","No change","No change"
"SE_112","14",50984347,51025351,0.175406981222292,0.144217181671784,0.219974881775789,-0.28069549710853,0.324974731735229,"SK_N_SH","No change","No change"
"SE_113","14",51506647,51556701,0.18740318357123,0.164002134306377,0.244099365929233,-0.191338657428769,0.37954340865125,"SK_N_SH","No change","No change"
"SE_114","14",51635547,51730301,0.104030137729266,0.0889606234515835,0.105562053772924,-0.223437794920099,0.0208904334325473,"SK_N_SH","No change","No change"
"SE_115","14",55571297,55650451,0.0987391635181268,0.0911805220021108,0.121229846921755,-0.113698166185103,0.293364606614417,"SK_N_SH","No change","No change"
"SE_116","14",64917597,64937951,0.0988486498853702,0.0848574927961912,0.108597310243048,-0.217798876306822,0.134397566498805,"SK_N_SH","No change","No change"
"SE_117","14",75820597,75887251,0.0979372372490768,0.0825652065622159,0.104443376166221,-0.243611230968809,0.0918829505511478,"SK_N_SH","No change","No change"
"SE_118","14",77562347,77613766,0.127613230354955,0.102162698775108,0.158985459445665,-0.318117639171071,0.314901729893648,"SK_N_SH","No change","No change"
"SE_119","14",101960747,102056851,0.11500875369173,0.103668505515805,0.102011066796899,-0.148406266801324,-0.171434332222149,"SK_N_SH","No change","No change"
"SE_120","14",103388361,103457151,0.0885213058848796,0.0872705756515439,0.104570761685216,-0.0202984754580092,0.237907342117842,"SK_N_SH","No change","No change"
"SE_121","15",32769247,33035351,0.069702824778416,0.0610603368371536,0.0743431608528759,-0.188096328721682,0.0917087036353441,"SK_N_SH","No change","No change"
"SE_122","15",40992297,41050501,0.0719547282980218,0.065776152613324,0.0961558309285978,-0.127668511035922,0.413299099297034,"SK_N_SH","No change","No change"
"SE_123","15",44028097,44164751,0.0811685362295467,0.069997957465571,0.0908085329012503,-0.210808546031386,0.160042180875081,"SK_N_SH","No change","No change"
"SE_124","15",48395247,48510951,0.056169142817679,0.0476415688153196,0.0594476521442506,-0.233046898816066,0.0804496456795167,"SK_N_SH","No change","No change"
"SE_125","15",48524197,48642787,0.12590766877691,0.0941712023102876,0.132685677877686,-0.415182248914013,0.0750656627438291,"SK_N_SH","No change","No change"
"SE_126","15",51835397,51889201,0.12912470334352,0.104188054546599,0.122903898114579,-0.306923997095104,-0.0706732979735367,"SK_N_SH","No change","No change"
"SE_127","15",60342847,60472801,0.240881805291686,0.188015545856537,0.243488638362067,-0.355797355874203,0.0154651714786513,"SK_N_SH","No change","No change"
"SE_128","15",71651697,71731001,0.173027581787471,0.138367283380289,0.16673024381724,-0.320424051487046,-0.0531731302830584,"SK_N_SH","No change","No change"
"SE_129","15",85393797,85445551,0.0682069651676862,0.0637907058970102,0.0691551308943181,-0.0951303656190225,0.0196313795144661,"SK_N_SH","No change","No change"
"SE_130","15",90391238,90424151,0.185744969160872,0.158490615896014,0.134927975129492,-0.227597836636497,-0.458226972344733,"SK_N_SH","No change","No change"
"SE_131","15",98716247,98765001,0.165922553467589,0.143372881411001,0.171377151944985,-0.209379119285286,0.0463896671119733,"SK_N_SH","No change","No change"
"SE_132","15",98841397,98928101,0.20566456473878,0.172906889138201,0.208302577685556,-0.248975956981757,0.0182990377469017,"SK_N_SH","No change","No change"
"SE_133","15",101640397,101717901,0.126626171833387,0.0879961598032975,0.123330654018412,-0.520109217606655,-0.0377421675091947,"SK_N_SH","No change","No change"
"SE_134","16",9094677,9130401,0.106007395191549,0.126607077146776,0.133380008433452,0.2539978403285,0.328608022401362,"SK_N_SH","No change","No change"
"SE_135","16",24970047,25012377,0.163252197235875,0.138279931070885,0.162296737509476,-0.237925275791462,-0.00841670219314032,"SK_N_SH","No change","No change"
"SE_136","16",50180847,50235851,0.13428532728646,0.107940956600991,0.139826768531776,-0.312458936121391,0.0579162127081555,"SK_N_SH","No change","No change"
"SE_137","16",57167697,57204351,0.22229449238148,0.184126363794714,0.269528439191702,-0.270437303494829,0.276832597612195,"SK_N_SH","No change","No change"
"SE_138","16",69431847,69497251,0.128398715454952,0.117230644331975,0.185420884049439,-0.130219278009811,0.526740193168398,"SK_N_SH","No change","No change"
"SE_139","16",75231497,75262947,0.534649336214416,0.396255845057356,0.452961930532682,-0.431220399889474,-0.238717529350393,"SK_N_SH","No change","No change"
"SE_140","17",667897,706401,0.108697760576682,0.0725690119806377,0.0963195587934797,-0.576363952714514,-0.17273238934227,"SK_N_SH","No change","No change"
"SE_141","17",4194597,4257901,0.133994372667121,0.107809684283671,0.128701564972893,-0.311092303696994,-0.0577033816145649,"SK_N_SH","No change","No change"
"SE_142","17",16002690,16048251,0.112630231464452,0.0920815339052924,0.137320701199327,-0.287779826270386,0.283670370950171,"SK_N_SH","No change","No change"
"SE_143","17",20165097,20227451,0.128817397776579,0.0974736868461695,0.119603535832229,-0.398673563745769,-0.106211537856641,"SK_N_SH","No change","No change"
"SE_144","17",31232597,31278401,0.122808477211079,0.0928697916984626,0.135346106757764,-0.399377236776626,0.139163406179246,"SK_N_SH","No change","No change"
"SE_145","17",31563897,31604151,0.366498076863723,0.302215346832401,0.37037733746764,-0.277393924867272,0.015149080212771,"SK_N_SH","No change","No change"
"SE_146","17",40280547,40348051,0.527558258730323,0.433962879711887,0.520344648144853,-0.281170212279707,-0.0198250789040272,"SK_N_SH","No change","No change"
"SE_147","17",45064296,45129532,0.189014371001334,0.161535554717817,0.19903388010936,-0.225353192553813,0.074135837294157,"SK_N_SH","No change","No change"
"SE_148","17",45287497,45322351,0.344994281494971,0.26863790177286,0.336519784923815,-0.359724889713398,-0.0357761202159982,"SK_N_SH","No change","No change"
"SE_149","17",50026997,50084801,0.476187149607719,0.352883968643146,0.400521537245765,-0.431278785083692,-0.249077817905315,"SK_N_SH","No change","No change"
"SE_150","17",59622686,59699401,0.0725212164322515,0.0570459760164838,0.0718875300926748,-0.340964579619342,-0.0124886233932944,"SK_N_SH","No change","No change"
"SE_151","17",59745197,59859951,0.256061090800333,0.193673975021513,0.261611793995426,-0.40105122759482,0.0308204517231433,"SK_N_SH","No change","No change"
"SE_152","17",64525147,64684501,0.103862805869698,0.0900662636524561,0.11537385802955,-0.203514456172776,0.150263956324642,"SK_N_SH","No change","No change"
"SE_153","17",75673497,75708901,0.34189091798928,0.235800207931412,0.279272769545986,-0.534079344928827,-0.290918109413993,"SK_N_SH","No change","No change"
"SE_154","18",9105627,9148201,0.195775483658405,0.164124048128952,0.227889765631222,-0.253000240919104,0.21810247110006,"SK_N_SH","No change","No change"
"SE_155","18",28027147,28097351,0.0802126749791719,0.0727302655976752,0.0918624900917829,-0.139447954493735,0.193391058567605,"SK_N_SH","No change","No change"
"SE_156","18",57727847,57849851,0.124662920912167,0.103658635625246,0.117610877266014,-0.263867663029026,-0.0833227006523427,"SK_N_SH","No change","No change"
"SE_157","18",77063747,77109201,0.207936112412326,0.12682576070514,0.164640299804765,-0.708883256953118,-0.335008149575716,"SK_N_SH","Decreased","No change"
"SE_158","2",33129797,33170001,0.140959127603148,0.103556515465058,0.128832924806302,-0.441192646961979,-0.128819325541095,"SK_N_SH","No change","No change"
"SE_159","2",36338247,36573801,0.162843334785897,0.130628242697444,0.145831211626104,-0.315847911775786,-0.158158312979088,"SK_N_SH","No change","No change"
"SE_160","2",55092947,55121751,0.152486942457014,0.123608175590277,0.150124471315949,-0.300717199663079,-0.0223786344538208,"SK_N_SH","No change","No change"
"SE_161","2",62709894,62829051,0.0680557788041677,0.0892746398590081,0.108864309948209,0.386558610927064,0.669888740735309,"SK_N_SH","No change","Increased"
"SE_162","2",63844877,63896501,0.0938615838118808,0.0644395754493728,0.0926383521725699,-0.535660567323662,-0.0187244094600733,"SK_N_SH","No change","No change"
"SE_163","2",68027447,68060026,0.131785574220001,0.1119465959995,0.130762980890231,-0.233457630056503,-0.0111533224806691,"SK_N_SH","No change","No change"
"SE_164","2",68166547,68259001,0.0844695934121918,0.0863945121803719,0.103474364708142,0.032131431147683,0.289665821429338,"SK_N_SH","No change","No change"
"SE_165","2",69016141,69255351,0.0945853949333958,0.0818625903102281,0.109721921274947,-0.206069276889122,0.212078780198411,"SK_N_SH","No change","No change"
"SE_166","2",69754597,69803851,0.180133524280781,0.154657605592327,0.189120296322443,-0.218677515592804,0.0698589696456712,"SK_N_SH","No change","No change"
"SE_167","2",70090450,70144501,0.164168686844826,0.14480538153881,0.193778939345586,-0.179896233243324,0.237897490705594,"SK_N_SH","No change","No change"
"SE_168","2",75586547,75607951,0.16239318594255,0.12161835694043,0.138210944807152,-0.414172841310185,-0.231075178624278,"SK_N_SH","No change","No change"
"SE_169","2",108537352,108599501,0.140379016119604,0.10148070442229,0.1150965127124,-0.464215709598544,-0.28424336966481,"SK_N_SH","No change","No change"
"SE_170","2",117930197,118011162,0.13015839913025,0.128228933188116,0.156400913712828,-0.0213810854077691,0.263133717757462,"SK_N_SH","No change","No change"
"SE_171","2",138018897,138053301,0.0987904204909267,0.0921904317504789,0.124671131168975,-0.0987194938749106,0.332680041864458,"SK_N_SH","No change","No change"
"SE_172","2",160204397,160252901,0.228337860691352,0.172020255359737,0.226671504230689,-0.406533601681959,-0.0105208122223198,"SK_N_SH","No change","No change"
"SE_173","2",177215723,177276301,0.180996629304105,0.159434646210974,0.191869066756775,-0.18192600244979,0.0837100447391107,"SK_N_SH","No change","No change"
"SE_174","2",189075647,189176878,0.0812568023730301,0.0711515708336239,0.0904192587750206,-0.189104185614125,0.152363131633737,"SK_N_SH","No change","No change"
"SE_175","2",189203447,189299101,0.115911681617496,0.0918061758515877,0.0952015484648098,-0.333126369914265,-0.281287067735724,"SK_N_SH","No change","No change"
"SE_176","2",189366697,189413601,0.114721539777404,0.0903589519335321,0.123155342333775,-0.341039419476009,0.101488916356592,"SK_N_SH","No change","No change"
"SE_177","2",190883818,190963751,0.0964929127680675,0.0841308223628186,0.0894604251543789,-0.195615779266704,-0.108010569686834,"SK_N_SH","No change","No change"
"SE_178","2",201627947,201656951,0.206256193620566,0.189471093629413,0.217966333850049,-0.121843148384736,0.0792938563125908,"SK_N_SH","No change","No change"
"SE_179","2",207219697,207261451,0.195338695557186,0.136008930322176,0.161125543419121,-0.519074603490464,-0.276233125277089,"SK_N_SH","No change","No change"
"SE_180","2",216443447,216512801,0.139379504192357,0.116422974800995,0.147296177490038,-0.257617601842707,0.0791490976643484,"SK_N_SH","No change","No change"
"SE_181","2",222904597,223003801,0.104895953041048,0.0890436977298215,0.122197758577425,-0.233950247054907,0.218328552500629,"SK_N_SH","No change","No change"
"SE_182","2",223026197,223111101,0.164696443641184,0.119521126575347,0.174500048038619,-0.459256574439072,0.0829287872422203,"SK_N_SH","No change","No change"
"SE_183","2",233402297,233502201,0.131865226374128,0.100866105931478,0.123312653838514,-0.383289469190295,-0.0959904139488821,"SK_N_SH","No change","No change"
"SE_184","2",234240697,234260551,0.162876390606404,0.121411354602903,0.146828572870496,-0.420870637384795,-0.148682876743677,"SK_N_SH","No change","No change"
"SE_185","20",31652097,31718505,0.137698429434917,0.102832290127085,0.127257401579209,-0.417696283458161,-0.11290936684003,"SK_N_SH","No change","No change"
"SE_186","20",35301597,35345051,0.210236566509387,0.163883680670068,0.181205181771947,-0.357410981413174,-0.21329560796117,"SK_N_SH","No change","No change"
"SE_187","20",35854497,35904351,0.236027071584782,0.166219445357411,0.252818614633275,-0.50330922006107,0.0987460347689039,"SK_N_SH","No change","No change"
"SE_188","20",45013747,45105201,0.145516086220461,0.120403785077862,0.165497134222611,-0.271245666937521,0.184438276602525,"SK_N_SH","No change","No change"
"SE_189","20",50894997,50936551,0.138038903974553,0.124547010543448,0.141641050336107,-0.147260938378546,0.0369006166528201,"SK_N_SH","No change","No change"
"SE_190","20",53734697,53754501,0.198840221498373,0.178401391154677,0.233217225479269,-0.155655903538486,0.229000201474162,"SK_N_SH","No change","No change"
"SE_191","20",53770647,53846251,0.133971105532631,0.106652428042916,0.138097202727514,-0.32626973065963,0.0434428175404239,"SK_N_SH","No change","No change"
"SE_192","20",58235547,58296451,0.132795944600861,0.114255474784203,0.13781703913279,-0.215199105916603,0.0531502746747337,"SK_N_SH","No change","No change"
"SE_193","21",25306247,25344901,0.0568951037065388,0.0527175174263711,0.0705471293872104,-0.108048710392716,0.305452542276677,"SK_N_SH","No change","No change"
"SE_194","21",29148556,29233751,0.114755679424558,0.101837375868523,0.130225797552798,-0.170718277379301,0.180968386401669,"SK_N_SH","No change","No change"
"SE_195","21",29308201,29352601,0.114549977494358,0.0921965564013055,0.101173854319616,-0.310168425199225,-0.177490912372395,"SK_N_SH","No change","No change"
"SE_196","22",24282697,24339106,0.114958288737423,0.0985633515318986,0.140737297548647,-0.219919247306438,0.289613499096032,"SK_N_SH","No change","No change"
"SE_197","22",31207297,31254601,0.224481782693886,0.19397062524212,0.20748822846133,-0.209754098472387,-0.113044949429315,"SK_N_SH","No change","No change"
"SE_198","22",31583547,31662751,0.172938308716137,0.13425275967944,0.184172243594251,-0.362917680388465,0.0902921506353112,"SK_N_SH","No change","No change"
"SE_199","22",36295897,36399251,0.229252696457819,0.162124505190839,0.207658948135646,-0.497244526089282,-0.142071261120927,"SK_N_SH","No change","No change"
"SE_200","22",40466438,40543951,0.08779006074328,0.0694176104230212,0.0799162757874413,-0.33446191765974,-0.133968268095037,"SK_N_SH","No change","No change"
"SE_201","22",42905297,43018201,0.0936101979400932,0.0781805407760839,0.103142338846683,-0.256849778107707,0.138489108762724,"SK_N_SH","No change","No change"
"SE_202","3",15629947,15648901,0.26202911023303,0.185719444544358,0.233388952104758,-0.494350301394776,-0.166317905705054,"SK_N_SH","No change","No change"
"SE_203","3",30333897,30359151,0.100221555077776,0.0969733111864851,0.102942961301785,-0.0470558391907368,0.0382755227145287,"SK_N_SH","No change","No change"
"SE_204","3",48011697,48086278,0.109628481686398,0.134260185295681,0.157483274484338,0.290014375015524,0.518607733492585,"SK_N_SH","No change","No change"
"SE_205","3",57998247,58175901,0.137574066222267,0.125828044533985,0.153612030275177,-0.12778349301094,0.157995292825809,"SK_N_SH","No change","No change"
"SE_206","3",71487847,71554851,0.12186248728797,0.0930586203174228,0.115010709643079,-0.385412419788976,-0.0827865000141229,"SK_N_SH","No change","No change"
"SE_207","3",81722147,81765851,0.184920906830602,0.130820224354782,0.154572973795718,-0.496117279599431,-0.257097554143396,"SK_N_SH","No change","No change"
"SE_208","3",98877097,98924851,0.181510699100437,0.153553388421415,0.198007841579689,-0.239875755687293,0.124844239125759,"SK_N_SH","No change","No change"
"SE_209","3",99842697,99936151,0.10669062931446,0.0849331903502032,0.101414012357505,-0.325605356931067,-0.0724796000325863,"SK_N_SH","No change","No change"
"SE_210","3",100001947,100049201,0.0955885354556268,0.0849782391673005,0.0886445992666013,-0.16788039475381,-0.107635289982726,"SK_N_SH","No change","No change"
"SE_211","3",107192747,107250501,0.200801322604634,0.164996139147401,0.213666418003175,-0.281785943122796,0.0891608865529473,"SK_N_SH","No change","No change"
"SE_212","3",111845697,111975874,0.124224663337295,0.102318473950879,0.143286722533211,-0.277420493331424,0.204419814154612,"SK_N_SH","No change","No change"
"SE_213","3",112604967,112699901,0.192209024018078,0.141670894027544,0.177142268205945,-0.437471434424485,-0.117132609775526,"SK_N_SH","No change","No change"
"SE_214","3",120403647,120448070,0.237906346610522,0.207737972843189,0.257569598756513,-0.194752105739435,0.11410748079975,"SK_N_SH","No change","No change"
"SE_215","3",123595047,123881301,0.134244125406894,0.113937634402255,0.141639465965853,-0.234714667479454,0.0768072775842247,"SK_N_SH","No change","No change"
"SE_216","3",128758647,128806351,0.0780543751130573,0.0807446071672886,0.102420844896359,0.0482782486817568,0.387609782974922,"SK_N_SH","No change","No change"
"SE_217","3",134457097,134482731,0.221292753892283,0.166368633666816,0.157022645604679,-0.409431741740957,-0.492329601223408,"SK_N_SH","No change","No change"
"SE_218","3",136136147,136186501,0.0545463941871555,0.0457690867247464,0.054595478991465,-0.248138004566636,0.00127430654782305,"SK_N_SH","No change","No change"
"SE_219","3",149369097,149408351,0.121555428638925,0.103852331211286,0.131100708516691,-0.225075452706454,0.108203814099736,"SK_N_SH","No change","No change"
"SE_220","3",152272624,152467151,0.0796932665308077,0.0672943964144498,0.0925284720085514,-0.240681082885369,0.212957325695596,"SK_N_SH","No change","No change"
"SE_221","3",156531797,156559251,0.18155976681116,0.150725189880543,0.171719646230441,-0.266908227826812,-0.0799366604397135,"SK_N_SH","No change","No change"
"SE_222","3",160394797,160446837,0.0862120111097426,0.0916393314230801,0.0906550251291359,0.087098000313066,0.0716871397911524,"SK_N_SH","No change","No change"
"SE_223","3",170688547,170768951,0.0944134262773638,0.073104967114545,0.0982764979004982,-0.364622045158121,0.0572599315134088,"SK_N_SH","No change","No change"
"SE_224","3",171256147,171331701,0.0888039761039928,0.0827944926563143,0.0958170225748435,-0.0999238954743232,0.108481405279757,"SK_N_SH","No change","No change"
"SE_225","3",171343347,171428051,0.0842852290658904,0.0809821347716474,0.0963709208984875,-0.0569863388256719,0.191195090176138,"SK_N_SH","No change","No change"
"SE_226","3",172044197,172186201,0.120989484016108,0.105196471616907,0.129471228701915,-0.200020953713168,0.0969749141235212,"SK_N_SH","No change","No change"
"SE_227","3",172243397,172368751,0.0998271811404083,0.0925197529496362,0.108221061330892,-0.108541591298904,0.115366465924286,"SK_N_SH","No change","No change"
"SE_228","3",172753682,172817751,0.125419509396522,0.098604747590296,0.130599668740887,-0.343932707159933,0.0579367363148762,"SK_N_SH","No change","No change"
"SE_229","3",179580247,179618651,0.179486004027961,0.15420767679358,0.202153055150643,-0.217687049136352,0.17068009475348,"SK_N_SH","No change","No change"
"SE_230","3",188185397,188301151,0.0928147791900699,0.0777931073737674,0.0783362812977169,-0.251745785014218,-0.241834440701636,"SK_N_SH","No change","No change"
"SE_231","3",192851647,192915160,0.193860551836977,0.15850338573494,0.170138065217787,-0.288855008571125,-0.187281371019692,"SK_N_SH","No change","No change"
"SE_232","3",194552997,194599901,0.225990833041367,0.211634504227728,0.289718032004625,-0.0942583137029586,0.356986522620705,"SK_N_SH","No change","No change"
"SE_233","3",196742854,196810951,0.112521475325276,0.0916798126161946,0.148987867617765,-0.29263821148105,0.401880563250621,"SK_N_SH","No change","No change"
"SE_234","4",24526247,24572351,0.0523783596405757,0.0499629567654822,0.0595176236132629,-0.0668059887869756,0.18110036638267,"SK_N_SH","No change","No change"
"SE_235","4",41119997,41209951,0.124541871147938,0.0941427107164914,0.0948829089956944,-0.400003582040238,-0.388823032196439,"SK_N_SH","No change","No change"
"SE_236","4",69746947,69803551,0.138214002380016,0.10358122448484,0.141143249175154,-0.412680460064037,0.0300412553753007,"SK_N_SH","No change","No change"
"SE_237","4",76579197,76609551,0.155230415351977,0.113433835042368,0.149534030375914,-0.449161666768648,-0.0535856827693711,"SK_N_SH","No change","No change"
"SE_238","4",76943147,77072971,0.104401665389483,0.0929159935188703,0.0962568472163193,-0.166454893206527,-0.11602593285118,"SK_N_SH","No change","No change"
"SE_239","4",79996847,80070322,0.0858485945347687,0.0895712025525572,0.0977435593755816,0.0605499108950547,0.185184148271637,"SK_N_SH","No change","No change"
"SE_240","4",88010644,88041951,0.106393075050916,0.0924814148805916,0.124584130168311,-0.200149492877986,0.225753196999433,"SK_N_SH","No change","No change"
"SE_241","4",88586847,88641951,0.170364461294658,0.127930790887878,0.154498143381079,-0.410471099539091,-0.140170589799206,"SK_N_SH","No change","No change"
"SE_242","4",94507447,94596301,0.0686313072171927,0.0675606540769232,0.076419983337175,-0.0223552349645862,0.152969889158538,"SK_N_SH","No change","No change"
"SE_243","4",102787947,102822859,0.0529111576580191,0.0580139313206117,0.125370901715579,0.130471679771685,1.2290085107783,"SK_N_SH","No change","Increased"
"SE_244","4",112883597,112910451,0.0962499969468752,0.0931164675309331,0.132651449291252,-0.0472510318345496,0.458705372061646,"SK_N_SH","No change","No change"
"SE_245","4",113435197,113476701,0.139528938807883,0.118051153421931,0.167430753598621,-0.239285653816481,0.261288330683785,"SK_N_SH","No change","No change"
"SE_246","4",113897397,113976721,0.0868026245705531,0.0771799478550555,0.0862185714029816,-0.167465442656463,-0.0096287050437979,"SK_N_SH","No change","No change"
"SE_247","4",114224047,114284551,0.125707700221709,0.0916725004457835,0.105653426477365,-0.451290998495168,-0.248573885744011,"SK_N_SH","No change","No change"
"SE_248","4",114316247,114367701,0.0613298412258738,0.0613428147607238,0.0920149871695352,0.000300255967282894,0.577540153454872,"SK_N_SH","No change","No change"
"SE_249","4",122757697,122799301,0.132041228420467,0.0966283590283385,0.121284699766433,-0.446501207767525,-0.121629489268904,"SK_N_SH","No change","No change"
"SE_250","4",122829705,122915251,0.0736138308433825,0.0590359948736191,0.0764899501550229,-0.313615346439653,0.0545661347572829,"SK_N_SH","No change","No change"
"SE_251","4",137509247,137529497,0.186582756974614,0.126084164757128,0.162028697210134,-0.561742942773837,-0.202401280257043,"SK_N_SH","No change","No change"
"SE_252","4",159262097,159310151,0.0867518241939886,0.0836874805149224,0.106354299655267,-0.0512804072069765,0.290878952108113,"SK_N_SH","No change","No change"
"SE_253","4",169200697,169268097,0.149871461011354,0.121527679867394,0.122322489009795,-0.300212229074845,-0.290884017438381,"SK_N_SH","No change","No change"
"SE_254","4",185180697,185403601,0.125235809869796,0.114417636639739,0.144148344712705,-0.129257529112645,0.201406895355306,"SK_N_SH","No change","No change"
"SE_255","5",9324147,9372201,0.103068656887797,0.0781888655583157,0.0962342847899567,-0.394166129247921,-0.0979986244876319,"SK_N_SH","No change","No change"
"SE_256","5",9426847,9508331,0.0805744087222964,0.084496821291234,0.102581008032572,0.0677541574232512,0.344570973362649,"SK_N_SH","No change","No change"
"SE_257","5",17220558,17262401,0.0925122655471826,0.0776857980779482,0.093240933279736,-0.249052340049996,0.0111982177539454,"SK_N_SH","No change","No change"
"SE_258","5",52994197,53046301,0.0828423239744452,0.0900787078044479,0.0971282305404339,0.119435116507288,0.226989538916081,"SK_N_SH","No change","No change"
"SE_259","5",61350847,61505451,0.107605455359867,0.0956122656203858,0.11483485233956,-0.168818306677597,0.0929728231269299,"SK_N_SH","No change","No change"
"SE_260","5",65100547,65248151,0.0647440487758742,0.052429828350439,0.0624759130138836,-0.299214923620157,-0.0506510647520649,"SK_N_SH","No change","No change"
"SE_261","5",69237792,69296951,0.0742902189138103,0.0645829958779619,0.0963049486636728,-0.199140647419529,0.370050724405066,"SK_N_SH","No change","No change"
"SE_262","5",76488247,76543601,0.159500372755783,0.118155184620807,0.157150163621132,-0.429734921234697,-0.0212815994947864,"SK_N_SH","No change","No change"
"SE_263","5",95710247,95802001,0.143323584517392,0.118622034900059,0.149508244876463,-0.270823911165006,0.0605354444246709,"SK_N_SH","No change","No change"
"SE_264","5",120599047,120624601,0.0919778341609641,0.0654448363512898,0.0698316711156795,-0.484729732663674,-0.392492240033868,"SK_N_SH","No change","No change"
"SE_265","5",122140947,122184251,0.101243544487967,0.0899399723420731,0.0958424766897471,-0.169023285906118,-0.0782978753249704,"SK_N_SH","No change","No change"
"SE_266","5",131504497,131547351,0.0879637424129511,0.0783007028000522,0.0866975742322077,-0.165883826961485,-0.0206805413810445,"SK_N_SH","No change","No change"
"SE_267","5",140280247,140343602,0.184304958427882,0.130628813119973,0.146770837256537,-0.493426160905782,-0.326539905748519,"SK_N_SH","No change","No change"
"SE_268","5",147471147,147507055,0.177933945475706,0.164816706880202,0.251974781754212,-0.109837733308897,0.499566468078912,"SK_N_SH","No change","No change"
"SE_269","5",150008297,150066101,0.141338861848154,0.115525118994606,0.137856979008484,-0.288688619085147,-0.0357299158113851,"SK_N_SH","No change","No change"
"SE_270","5",151658897,151703801,0.263514162099705,0.219404218882909,0.266712849844479,-0.263193126739866,0.017341421634038,"SK_N_SH","No change","No change"
"SE_271","5",154193732,154320951,0.13115473166724,0.111825217568597,0.121692105667254,-0.228138519548254,-0.107185654955045,"SK_N_SH","No change","No change"
"SE_272","5",154342197,154376051,0.137962037724961,0.107594214013257,0.132755293581118,-0.355743577604907,-0.0550948252240878,"SK_N_SH","No change","No change"
"SE_273","5",157495447,157572822,0.123884811589459,0.10693209604498,0.115792147030194,-0.210474081408489,-0.096654755649048,"SK_N_SH","No change","No change"
"SE_274","5",169548297,169606201,0.163019363315366,0.115320745937978,0.154020988901538,-0.495757716274904,-0.081402581462337,"SK_N_SH","No change","No change"
"SE_275","6",11160047,11236601,0.182681695330972,0.147918996833225,0.173842786729133,-0.302680059989754,-0.071149585069016,"SK_N_SH","No change","No change"
"SE_276","6",16657547,16771001,0.126697956432401,0.11500084973171,0.1263144698577,-0.138600064132593,-0.00433904029432397,"SK_N_SH","No change","No change"
"SE_277","6",30724546,30794251,0.238589166767445,0.178455677282638,0.23838853548494,-0.416935111730565,-0.00120861481394145,"SK_N_SH","No change","No change"
"SE_278","6",34629397,34684901,0.0933872348222282,0.0866497955829369,0.12352371065904,-0.106841032577847,0.399756809140777,"SK_N_SH","No change","No change"
"SE_279","6",37101147,37145951,0.294033284539644,0.236065858651365,0.303437282750948,-0.315589816882861,0.0452673254907389,"SK_N_SH","No change","No change"
"SE_280","6",42182047,42231451,0.266135792044123,0.213788821094664,0.249497605077352,-0.314654378907338,-0.0927764772673903,"SK_N_SH","No change","No change"
"SE_281","6",44654997,44669401,0.43156529045207,0.246494076991247,0.262848956235399,-0.805523907255043,-0.713205630036046,"SK_N_SH","Decreased","Decreased"
"SE_282","6",56638797,56774401,0.0832644189773689,0.0742330447434275,0.0809403213939476,-0.163557096795206,-0.0403500238993907,"SK_N_SH","No change","No change"
"SE_283","6",56795347,56840664,0.103375503849146,0.0792066620894669,0.101533008841804,-0.37998918263522,-0.0256947250736088,"SK_N_SH","No change","No change"
"SE_284","6",104995247,105073801,0.0758799816459624,0.0733461756442065,0.0987746982506186,-0.0483494595118638,0.376066018901403,"SK_N_SH","No change","No change"
"SE_285","6",113344347,113414701,0.121955534713152,0.0946449089817903,0.115025891883862,-0.362376594296178,-0.0836898903263714,"SK_N_SH","No change","No change"
"SE_286","6",129625997,129718001,0.115649151521015,0.0960839438011133,0.11686203794672,-0.264871192730508,0.014923303557275,"SK_N_SH","No change","No change"
"SE_287","6",140041947,140079801,0.119665244637759,0.0948935222270494,0.116006512619954,-0.331504927550687,-0.0444213617465536,"SK_N_SH","No change","No change"
"SE_288","6",142353347,142419951,0.122836121368434,0.101912495435855,0.116690285380616,-0.267014029007967,-0.0734369515485638,"SK_N_SH","No change","No change"
"SE_289","6",150853797,150900301,0.225152100993997,0.197127012085607,0.254242024612387,-0.190867812264951,0.174572483889433,"SK_N_SH","No change","No change"
"SE_290","6",151242996,151296801,0.113114669450853,0.100317689012932,0.104546452419393,-0.171598186470179,-0.112606173849792,"SK_N_SH","No change","No change"
"SE_291","6",152704947,152760451,0.0601248072734266,0.0607844122966276,0.0709809313369699,0.0154848925896104,0.235856757674228,"SK_N_SH","No change","No change"
"SE_292","6",157984853,158087051,0.214448889865769,0.169479457557326,0.203858923000665,-0.337747756975506,-0.0727149313778351,"SK_N_SH","No change","No change"
"SE_293","7",6226047,6284751,0.240878454293492,0.177118814809623,0.211282781211191,-0.441442347363251,-0.18829490931902,"SK_N_SH","No change","No change"
"SE_294","7",23426597,23479601,0.277201611939221,0.250976013546664,0.312190310000932,-0.142844373866096,0.170908797755462,"SK_N_SH","No change","No change"
"SE_295","7",80824647,80911651,0.099636729645406,0.0887262832207183,0.0880555388790125,-0.165554389355124,-0.176379696585849,"SK_N_SH","No change","No change"
"SE_296","7",101092897,101141301,0.371825506219351,0.268367351470186,0.306637230489182,-0.468925562588417,-0.277270452977074,"SK_N_SH","No change","No change"
"SE_297","7",102834447,102897801,0.17200100841133,0.130735432199948,0.126497487230465,-0.393137015225668,-0.44031163308425,"SK_N_SH","No change","No change"
"SE_298","7",130352297,130375251,0.413330167841384,0.235616070223967,0.356687867664229,-0.80823280803226,-0.21207968366702,"SK_N_SH","Decreased","No change"
"SE_299","7",130838297,131040951,0.165121360389004,0.128457825193289,0.154177101572379,-0.359755418479833,-0.0983219067843872,"SK_N_SH","No change","No change"
"SE_300","7",134689347,134969601,0.1473749156287,0.119608967591403,0.148534053658087,-0.298910030133032,0.0112268598679194,"SK_N_SH","No change","No change"
"SE_301","8",13075347,13130299,0.100851735865978,0.0729508116317042,0.0965557720046907,-0.46183268193955,-0.0621714292007817,"SK_N_SH","No change","No change"
"SE_302","8",25178147,25216001,0.202058619999184,0.156300335967501,0.184020133222851,-0.368374519994001,-0.134214003959941,"SK_N_SH","No change","No change"
"SE_303","8",32672597,32785351,0.0738814534827188,0.0700729822753073,0.094855214364337,-0.0753072014246726,0.356248475687118,"SK_N_SH","No change","No change"
"SE_304","8",38891897,38939851,0.263925637790506,0.182887589405765,0.240306611428276,-0.526763349778968,-0.134720021452666,"SK_N_SH","No change","No change"
"SE_305","8",38999983,39046151,0.158552154911535,0.144652851205619,0.162029220251892,-0.131494150773388,0.0311024727186864,"SK_N_SH","No change","No change"
"SE_306","8",40148697,40220751,0.152536405475196,0.115144931825921,0.126015512873853,-0.402654576721162,-0.273576068449615,"SK_N_SH","No change","No change"
"SE_307","8",53942447,53966801,0.105735577800536,0.0796286915111629,0.0852755837266815,-0.404675930343002,-0.307016910020356,"SK_N_SH","No change","No change"
"SE_308","8",58800197,58896151,0.0901234852656742,0.0714576337136189,0.0837788732030851,-0.330685236176082,-0.1041181362541,"SK_N_SH","No change","No change"
"SE_309","8",66505597,66563401,0.203297171409411,0.135044889984497,0.148145676555757,-0.586586461234118,-0.453947072072103,"SK_N_SH","Decreased","No change"
"SE_310","8",73542447,73633701,0.10320445969666,0.0804355704931003,0.0989832897235309,-0.355686026296504,-0.059658121240494,"SK_N_SH","No change","No change"
"SE_311","8",88101447,88148651,0.0627701548025472,0.0493551623229317,0.0656458641595242,-0.34074169497584,0.0636339654521617,"SK_N_SH","No change","No change"
"SE_312","8",97879097,97953601,0.142769534794555,0.105052767224715,0.120892265322504,-0.438975731195158,-0.238151414054777,"SK_N_SH","No change","No change"
"SE_313","8",100898947,100947570,0.136046868486854,0.111398663319539,0.132965629646936,-0.286044484365684,-0.0328064541359128,"SK_N_SH","No change","No change"
"SE_314","8",101125247,101202731,0.140242708957114,0.119454342755313,0.14970308978616,-0.229689988392489,0.0935325994871096,"SK_N_SH","No change","No change"
"SE_315","8",117825897,118120901,0.100159977677018,0.0842151918427489,0.0960628516289745,-0.247456067035235,-0.0596474726899961,"SK_N_SH","No change","No change"
"SE_316","8",140763497,140845851,0.0851721271562535,0.0741571068298158,0.0875607465225369,-0.197311765869306,0.0394460861627499,"SK_N_SH","No change","No change"
"SE_317","9",2800697,2841129,0.134930825294595,0.0890454876647672,0.142894681669537,-0.594146768824622,0.0821406152902684,"SK_N_SH","Decreased","No change"
"SE_318","9",12778010,12835101,0.12703996127256,0.134382616280073,0.146252041888149,0.0804483568201068,0.201693493865416,"SK_N_SH","No change","No change"
"SE_319","9",16499797,16547801,0.126709061018223,0.0998944256985234,0.132845256303299,-0.340014419169681,0.0677051198254709,"SK_N_SH","No change","No change"
"SE_320","9",16670397,16728801,0.165274655425186,0.142672158219155,0.175610579073823,-0.210787767704844,0.0870034826265022,"SK_N_SH","No change","No change"
"SE_321","9",33271497,33355551,0.162920971139803,0.127255106886467,0.17729273248363,-0.353984164161811,0.121247460800899,"SK_N_SH","No change","No change"
"SE_322","9",35507297,35534101,0.28532093634692,0.156237700582036,0.252493696871467,-0.864685995580989,-0.175683291859485,"SK_N_SH","Decreased","No change"
"SE_323","9",36089347,36114801,0.22761299625179,0.166280400285113,0.201190436973249,-0.450639001323258,-0.177192657066985,"SK_N_SH","No change","No change"
"SE_324","9",37921497,37979401,0.227192224021162,0.152856791562548,0.172227497846088,-0.568661501879793,-0.397581671287688,"SK_N_SH","No change","No change"
"SE_325","9",37992697,38066212,0.223460076323322,0.177432832778257,0.201692595731075,-0.331077757517613,-0.147165473513785,"SK_N_SH","No change","No change"
"SE_326","9",94767247,94813751,0.100407991478107,0.0967171145437224,0.122437132574616,-0.05348818022429,0.283605105121693,"SK_N_SH","No change","No change"
"SE_327","9",106859997,106898751,0.231043648230953,0.174264352642004,0.249031336674983,-0.404863613538918,0.107712713697685,"SK_N_SH","No change","No change"
"SE_328","9",110007397,110193301,0.100061155944638,0.0811255944944112,0.107494793549368,-0.299324772780109,0.102397225437632,"SK_N_SH","No change","No change"
"SE_329","9",112010897,112082301,0.148947775644233,0.0981378849018111,0.126573111068348,-0.596951736658601,-0.233135840748091,"SK_N_SH","Decreased","No change"
"SE_330","9",115664947,115693701,0.153929045171938,0.0940761149565286,0.103104368807417,-0.7044527797958,-0.573577023790329,"SK_N_SH","Decreased","No change"
"SE_331","9",122988147,123104301,0.0941092096190102,0.0759637598950954,0.0883103129218157,-0.305405766436712,-0.0907582697954526,"SK_N_SH","No change","No change"
"SE_332","9",124251597,124307001,0.16139407224005,0.127317587151042,0.160534936661757,-0.339780052656144,-0.00765274804351052,"SK_N_SH","No change","No change"
"SE_333","9",125509297,125559351,0.179720991315606,0.153214457984267,0.197477901299694,-0.228826061736614,0.135214295868432,"SK_N_SH","No change","No change"
"SE_334","9",125784147,125856501,0.0561390870430152,0.0545078652715941,0.0670099812052523,-0.0417857745430595,0.251268507743522,"SK_N_SH","No change","No change"
"SE_335","9",129931747,129999401,0.149973697904785,0.129710597070658,0.183445647525396,-0.207921121131673,0.288898514998843,"SK_N_SH","No change","No change"
"SE_336","9",130823247,130870501,0.193760527641463,0.161808756792437,0.202958078740923,-0.258523016108784,0.06657133889338,"SK_N_SH","No change","No change"
"SE_337","X",136155497,136215901,0.0884285657743608,0.0808349191175529,0.0941087272095997,-0.128019163476685,0.0888419905824671,"SK_N_SH","No change","No change"
