"experiment","region_set","sample_set","se_id","chr","start","end","control_accessibility","h24_accessibility","h48_accessibility","log2fc_24h","log2fc_48h","cell_line","change_24h","change_48h"
"new_regions_all18_samples","new","all18","SE_1","1",8361497,8420686,0.100361284262137,0.0984940148277079,0.111056057711885,-0.0268250623956232,0.144713933691425,"CLB_Ma","No change","No change"
"new_regions_all18_samples","new","all18","SE_2","1",8646697,8719401,0.135186150947926,0.123846514400882,0.128387829533586,-0.125424457040699,-0.0738780790982338,"CLB_Ma","No change","No change"
"new_regions_all18_samples","new","all18","SE_3","1",33317147,33469629,0.14256562696579,0.140539040231688,0.141579150570762,-0.0205103333029827,-0.00994734381365008,"CLB_Ma","No change","No change"
"new_regions_all18_samples","new","all18","SE_4","1",36231047,36302301,0.0766483945201305,0.121313301159953,0.104892729980414,0.655553300159495,0.447575544657551,"CLB_Ma","Increased","No change"
"new_regions_all18_samples","new","all18","SE_5","1",39102247,39486501,0.10875376522762,0.103802756231802,0.127910789811203,-0.0665937747590544,0.232102588180946,"CLB_Ma","No change","No change"
"new_regions_all18_samples","new","all18","SE_6","1",51619871,51674051,0.151602428870107,0.14445750216536,0.141746366284341,-0.0691802174758811,-0.0963239035879117,"CLB_Ma","No change","No change"
"new_regions_all18_samples","new","all18","SE_7","1",51733147,51811451,0.060376115203193,0.0714647457361778,0.0730120463772705,0.239601957966077,0.270082772925517,"CLB_Ma","No change","No change"
"new_regions_all18_samples","new","all18","SE_8","1",59115547,59166001,0.161133747592414,0.164070500850086,0.179569266713329,0.0258979102760059,0.155367949624955,"CLB_Ma","No change","No change"
"new_regions_all18_samples","new","all18","SE_9","1",67673147,67772501,0.156490561463978,0.155637341120723,0.171602857686163,-0.0078371884507197,0.13219098125684,"CLB_Ma","No change","No change"
"new_regions_all18_samples","new","all18","SE_10","1",85269397,85527851,0.109767975668341,0.108745578665285,0.120850990071746,-0.0133780225882685,0.137577131917521,"CLB_Ma","No change","No change"
"new_regions_all18_samples","new","all18","SE_11","1",85540597,85586901,0.240583463495439,0.223542262065898,0.258354117604366,-0.105534698503327,0.102401569785472,"CLB_Ma","No change","No change"
"new_regions_all18_samples","new","all18","SE_12","1",86739147,86795951,0.128073067766031,0.124484599385656,0.153100643819201,-0.0406776866538762,0.255684888317982,"CLB_Ma","No change","No change"
"new_regions_all18_samples","new","all18","SE_13","1",89527835,89577701,0.0857599463179402,0.0866955889824433,0.099347660832823,0.0154751177415188,0.209905921495954,"CLB_Ma","No change","No change"
"new_regions_all18_samples","new","all18","SE_14","1",97091247,97148351,0.0845063438834169,0.091828508128601,0.0908580836493872,0.118536472375452,0.103375225909637,"CLB_Ma","No change","No change"
"new_regions_all18_samples","new","all18","SE_15","1",115296347,115335235,0.167597849007869,0.134782693471153,0.151100058918582,-0.31228652138506,-0.148565418400986,"CLB_Ma","No change","No change"
"new_regions_all18_samples","new","all18","SE_16","1",150560047,150583051,0.754057731706226,0.747638801078397,0.75583740791526,-0.0123171337209085,0.00339644087706317,"CLB_Ma","No change","No change"
"new_regions_all18_samples","new","all18","SE_17","1",155452497,155476151,0.108207962549044,0.105349226865569,0.11889193023719,-0.0382685043085435,0.134656506594453,"CLB_Ma","No change","No change"
"new_regions_all18_samples","new","all18","SE_18","1",157996270,158050251,0.208850380965513,0.234704842133776,0.241988306827369,0.167620314161593,0.211525807284027,"CLB_Ma","No change","No change"
"new_regions_all18_samples","new","all18","SE_19","1",162625447,162723901,0.141388423320757,0.156908280784177,0.166983903826015,0.149254973890191,0.238491146067776,"CLB_Ma","No change","No change"
"new_regions_all18_samples","new","all18","SE_20","1",162956397,162998851,0.0869909220324661,0.0780275339614763,0.0827277486561607,-0.15499929963812,-0.0716488562769138,"CLB_Ma","No change","No change"
"new_regions_all18_samples","new","all18","SE_21","1",163031997,163057701,0.260001110426582,0.263624095954953,0.302703109880462,0.0198884907694063,0.218605736851481,"CLB_Ma","No change","No change"
"new_regions_all18_samples","new","all18","SE_22","1",164703497,164782451,0.183255201493488,0.165274706587714,0.195615718797005,-0.148136621819885,0.0936733182024711,"CLB_Ma","No change","No change"
"new_regions_all18_samples","new","all18","SE_23","1",172341847,172363501,0.253055060682195,0.284337834405883,0.301929911359337,0.16752985156291,0.253842834790384,"CLB_Ma","No change","No change"
"new_regions_all18_samples","new","all18","SE_24","1",172883997,172970651,0.216721091442484,0.182055396609875,0.199474656911167,-0.250200867470873,-0.119061304166976,"CLB_Ma","No change","No change"
"new_regions_all18_samples","new","all18","SE_25","1",178096991,178139351,0.157516106701066,0.168667313000465,0.131375707558458,0.0980792124606704,-0.259991043403292,"CLB_Ma","No change","No change"
"new_regions_all18_samples","new","all18","SE_26","1",181072497,181117901,0.32019385551465,0.318686787583555,0.310240871675613,-0.00678517431169841,-0.0454127688799794,"CLB_Ma","No change","No change"
"new_regions_all18_samples","new","all18","SE_27","1",183019797,183165151,0.11597915746831,0.140723597647946,0.143755617514601,0.276828490441065,0.307367832451948,"CLB_Ma","No change","No change"
"new_regions_all18_samples","new","all18","SE_28","1",198087697,198127351,0.11064325345849,0.0934409992337545,0.103821871040081,-0.241410861305828,-0.0909563065047803,"CLB_Ma","No change","No change"
"new_regions_all18_samples","new","all18","SE_29","1",198153497,198299701,0.100231742515767,0.0981029811818007,0.100479257195693,-0.0306613747361157,0.00352312779519113,"CLB_Ma","No change","No change"
"new_regions_all18_samples","new","all18","SE_30","1",202551447,202591201,0.209937789352652,0.191273950195959,0.188967077419311,-0.133654260438542,-0.151068164659279,"CLB_Ma","No change","No change"
"new_regions_all18_samples","new","all18","SE_31","1",203504597,203560001,0.259746499269443,0.321353938027978,0.342203939843676,0.305997724699783,0.396418230954533,"CLB_Ma","No change","No change"
"new_regions_all18_samples","new","all18","SE_32","1",203629784,203701601,0.205769814458131,0.177617711855311,0.201800890262824,-0.211150441255044,-0.0279616018902715,"CLB_Ma","No change","No change"
"new_regions_all18_samples","new","all18","SE_33","1",204403397,204440351,0.31052643345432,0.331882044730512,0.38553912009331,0.0956564721493764,0.311259847851387,"CLB_Ma","No change","No change"
"new_regions_all18_samples","new","all18","SE_34","1",218335647,218391051,0.168427539487943,0.155485685568244,0.166158138766728,-0.114637702094264,-0.0194547955672311,"CLB_Ma","No change","No change"
"new_regions_all18_samples","new","all18","SE_35","1",218449847,218501551,0.268876072871011,0.214976336175493,0.249559516897804,-0.321423823933598,-0.107143737486136,"CLB_Ma","No change","No change"
"new_regions_all18_samples","new","all18","SE_36","1",219293047,219342601,0.178170598595542,0.151041256413582,0.177668012513815,-0.236871062245018,-0.00405254716505584,"CLB_Ma","No change","No change"
"new_regions_all18_samples","new","all18","SE_37","1",223698247,223795801,0.225012442313391,0.231752825342127,0.270766201062157,0.0423964832049038,0.265963845309885,"CLB_Ma","No change","No change"
"new_regions_all18_samples","new","all18","SE_38","1",234956997,235022701,0.344769796372845,0.318523894001264,0.388561958123972,-0.113888032459229,0.172040948445139,"CLB_Ma","No change","No change"
"new_regions_all18_samples","new","all18","SE_39","1",235900697,235929701,0.410556734720112,0.390531398421821,0.443409330583186,-0.0719633180935121,0.110797781545292,"CLB_Ma","No change","No change"
"new_regions_all18_samples","new","all18","SE_40","1",243202847,243295901,0.22313097712977,0.223697169126766,0.231511099279122,0.00363989124285333,0.0529575297278091,"CLB_Ma","No change","No change"
"new_regions_all18_samples","new","all18","SE_41","1",243697547,243750051,0.0814673047555294,0.0930774914772017,0.0994088655007084,0.190027334701312,0.283992493777499,"CLB_Ma","No change","No change"
"new_regions_all18_samples","new","all18","SE_42","10",4762497,4781751,0.217654404569965,0.219792187142422,0.243760378718892,0.014036712099758,0.162717626243931,"CLB_Ma","No change","No change"
"new_regions_all18_samples","new","all18","SE_43","10",17648397,17689351,0.196229547488404,0.161557619069665,0.192843171225292,-0.278924525250582,-0.0249857897061754,"CLB_Ma","No change","No change"
"new_regions_all18_samples","new","all18","SE_44","10",31999447,32053442,0.111665667058652,0.0896451877514287,0.100888956630569,-0.31374560966562,-0.145050254197753,"CLB_Ma","No change","No change"
"new_regions_all18_samples","new","all18","SE_45","10",33192197,33328451,0.158381350198601,0.174138506287714,0.167452803435146,0.136013488222528,0.0798616142430224,"CLB_Ma","No change","No change"
"new_regions_all18_samples","new","all18","SE_46","10",62220397,62279801,0.162838723237208,0.140097779280589,0.143787501028875,-0.215581096130858,-0.178339312604143,"CLB_Ma","No change","No change"
"new_regions_all18_samples","new","all18","SE_47","10",73993047,74146251,0.125065025656129,0.120969101576735,0.133121431825007,-0.0476523666263664,0.0893717070683873,"CLB_Ma","No change","No change"
"new_regions_all18_samples","new","all18","SE_48","10",77149647,77204701,0.212094844674771,0.19935107704662,0.219087073201738,-0.0889654255275938,0.0465787201773001,"CLB_Ma","No change","No change"
"new_regions_all18_samples","new","all18","SE_49","10",77385247,77437951,0.219756337307599,0.211844084559547,0.241628409640894,-0.0526578595071111,0.136293632901828,"CLB_Ma","No change","No change"
"new_regions_all18_samples","new","all18","SE_50","10",77476897,77545051,0.230258922799196,0.216067010750757,0.229534337391636,-0.0913685452801656,-0.00452737933696921,"CLB_Ma","No change","No change"
"new_regions_all18_samples","new","all18","SE_51","10",90910747,90944298,0.345701027185016,0.206254471840771,0.242427764834856,-0.742288880409,-0.510198382821241,"CLB_Ma","Decreased","No change"
"new_regions_all18_samples","new","all18","SE_52","10",93432197,93479316,0.408690069247166,0.404124924360318,0.441587841627088,-0.0161660766058925,0.1114308964822,"CLB_Ma","No change","No change"
"new_regions_all18_samples","new","all18","SE_53","10",99941997,100006952,0.178936967734244,0.180684557770505,0.202627521888853,0.0139441871056022,0.178440950165018,"CLB_Ma","No change","No change"
"new_regions_all18_samples","new","all18","SE_54","10",112953247,113100451,0.125732002639107,0.126181086339168,0.155789511908432,0.00510325407163452,0.307048173796972,"CLB_Ma","No change","No change"
"new_regions_all18_samples","new","all18","SE_55","10",114603997,114719451,0.165052082903614,0.147999884330433,0.156861250725901,-0.156324608939594,-0.0729787348786638,"CLB_Ma","No change","No change"
"new_regions_all18_samples","new","all18","SE_56","10",126194647,126282651,0.182732410441466,0.186590781061666,0.194457236246875,0.0299827893163587,0.0892468566354526,"CLB_Ma","No change","No change"
"new_regions_all18_samples","new","all18","SE_57","11",8688436,8790051,0.208068011618917,0.183723756190774,0.215283832524334,-0.178602925317566,0.0489534864058482,"CLB_Ma","No change","No change"
"new_regions_all18_samples","new","all18","SE_58","11",9750847,9817401,0.228326030055002,0.20327384668637,0.220033241414735,-0.166895613146367,-0.0531367655422153,"CLB_Ma","No change","No change"
"new_regions_all18_samples","new","all18","SE_59","11",12113573,12239701,0.277257535383664,0.25209020730187,0.271533307738385,-0.136769070136803,-0.0299881970935529,"CLB_Ma","No change","No change"
"new_regions_all18_samples","new","all18","SE_60","11",13207347,13236401,0.372784005570468,0.346032038843841,0.430863723175928,-0.107135974589512,0.208371297679678,"CLB_Ma","No change","No change"
"new_regions_all18_samples","new","all18","SE_61","11",14442997,14507351,0.117306676236104,0.117957318481113,0.121012700748988,0.00791254226640366,0.0444998414391662,"CLB_Ma","No change","No change"
"new_regions_all18_samples","new","all18","SE_62","11",33043012,33086001,0.150152073743064,0.147629597834111,0.182367358916526,-0.0242793320583838,0.278736076473398,"CLB_Ma","No change","No change"
"new_regions_all18_samples","new","all18","SE_63","11",33668347,33733101,0.3077773382168,0.287918957317656,0.305297911859437,-0.0959020052864054,-0.0116313426207641,"CLB_Ma","No change","No change"
"new_regions_all18_samples","new","all18","SE_64","11",35141867,35186351,0.15313493492571,0.16433000907355,0.174693952932799,0.101154724164051,0.188870649236761,"CLB_Ma","No change","No change"
"new_regions_all18_samples","new","all18","SE_65","11",65470447,65508051,0.745453227619574,0.774322361246674,0.801677503893842,0.0547444099612797,0.104768600068326,"CLB_Ma","No change","No change"
"new_regions_all18_samples","new","all18","SE_66","11",66073350,66143451,0.153619042307918,0.162455514843515,0.161871603508462,0.0801800459959468,0.0750170862596298,"CLB_Ma","No change","No change"
"new_regions_all18_samples","new","all18","SE_67","11",74120547,74164051,0.131594444630659,0.107283147069344,0.132819198757595,-0.292211608667259,0.0132647797655271,"CLB_Ma","No change","No change"
"new_regions_all18_samples","new","all18","SE_68","11",85947547,86047801,0.0853535324462931,0.0672032893536278,0.0751359850774276,-0.340413874808434,-0.181676701551394,"CLB_Ma","No change","No change"
"new_regions_all18_samples","new","all18","SE_69","11",86578797,86637051,0.115430687646721,0.106318123707374,0.124407049326993,-0.11757762300319,0.107147086944035,"CLB_Ma","No change","No change"
"new_regions_all18_samples","new","all18","SE_70","11",86717797,86786451,0.222206860559035,0.208372098652916,0.220358032582291,-0.0923121723607595,-0.0119996444696647,"CLB_Ma","No change","No change"
"new_regions_all18_samples","new","all18","SE_71","11",86803237,86821251,0.177348884708891,0.18199802704887,0.185520753862926,0.0371259004586277,0.0646339717083633,"CLB_Ma","No change","No change"
"new_regions_all18_samples","new","all18","SE_72","11",95983997,96338436,0.146372215771768,0.144031057826857,0.165465701359954,-0.0231026766034483,0.17576039726269,"CLB_Ma","No change","No change"
"new_regions_all18_samples","new","all18","SE_73","11",108869497,108930201,0.110886892017708,0.118070059219996,0.117981140503247,0.0897696567939802,0.0886918836274423,"CLB_Ma","No change","No change"
"new_regions_all18_samples","new","all18","SE_74","11",111517782,111567101,0.266818104007981,0.258969389662154,0.263055550748087,-0.0429117256893878,-0.0204120186530768,"CLB_Ma","No change","No change"
"new_regions_all18_samples","new","all18","SE_75","11",111718147,111751501,0.22806522156864,0.242311669894621,0.28345499913745,0.0870470832546262,0.312442001523735,"CLB_Ma","No change","No change"
"new_regions_all18_samples","new","all18","SE_76","11",118906947,118930051,0.696998294701665,0.716107589302972,0.71047378457486,0.0389660742729993,0.0275870875003152,"CLB_Ma","No change","No change"
"new_regions_all18_samples","new","all18","SE_77","11",120328847,120348451,0.268464344176356,0.286965392552065,0.310417915071475,0.0958010535782444,0.208757554754409,"CLB_Ma","No change","No change"
"new_regions_all18_samples","new","all18","SE_78","11",122155306,122200061,0.147687932428286,0.140033997718611,0.143900475861335,-0.0762445811778113,-0.0372252296439712,"CLB_Ma","No change","No change"
"new_regions_all18_samples","new","all18","SE_79","12",27541147,27624851,0.108564812908906,0.100531842683521,0.115511213502856,-0.109852286352743,0.0886842657318072,"CLB_Ma","No change","No change"
"new_regions_all18_samples","new","all18","SE_80","12",29277047,29288851,0.122895380666619,0.122574401114284,0.122011811767402,-0.00374248415082723,-0.0103255470042382,"CLB_Ma","No change","No change"
"new_regions_all18_samples","new","all18","SE_81","12",31482597,31533801,0.117958564036169,0.124781555251554,0.131092076993484,0.0804612416528406,0.151084797325565,"CLB_Ma","No change","No change"
"new_regions_all18_samples","new","all18","SE_82","12",45212947,45314301,0.230061896527308,0.220886437066884,0.242323651210364,-0.0584578857935832,0.0745971874693348,"CLB_Ma","No change","No change"
"new_regions_all18_samples","new","all18","SE_83","12",49186097,49246251,0.23897218739173,0.249204930084126,0.254467311915753,0.0602430087342722,0.0902714960798752,"CLB_Ma","No change","No change"
"new_regions_all18_samples","new","all18","SE_84","12",49480847,49519451,0.169828323081609,0.152855516911751,0.161472372866962,-0.150971015090938,-0.072352771285243,"CLB_Ma","No change","No change"
"new_regions_all18_samples","new","all18","SE_85","12",50150597,50219704,0.19264661278346,0.190149601054714,0.217662447278367,-0.0187240771880207,0.175279209296624,"CLB_Ma","No change","No change"
"new_regions_all18_samples","new","all18","SE_86","12",54220147,54286601,0.260854086460814,0.261197938996714,0.286521110296695,0.0018932258456462,0.134904765634282,"CLB_Ma","No change","No change"
"new_regions_all18_samples","new","all18","SE_87","12",65630447,65674151,0.159812548458091,0.164680052333863,0.191213123940508,0.0430199276891758,0.257326857212533,"CLB_Ma","No change","No change"
"new_regions_all18_samples","new","all18","SE_88","12",67651729,67693001,0.209933782501803,0.189018100463134,0.218555205364717,-0.150653319997041,0.0577935680598277,"CLB_Ma","No change","No change"
"new_regions_all18_samples","new","all18","SE_89","12",68613836,68658601,0.0744853962137644,0.073521212186678,0.077619243468149,-0.018546418534747,0.0586849208024184,"CLB_Ma","No change","No change"
"new_regions_all18_samples","new","all18","SE_90","12",69489747,69581721,0.108691198689453,0.0974129569763758,0.107904788638073,-0.156527595295073,-0.0103803806257107,"CLB_Ma","No change","No change"
"new_regions_all18_samples","new","all18","SE_91","12",93395297,93439249,0.0976010421975606,0.0770423460700054,0.0790417204070006,-0.337345747568068,-0.300850719055619,"CLB_Ma","No change","No change"
"new_regions_all18_samples","new","all18","SE_92","12",93766797,93826401,0.147651577166624,0.141076822990129,0.136659688142996,-0.065263543310316,-0.110828623304072,"CLB_Ma","No change","No change"
"new_regions_all18_samples","new","all18","SE_93","12",95198897,95263201,0.266291992410739,0.262541324073632,0.267057292467969,-0.0203874191401068,0.00412476631852316,"CLB_Ma","No change","No change"
"new_regions_all18_samples","new","all18","SE_94","12",96197379,96241451,0.21221062938561,0.201053414595847,0.220724193647811,-0.0775426313822293,0.0564868359531601,"CLB_Ma","No change","No change"
"new_regions_all18_samples","new","all18","SE_95","12",103933497,103987201,0.272899959396954,0.283205426605806,0.312674619958594,0.0532850494212049,0.195619750382457,"CLB_Ma","No change","No change"
"new_regions_all18_samples","new","all18","SE_96","12",104279847,104337401,0.175640511168545,0.178512964186256,0.178109756922508,0.0232717851610418,0.0200276774638378,"CLB_Ma","No change","No change"
"new_regions_all18_samples","new","all18","SE_97","12",105307597,105385551,0.137985958119043,0.137842666763854,0.141330854086982,-0.00148815296443547,0.0343093057026098,"CLB_Ma","No change","No change"
"new_regions_all18_samples","new","all18","SE_98","12",106027997,106148601,0.195531052157748,0.191648485685195,0.194033057878961,-0.028786432429207,-0.0110385983051931,"CLB_Ma","No change","No change"
"new_regions_all18_samples","new","all18","SE_99","12",110265747,110341501,0.136712804469615,0.141361069111175,0.137819633727608,0.0478919656404581,0.0115489207648992,"CLB_Ma","No change","No change"
"new_regions_all18_samples","new","all18","SE_100","12",116120397,116165351,0.106203556876345,0.101059734722215,0.110260342023971,-0.0709389764297713,0.0535866723225349,"CLB_Ma","No change","No change"
"new_regions_all18_samples","new","all18","SE_101","12",120224447,120262770,0.351697003282988,0.341444238130635,0.361260009454805,-0.042560231736191,0.0385962349884934,"CLB_Ma","No change","No change"
"new_regions_all18_samples","new","all18","SE_102","12",121921554,121965951,0.149437884232623,0.140740802823837,0.147417910760834,-0.0859127958472029,-0.0195027176212202,"CLB_Ma","No change","No change"
"new_regions_all18_samples","new","all18","SE_103","12",122071347,122131051,0.163806264134224,0.172532751360057,0.190752457763375,0.0744368936195369,0.21847399033941,"CLB_Ma","No change","No change"
"new_regions_all18_samples","new","all18","SE_104","13",32021847,32064001,0.156567273891429,0.151595562558635,0.172133665441877,-0.0462549142049752,0.135918356933962,"CLB_Ma","No change","No change"
"new_regions_all18_samples","new","all18","SE_105","13",45177147,45292701,0.109757840043129,0.0997981392342069,0.122466176794522,-0.135939817733904,0.156707049553993,"CLB_Ma","No change","No change"
"new_regions_all18_samples","new","all18","SE_106","13",45479047,45523351,0.114663973390959,0.0983118416471864,0.117424300662515,-0.219901913051696,0.0340255834992598,"CLB_Ma","No change","No change"
"new_regions_all18_samples","new","all18","SE_107","13",49061897,49143101,0.0787179141360134,0.0798954530633694,0.0889160705501123,0.0211546528103861,0.173675027531213,"CLB_Ma","No change","No change"
"new_regions_all18_samples","new","all18","SE_108","13",99279297,99337501,0.136093655366613,0.11854268239627,0.139265304359339,-0.197635984769217,0.0329963866241421,"CLB_Ma","No change","No change"
"new_regions_all18_samples","new","all18","SE_109","13",114096847,114129619,0.22803863438997,0.260842843855905,0.274091386939707,0.193110202972191,0.264319996234011,"CLB_Ma","No change","No change"
"new_regions_all18_samples","new","all18","SE_110","14",21214097,21266478,0.0939640185472479,0.0817015639849318,0.106553564219032,-0.199466373378521,0.179602443819107,"CLB_Ma","No change","No change"
"new_regions_all18_samples","new","all18","SE_111","14",49970047,50024601,0.242049024098822,0.240344059431256,0.253378371572563,-0.0101560253950341,0.0657286698564896,"CLB_Ma","No change","No change"
"new_regions_all18_samples","new","all18","SE_112","14",50984347,51025351,0.229578907480201,0.210052911881462,0.256346344671072,-0.127655812340494,0.158450744223118,"CLB_Ma","No change","No change"
"new_regions_all18_samples","new","all18","SE_113","14",51506647,51556701,0.191080355909169,0.173727503182133,0.188288884288383,-0.136603266689941,-0.0211202884967435,"CLB_Ma","No change","No change"
"new_regions_all18_samples","new","all18","SE_114","14",51635547,51730301,0.125108778487602,0.13060852382705,0.133973223625204,0.0615842246481056,0.0980045238873027,"CLB_Ma","No change","No change"
"new_regions_all18_samples","new","all18","SE_115","14",55571297,55650451,0.140272307152616,0.130216969682833,0.140466841449766,-0.106524380581313,0.00198524832132107,"CLB_Ma","No change","No change"
"new_regions_all18_samples","new","all18","SE_116","14",64917597,64937951,0.109010112144595,0.10533024893992,0.0863887659940591,-0.0490840679256049,-0.332116407233295,"CLB_Ma","No change","No change"
"new_regions_all18_samples","new","all18","SE_117","14",75820597,75887251,0.117086116851226,0.127627465704982,0.136584905741226,0.123359372979261,0.220482842616927,"CLB_Ma","No change","No change"
"new_regions_all18_samples","new","all18","SE_118","14",77562347,77613766,0.102755494278952,0.177612162015928,0.218070341156432,0.783642584342216,1.07820644314303,"CLB_Ma","Increased","Increased"
"new_regions_all18_samples","new","all18","SE_119","14",101960747,102056851,0.135115801533867,0.132236151424858,0.134613171621446,-0.0308489704954642,-0.00533724836680711,"CLB_Ma","No change","No change"
"new_regions_all18_samples","new","all18","SE_120","14",103388361,103457151,0.103825237221265,0.109601009138665,0.127486851581177,0.0773784539476342,0.293634636923695,"CLB_Ma","No change","No change"
"new_regions_all18_samples","new","all18","SE_121","15",32769247,33035351,0.116178868786456,0.112594760508897,0.127426633416366,-0.0448161348103984,0.13223199523554,"CLB_Ma","No change","No change"
"new_regions_all18_samples","new","all18","SE_122","15",40992297,41050501,0.0790563840333652,0.077787489626556,0.0818610506617734,-0.0230498862409325,0.049677659611555,"CLB_Ma","No change","No change"
"new_regions_all18_samples","new","all18","SE_123","15",44028097,44164751,0.0966520089070958,0.100427049896375,0.109398268167711,0.0547208316981983,0.176995911745316,"CLB_Ma","No change","No change"
"new_regions_all18_samples","new","all18","SE_124","15",48395247,48510951,0.0988459423513155,0.0949053843537353,0.108945975606294,-0.0580919852321914,0.139019093499522,"CLB_Ma","No change","No change"
"new_regions_all18_samples","new","all18","SE_125","15",48524197,48642787,0.129152450267821,0.112792575312121,0.142237079631367,-0.193796043987591,0.138202537518466,"CLB_Ma","No change","No change"
"new_regions_all18_samples","new","all18","SE_126","15",51835397,51889201,0.116967800549393,0.114267883411306,0.13271418277717,-0.033402530863961,0.180759369119744,"CLB_Ma","No change","No change"
"new_regions_all18_samples","new","all18","SE_127","15",60342847,60472801,0.243697359972328,0.239350948732931,0.262049845653979,-0.0258560381251175,0.104337667227197,"CLB_Ma","No change","No change"
"new_regions_all18_samples","new","all18","SE_128","15",71651697,71731001,0.143662295765489,0.142061801211174,0.159149199840648,-0.0160504413560728,0.146727637664734,"CLB_Ma","No change","No change"
"new_regions_all18_samples","new","all18","SE_129","15",85393797,85445551,0.0852398315188165,0.0821780807630616,0.0940351439047244,-0.0521509627256928,0.140106759757224,"CLB_Ma","No change","No change"
"new_regions_all18_samples","new","all18","SE_130","15",90391238,90424151,0.143436995488829,0.185557827013224,0.19673472441695,0.369182574096677,0.453125931170996,"CLB_Ma","No change","No change"
"new_regions_all18_samples","new","all18","SE_131","15",98716247,98765001,0.141178262995302,0.138397549839018,0.154807234115859,-0.0284957110771851,0.132061304592037,"CLB_Ma","No change","No change"
"new_regions_all18_samples","new","all18","SE_132","15",98841397,98928101,0.248485149365638,0.24860795391688,0.275486908036222,0.000709965813937868,0.148257227338749,"CLB_Ma","No change","No change"
"new_regions_all18_samples","new","all18","SE_133","15",101640397,101717901,0.176764779511871,0.173774645271739,0.174293126302909,-0.0244736048573984,-0.0202000862981142,"CLB_Ma","No change","No change"
"new_regions_all18_samples","new","all18","SE_134","16",9094677,9130401,0.143450882852192,0.127216179685038,0.0877646970986587,-0.172000693274226,-0.702521104625913,"CLB_Ma","No change","Decreased"
"new_regions_all18_samples","new","all18","SE_135","16",24970047,25012377,0.162341645217706,0.148074278713225,0.174054386061609,-0.131861307686261,0.0999105454795416,"CLB_Ma","No change","No change"
"new_regions_all18_samples","new","all18","SE_136","16",50180847,50235851,0.130917831127871,0.126146680092132,0.121379059189165,-0.0531457920865248,-0.108282871260176,"CLB_Ma","No change","No change"
"new_regions_all18_samples","new","all18","SE_137","16",57167697,57204351,0.289239226617295,0.299918207599694,0.321617928215217,0.0521288854586147,0.152584096068443,"CLB_Ma","No change","No change"
"new_regions_all18_samples","new","all18","SE_138","16",69431847,69497251,0.12671958474998,0.114237661144659,0.122914833686152,-0.148367482374548,-0.0436308664532538,"CLB_Ma","No change","No change"
"new_regions_all18_samples","new","all18","SE_139","16",75231497,75262947,0.496920236650262,0.449298138221124,0.464185816061009,-0.145034138315885,-0.0981075427206641,"CLB_Ma","No change","No change"
"new_regions_all18_samples","new","all18","SE_140","17",667897,706401,0.21290129552337,0.195924242174381,0.201585729402427,-0.119304496621649,-0.0784126694030903,"CLB_Ma","No change","No change"
"new_regions_all18_samples","new","all18","SE_141","17",4194597,4257901,0.155078488135519,0.14830453719567,0.192347653588802,-0.0640137003615926,0.308925548029829,"CLB_Ma","No change","No change"
"new_regions_all18_samples","new","all18","SE_142","17",16002690,16048251,0.1018820145275,0.122848270093543,0.177459903325248,0.267582919839289,0.794609166093793,"CLB_Ma","No change","Increased"
"new_regions_all18_samples","new","all18","SE_143","17",20165097,20227451,0.111163626595446,0.0977971076201456,0.110319939942397,-0.183064190725488,-0.0108928665466617,"CLB_Ma","No change","No change"
"new_regions_all18_samples","new","all18","SE_144","17",31232597,31278401,0.153124045342746,0.146702873890228,0.186568348392016,-0.0613940612427148,0.283324439358393,"CLB_Ma","No change","No change"
"new_regions_all18_samples","new","all18","SE_145","17",31563897,31604151,0.421817721470119,0.381835053298589,0.480588936536558,-0.143312912860296,0.187766404321134,"CLB_Ma","No change","No change"
"new_regions_all18_samples","new","all18","SE_146","17",40280547,40348051,0.540444161054038,0.569563399760203,0.517110667331045,0.075574643673881,-0.0635522734686154,"CLB_Ma","No change","No change"
"new_regions_all18_samples","new","all18","SE_147","17",45064296,45129532,0.262723025073191,0.22893123644192,0.329938696440013,-0.197821063939955,0.32754045966828,"CLB_Ma","No change","No change"
"new_regions_all18_samples","new","all18","SE_148","17",45287497,45322351,0.434033798459095,0.487709513482526,0.460834661297907,0.167849698577051,0.0862489627736778,"CLB_Ma","No change","No change"
"new_regions_all18_samples","new","all18","SE_149","17",50026997,50084801,0.589816802958478,0.537823155798666,0.570959678711215,-0.132899005633903,-0.0467974119458912,"CLB_Ma","No change","No change"
"new_regions_all18_samples","new","all18","SE_150","17",59622686,59699401,0.124706317882757,0.149360879437502,0.116621367995445,0.258372098525064,-0.0959069851168334,"CLB_Ma","No change","No change"
"new_regions_all18_samples","new","all18","SE_151","17",59745197,59859951,0.45379384190841,0.460181787793855,0.565772159537801,0.0201228219666292,0.317556173562646,"CLB_Ma","No change","No change"
"new_regions_all18_samples","new","all18","SE_152","17",64525147,64684501,0.148280302653201,0.134367982932423,0.144859469441453,-0.141137261431345,-0.0334447647886536,"CLB_Ma","No change","No change"
"new_regions_all18_samples","new","all18","SE_153","17",75673497,75708901,0.414371831880784,0.405595044005611,0.45490979793458,-0.0308107539986814,0.134345030170147,"CLB_Ma","No change","No change"
"new_regions_all18_samples","new","all18","SE_154","18",9105627,9148201,0.288019924624936,0.293975661626502,0.294033572853848,0.0294269694409567,0.0297101793837505,"CLB_Ma","No change","No change"
"new_regions_all18_samples","new","all18","SE_155","18",28027147,28097351,0.120825140885315,0.121418289714392,0.121419430772462,0.00700722680159953,0.00702067406630035,"CLB_Ma","No change","No change"
"new_regions_all18_samples","new","all18","SE_156","18",57727847,57849851,0.14125152687714,0.132464030069854,0.153945033684593,-0.0919931648561591,0.123312376254857,"CLB_Ma","No change","No change"
"new_regions_all18_samples","new","all18","SE_157","18",77063747,77109201,0.28329659556294,0.281793569873949,0.337510121317863,-0.00764750622563327,0.251802147532314,"CLB_Ma","No change","No change"
"new_regions_all18_samples","new","all18","SE_158","2",33129797,33170001,0.139713927816628,0.131055637558842,0.141808672570157,-0.0916192405018554,0.0213184617659742,"CLB_Ma","No change","No change"
"new_regions_all18_samples","new","all18","SE_159","2",36338247,36573801,0.152621896470213,0.14197787339738,0.148688450310366,-0.1035919656187,-0.0374209550464906,"CLB_Ma","No change","No change"
"new_regions_all18_samples","new","all18","SE_160","2",55092947,55121751,0.202741177441203,0.206426143129534,0.242279856301814,0.0258601489069467,0.255879281329994,"CLB_Ma","No change","No change"
"new_regions_all18_samples","new","all18","SE_161","2",62709894,62829051,0.135569871750055,0.127637783834867,0.144276926678233,-0.0863247931452069,0.0891663376533498,"CLB_Ma","No change","No change"
"new_regions_all18_samples","new","all18","SE_162","2",63844877,63896501,0.0983488672622461,0.0830997490570825,0.100347411494652,-0.240402022843152,0.0287338179031037,"CLB_Ma","No change","No change"
"new_regions_all18_samples","new","all18","SE_163","2",68027447,68060026,0.117332185376011,0.116259543719292,0.138642090039371,-0.0131371801362998,0.238891326974305,"CLB_Ma","No change","No change"
"new_regions_all18_samples","new","all18","SE_164","2",68166547,68259001,0.136764152279083,0.1171478236365,0.129112006370449,-0.221607477908661,-0.0824464359943717,"CLB_Ma","No change","No change"
"new_regions_all18_samples","new","all18","SE_165","2",69016141,69255351,0.155820824428519,0.144937183176284,0.174480039415722,-0.10376963661481,0.162189786115028,"CLB_Ma","No change","No change"
"new_regions_all18_samples","new","all18","SE_166","2",69754597,69803851,0.196043120427674,0.196762737821147,0.212282916926595,0.00525924108231752,0.114257036405612,"CLB_Ma","No change","No change"
"new_regions_all18_samples","new","all18","SE_167","2",70090450,70144501,0.207914952891485,0.218401645471534,0.210631224751686,0.0706585900834184,0.0186367473810242,"CLB_Ma","No change","No change"
"new_regions_all18_samples","new","all18","SE_168","2",75586547,75607951,0.231649481271857,0.218722855498767,0.247836292141319,-0.0824730241583037,0.0970389438361655,"CLB_Ma","No change","No change"
"new_regions_all18_samples","new","all18","SE_169","2",108537352,108599501,0.217987942663694,0.179350976237171,0.187602243255321,-0.280044205711751,-0.215504602460627,"CLB_Ma","No change","No change"
"new_regions_all18_samples","new","all18","SE_170","2",117930197,118011162,0.150669379849526,0.160661925699346,0.163299532837916,0.0920500852015131,0.115398525297229,"CLB_Ma","No change","No change"
"new_regions_all18_samples","new","all18","SE_171","2",138018897,138053301,0.135005828855148,0.119394707685053,0.11944914656008,-0.175896507497503,-0.175244311520847,"CLB_Ma","No change","No change"
"new_regions_all18_samples","new","all18","SE_172","2",160204397,160252901,0.332589587780921,0.301943641446066,0.37140249516182,-0.139024834308706,0.158788480105554,"CLB_Ma","No change","No change"
"new_regions_all18_samples","new","all18","SE_173","2",177215723,177276301,0.227295667907049,0.250665608245466,0.236834497723446,0.140604592707814,0.059054508613732,"CLB_Ma","No change","No change"
"new_regions_all18_samples","new","all18","SE_174","2",189075647,189176878,0.0998612927624174,0.0971105003574172,0.0932087268668697,-0.0398931664309776,-0.0984400091128488,"CLB_Ma","No change","No change"
"new_regions_all18_samples","new","all18","SE_175","2",189203447,189299101,0.108258385279458,0.11093686773714,0.123873820486683,0.0349412764961985,0.192727044065472,"CLB_Ma","No change","No change"
"new_regions_all18_samples","new","all18","SE_176","2",189366697,189413601,0.125284107444953,0.131379309480184,0.1360165067493,0.0680045597177284,0.117676618227322,"CLB_Ma","No change","No change"
"new_regions_all18_samples","new","all18","SE_177","2",190883818,190963751,0.10826875877586,0.117817528107165,0.129542428248866,0.120866703502713,0.256637804082915,"CLB_Ma","No change","No change"
"new_regions_all18_samples","new","all18","SE_178","2",201627947,201656951,0.256879526559994,0.251846861950887,0.236586215648532,-0.0284333664856827,-0.118246104129769,"CLB_Ma","No change","No change"
"new_regions_all18_samples","new","all18","SE_179","2",207219697,207261451,0.320171030361346,0.285850293077633,0.281946599264219,-0.163043775572797,-0.182811969808377,"CLB_Ma","No change","No change"
"new_regions_all18_samples","new","all18","SE_180","2",216443447,216512801,0.130332232269958,0.123898215015479,0.1250658455162,-0.0724681749446327,-0.0590435683748087,"CLB_Ma","No change","No change"
"new_regions_all18_samples","new","all18","SE_181","2",222904597,223003801,0.163280722528246,0.163318506995064,0.169001942781021,0.000331780833576493,0.0493880359598054,"CLB_Ma","No change","No change"
"new_regions_all18_samples","new","all18","SE_182","2",223026197,223111101,0.216386292821453,0.196899790143843,0.218465677431319,-0.135490892325876,0.0137343572910386,"CLB_Ma","No change","No change"
"new_regions_all18_samples","new","all18","SE_183","2",233402297,233502201,0.132485888018517,0.130123662009882,0.141548365977398,-0.0257591782686245,0.0947642720126134,"CLB_Ma","No change","No change"
"new_regions_all18_samples","new","all18","SE_184","2",234240697,234260551,0.306472051610699,0.301424048229107,0.327150276207117,-0.0238824145847647,0.0939013681505937,"CLB_Ma","No change","No change"
"new_regions_all18_samples","new","all18","SE_185","20",31652097,31718505,0.147613302504166,0.136788214409892,0.158296853769619,-0.109110764821037,0.100154514326345,"CLB_Ma","No change","No change"
"new_regions_all18_samples","new","all18","SE_186","20",35301597,35345051,0.313207896474291,0.262306226529248,0.304909225716421,-0.25497780009542,-0.0386158211386457,"CLB_Ma","No change","No change"
"new_regions_all18_samples","new","all18","SE_187","20",35854497,35904351,0.32881561913098,0.280682919680602,0.366766323825731,-0.227587636217292,0.157129656617785,"CLB_Ma","No change","No change"
"new_regions_all18_samples","new","all18","SE_188","20",45013747,45105201,0.141392261551679,0.137360556268502,0.149584453088614,-0.0414380246603925,0.0807020846324284,"CLB_Ma","No change","No change"
"new_regions_all18_samples","new","all18","SE_189","20",50894997,50936551,0.147625454052286,0.151376594479186,0.146438933424573,0.0359600999590072,-0.0115636777840695,"CLB_Ma","No change","No change"
"new_regions_all18_samples","new","all18","SE_190","20",53734697,53754501,0.245106178523608,0.225821170076371,0.268420328322484,-0.117725578533145,0.130577831965861,"CLB_Ma","No change","No change"
"new_regions_all18_samples","new","all18","SE_191","20",53770647,53846251,0.197355639104532,0.192211268418229,0.221660357582414,-0.0379101757032963,0.166755310951514,"CLB_Ma","No change","No change"
"new_regions_all18_samples","new","all18","SE_192","20",58235547,58296451,0.11125316099996,0.11562146969786,0.111026661405405,0.0550773380526571,-0.00291394873969193,"CLB_Ma","No change","No change"
"new_regions_all18_samples","new","all18","SE_193","21",25306247,25344901,0.120609021000695,0.128961737111127,0.130776871862925,0.0958366800576994,0.115846933009087,"CLB_Ma","No change","No change"
"new_regions_all18_samples","new","all18","SE_194","21",29148556,29233751,0.157451699826334,0.13397643098678,0.157735952556092,-0.231335624674781,0.00258578863510803,"CLB_Ma","No change","No change"
"new_regions_all18_samples","new","all18","SE_195","21",29308201,29352601,0.11110009612805,0.0960028260370711,0.112550840620104,-0.208688831424851,0.018550871113366,"CLB_Ma","No change","No change"
"new_regions_all18_samples","new","all18","SE_196","22",24282697,24339106,0.098769065075918,0.105526180610006,0.104654924902489,0.0945435803721889,0.0826955569580439,"CLB_Ma","No change","No change"
"new_regions_all18_samples","new","all18","SE_197","22",31207297,31254601,0.256285204617508,0.26643931649554,0.292571367493919,0.0558430767488963,0.190342770408916,"CLB_Ma","No change","No change"
"new_regions_all18_samples","new","all18","SE_198","22",31583547,31662751,0.210723740715384,0.191072733642458,0.23421749666258,-0.140530318000596,0.151812330379587,"CLB_Ma","No change","No change"
"new_regions_all18_samples","new","all18","SE_199","22",36295897,36399251,0.315099685418606,0.312914416468381,0.305054032947449,-0.0100083135017104,-0.0465932204690908,"CLB_Ma","No change","No change"
"new_regions_all18_samples","new","all18","SE_200","22",40466438,40543951,0.164583163810231,0.162726980686334,0.162219874632871,-0.0162639055800466,-0.0207392505072476,"CLB_Ma","No change","No change"
"new_regions_all18_samples","new","all18","SE_201","22",42905297,43018201,0.1819002577304,0.172476776392718,0.188951336269655,-0.0763145681448384,0.0545727530754835,"CLB_Ma","No change","No change"
"new_regions_all18_samples","new","all18","SE_202","3",15629947,15648901,0.423641003142741,0.441493347401529,0.468141046878859,0.0594120814325655,0.143778049112887,"CLB_Ma","No change","No change"
"new_regions_all18_samples","new","all18","SE_203","3",30333897,30359151,0.120077695468303,0.129388924499385,0.133922392096023,0.10688820830967,0.156196680833871,"CLB_Ma","No change","No change"
"new_regions_all18_samples","new","all18","SE_204","3",48011697,48086278,0.148987249592036,0.18429801646449,0.141200444994289,0.305007575511852,-0.0769138828512458,"CLB_Ma","No change","No change"
"new_regions_all18_samples","new","all18","SE_205","3",57998247,58175901,0.134471543135511,0.130093770695726,0.146302340592388,-0.0473907006387052,0.120790520621728,"CLB_Ma","No change","No change"
"new_regions_all18_samples","new","all18","SE_206","3",71487847,71554851,0.194233461467359,0.168039891610535,0.201286099182757,-0.207836593263921,0.0511968427366973,"CLB_Ma","No change","No change"
"new_regions_all18_samples","new","all18","SE_207","3",81722147,81765851,0.228350154504603,0.220694643522025,0.221025174009505,-0.0489779663782077,-0.0468286155288194,"CLB_Ma","No change","No change"
"new_regions_all18_samples","new","all18","SE_208","3",98877097,98924851,0.228572736771277,0.237015295960168,0.233141128133281,0.0521029678108874,0.0284270508236172,"CLB_Ma","No change","No change"
"new_regions_all18_samples","new","all18","SE_209","3",99842697,99936151,0.13525397960173,0.127257241329392,0.140438773884765,-0.0872580857787827,0.0538793057161999,"CLB_Ma","No change","No change"
"new_regions_all18_samples","new","all18","SE_210","3",100001947,100049201,0.16470942444424,0.157830408768647,0.153087743824074,-0.0611685066119248,-0.104903541633505,"CLB_Ma","No change","No change"
"new_regions_all18_samples","new","all18","SE_211","3",107192747,107250501,0.173877485591255,0.174812352459414,0.193657177828546,0.00769187380500349,0.154590980862582,"CLB_Ma","No change","No change"
"new_regions_all18_samples","new","all18","SE_212","3",111845697,111975874,0.141558054585585,0.156219632467504,0.158246496976725,0.141231827912834,0.159712082750247,"CLB_Ma","No change","No change"
"new_regions_all18_samples","new","all18","SE_213","3",112604967,112699901,0.261364620330231,0.225145899568823,0.271645882185868,-0.214319349186389,0.0554551796274331,"CLB_Ma","No change","No change"
"new_regions_all18_samples","new","all18","SE_214","3",120403647,120448070,0.189136729984761,0.193574023838375,0.206505162108096,0.0332818652948817,0.126109972879691,"CLB_Ma","No change","No change"
"new_regions_all18_samples","new","all18","SE_215","3",123595047,123881301,0.188628944370798,0.186197324685548,0.194735990827831,-0.0186193725998528,0.0457298654508165,"CLB_Ma","No change","No change"
"new_regions_all18_samples","new","all18","SE_216","3",128758647,128806351,0.10051721216497,0.104820241845365,0.104102315739384,0.0598912640684828,0.0500701008454779,"CLB_Ma","No change","No change"
"new_regions_all18_samples","new","all18","SE_217","3",134457097,134482731,0.193766376382733,0.207253449212454,0.193041967982497,0.0965957521870211,-0.00537592174161479,"CLB_Ma","No change","No change"
"new_regions_all18_samples","new","all18","SE_218","3",136136147,136186501,0.0700748753409269,0.061974457785654,0.0660090855020249,-0.174572868233958,-0.0849829452869269,"CLB_Ma","No change","No change"
"new_regions_all18_samples","new","all18","SE_219","3",149369097,149408351,0.157969252237361,0.141804606348831,0.166324824776003,-0.154705230926452,0.07390375644713,"CLB_Ma","No change","No change"
"new_regions_all18_samples","new","all18","SE_220","3",152272624,152467151,0.0931583001032409,0.0887310913763496,0.115525349629587,-0.069480316348547,0.307483661753652,"CLB_Ma","No change","No change"
"new_regions_all18_samples","new","all18","SE_221","3",156531797,156559251,0.270543785300995,0.305501405760182,0.325666013889766,0.174708845476682,0.266631520235892,"CLB_Ma","No change","No change"
"new_regions_all18_samples","new","all18","SE_222","3",160394797,160446837,0.150361435413499,0.125562118060967,0.133379533972065,-0.258152026309585,-0.171684243312424,"CLB_Ma","No change","No change"
"new_regions_all18_samples","new","all18","SE_223","3",170688547,170768951,0.204250626270365,0.188010513459633,0.211970235542322,-0.118920139348421,0.0532651912296727,"CLB_Ma","No change","No change"
"new_regions_all18_samples","new","all18","SE_224","3",171256147,171331701,0.0992647753101943,0.0975691927449614,0.109978922843602,-0.0246061362782184,0.146470853334745,"CLB_Ma","No change","No change"
"new_regions_all18_samples","new","all18","SE_225","3",171343347,171428051,0.115236571192001,0.110484707263518,0.128699146979999,-0.0602182269960298,0.158104939813177,"CLB_Ma","No change","No change"
"new_regions_all18_samples","new","all18","SE_226","3",172044197,172186201,0.14955454218361,0.139622193857341,0.165487028968286,-0.0984619270162496,0.145123546688912,"CLB_Ma","No change","No change"
"new_regions_all18_samples","new","all18","SE_227","3",172243397,172368751,0.097904868528624,0.103122080279726,0.111831850456411,0.0741625975072123,0.190060929202886,"CLB_Ma","No change","No change"
"new_regions_all18_samples","new","all18","SE_228","3",172753682,172817751,0.0815134367364181,0.0735120056710152,0.0970849217750197,-0.147156174219745,0.249402302131346,"CLB_Ma","No change","No change"
"new_regions_all18_samples","new","all18","SE_229","3",179580247,179618651,0.176103164032695,0.177967090871164,0.166669387999411,0.0151043370350539,-0.0789706718124936,"CLB_Ma","No change","No change"
"new_regions_all18_samples","new","all18","SE_230","3",188185397,188301151,0.153538369672021,0.141692819625677,0.162641711281437,-0.115052343695929,0.0825754461880288,"CLB_Ma","No change","No change"
"new_regions_all18_samples","new","all18","SE_231","3",192851647,192915160,0.201793759134682,0.193819593228313,0.212168235647416,-0.0578744766859314,0.0719792221978588,"CLB_Ma","No change","No change"
"new_regions_all18_samples","new","all18","SE_232","3",194552997,194599901,0.328774630570992,0.319767868618738,0.342952836525173,-0.0399507831170445,0.0607303362709991,"CLB_Ma","No change","No change"
"new_regions_all18_samples","new","all18","SE_233","3",196742854,196810951,0.174365735149887,0.171050642732754,0.193071391203023,-0.027533604402394,0.146220574609258,"CLB_Ma","No change","No change"
"new_regions_all18_samples","new","all18","SE_234","4",24526247,24572351,0.0550511609828755,0.0564023275626332,0.0650750575989189,0.034364981055187,0.2373615217344,"CLB_Ma","No change","No change"
"new_regions_all18_samples","new","all18","SE_235","4",41119997,41209951,0.164049178894309,0.160333081866552,0.160941109562295,-0.0328536632132508,-0.0274266937921571,"CLB_Ma","No change","No change"
"new_regions_all18_samples","new","all18","SE_236","4",69746947,69803551,0.104227441538526,0.0895846932593595,0.102083671899689,-0.216171790658045,-0.0296951513300563,"CLB_Ma","No change","No change"
"new_regions_all18_samples","new","all18","SE_237","4",76579197,76609551,0.182845837757797,0.1889471250585,0.168690555818507,0.0471013617702624,-0.115590241044918,"CLB_Ma","No change","No change"
"new_regions_all18_samples","new","all18","SE_238","4",76943147,77072971,0.184040894986799,0.193698649167241,0.187730791077991,0.0733987255916307,0.0284856661740102,"CLB_Ma","No change","No change"
"new_regions_all18_samples","new","all18","SE_239","4",79996847,80070322,0.155831070491108,0.180235742773081,0.175606310020378,0.20865610105057,0.171325483985359,"CLB_Ma","No change","No change"
"new_regions_all18_samples","new","all18","SE_240","4",88010644,88041951,0.145250067330641,0.173141118628581,0.182421469436178,0.251819607024721,0.326725227018463,"CLB_Ma","No change","No change"
"new_regions_all18_samples","new","all18","SE_241","4",88586847,88641951,0.25948309591028,0.275507028358104,0.231759557241624,0.0861264002535063,-0.162349344739198,"CLB_Ma","No change","No change"
"new_regions_all18_samples","new","all18","SE_242","4",94507447,94596301,0.0968176534675234,0.089652954687474,0.096227030565794,-0.109740813440115,-0.00873739615152456,"CLB_Ma","No change","No change"
"new_regions_all18_samples","new","all18","SE_243","4",102787947,102822859,0.102057744453895,0.131191992371148,0.0919283865554834,0.359181864375683,-0.149261658015371,"CLB_Ma","No change","No change"
"new_regions_all18_samples","new","all18","SE_244","4",112883597,112910451,0.0978610099795376,0.093307734872063,0.1142207035282,-0.0680255435500419,0.220926421470937,"CLB_Ma","No change","No change"
"new_regions_all18_samples","new","all18","SE_245","4",113435197,113476701,0.234314705417362,0.224807205143333,0.306158241082092,-0.0594999601650053,0.38439061037366,"CLB_Ma","No change","No change"
"new_regions_all18_samples","new","all18","SE_246","4",113897397,113976721,0.093399352639225,0.0850109760042651,0.086913885469472,-0.134256189790908,-0.102685917706236,"CLB_Ma","No change","No change"
"new_regions_all18_samples","new","all18","SE_247","4",114224047,114284551,0.13352412339819,0.104263202349421,0.125789423305222,-0.353863715043441,-0.0854305039909625,"CLB_Ma","No change","No change"
"new_regions_all18_samples","new","all18","SE_248","4",114316247,114367701,0.0823642896905521,0.0697605703401132,0.0944280642573816,-0.23648384013321,0.194984091530667,"CLB_Ma","No change","No change"
"new_regions_all18_samples","new","all18","SE_249","4",122757697,122799301,0.203831444491909,0.169190189120524,0.180964453813323,-0.267289333198294,-0.170780554223182,"CLB_Ma","No change","No change"
"new_regions_all18_samples","new","all18","SE_250","4",122829705,122915251,0.0913428452044554,0.0855315022116538,0.0961140646646105,-0.0937747359225555,0.0726800664679311,"CLB_Ma","No change","No change"
"new_regions_all18_samples","new","all18","SE_251","4",137509247,137529497,0.152690108982402,0.132233607988452,0.132676661433521,-0.206066274557179,-0.201276712907815,"CLB_Ma","No change","No change"
"new_regions_all18_samples","new","all18","SE_252","4",159262097,159310151,0.129311731092833,0.125071518721582,0.144060673087561,-0.0477245779726258,0.154689482271252,"CLB_Ma","No change","No change"
"new_regions_all18_samples","new","all18","SE_253","4",169200697,169268097,0.136044837727101,0.155247415332419,0.15733672020032,0.189184339664835,0.208347887670196,"CLB_Ma","No change","No change"
"new_regions_all18_samples","new","all18","SE_254","4",185180697,185403601,0.160893132476131,0.166078495735995,0.172010441224651,0.0454842719404867,0.0958173198446809,"CLB_Ma","No change","No change"
"new_regions_all18_samples","new","all18","SE_255","5",9324147,9372201,0.172386695151482,0.143230769823053,0.168192932778988,-0.26561421915356,-0.0353238893628847,"CLB_Ma","No change","No change"
"new_regions_all18_samples","new","all18","SE_256","5",9426847,9508331,0.141474460959916,0.157474165198351,0.176403220007921,0.153544333887953,0.316328861550846,"CLB_Ma","No change","No change"
"new_regions_all18_samples","new","all18","SE_257","5",17220558,17262401,0.138225199255557,0.136010399733078,0.115597749039029,-0.0231349527106539,-0.255880420317868,"CLB_Ma","No change","No change"
"new_regions_all18_samples","new","all18","SE_258","5",52994197,53046301,0.133098192456712,0.139699977399116,0.150007831287076,0.0693323059079583,0.171333578931529,"CLB_Ma","No change","No change"
"new_regions_all18_samples","new","all18","SE_259","5",61350847,61505451,0.130348804596323,0.0977598958439325,0.13872922312389,-0.41140585051218,0.0892307085526995,"CLB_Ma","No change","No change"
"new_regions_all18_samples","new","all18","SE_260","5",65100547,65248151,0.100767937743236,0.0923067513745904,0.101219435488716,-0.125229729415539,0.00638642099993927,"CLB_Ma","No change","No change"
"new_regions_all18_samples","new","all18","SE_261","5",69237792,69296951,0.0847955118213797,0.0658946431863374,0.0861454357094845,-0.359011491867293,0.0225229256777896,"CLB_Ma","No change","No change"
"new_regions_all18_samples","new","all18","SE_262","5",76488247,76543601,0.0896786051501351,0.0973523633526904,0.103848715517351,0.117197520869104,0.209475083022002,"CLB_Ma","No change","No change"
"new_regions_all18_samples","new","all18","SE_263","5",95710247,95802001,0.172780321768743,0.156680546325189,0.188263544420013,-0.140260045936366,0.123131822626262,"CLB_Ma","No change","No change"
"new_regions_all18_samples","new","all18","SE_264","5",120599047,120624601,0.130107997189766,0.116259261670352,0.13071162479849,-0.161053810397124,0.00662699445584347,"CLB_Ma","No change","No change"
"new_regions_all18_samples","new","all18","SE_265","5",122140947,122184251,0.186678180876294,0.155780673099839,0.171973012569684,-0.259513210451525,-0.117713970187628,"CLB_Ma","No change","No change"
"new_regions_all18_samples","new","all18","SE_266","5",131504497,131547351,0.0836829292669291,0.0914099985862208,0.105395425910728,0.125977782480122,0.329293049099013,"CLB_Ma","No change","No change"
"new_regions_all18_samples","new","all18","SE_267","5",140280247,140343602,0.203761441297708,0.193573053392693,0.231465731109153,-0.0736321427366767,0.18307399080335,"CLB_Ma","No change","No change"
"new_regions_all18_samples","new","all18","SE_268","5",147471147,147507055,0.215597417584029,0.191933599013623,0.233810799152353,-0.166911634474503,0.11648271847464,"CLB_Ma","No change","No change"
"new_regions_all18_samples","new","all18","SE_269","5",150008297,150066101,0.148027037197585,0.146704042867116,0.165727043926818,-0.012864779832464,0.161914040300661,"CLB_Ma","No change","No change"
"new_regions_all18_samples","new","all18","SE_270","5",151658897,151703801,0.292819716395987,0.297761391170876,0.327727033826631,0.0240625118553337,0.161958896185912,"CLB_Ma","No change","No change"
"new_regions_all18_samples","new","all18","SE_271","5",154193732,154320951,0.138377252347318,0.132156703989517,0.144203510684366,-0.0658700540951458,0.0590812154916307,"CLB_Ma","No change","No change"
"new_regions_all18_samples","new","all18","SE_272","5",154342197,154376051,0.113857130116523,0.114980849147958,0.124979507947867,0.0140461867263461,0.133348662138414,"CLB_Ma","No change","No change"
"new_regions_all18_samples","new","all18","SE_273","5",157495447,157572822,0.166859404026118,0.165953380218459,0.169365005490681,-0.00780806054206455,0.0213756596798889,"CLB_Ma","No change","No change"
"new_regions_all18_samples","new","all18","SE_274","5",169548297,169606201,0.148319024992516,0.14196797288831,0.150296923496992,-0.062705996984907,0.0189846583650744,"CLB_Ma","No change","No change"
"new_regions_all18_samples","new","all18","SE_275","6",11160047,11236601,0.180014669656107,0.172787643319444,0.193220859981262,-0.0587811128295594,0.101591539571578,"CLB_Ma","No change","No change"
"new_regions_all18_samples","new","all18","SE_276","6",16657547,16771001,0.197850394419353,0.19056788735212,0.219992836788848,-0.0538276822823607,0.152316183459597,"CLB_Ma","No change","No change"
"new_regions_all18_samples","new","all18","SE_277","6",30724546,30794251,0.374845471575926,0.377239950182886,0.399915242292802,0.00916212917664963,0.0931576465432168,"CLB_Ma","No change","No change"
"new_regions_all18_samples","new","all18","SE_278","6",34629397,34684901,0.104202132006334,0.113039242219658,0.124532974837582,0.116366415534769,0.254902436894621,"CLB_Ma","No change","No change"
"new_regions_all18_samples","new","all18","SE_279","6",37101147,37145951,0.319202165497475,0.314305764385968,0.3011664563141,-0.0222315192421517,-0.0836395497801925,"CLB_Ma","No change","No change"
"new_regions_all18_samples","new","all18","SE_280","6",42182047,42231451,0.151119573972654,0.149296328657918,0.1663354909688,-0.0173960352052196,0.137537662122041,"CLB_Ma","No change","No change"
"new_regions_all18_samples","new","all18","SE_281","6",44654997,44669401,0.347181890681027,0.339175106347094,0.358839261747573,-0.033563598827949,0.0475114375719034,"CLB_Ma","No change","No change"
"new_regions_all18_samples","new","all18","SE_282","6",56638797,56774401,0.11549324128291,0.111913443321615,0.123351004463589,-0.0450289932212349,0.0941719063085752,"CLB_Ma","No change","No change"
"new_regions_all18_samples","new","all18","SE_283","6",56795347,56840664,0.130550329919322,0.0966291482556893,0.135481602576511,-0.430231017008726,0.0530916254044087,"CLB_Ma","No change","No change"
"new_regions_all18_samples","new","all18","SE_284","6",104995247,105073801,0.0799025927464805,0.0751280716572264,0.087263663193654,-0.0877574036886629,0.12563368598012,"CLB_Ma","No change","No change"
"new_regions_all18_samples","new","all18","SE_285","6",113344347,113414701,0.128511000058815,0.115363281221306,0.123493956367104,-0.154438755530364,-0.0569989313798843,"CLB_Ma","No change","No change"
"new_regions_all18_samples","new","all18","SE_286","6",129625997,129718001,0.13818700348167,0.142667024674368,0.164744863435514,0.0457044571558893,0.251939654237437,"CLB_Ma","No change","No change"
"new_regions_all18_samples","new","all18","SE_287","6",140041947,140079801,0.239203640524085,0.214284914705675,0.232998198865084,-0.158010785154986,-0.0377605915669189,"CLB_Ma","No change","No change"
"new_regions_all18_samples","new","all18","SE_288","6",142353347,142419951,0.12628852231646,0.119118070382587,0.130171738097802,-0.0836491321624516,0.0433545779148543,"CLB_Ma","No change","No change"
"new_regions_all18_samples","new","all18","SE_289","6",150853797,150900301,0.265501911229362,0.273725934743116,0.28176129151622,0.0438472311154106,0.0854387571872212,"CLB_Ma","No change","No change"
"new_regions_all18_samples","new","all18","SE_290","6",151242996,151296801,0.11490734040915,0.101707477515083,0.101282342074382,-0.174430715632763,-0.180414833991461,"CLB_Ma","No change","No change"
"new_regions_all18_samples","new","all18","SE_291","6",152704947,152760451,0.13377966957736,0.127037919151123,0.15873666501135,-0.0740317582868718,0.245092604407745,"CLB_Ma","No change","No change"
"new_regions_all18_samples","new","all18","SE_292","6",157984853,158087051,0.239135376726333,0.227041341783216,0.251317333627197,-0.0745525616044374,0.0713913626336568,"CLB_Ma","No change","No change"
"new_regions_all18_samples","new","all18","SE_293","7",6226047,6284751,0.161172250031315,0.174636543712084,0.162011016346221,0.115066074462625,0.00744249050748043,"CLB_Ma","No change","No change"
"new_regions_all18_samples","new","all18","SE_294","7",23426597,23479601,0.246655539011236,0.270850379147318,0.279456652800225,0.134477951907091,0.179442917702837,"CLB_Ma","No change","No change"
"new_regions_all18_samples","new","all18","SE_295","7",80824647,80911651,0.098097057355101,0.100163758463061,0.113837179094878,0.0297784195563491,0.21267567422516,"CLB_Ma","No change","No change"
"new_regions_all18_samples","new","all18","SE_296","7",101092897,101141301,0.680393559217658,0.530563052299555,0.62697193763374,-0.358247480862981,-0.117788220194279,"CLB_Ma","No change","No change"
"new_regions_all18_samples","new","all18","SE_297","7",102834447,102897801,0.157174258976903,0.145191910408272,0.166004781143528,-0.113651355701397,0.0783745688379593,"CLB_Ma","No change","No change"
"new_regions_all18_samples","new","all18","SE_298","7",130352297,130375251,0.480857816405356,0.440322994746463,0.464157485078148,-0.126772588179912,-0.0508882658335654,"CLB_Ma","No change","No change"
"new_regions_all18_samples","new","all18","SE_299","7",130838297,131040951,0.186866224707174,0.183072472575623,0.204751133970159,-0.0294318243713383,0.13119466493364,"CLB_Ma","No change","No change"
"new_regions_all18_samples","new","all18","SE_300","7",134689347,134969601,0.138073042656057,0.134657945304914,0.145400131614443,-0.0358692541152519,0.0740740496787094,"CLB_Ma","No change","No change"
"new_regions_all18_samples","new","all18","SE_301","8",13075347,13130299,0.1217017356383,0.109865956137219,0.112311481099097,-0.14633923449078,-0.114861609065909,"CLB_Ma","No change","No change"
"new_regions_all18_samples","new","all18","SE_302","8",25178147,25216001,0.283589216779586,0.222198143617157,0.239721119022706,-0.350555970461882,-0.241518280149913,"CLB_Ma","No change","No change"
"new_regions_all18_samples","new","all18","SE_303","8",32672597,32785351,0.0921230001160415,0.0888335292655971,0.101441293839697,-0.0518835241216248,0.137587936502876,"CLB_Ma","No change","No change"
"new_regions_all18_samples","new","all18","SE_304","8",38891897,38939851,0.273704432515494,0.291137096973843,0.373480123506797,0.0887653808324081,0.447008956652337,"CLB_Ma","No change","No change"
"new_regions_all18_samples","new","all18","SE_305","8",38999983,39046151,0.206033882608274,0.183015121947339,0.201287237996517,-0.170042566060624,-0.0334615893714684,"CLB_Ma","No change","No change"
"new_regions_all18_samples","new","all18","SE_306","8",40148697,40220751,0.225969215316748,0.186553217729817,0.212767132472949,-0.275196618061236,-0.0864565825205699,"CLB_Ma","No change","No change"
"new_regions_all18_samples","new","all18","SE_307","8",53942447,53966801,0.188882871982362,0.148784257594457,0.19176148011086,-0.342223772093118,0.0217070080685224,"CLB_Ma","No change","No change"
"new_regions_all18_samples","new","all18","SE_308","8",58800197,58896151,0.129761873344213,0.130602242256204,0.145588670183115,0.00924211914679505,0.164831651129431,"CLB_Ma","No change","No change"
"new_regions_all18_samples","new","all18","SE_309","8",66505597,66563401,0.277412996235629,0.228118830692275,0.268878277868965,-0.281130522391853,-0.0449176963926675,"CLB_Ma","No change","No change"
"new_regions_all18_samples","new","all18","SE_310","8",73542447,73633701,0.0988911415896844,0.0954856897727218,0.105532735217085,-0.0500417589248919,0.0928681580318282,"CLB_Ma","No change","No change"
"new_regions_all18_samples","new","all18","SE_311","8",88101447,88148651,0.118883580096594,0.113191733656738,0.11928030242004,-0.0701758552284174,0.00476632741976435,"CLB_Ma","No change","No change"
"new_regions_all18_samples","new","all18","SE_312","8",97879097,97953601,0.117985710788877,0.104111290404836,0.115619617009274,-0.178870685052274,-0.0289778381320178,"CLB_Ma","No change","No change"
"new_regions_all18_samples","new","all18","SE_313","8",100898947,100947570,0.161841850272017,0.148874014238173,0.167375268736029,-0.119721254465944,0.0482087291665439,"CLB_Ma","No change","No change"
"new_regions_all18_samples","new","all18","SE_314","8",101125247,101202731,0.214970459251382,0.222523093562118,0.2333286985104,0.0495899009235709,0.117699661584289,"CLB_Ma","No change","No change"
"new_regions_all18_samples","new","all18","SE_315","8",117825897,118120901,0.134197306189362,0.133152843296117,0.145623481347968,-0.0111887741072217,0.117049759462161,"CLB_Ma","No change","No change"
"new_regions_all18_samples","new","all18","SE_316","8",140763497,140845851,0.0948292688254939,0.095557874771976,0.104670664503336,0.0109275619112582,0.141036656048675,"CLB_Ma","No change","No change"
"new_regions_all18_samples","new","all18","SE_317","9",2800697,2841129,0.24292067294114,0.15305519714724,0.238597552393913,-0.662964682241863,-0.025798865281401,"CLB_Ma","Decreased","No change"
"new_regions_all18_samples","new","all18","SE_318","9",12778010,12835101,0.157600066888761,0.13226090562282,0.159341997148863,-0.251139776381776,0.0157589695376597,"CLB_Ma","No change","No change"
"new_regions_all18_samples","new","all18","SE_319","9",16499797,16547801,0.167616278882479,0.161315669610046,0.173150012722671,-0.0549415451648894,0.0465867518325507,"CLB_Ma","No change","No change"
"new_regions_all18_samples","new","all18","SE_320","9",16670397,16728801,0.188434138337799,0.181995298513726,0.201521845540134,-0.0498897619522905,0.0963811909600693,"CLB_Ma","No change","No change"
"new_regions_all18_samples","new","all18","SE_321","9",33271497,33355551,0.168209199339041,0.166726073154123,0.192534508030011,-0.0127010306513537,0.193782822897035,"CLB_Ma","No change","No change"
"new_regions_all18_samples","new","all18","SE_322","9",35507297,35534101,0.302061618510361,0.19506479101131,0.258665321561295,-0.628280670366498,-0.222957798174822,"CLB_Ma","Decreased","No change"
"new_regions_all18_samples","new","all18","SE_323","9",36089347,36114801,0.262806021525181,0.256106638620825,0.279031557204764,-0.0371106335614785,0.0861119206319267,"CLB_Ma","No change","No change"
"new_regions_all18_samples","new","all18","SE_324","9",37921497,37979401,0.224334835077062,0.201823571495726,0.217461802553115,-0.151845033248097,-0.0446893101518823,"CLB_Ma","No change","No change"
"new_regions_all18_samples","new","all18","SE_325","9",37992697,38066212,0.24981190039997,0.239113010887174,0.24779637715478,-0.0628922217479481,-0.0116403242139425,"CLB_Ma","No change","No change"
"new_regions_all18_samples","new","all18","SE_326","9",94767247,94813751,0.172002851351588,0.166002112381696,0.190996420272815,-0.0509294646565206,0.150283596615597,"CLB_Ma","No change","No change"
"new_regions_all18_samples","new","all18","SE_327","9",106859997,106898751,0.29185059249986,0.252904247362451,0.253196981145163,-0.205880284446831,-0.204217916400263,"CLB_Ma","No change","No change"
"new_regions_all18_samples","new","all18","SE_328","9",110007397,110193301,0.131694753439852,0.13365487617027,0.144651759029819,0.0211551444275338,0.134411795203386,"CLB_Ma","No change","No change"
"new_regions_all18_samples","new","all18","SE_329","9",112010897,112082301,0.323789734557075,0.253277632366125,0.29316791969859,-0.353101474446929,-0.142866111857312,"CLB_Ma","No change","No change"
"new_regions_all18_samples","new","all18","SE_330","9",115664947,115693701,0.29477972758037,0.293262575036919,0.31065820417192,-0.00741910627308447,0.0754415160472414,"CLB_Ma","No change","No change"
"new_regions_all18_samples","new","all18","SE_331","9",122988147,123104301,0.114820960884381,0.108478931210947,0.120862120776108,-0.0812431154467496,0.0733533820143615,"CLB_Ma","No change","No change"
"new_regions_all18_samples","new","all18","SE_332","9",124251597,124307001,0.176195304176232,0.159611485186816,0.198037539316666,-0.141765309369783,0.167700183007118,"CLB_Ma","No change","No change"
"new_regions_all18_samples","new","all18","SE_333","9",125509297,125559351,0.164450477406078,0.135666395689875,0.153151794411184,-0.27574090604886,-0.102047771239843,"CLB_Ma","No change","No change"
"new_regions_all18_samples","new","all18","SE_334","9",125784147,125856501,0.0904114181158212,0.0784604937428705,0.0863794480250618,-0.202136624330696,-0.065080389920789,"CLB_Ma","No change","No change"
"new_regions_all18_samples","new","all18","SE_335","9",129931747,129999401,0.133233941558639,0.128869157931503,0.139562656985572,-0.0476906565357406,0.0664638587089766,"CLB_Ma","No change","No change"
"new_regions_all18_samples","new","all18","SE_336","9",130823247,130870501,0.26569859017589,0.248758886377117,0.261339669202194,-0.0946741887575962,-0.0237742199939959,"CLB_Ma","No change","No change"
"new_regions_all18_samples","new","all18","SE_337","X",136155497,136215901,0.100519854912528,0.102887199074052,0.114187142590921,0.033255984610225,0.182217776928193,"CLB_Ma","No change","No change"
"new_regions_all18_samples","new","all18","SE_1","1",8361497,8420686,0.147604272122388,0.121967050468184,0.159367851679148,-0.273203800303473,0.109909367777831,"SK_N_SH","No change","No change"
"new_regions_all18_samples","new","all18","SE_2","1",8646697,8719401,0.179207533327161,0.148045666520327,0.170605103944869,-0.273904892482711,-0.0705668596214318,"SK_N_SH","No change","No change"
"new_regions_all18_samples","new","all18","SE_3","1",33317147,33469629,0.18211601096469,0.170761746538652,0.196962866192117,-0.0923491741403121,0.11247189503727,"SK_N_SH","No change","No change"
"new_regions_all18_samples","new","all18","SE_4","1",36231047,36302301,0.0940373045113546,0.0820440303029036,0.0859471922402134,-0.194617455940873,-0.128354478622891,"SK_N_SH","No change","No change"
"new_regions_all18_samples","new","all18","SE_5","1",39102247,39486501,0.131467581830259,0.114139086234392,0.132803190201313,-0.202261670971373,0.0144731749498268,"SK_N_SH","No change","No change"
"new_regions_all18_samples","new","all18","SE_6","1",51619871,51674051,0.165634645034198,0.147559274519491,0.195757111158181,-0.165649707746382,0.239727395452586,"SK_N_SH","No change","No change"
"new_regions_all18_samples","new","all18","SE_7","1",51733147,51811451,0.08186548345967,0.0743304284232237,0.071235988904235,-0.137538556644323,-0.198053505413818,"SK_N_SH","No change","No change"
"new_regions_all18_samples","new","all18","SE_8","1",59115547,59166001,0.196863396533198,0.144984727337732,0.160240550361481,-0.438687302871492,-0.295290135031656,"SK_N_SH","No change","No change"
"new_regions_all18_samples","new","all18","SE_9","1",67673147,67772501,0.188804116025712,0.163439552852672,0.188111976740759,-0.206953924464051,-0.0052705442901214,"SK_N_SH","No change","No change"
"new_regions_all18_samples","new","all18","SE_10","1",85269397,85527851,0.136910407040668,0.126484859591218,0.125802301177397,-0.113405410767404,-0.121150402694876,"SK_N_SH","No change","No change"
"new_regions_all18_samples","new","all18","SE_11","1",85540597,85586901,0.365847516352776,0.318971890719541,0.32859801602427,-0.197235346747507,-0.154472959377819,"SK_N_SH","No change","No change"
"new_regions_all18_samples","new","all18","SE_12","1",86739147,86795951,0.192403025322649,0.167572054807301,0.206733183953596,-0.198244970507267,0.103121332778607,"SK_N_SH","No change","No change"
"new_regions_all18_samples","new","all18","SE_13","1",89527835,89577701,0.129751090692974,0.133091923052139,0.106661344548837,0.0363993588504973,-0.280322633175137,"SK_N_SH","No change","No change"
"new_regions_all18_samples","new","all18","SE_14","1",97091247,97148351,0.107244709030442,0.0909702668095398,0.110099501905737,-0.235057077314264,0.0375558405166982,"SK_N_SH","No change","No change"
"new_regions_all18_samples","new","all18","SE_15","1",115296347,115335235,0.141400901685227,0.111474722413186,0.143735341198226,-0.34035747514549,0.0234589578898693,"SK_N_SH","No change","No change"
"new_regions_all18_samples","new","all18","SE_16","1",150560047,150583051,1.01430178114401,0.764883477053375,1.04227731097333,-0.406711788023119,0.0392140803933572,"SK_N_SH","No change","No change"
"new_regions_all18_samples","new","all18","SE_17","1",155452497,155476151,0.147310505376748,0.153488491624121,0.149465777279163,0.0588785780566279,0.0208145974238583,"SK_N_SH","No change","No change"
"new_regions_all18_samples","new","all18","SE_18","1",157996270,158050251,0.220681376469096,0.178124964543824,0.209277790108597,-0.307521155056036,-0.0761910957183851,"SK_N_SH","No change","No change"
"new_regions_all18_samples","new","all18","SE_19","1",162625447,162723901,0.164627726105276,0.146514217174146,0.170910525592702,-0.167090194695457,0.0537136792237665,"SK_N_SH","No change","No change"
"new_regions_all18_samples","new","all18","SE_20","1",162956397,162998851,0.123365580144101,0.109176216118958,0.112295120185387,-0.174774434261331,-0.13450153219881,"SK_N_SH","No change","No change"
"new_regions_all18_samples","new","all18","SE_21","1",163031997,163057701,0.400900446191025,0.362591198599152,0.410169058464803,-0.144520902242323,0.0328935230012678,"SK_N_SH","No change","No change"
"new_regions_all18_samples","new","all18","SE_22","1",164703497,164782451,0.162419519808935,0.151742933239212,0.172625586336866,-0.0974746836639769,0.0873992482865829,"SK_N_SH","No change","No change"
"new_regions_all18_samples","new","all18","SE_23","1",172341847,172363501,0.21166661719387,0.190889320956286,0.224570160784281,-0.148319162895393,0.0849826479209295,"SK_N_SH","No change","No change"
"new_regions_all18_samples","new","all18","SE_24","1",172883997,172970651,0.109109902979451,0.0901821032688946,0.112919020298526,-0.272121633838406,0.0490644175893092,"SK_N_SH","No change","No change"
"new_regions_all18_samples","new","all18","SE_25","1",178096991,178139351,0.118679899143562,0.0988855897840754,0.143932011390648,-0.260832400007536,0.276195416152105,"SK_N_SH","No change","No change"
"new_regions_all18_samples","new","all18","SE_26","1",181072497,181117901,0.295056810456588,0.289933144564968,0.282795538879209,-0.0251863768660701,-0.0610221305837445,"SK_N_SH","No change","No change"
"new_regions_all18_samples","new","all18","SE_27","1",183019797,183165151,0.0826989247787721,0.0734489941301596,0.0812978714350962,-0.168956732715801,-0.0243539725647291,"SK_N_SH","No change","No change"
"new_regions_all18_samples","new","all18","SE_28","1",198087697,198127351,0.109869341009641,0.0984436093892879,0.0924962539543553,-0.156909902117396,-0.245880000528731,"SK_N_SH","No change","No change"
"new_regions_all18_samples","new","all18","SE_29","1",198153497,198299701,0.119423748348357,0.104340720225798,0.103930822978926,-0.193056700524586,-0.198681403376771,"SK_N_SH","No change","No change"
"new_regions_all18_samples","new","all18","SE_30","1",202551447,202591201,0.147305091190243,0.114930730451776,0.134478226322496,-0.355305084323453,-0.130507120820216,"SK_N_SH","No change","No change"
"new_regions_all18_samples","new","all18","SE_31","1",203504597,203560001,0.266832387771871,0.192291492473842,0.222490380444242,-0.470552289656577,-0.261117694134815,"SK_N_SH","No change","No change"
"new_regions_all18_samples","new","all18","SE_32","1",203629784,203701601,0.172335426443141,0.166341636838493,0.205414069505912,-0.0507700920117342,0.251974766579815,"SK_N_SH","No change","No change"
"new_regions_all18_samples","new","all18","SE_33","1",204403397,204440351,0.32204927993422,0.250563965064278,0.274333530824605,-0.360828979185837,-0.230573943586615,"SK_N_SH","No change","No change"
"new_regions_all18_samples","new","all18","SE_34","1",218335647,218391051,0.153402395134454,0.127434055024241,0.16178795230914,-0.265667340254197,0.0762987995897895,"SK_N_SH","No change","No change"
"new_regions_all18_samples","new","all18","SE_35","1",218449847,218501551,0.148394421816113,0.115748085308179,0.134724215630918,-0.355727391224981,-0.138448134511918,"SK_N_SH","No change","No change"
"new_regions_all18_samples","new","all18","SE_36","1",219293047,219342601,0.137208975984285,0.0914864681048351,0.0947161026048236,-0.579537112272037,-0.53001775549999,"SK_N_SH","No change","No change"
"new_regions_all18_samples","new","all18","SE_37","1",223698247,223795801,0.207629362675536,0.176510181978119,0.198904203807803,-0.233040438355349,-0.0616334072890459,"SK_N_SH","No change","No change"
"new_regions_all18_samples","new","all18","SE_38","1",234956997,235022701,0.245590686384362,0.199460220003381,0.251131024679487,-0.298802338995414,0.0320553416491635,"SK_N_SH","No change","No change"
"new_regions_all18_samples","new","all18","SE_39","1",235900697,235929701,0.376731444965872,0.301809079607439,0.310995670727026,-0.318952424046517,-0.275834878351691,"SK_N_SH","No change","No change"
"new_regions_all18_samples","new","all18","SE_40","1",243202847,243295901,0.190039858902562,0.161406505321644,0.222206487441789,-0.234264254198988,0.224505283177902,"SK_N_SH","No change","No change"
"new_regions_all18_samples","new","all18","SE_41","1",243697547,243750051,0.0786566310880757,0.0808827336891317,0.092783148133469,0.0397648029403522,0.23553424337879,"SK_N_SH","No change","No change"
"new_regions_all18_samples","new","all18","SE_42","10",4762497,4781751,0.121177142476833,0.11632314770392,0.133711723898353,-0.0584867203538099,0.140901009686748,"SK_N_SH","No change","No change"
"new_regions_all18_samples","new","all18","SE_43","10",17648397,17689351,0.127817743104927,0.111925390235587,0.139165181264843,-0.189961421846234,0.12179668972326,"SK_N_SH","No change","No change"
"new_regions_all18_samples","new","all18","SE_44","10",31999447,32053442,0.082050110343192,0.075920681232557,0.0672054834686886,-0.110610545329338,-0.284094353743209,"SK_N_SH","No change","No change"
"new_regions_all18_samples","new","all18","SE_45","10",33192197,33328451,0.138665115942554,0.12272622653213,0.137311494146446,-0.174820380709958,-0.014050670578844,"SK_N_SH","No change","No change"
"new_regions_all18_samples","new","all18","SE_46","10",62220397,62279801,0.11398563799431,0.10743885768151,0.118115578061939,-0.0845718553485411,0.0509084266782859,"SK_N_SH","No change","No change"
"new_regions_all18_samples","new","all18","SE_47","10",73993047,74146251,0.120094396495013,0.11025404775137,0.119247098957326,-0.122274280963091,-0.0101300190898395,"SK_N_SH","No change","No change"
"new_regions_all18_samples","new","all18","SE_48","10",77149647,77204701,0.173421650738836,0.137274659777058,0.151773370770895,-0.335042338813984,-0.191186035442159,"SK_N_SH","No change","No change"
"new_regions_all18_samples","new","all18","SE_49","10",77385247,77437951,0.164985612590309,0.146049855748574,0.158004791493735,-0.174752827139609,-0.0619879553950685,"SK_N_SH","No change","No change"
"new_regions_all18_samples","new","all18","SE_50","10",77476897,77545051,0.203243318345538,0.16055572679117,0.189372724700344,-0.338256990705148,-0.101462088554247,"SK_N_SH","No change","No change"
"new_regions_all18_samples","new","all18","SE_51","10",90910747,90944298,0.237500007011667,0.142987758481771,0.158887107669696,-0.728043146479528,-0.576935695347681,"SK_N_SH","Decreased","No change"
"new_regions_all18_samples","new","all18","SE_52","10",93432197,93479316,0.315093267896949,0.24160047928211,0.295495936037354,-0.38176790863193,-0.0923379788778405,"SK_N_SH","No change","No change"
"new_regions_all18_samples","new","all18","SE_53","10",99941997,100006952,0.142848497906072,0.133719187579773,0.155612934220304,-0.0945948128424948,0.122653209407394,"SK_N_SH","No change","No change"
"new_regions_all18_samples","new","all18","SE_54","10",112953247,113100451,0.150071008660778,0.129480529745862,0.139208394721655,-0.211392281665894,-0.107654095459653,"SK_N_SH","No change","No change"
"new_regions_all18_samples","new","all18","SE_55","10",114603997,114719451,0.184271866440414,0.157488812779095,0.1780560411621,-0.225262815839992,-0.0492326300574222,"SK_N_SH","No change","No change"
"new_regions_all18_samples","new","all18","SE_56","10",126194647,126282651,0.1415808968873,0.11631609563762,0.137265010356826,-0.281379738093545,-0.0443445900494964,"SK_N_SH","No change","No change"
"new_regions_all18_samples","new","all18","SE_57","11",8688436,8790051,0.163191190370498,0.133062683263679,0.150598705036434,-0.292469007041247,-0.115119291828888,"SK_N_SH","No change","No change"
"new_regions_all18_samples","new","all18","SE_58","11",9750847,9817401,0.187783497675054,0.156123342891185,0.180761444946476,-0.26483512916029,-0.054686449460502,"SK_N_SH","No change","No change"
"new_regions_all18_samples","new","all18","SE_59","11",12113573,12239701,0.183212415792758,0.137293394069156,0.154832017279025,-0.413638057193353,-0.24137862109935,"SK_N_SH","No change","No change"
"new_regions_all18_samples","new","all18","SE_60","11",13207347,13236401,0.257862473766817,0.177219904978996,0.189624115652729,-0.538527361589196,-0.441455194203009,"SK_N_SH","No change","No change"
"new_regions_all18_samples","new","all18","SE_61","11",14442997,14507351,0.1048929001875,0.114924917428413,0.104999242786911,0.130584835057167,0.00144809478570069,"SK_N_SH","No change","No change"
"new_regions_all18_samples","new","all18","SE_62","11",33043012,33086001,0.139789053249234,0.127288079404043,0.151538081827723,-0.134148044006504,0.115634298360211,"SK_N_SH","No change","No change"
"new_regions_all18_samples","new","all18","SE_63","11",33668347,33733101,0.172106233616045,0.144847720366993,0.167159280343934,-0.247194840832184,-0.0418292773387849,"SK_N_SH","No change","No change"
"new_regions_all18_samples","new","all18","SE_64","11",35141867,35186351,0.10998245951623,0.0892177770878013,0.102631349726139,-0.298848035999203,-0.0988711788591365,"SK_N_SH","No change","No change"
"new_regions_all18_samples","new","all18","SE_65","11",65470447,65508051,0.73883852378742,0.577897861432981,0.718911791886884,-0.35390159735349,-0.0393902749915337,"SK_N_SH","No change","No change"
"new_regions_all18_samples","new","all18","SE_66","11",66073350,66143451,0.181902203869664,0.151526923245386,0.179756994143392,-0.262008536814873,-0.0170209875052205,"SK_N_SH","No change","No change"
"new_regions_all18_samples","new","all18","SE_67","11",74120547,74164051,0.152424731354209,0.110207665843224,0.14922692591122,-0.464274816992273,-0.0303876399669585,"SK_N_SH","No change","No change"
"new_regions_all18_samples","new","all18","SE_68","11",85947547,86047801,0.0760802290625435,0.0647018938247529,0.0750469808153565,-0.230425902835803,-0.0194698871307786,"SK_N_SH","No change","No change"
"new_regions_all18_samples","new","all18","SE_69","11",86578797,86637051,0.0975971146353736,0.0860928403023041,0.0882754265067922,-0.178991304789715,-0.143282306722777,"SK_N_SH","No change","No change"
"new_regions_all18_samples","new","all18","SE_70","11",86717797,86786451,0.158334565315216,0.119662873869571,0.131213057659654,-0.40107742345457,-0.269194604812713,"SK_N_SH","No change","No change"
"new_regions_all18_samples","new","all18","SE_71","11",86803237,86821251,0.170625392513496,0.132651434836302,0.15336497670846,-0.360787693925108,-0.152917557814178,"SK_N_SH","No change","No change"
"new_regions_all18_samples","new","all18","SE_72","11",95983997,96338436,0.150248012350659,0.132547575195618,0.145231631689448,-0.179562401708367,-0.048660765489544,"SK_N_SH","No change","No change"
"new_regions_all18_samples","new","all18","SE_73","11",108869497,108930201,0.065609923875547,0.0711018654094035,0.0696175360756558,0.114299452009392,0.0842893515973424,"SK_N_SH","No change","No change"
"new_regions_all18_samples","new","all18","SE_74","11",111517782,111567101,0.266801181020564,0.226464706854708,0.263483662076929,-0.235519607174822,-0.0179837174210283,"SK_N_SH","No change","No change"
"new_regions_all18_samples","new","all18","SE_75","11",111718147,111751501,0.217117823768741,0.20255909741703,0.226894030136989,-0.0996599668935616,0.0632554661571399,"SK_N_SH","No change","No change"
"new_regions_all18_samples","new","all18","SE_76","11",118906947,118930051,0.91197558318295,0.682158415156246,0.73382018946321,-0.41835611828515,-0.313185011389436,"SK_N_SH","No change","No change"
"new_regions_all18_samples","new","all18","SE_77","11",120328847,120348451,0.272713866692187,0.254383724216164,0.263189007629743,-0.100001941314081,-0.0510980851068823,"SK_N_SH","No change","No change"
"new_regions_all18_samples","new","all18","SE_78","11",122155306,122200061,0.116092594242293,0.10943234582094,0.112681047756588,-0.0844870307296554,-0.0426580760152309,"SK_N_SH","No change","No change"
"new_regions_all18_samples","new","all18","SE_79","12",27541147,27624851,0.0835762043457059,0.0728144959915184,0.0843209217771081,-0.196347649370788,0.0126477363191782,"SK_N_SH","No change","No change"
"new_regions_all18_samples","new","all18","SE_80","12",29277047,29288851,0.201518296870917,0.171844679099345,0.224874466760695,-0.22857606475883,0.157468938511445,"SK_N_SH","No change","No change"
"new_regions_all18_samples","new","all18","SE_81","12",31482597,31533801,0.116863391665896,0.0925922886543221,0.114702088205934,-0.332654115342732,-0.0267007846231006,"SK_N_SH","No change","No change"
"new_regions_all18_samples","new","all18","SE_82","12",45212947,45314301,0.201347438407929,0.154043516221214,0.171238130789332,-0.38416139048763,-0.232430017620284,"SK_N_SH","No change","No change"
"new_regions_all18_samples","new","all18","SE_83","12",49186097,49246251,0.218459596900782,0.21343282797476,0.273398565601142,-0.0334295722519507,0.322317579757248,"SK_N_SH","No change","No change"
"new_regions_all18_samples","new","all18","SE_84","12",49480847,49519451,0.171393936211243,0.124791528843435,0.141446076795295,-0.454674259594149,-0.275293141967579,"SK_N_SH","No change","No change"
"new_regions_all18_samples","new","all18","SE_85","12",50150597,50219704,0.155175333180319,0.152575895990645,0.178804482204088,-0.0242148074336569,0.203262377393054,"SK_N_SH","No change","No change"
"new_regions_all18_samples","new","all18","SE_86","12",54220147,54286601,0.199688200234874,0.193175649251076,0.240857986010171,-0.0475935039630774,0.26920438175687,"SK_N_SH","No change","No change"
"new_regions_all18_samples","new","all18","SE_87","12",65630447,65674151,0.0614899696528292,0.0651406541989088,0.05965242537921,0.0819126758532458,-0.0430593022530251,"SK_N_SH","No change","No change"
"new_regions_all18_samples","new","all18","SE_88","12",67651729,67693001,0.172464248473841,0.161250624027867,0.171625173504606,-0.0964143225175619,-0.006995484935326,"SK_N_SH","No change","No change"
"new_regions_all18_samples","new","all18","SE_89","12",68613836,68658601,0.0878366017131079,0.0677745828713177,0.0579367782970205,-0.369278721801003,-0.591986006642841,"SK_N_SH","No change","Decreased"
"new_regions_all18_samples","new","all18","SE_90","12",69489747,69581721,0.105793478433927,0.095910259092908,0.106762949646106,-0.140102243431271,0.0130376968089034,"SK_N_SH","No change","No change"
"new_regions_all18_samples","new","all18","SE_91","12",93395297,93439249,0.107163560049101,0.0914431774944362,0.116961988331751,-0.226575787090779,0.12510750358936,"SK_N_SH","No change","No change"
"new_regions_all18_samples","new","all18","SE_92","12",93766797,93826401,0.100274738166886,0.100190602597091,0.116690131737761,-0.00119903955742841,0.216719001024117,"SK_N_SH","No change","No change"
"new_regions_all18_samples","new","all18","SE_93","12",95198897,95263201,0.20967146719094,0.189109329161617,0.231408252895836,-0.148165601889947,0.141666367812397,"SK_N_SH","No change","No change"
"new_regions_all18_samples","new","all18","SE_94","12",96197379,96241451,0.168106890988737,0.18810552410933,0.174507607174511,0.161256057826262,0.0535981140653228,"SK_N_SH","No change","No change"
"new_regions_all18_samples","new","all18","SE_95","12",103933497,103987201,0.184004900817337,0.185787462667117,0.221967660433941,0.0138341348507856,0.269270986120557,"SK_N_SH","No change","No change"
"new_regions_all18_samples","new","all18","SE_96","12",104279847,104337401,0.125631638985728,0.116741103855669,0.136493944996074,-0.105019849470989,0.118730178187944,"SK_N_SH","No change","No change"
"new_regions_all18_samples","new","all18","SE_97","12",105307597,105385551,0.137602726008214,0.121892861052226,0.135203014941071,-0.173554521567354,-0.025196993682624,"SK_N_SH","No change","No change"
"new_regions_all18_samples","new","all18","SE_98","12",106027997,106148601,0.196883362679254,0.151594760922757,0.171822640926976,-0.374944890295685,-0.195358088253862,"SK_N_SH","No change","No change"
"new_regions_all18_samples","new","all18","SE_99","12",110265747,110341501,0.131331262497643,0.139594146885451,0.138194844042985,0.0873826041507823,0.0729518426204527,"SK_N_SH","No change","No change"
"new_regions_all18_samples","new","all18","SE_100","12",116120397,116165351,0.105919426286913,0.103098517175773,0.101258199587984,-0.0385744830235828,-0.0643074709279903,"SK_N_SH","No change","No change"
"new_regions_all18_samples","new","all18","SE_101","12",120224447,120262770,0.436097561103146,0.30739396045629,0.345311481113018,-0.503180816268715,-0.33588511089717,"SK_N_SH","No change","No change"
"new_regions_all18_samples","new","all18","SE_102","12",121921554,121965951,0.110530351410737,0.0795592076844944,0.0953027638346549,-0.469314973326346,-0.211787264362362,"SK_N_SH","No change","No change"
"new_regions_all18_samples","new","all18","SE_103","12",122071347,122131051,0.18464069261523,0.151369647825956,0.197608334333062,-0.28493743997511,0.097413179657252,"SK_N_SH","No change","No change"
"new_regions_all18_samples","new","all18","SE_104","13",32021847,32064001,0.145812368588722,0.143496956046019,0.163250943129298,-0.0229344154653815,0.161928137643308,"SK_N_SH","No change","No change"
"new_regions_all18_samples","new","all18","SE_105","13",45177147,45292701,0.0914197518401992,0.078122324930088,0.0889248674835746,-0.224116396808833,-0.0394810873177433,"SK_N_SH","No change","No change"
"new_regions_all18_samples","new","all18","SE_106","13",45479047,45523351,0.0550273039982667,0.0571206633901908,0.0593278596321244,0.0529210974288131,0.106694325416408,"SK_N_SH","No change","No change"
"new_regions_all18_samples","new","all18","SE_107","13",49061897,49143101,0.0571496259380835,0.0567557678626025,0.0613550756662124,-0.00980488070099345,0.100737088122207,"SK_N_SH","No change","No change"
"new_regions_all18_samples","new","all18","SE_108","13",99279297,99337501,0.0701443803291115,0.0675227066453153,0.0796017493025565,-0.0541676642839606,0.180061346701584,"SK_N_SH","No change","No change"
"new_regions_all18_samples","new","all18","SE_109","13",114096847,114129619,0.183574453100142,0.167065181509,0.201493753851287,-0.13518201504284,0.133674523351219,"SK_N_SH","No change","No change"
"new_regions_all18_samples","new","all18","SE_110","14",21214097,21266478,0.0915457607753802,0.0802031030515416,0.09616553539729,-0.188632047541241,0.0702777744467509,"SK_N_SH","No change","No change"
"new_regions_all18_samples","new","all18","SE_111","14",49970047,50024601,0.170888953204326,0.144146923368565,0.157451875030399,-0.243962838085191,-0.117432098180076,"SK_N_SH","No change","No change"
"new_regions_all18_samples","new","all18","SE_112","14",50984347,51025351,0.166549355490125,0.135872303189702,0.184760288878917,-0.29175559754516,0.148855983919675,"SK_N_SH","No change","No change"
"new_regions_all18_samples","new","all18","SE_113","14",51506647,51556701,0.172105459286871,0.148925747589301,0.220705465599392,-0.207403057523706,0.35699311252267,"SK_N_SH","No change","No change"
"new_regions_all18_samples","new","all18","SE_114","14",51635547,51730301,0.117768958885573,0.103038153936404,0.116277772343317,-0.191045121472839,-0.0182282214878192,"SK_N_SH","No change","No change"
"new_regions_all18_samples","new","all18","SE_115","14",55571297,55650451,0.118437450474826,0.114920790064394,0.131367871632707,-0.0431159421772842,0.148297718302064,"SK_N_SH","No change","No change"
"new_regions_all18_samples","new","all18","SE_116","14",64917597,64937951,0.0919267337136977,0.0879133404435584,0.0992245959735661,-0.0636938039743233,0.10907099719731,"SK_N_SH","No change","No change"
"new_regions_all18_samples","new","all18","SE_117","14",75820597,75887251,0.100672678138792,0.0941137384332477,0.106561082566895,-0.0962063976561746,0.081224135762121,"SK_N_SH","No change","No change"
"new_regions_all18_samples","new","all18","SE_118","14",77562347,77613766,0.123473884034805,0.114478900112985,0.143159241231,-0.108213809342065,0.2118202417482,"SK_N_SH","No change","No change"
"new_regions_all18_samples","new","all18","SE_119","14",101960747,102056851,0.129034349408708,0.117315457969279,0.106949151285832,-0.136254195993957,-0.268540870062993,"SK_N_SH","No change","No change"
"new_regions_all18_samples","new","all18","SE_120","14",103388361,103457151,0.0921936959999406,0.0987463516925707,0.107060549812082,0.0980317060762923,0.21353565398774,"SK_N_SH","No change","No change"
"new_regions_all18_samples","new","all18","SE_121","15",32769247,33035351,0.0744026699025314,0.0703965659161395,0.0774283386114101,-0.0787609240717612,0.0567594311763769,"SK_N_SH","No change","No change"
"new_regions_all18_samples","new","all18","SE_122","15",40992297,41050501,0.0697003193972469,0.0709719755670999,0.0893529649085176,0.0257185270006266,0.353855210921988,"SK_N_SH","No change","No change"
"new_regions_all18_samples","new","all18","SE_123","15",44028097,44164751,0.0865737587829468,0.0748763270654636,0.0948340300382789,-0.206848791185866,0.13003940323453,"SK_N_SH","No change","No change"
"new_regions_all18_samples","new","all18","SE_124","15",48395247,48510951,0.0619120314667848,0.053119893702337,0.0589318225575091,-0.217176942686671,-0.0700137007130681,"SK_N_SH","No change","No change"
"new_regions_all18_samples","new","all18","SE_125","15",48524197,48642787,0.136644989819072,0.105811606426246,0.130064354902711,-0.365883675274005,-0.0706767234365,"SK_N_SH","No change","No change"
"new_regions_all18_samples","new","all18","SE_126","15",51835397,51889201,0.132071980118116,0.116421730015883,0.123920693638267,-0.18050740900365,-0.091194341451401,"SK_N_SH","No change","No change"
"new_regions_all18_samples","new","all18","SE_127","15",60342847,60472801,0.253879526644219,0.206232078419125,0.237169175632759,-0.298568150842664,-0.0978287840549653,"SK_N_SH","No change","No change"
"new_regions_all18_samples","new","all18","SE_128","15",71651697,71731001,0.154787317635767,0.129044739606767,0.150072239049447,-0.260569748461356,-0.044339214961363,"SK_N_SH","No change","No change"
"new_regions_all18_samples","new","all18","SE_129","15",85393797,85445551,0.0717035315713056,0.0751379048766432,0.073246674939095,0.0665894264086928,0.0303009730436589,"SK_N_SH","No change","No change"
"new_regions_all18_samples","new","all18","SE_130","15",90391238,90424151,0.169206313361849,0.169808123578517,0.147554700305067,0.00509203964658985,-0.196290297947828,"SK_N_SH","No change","No change"
"new_regions_all18_samples","new","all18","SE_131","15",98716247,98765001,0.179460129763941,0.162738258069763,0.181145854424858,-0.140288675863267,0.0134140319534277,"SK_N_SH","No change","No change"
"new_regions_all18_samples","new","all18","SE_132","15",98841397,98928101,0.209142166240328,0.188347838392571,0.210325136426197,-0.15032672474288,0.00809870512677876,"SK_N_SH","No change","No change"
"new_regions_all18_samples","new","all18","SE_133","15",101640397,101717901,0.128241267010967,0.103620409541162,0.121209193244575,-0.304902476549054,-0.0807139825232417,"SK_N_SH","No change","No change"
"new_regions_all18_samples","new","all18","SE_134","16",9094677,9130401,0.126971626693635,0.126762839260114,0.122883867551918,-0.00235569860122146,-0.0468356491044903,"SK_N_SH","No change","No change"
"new_regions_all18_samples","new","all18","SE_135","16",24970047,25012377,0.185059208251123,0.163201089795972,0.171922819645527,-0.180298090354937,-0.105633526770725,"SK_N_SH","No change","No change"
"new_regions_all18_samples","new","all18","SE_136","16",50180847,50235851,0.133880994575002,0.12328036421117,0.139601174838318,-0.11808870498031,0.059921569898537,"SK_N_SH","No change","No change"
"new_regions_all18_samples","new","all18","SE_137","16",57167697,57204351,0.225314007408974,0.196124903094204,0.270709480400641,-0.199215835294647,0.263739023406286,"SK_N_SH","No change","No change"
"new_regions_all18_samples","new","all18","SE_138","16",69431847,69497251,0.120703431712889,0.121611859279029,0.168646174182934,0.010728677515108,0.47915904634078,"SK_N_SH","No change","No change"
"new_regions_all18_samples","new","all18","SE_139","16",75231497,75262947,0.551333199808341,0.399316747399247,0.45683547871397,-0.464396875289329,-0.270709583008135,"SK_N_SH","No change","No change"
"new_regions_all18_samples","new","all18","SE_140","17",667897,706401,0.102008330397936,0.0787393993790817,0.0877792540329549,-0.369396370794817,-0.214466522882813,"SK_N_SH","No change","No change"
"new_regions_all18_samples","new","all18","SE_141","17",4194597,4257901,0.126785240917776,0.106259381007725,0.121293633139928,-0.252617383179897,-0.0633719197809849,"SK_N_SH","No change","No change"
"new_regions_all18_samples","new","all18","SE_142","17",16002690,16048251,0.122515988330307,0.0997864461219014,0.138821547115964,-0.293396164677475,0.178888902244475,"SK_N_SH","No change","No change"
"new_regions_all18_samples","new","all18","SE_143","17",20165097,20227451,0.123001260525145,0.101909893736843,0.121674049224529,-0.268973096974934,-0.0155246963344418,"SK_N_SH","No change","No change"
"new_regions_all18_samples","new","all18","SE_144","17",31232597,31278401,0.120044620195984,0.0932883922746273,0.127265139086986,-0.360386881895315,0.0835901561767546,"SK_N_SH","No change","No change"
"new_regions_all18_samples","new","all18","SE_145","17",31563897,31604151,0.355049816569067,0.285935644024635,0.370935632759034,-0.311351914183318,0.0629738604777295,"SK_N_SH","No change","No change"
"new_regions_all18_samples","new","all18","SE_146","17",40280547,40348051,0.518816002493453,0.411538127905904,0.504124640448124,-0.333473584388108,-0.0413616282566174,"SK_N_SH","No change","No change"
"new_regions_all18_samples","new","all18","SE_147","17",45064296,45129532,0.193248443572597,0.15500902313805,0.187244652752281,-0.316273565935765,-0.0452941544850627,"SK_N_SH","No change","No change"
"new_regions_all18_samples","new","all18","SE_148","17",45287497,45322351,0.34495155176878,0.277100189657803,0.347151686957163,-0.314965283521427,0.00914600185973845,"SK_N_SH","No change","No change"
"new_regions_all18_samples","new","all18","SE_149","17",50026997,50084801,0.490491759486845,0.345301105325578,0.416305585510992,-0.505140235723479,-0.236062997293084,"SK_N_SH","No change","No change"
"new_regions_all18_samples","new","all18","SE_150","17",59622686,59699401,0.0788545092614493,0.0727859270939788,0.0823023360067429,-0.114028193861857,0.0609830762416956,"SK_N_SH","No change","No change"
"new_regions_all18_samples","new","all18","SE_151","17",59745197,59859951,0.293293130524962,0.241692100033921,0.312945748229866,-0.278126719348853,0.0932614071469198,"SK_N_SH","No change","No change"
"new_regions_all18_samples","new","all18","SE_152","17",64525147,64684501,0.117864723458261,0.0972899212922024,0.117824013091299,-0.274205222716834,-0.000494197966267032,"SK_N_SH","No change","No change"
"new_regions_all18_samples","new","all18","SE_153","17",75673497,75708901,0.352522978697205,0.242443133750902,0.285947121605822,-0.538219181701036,-0.301019089385417,"SK_N_SH","No change","No change"
"new_regions_all18_samples","new","all18","SE_154","18",9105627,9148201,0.224441944073175,0.198625192274849,0.23269888798227,-0.175462160520632,0.0518949115781702,"SK_N_SH","No change","No change"
"new_regions_all18_samples","new","all18","SE_155","18",28027147,28097351,0.0882854211804951,0.0845664368560675,0.0933416974901148,-0.0613796111911064,0.0794709329636689,"SK_N_SH","No change","No change"
"new_regions_all18_samples","new","all18","SE_156","18",57727847,57849851,0.126429932733785,0.111050057855933,0.121161704191632,-0.185560806386097,-0.0609121067487446,"SK_N_SH","No change","No change"
"new_regions_all18_samples","new","all18","SE_157","18",77063747,77109201,0.21176292136815,0.153762770052838,0.171774681863643,-0.459188294818018,-0.300354928637161,"SK_N_SH","No change","No change"
"new_regions_all18_samples","new","all18","SE_158","2",33129797,33170001,0.152194084141519,0.129534445536996,0.156160376600235,-0.23093002954776,0.0368769438773572,"SK_N_SH","No change","No change"
"new_regions_all18_samples","new","all18","SE_159","2",36338247,36573801,0.184519188631599,0.15478196923928,0.162798896822335,-0.252040155088827,-0.179642774951643,"SK_N_SH","No change","No change"
"new_regions_all18_samples","new","all18","SE_160","2",55092947,55121751,0.16450937510402,0.138752434795573,0.152823659139682,-0.244039521070065,-0.105635522472791,"SK_N_SH","No change","No change"
"new_regions_all18_samples","new","all18","SE_161","2",62709894,62829051,0.0869246379056484,0.0918741579566145,0.095415171973121,0.0790097370134402,0.13299269952786,"SK_N_SH","No change","No change"
"new_regions_all18_samples","new","all18","SE_162","2",63844877,63896501,0.112155786272055,0.0977006309997901,0.107683898410297,-0.197179146280776,-0.0581721393565554,"SK_N_SH","No change","No change"
"new_regions_all18_samples","new","all18","SE_163","2",68027447,68060026,0.131465458786476,0.122355325114302,0.126990308179521,-0.102796220230661,-0.0495816477302988,"SK_N_SH","No change","No change"
"new_regions_all18_samples","new","all18","SE_164","2",68166547,68259001,0.0973883259100859,0.10312097060016,0.108288135705345,0.0817016150596579,0.151577740425833,"SK_N_SH","No change","No change"
"new_regions_all18_samples","new","all18","SE_165","2",69016141,69255351,0.0960953236450537,0.0866575264446733,0.10821174914176,-0.147523844608442,0.169654353003283,"SK_N_SH","No change","No change"
"new_regions_all18_samples","new","all18","SE_166","2",69754597,69803851,0.174135728735195,0.153279092135471,0.183452873291466,-0.182930870726971,0.0747788304024122,"SK_N_SH","No change","No change"
"new_regions_all18_samples","new","all18","SE_167","2",70090450,70144501,0.165620234007059,0.155918802708454,0.199756754492505,-0.0865453763648652,0.268884919098794,"SK_N_SH","No change","No change"
"new_regions_all18_samples","new","all18","SE_168","2",75586547,75607951,0.180055595335677,0.137542750328602,0.142485707338829,-0.386101543117095,-0.335525725795771,"SK_N_SH","No change","No change"
"new_regions_all18_samples","new","all18","SE_169","2",108537352,108599501,0.150443732794757,0.107051408909263,0.121010380149145,-0.487063992251187,-0.311777984569242,"SK_N_SH","No change","No change"
"new_regions_all18_samples","new","all18","SE_170","2",117930197,118011162,0.149423419250668,0.157626214623127,0.172501236999845,0.076602014978083,0.205916752675436,"SK_N_SH","No change","No change"
"new_regions_all18_samples","new","all18","SE_171","2",138018897,138053301,0.10850333874953,0.109761001302185,0.121758700612731,0.0164751429626198,0.164850422057309,"SK_N_SH","No change","No change"
"new_regions_all18_samples","new","all18","SE_172","2",160204397,160252901,0.235927654217939,0.184766513854777,0.226865547785803,-0.350956133974577,-0.0562637876149534,"SK_N_SH","No change","No change"
"new_regions_all18_samples","new","all18","SE_173","2",177215723,177276301,0.206415028714283,0.185053668988646,0.218187619827171,-0.156801590825675,0.0796458825859985,"SK_N_SH","No change","No change"
"new_regions_all18_samples","new","all18","SE_174","2",189075647,189176878,0.0898640793894196,0.0787575810838128,0.09235748890781,-0.188088421548945,0.039055679154134,"SK_N_SH","No change","No change"
"new_regions_all18_samples","new","all18","SE_175","2",189203447,189299101,0.117885307379528,0.103476687807405,0.0999785299119786,-0.186389363051478,-0.23552184916046,"SK_N_SH","No change","No change"
"new_regions_all18_samples","new","all18","SE_176","2",189366697,189413601,0.113079252029626,0.096515502007337,0.127346052614577,-0.226332940808781,0.170002497584656,"SK_N_SH","No change","No change"
"new_regions_all18_samples","new","all18","SE_177","2",190883818,190963751,0.098631464742009,0.107788870463923,0.0917171373211997,0.126857631914249,-0.103765410400048,"SK_N_SH","No change","No change"
"new_regions_all18_samples","new","all18","SE_178","2",201627947,201656951,0.21432796426739,0.20704443854963,0.219379735710121,-0.0496439692328821,0.0334558797932362,"SK_N_SH","No change","No change"
"new_regions_all18_samples","new","all18","SE_179","2",207219697,207261451,0.191385894076495,0.165685463909616,0.175726191878046,-0.206874726035978,-0.12248715139786,"SK_N_SH","No change","No change"
"new_regions_all18_samples","new","all18","SE_180","2",216443447,216512801,0.145446878695092,0.128681049965938,0.145596582482463,-0.175409767739327,0.00147402661409809,"SK_N_SH","No change","No change"
"new_regions_all18_samples","new","all18","SE_181","2",222904597,223003801,0.103894519203274,0.100846791555749,0.112614913264364,-0.0425387659727862,0.115212919323186,"SK_N_SH","No change","No change"
"new_regions_all18_samples","new","all18","SE_182","2",223026197,223111101,0.148499825711585,0.118381376476818,0.152499668567623,-0.324566009130377,0.038091738054454,"SK_N_SH","No change","No change"
"new_regions_all18_samples","new","all18","SE_183","2",233402297,233502201,0.127704430743042,0.101017040312827,0.115291493018627,-0.335251568805603,-0.146316155913003,"SK_N_SH","No change","No change"
"new_regions_all18_samples","new","all18","SE_184","2",234240697,234260551,0.156893955576817,0.126294230471897,0.136338927330182,-0.310788912164912,-0.201215342904217,"SK_N_SH","No change","No change"
"new_regions_all18_samples","new","all18","SE_185","20",31652097,31718505,0.144513354338649,0.121297765474734,0.128756576038234,-0.250753516709003,-0.16534390512292,"SK_N_SH","No change","No change"
"new_regions_all18_samples","new","all18","SE_186","20",35301597,35345051,0.202863284678602,0.148979817675754,0.180042134045464,-0.442833597866324,-0.171276476924535,"SK_N_SH","No change","No change"
"new_regions_all18_samples","new","all18","SE_187","20",35854497,35904351,0.218190122164087,0.156245891493319,0.221874094283097,-0.4791604615046,0.0240461505368157,"SK_N_SH","No change","No change"
"new_regions_all18_samples","new","all18","SE_188","20",45013747,45105201,0.13809539149994,0.120144107784819,0.150010383334908,-0.199350384789328,0.11857312995595,"SK_N_SH","No change","No change"
"new_regions_all18_samples","new","all18","SE_189","20",50894997,50936551,0.146369471662312,0.136416366189142,0.151818513957975,-0.100883855430496,0.052381642670924,"SK_N_SH","No change","No change"
"new_regions_all18_samples","new","all18","SE_190","20",53734697,53754501,0.190714548794604,0.177373009719147,0.220790277802877,-0.10406249186615,0.210236302108824,"SK_N_SH","No change","No change"
"new_regions_all18_samples","new","all18","SE_191","20",53770647,53846251,0.123715000563007,0.109462271583616,0.126518588278763,-0.175081300247692,0.032072561727372,"SK_N_SH","No change","No change"
"new_regions_all18_samples","new","all18","SE_192","20",58235547,58296451,0.145358718775505,0.120821331068648,0.143710550296141,-0.264741918405749,-0.0163385843744561,"SK_N_SH","No change","No change"
"new_regions_all18_samples","new","all18","SE_193","21",25306247,25344901,0.0612421242516985,0.0624138176069385,0.0705459846354347,0.0269059331862145,0.200979502389377,"SK_N_SH","No change","No change"
"new_regions_all18_samples","new","all18","SE_194","21",29148556,29233751,0.126587896081484,0.121393545787635,0.135436776818977,-0.0599639890152258,0.0967411072346079,"SK_N_SH","No change","No change"
"new_regions_all18_samples","new","all18","SE_195","21",29308201,29352601,0.120266577663483,0.107821948172964,0.107179874050089,-0.156212421976657,-0.164749860480207,"SK_N_SH","No change","No change"
"new_regions_all18_samples","new","all18","SE_196","22",24282697,24339106,0.118234901952919,0.105008598133435,0.137166416078804,-0.169625313930954,0.212600387022025,"SK_N_SH","No change","No change"
"new_regions_all18_samples","new","all18","SE_197","22",31207297,31254601,0.222042457960583,0.185743915562929,0.210385281981715,-0.256257126816094,-0.0774434347127372,"SK_N_SH","No change","No change"
"new_regions_all18_samples","new","all18","SE_198","22",31583547,31662751,0.18126843671696,0.14437046614649,0.184405738295361,-0.32633055539483,0.024621143339816,"SK_N_SH","No change","No change"
"new_regions_all18_samples","new","all18","SE_199","22",36295897,36399251,0.237640161327742,0.169890430755388,0.200552549207338,-0.481765244506641,-0.243680827788709,"SK_N_SH","No change","No change"
"new_regions_all18_samples","new","all18","SE_200","22",40466438,40543951,0.0858771246110746,0.0749169711577772,0.0789956104641548,-0.194553920147265,-0.11905551646855,"SK_N_SH","No change","No change"
"new_regions_all18_samples","new","all18","SE_201","22",42905297,43018201,0.0969029293287249,0.083412844584699,0.100967335778443,-0.213889485297537,0.0586831411009281,"SK_N_SH","No change","No change"
"new_regions_all18_samples","new","all18","SE_202","3",15629947,15648901,0.294242450832471,0.233542742880989,0.236729683118919,-0.33204930898562,-0.31257812068363,"SK_N_SH","No change","No change"
"new_regions_all18_samples","new","all18","SE_203","3",30333897,30359151,0.108082091985473,0.0948440127634314,0.102189902868494,-0.186654057004546,-0.0801124637926977,"SK_N_SH","No change","No change"
"new_regions_all18_samples","new","all18","SE_204","3",48011697,48086278,0.112905661294679,0.125280363479645,0.143369579512776,0.14879086526388,0.341927327154228,"SK_N_SH","No change","No change"
"new_regions_all18_samples","new","all18","SE_205","3",57998247,58175901,0.140456227811396,0.121639459905092,0.144785034492749,-0.205932446227783,0.0434869331240991,"SK_N_SH","No change","No change"
"new_regions_all18_samples","new","all18","SE_206","3",71487847,71554851,0.12983600068309,0.110959920768974,0.120484855564149,-0.224777194697609,-0.106983088677021,"SK_N_SH","No change","No change"
"new_regions_all18_samples","new","all18","SE_207","3",81722147,81765851,0.187676992762851,0.173039222888094,0.17256130291181,-0.116506031550287,-0.120473190187978,"SK_N_SH","No change","No change"
"new_regions_all18_samples","new","all18","SE_208","3",98877097,98924851,0.216322293792367,0.210308525276946,0.219103669669631,-0.0404852053393789,0.0183470191520145,"SK_N_SH","No change","No change"
"new_regions_all18_samples","new","all18","SE_209","3",99842697,99936151,0.118374131352072,0.107779446328727,0.118251240998469,-0.13408424731906,-0.00148595530846735,"SK_N_SH","No change","No change"
"new_regions_all18_samples","new","all18","SE_210","3",100001947,100049201,0.102365571316964,0.101146955486062,0.102549506206343,-0.0171095324357055,0.0025649365510388,"SK_N_SH","No change","No change"
"new_regions_all18_samples","new","all18","SE_211","3",107192747,107250501,0.194409266567436,0.166449533517188,0.201535012974679,-0.222772526473029,0.0516724501230573,"SK_N_SH","No change","No change"
"new_regions_all18_samples","new","all18","SE_212","3",111845697,111975874,0.126905424074967,0.117323743023843,0.142186875918391,-0.112337849641247,0.162821819772434,"SK_N_SH","No change","No change"
"new_regions_all18_samples","new","all18","SE_213","3",112604967,112699901,0.184922770652005,0.14857642060738,0.174895091708324,-0.313820708190918,-0.0799882478307692,"SK_N_SH","No change","No change"
"new_regions_all18_samples","new","all18","SE_214","3",120403647,120448070,0.243327552505718,0.214692580549367,0.2430838466201,-0.179840012509378,-0.00143974240743096,"SK_N_SH","No change","No change"
"new_regions_all18_samples","new","all18","SE_215","3",123595047,123881301,0.132179729343886,0.115808552484422,0.136159617104659,-0.189228604057141,0.0424812686222432,"SK_N_SH","No change","No change"
"new_regions_all18_samples","new","all18","SE_216","3",128758647,128806351,0.0859502235489875,0.0866344886884302,0.105679893520469,0.0113090197376409,0.295026648199172,"SK_N_SH","No change","No change"
"new_regions_all18_samples","new","all18","SE_217","3",134457097,134482731,0.211904492791893,0.16419797065035,0.171970640893836,-0.366010430117261,-0.299679211067327,"SK_N_SH","No change","No change"
"new_regions_all18_samples","new","all18","SE_218","3",136136147,136186501,0.0609216287352738,0.0554637104690504,0.0588260035171568,-0.13311948194648,-0.0496707278062935,"SK_N_SH","No change","No change"
"new_regions_all18_samples","new","all18","SE_219","3",149369097,149408351,0.133485306993278,0.124723317327867,0.134645775909618,-0.0971963171188773,0.0123955602003422,"SK_N_SH","No change","No change"
"new_regions_all18_samples","new","all18","SE_220","3",152272624,152467151,0.0859020358987951,0.0882308857413613,0.0903481447278198,0.0381531845480645,0.071985451954413,"SK_N_SH","No change","No change"
"new_regions_all18_samples","new","all18","SE_221","3",156531797,156559251,0.187185968070526,0.174035622084288,0.177585755863268,-0.104510499100124,-0.0755420441405049,"SK_N_SH","No change","No change"
"new_regions_all18_samples","new","all18","SE_222","3",160394797,160446837,0.0928549855410698,0.12248120165279,0.101011282752937,0.395786140052792,0.120223439792445,"SK_N_SH","No change","No change"
"new_regions_all18_samples","new","all18","SE_223","3",170688547,170768951,0.0994942628381083,0.0864891978202739,0.0983111122774068,-0.199936335757358,-0.0170860808596475,"SK_N_SH","No change","No change"
"new_regions_all18_samples","new","all18","SE_224","3",171256147,171331701,0.095788330239958,0.0886899514522834,0.098498666861477,-0.109886752673526,0.0398440833771386,"SK_N_SH","No change","No change"
"new_regions_all18_samples","new","all18","SE_225","3",171343347,171428051,0.0917842668590629,0.0903307120376617,0.0989082312112696,-0.022780111806854,0.10672335050894,"SK_N_SH","No change","No change"
"new_regions_all18_samples","new","all18","SE_226","3",172044197,172186201,0.128616792480745,0.115775938071308,0.13345299863541,-0.150509603953305,0.0528492928147264,"SK_N_SH","No change","No change"
"new_regions_all18_samples","new","all18","SE_227","3",172243397,172368751,0.104783071891871,0.103846882607479,0.114937096137649,-0.0128248096087043,0.132233479868061,"SK_N_SH","No change","No change"
"new_regions_all18_samples","new","all18","SE_228","3",172753682,172817751,0.112454780034108,0.112670923527613,0.124423535919755,0.00274587363247085,0.144690704115771,"SK_N_SH","No change","No change"
"new_regions_all18_samples","new","all18","SE_229","3",179580247,179618651,0.175329784424466,0.177167714067124,0.192043040128626,0.0149597430212275,0.130646355608072,"SK_N_SH","No change","No change"
"new_regions_all18_samples","new","all18","SE_230","3",188185397,188301151,0.102918093797468,0.0957237220928968,0.0868355374070028,-0.103505204208452,-0.242570208915041,"SK_N_SH","No change","No change"
"new_regions_all18_samples","new","all18","SE_231","3",192851647,192915160,0.2164846555909,0.18137024293768,0.173951073361327,-0.254043270216153,-0.313962100827962,"SK_N_SH","No change","No change"
"new_regions_all18_samples","new","all18","SE_232","3",194552997,194599901,0.216321941601727,0.213333195194327,0.257075166415636,-0.0199785345253679,0.24795748156285,"SK_N_SH","No change","No change"
"new_regions_all18_samples","new","all18","SE_233","3",196742854,196810951,0.112564937076891,0.109315761459626,0.141805580114585,-0.0418785427334951,0.330534878952686,"SK_N_SH","No change","No change"
"new_regions_all18_samples","new","all18","SE_234","4",24526247,24572351,0.0560686122364126,0.0606813695208684,0.0611061492463256,0.112137317222211,0.122038638695124,"SK_N_SH","No change","No change"
"new_regions_all18_samples","new","all18","SE_235","4",41119997,41209951,0.129766023035538,0.103908356110683,0.0992976058689666,-0.317858138404052,-0.382700564918419,"SK_N_SH","No change","No change"
"new_regions_all18_samples","new","all18","SE_236","4",69746947,69803551,0.14261562168854,0.133305986782513,0.145416018820321,-0.0966890705070699,0.027860716202058,"SK_N_SH","No change","No change"
"new_regions_all18_samples","new","all18","SE_237","4",76579197,76609551,0.154515271963919,0.128841431521449,0.151946862490493,-0.260305452327005,-0.0240257511907272,"SK_N_SH","No change","No change"
"new_regions_all18_samples","new","all18","SE_238","4",76943147,77072971,0.111027658607265,0.118603711205447,0.115020609689936,0.0944071913702909,0.05052614133035,"SK_N_SH","No change","No change"
"new_regions_all18_samples","new","all18","SE_239","4",79996847,80070322,0.094705974201752,0.113967540147794,0.0983963371964853,0.264545699986727,0.0545837046643279,"SK_N_SH","No change","No change"
"new_regions_all18_samples","new","all18","SE_240","4",88010644,88041951,0.128583429362055,0.105448780559574,0.144545739877285,-0.283721820772613,0.167591368763746,"SK_N_SH","No change","No change"
"new_regions_all18_samples","new","all18","SE_241","4",88586847,88641951,0.174747659249302,0.149700648439053,0.173996504080419,-0.221819849817785,-0.006179372928514,"SK_N_SH","No change","No change"
"new_regions_all18_samples","new","all18","SE_242","4",94507447,94596301,0.071980193914948,0.0768786383534981,0.0787240378082255,0.0937226755968769,0.127509796355269,"SK_N_SH","No change","No change"
"new_regions_all18_samples","new","all18","SE_243","4",102787947,102822859,0.102118213438454,0.102917381600283,0.104525428461103,0.011137811061828,0.0332915132317706,"SK_N_SH","No change","No change"
"new_regions_all18_samples","new","all18","SE_244","4",112883597,112910451,0.0917614195140137,0.101066970277363,0.120988464725801,0.137919270985801,0.395147929852729,"SK_N_SH","No change","No change"
"new_regions_all18_samples","new","all18","SE_245","4",113435197,113476701,0.146621492323436,0.147053395056211,0.166496363265505,0.00421479402208768,0.182226991915726,"SK_N_SH","No change","No change"
"new_regions_all18_samples","new","all18","SE_246","4",113897397,113976721,0.100798836091972,0.100521747847181,0.0910047207505454,-0.00393225394484601,-0.145941273900292,"SK_N_SH","No change","No change"
"new_regions_all18_samples","new","all18","SE_247","4",114224047,114284551,0.124829777203339,0.0990770940326356,0.102169319792708,-0.330361568387718,-0.286459361787319,"SK_N_SH","No change","No change"
"new_regions_all18_samples","new","all18","SE_248","4",114316247,114367701,0.0671672822140755,0.0724566634732544,0.091585469477445,0.107813903030601,0.441706327352421,"SK_N_SH","No change","No change"
"new_regions_all18_samples","new","all18","SE_249","4",122757697,122799301,0.131036807776378,0.107972363033304,0.117999772681541,-0.276977871315563,-0.149981346749533,"SK_N_SH","No change","No change"
"new_regions_all18_samples","new","all18","SE_250","4",122829705,122915251,0.0795335567737475,0.0688912468893651,0.0730474710392787,-0.204478266379299,-0.121139587941296,"SK_N_SH","No change","No change"
"new_regions_all18_samples","new","all18","SE_251","4",137509247,137529497,0.170348469972265,0.148905451657675,0.159360925470779,-0.192880458434389,-0.0956106609393511,"SK_N_SH","No change","No change"
"new_regions_all18_samples","new","all18","SE_252","4",159262097,159310151,0.101726743983585,0.102615060618605,0.110007026612384,0.0124218931208288,0.111839177111157,"SK_N_SH","No change","No change"
"new_regions_all18_samples","new","all18","SE_253","4",169200697,169268097,0.150668204255374,0.145796184426262,0.133702335297269,-0.0471042008086757,-0.171143807859242,"SK_N_SH","No change","No change"
"new_regions_all18_samples","new","all18","SE_254","4",185180697,185403601,0.133470051531049,0.13129739456393,0.142837962934492,-0.0235002492628397,0.0971595953014409,"SK_N_SH","No change","No change"
"new_regions_all18_samples","new","all18","SE_255","5",9324147,9372201,0.11104407342163,0.0953685124247681,0.102236515760454,-0.217432598944852,-0.11811298311203,"SK_N_SH","No change","No change"
"new_regions_all18_samples","new","all18","SE_256","5",9426847,9508331,0.0970493352194105,0.105055803548543,0.11081397376209,0.113243815680282,0.189520743817662,"SK_N_SH","No change","No change"
"new_regions_all18_samples","new","all18","SE_257","5",17220558,17262401,0.0963912190380411,0.102668488439062,0.103741203040833,0.090113825035759,0.104965473175464,"SK_N_SH","No change","No change"
"new_regions_all18_samples","new","all18","SE_258","5",52994197,53046301,0.0964795893782756,0.105079672460772,0.100263402111961,0.121976147003706,0.0549407809102042,"SK_N_SH","No change","No change"
"new_regions_all18_samples","new","all18","SE_259","5",61350847,61505451,0.104933946240918,0.0989802292175447,0.110933639225856,-0.0834502313637877,0.0794787010939659,"SK_N_SH","No change","No change"
"new_regions_all18_samples","new","all18","SE_260","5",65100547,65248151,0.0661362791332184,0.0595866616753761,0.0624642576715692,-0.148092366080348,-0.0811482697431933,"SK_N_SH","No change","No change"
"new_regions_all18_samples","new","all18","SE_261","5",69237792,69296951,0.0772358664772016,0.067687127796333,0.0827010134532387,-0.18779039041927,0.0974149422691138,"SK_N_SH","No change","No change"
"new_regions_all18_samples","new","all18","SE_262","5",76488247,76543601,0.141612192749426,0.119497541854474,0.138377391305062,-0.243093615652942,-0.0331007738431504,"SK_N_SH","No change","No change"
"new_regions_all18_samples","new","all18","SE_263","5",95710247,95802001,0.151452620969345,0.141148605129222,0.154962643480335,-0.100961011152471,0.0328395595257018,"SK_N_SH","No change","No change"
"new_regions_all18_samples","new","all18","SE_264","5",120599047,120624601,0.0984853061121009,0.0860113318632993,0.0753144132973559,-0.193280155032489,-0.382527895950497,"SK_N_SH","No change","No change"
"new_regions_all18_samples","new","all18","SE_265","5",122140947,122184251,0.100728143014084,0.103322355303041,0.0955292093080626,0.0363294921041027,-0.0756813882705246,"SK_N_SH","No change","No change"
"new_regions_all18_samples","new","all18","SE_266","5",131504497,131547351,0.0907140065113222,0.096050493078631,0.092311817918833,0.0815934645531407,0.0249177314025561,"SK_N_SH","No change","No change"
"new_regions_all18_samples","new","all18","SE_267","5",140280247,140343602,0.18010297107178,0.140065140602712,0.144468732349401,-0.360448694989282,-0.316101126891512,"SK_N_SH","No change","No change"
"new_regions_all18_samples","new","all18","SE_268","5",147471147,147507055,0.190379991602273,0.190565707913013,0.247635640614191,0.00139932121896672,0.377593107167452,"SK_N_SH","No change","No change"
"new_regions_all18_samples","new","all18","SE_269","5",150008297,150066101,0.137347822796818,0.115890994649435,0.131182559413765,-0.243136152108311,-0.0657681045478298,"SK_N_SH","No change","No change"
"new_regions_all18_samples","new","all18","SE_270","5",151658897,151703801,0.277883339903029,0.256314920418846,0.283978321796288,-0.116126638132548,0.0311904257561749,"SK_N_SH","No change","No change"
"new_regions_all18_samples","new","all18","SE_271","5",154193732,154320951,0.128556074301678,0.122923953227348,0.119910722737852,-0.0641215860202463,-0.0996344656553097,"SK_N_SH","No change","No change"
"new_regions_all18_samples","new","all18","SE_272","5",154342197,154376051,0.139947171858559,0.119142829171819,0.12907839254154,-0.230403987607809,-0.115773195781327,"SK_N_SH","No change","No change"
"new_regions_all18_samples","new","all18","SE_273","5",157495447,157572822,0.1275162474923,0.116764502569472,0.118439762696117,-0.126046024621018,-0.105667557483586,"SK_N_SH","No change","No change"
"new_regions_all18_samples","new","all18","SE_274","5",169548297,169606201,0.162944819655436,0.119513903414397,0.155259250143498,-0.444010719535131,-0.0692687199130823,"SK_N_SH","No change","No change"
"new_regions_all18_samples","new","all18","SE_275","6",11160047,11236601,0.1892894196824,0.166754486922774,0.179685116226681,-0.181843993635218,-0.074717677889723,"SK_N_SH","No change","No change"
"new_regions_all18_samples","new","all18","SE_276","6",16657547,16771001,0.131945825421237,0.1362416703985,0.138611116117431,0.0458801140570586,0.0705753399811974,"SK_N_SH","No change","No change"
"new_regions_all18_samples","new","all18","SE_277","6",30724546,30794251,0.239094355284704,0.191935364970843,0.236256770089559,-0.315483872606257,-0.0171522306838767,"SK_N_SH","No change","No change"
"new_regions_all18_samples","new","all18","SE_278","6",34629397,34684901,0.0906741766015441,0.0895614143847636,0.111670135082081,-0.0176189127046238,0.297517849992127,"SK_N_SH","No change","No change"
"new_regions_all18_samples","new","all18","SE_279","6",37101147,37145951,0.283282727528038,0.211801578139844,0.281028007511047,-0.41781759637342,-0.0114880060498782,"SK_N_SH","No change","No change"
"new_regions_all18_samples","new","all18","SE_280","6",42182047,42231451,0.247475321397178,0.210450270662256,0.24486574615887,-0.232784163176647,-0.0152318165489929,"SK_N_SH","No change","No change"
"new_regions_all18_samples","new","all18","SE_281","6",44654997,44669401,0.403410336168426,0.246104030469255,0.253928678892481,-0.710701328603371,-0.665726188622781,"SK_N_SH","Decreased","Decreased"
"new_regions_all18_samples","new","all18","SE_282","6",56638797,56774401,0.098161894097924,0.0873575466000439,0.0894855381539677,-0.166432468372942,-0.132098596735157,"SK_N_SH","No change","No change"
"new_regions_all18_samples","new","all18","SE_283","6",56795347,56840664,0.110958169483313,0.113269051356023,0.0931766663409791,0.0294749126093963,-0.249518243908264,"SK_N_SH","No change","No change"
"new_regions_all18_samples","new","all18","SE_284","6",104995247,105073801,0.0800263709242415,0.0861643028562902,0.0964614052275909,0.105345891292145,0.266439498484615,"SK_N_SH","No change","No change"
"new_regions_all18_samples","new","all18","SE_285","6",113344347,113414701,0.124069005583885,0.104096279200224,0.116409802296446,-0.251012713818876,-0.0911714462060376,"SK_N_SH","No change","No change"
"new_regions_all18_samples","new","all18","SE_286","6",129625997,129718001,0.123313467887122,0.118709038332822,0.125700098515042,-0.0544505202327766,0.0274350425168422,"SK_N_SH","No change","No change"
"new_regions_all18_samples","new","all18","SE_287","6",140041947,140079801,0.131294987546636,0.123437699523735,0.124066529566994,-0.0883347719898607,-0.0810626555279225,"SK_N_SH","No change","No change"
"new_regions_all18_samples","new","all18","SE_288","6",142353347,142419951,0.112314793472145,0.109589291539638,0.109760377171542,-0.0351245252871951,-0.0328943485419175,"SK_N_SH","No change","No change"
"new_regions_all18_samples","new","all18","SE_289","6",150853797,150900301,0.23407205295675,0.238782915465221,0.249986926929692,0.0286258390764271,0.0945091896658511,"SK_N_SH","No change","No change"
"new_regions_all18_samples","new","all18","SE_290","6",151242996,151296801,0.127085652039066,0.107828948620605,0.11025012657207,-0.235046510102266,-0.20330189874448,"SK_N_SH","No change","No change"
"new_regions_all18_samples","new","all18","SE_291","6",152704947,152760451,0.0780231582148245,0.0811327008965787,0.083897960127042,0.0556812354606862,0.103454384290262,"SK_N_SH","No change","No change"
"new_regions_all18_samples","new","all18","SE_292","6",157984853,158087051,0.214131904842186,0.169157644160147,0.195994816395527,-0.338349533162811,-0.127063829576267,"SK_N_SH","No change","No change"
"new_regions_all18_samples","new","all18","SE_293","7",6226047,6284751,0.247007843612915,0.196635560712336,0.224387062604805,-0.327543193223997,-0.137981042633463,"SK_N_SH","No change","No change"
"new_regions_all18_samples","new","all18","SE_294","7",23426597,23479601,0.328541695257491,0.316867195959398,0.33867949198085,-0.052036876380829,0.0437131049381828,"SK_N_SH","No change","No change"
"new_regions_all18_samples","new","all18","SE_295","7",80824647,80911651,0.113213080517511,0.104172617504877,0.110731954131412,-0.118968751318964,-0.0316860481311315,"SK_N_SH","No change","No change"
"new_regions_all18_samples","new","all18","SE_296","7",101092897,101141301,0.391065962127595,0.270495984388573,0.306791367031728,-0.530165537530397,-0.349143629916468,"SK_N_SH","No change","No change"
"new_regions_all18_samples","new","all18","SE_297","7",102834447,102897801,0.161400165691593,0.130646198819647,0.131337038113308,-0.302887239156732,-0.295336208948389,"SK_N_SH","No change","No change"
"new_regions_all18_samples","new","all18","SE_298","7",130352297,130375251,0.429463802717949,0.264752543070851,0.339154614172881,-0.69580843046969,-0.339701268604077,"SK_N_SH","Decreased","No change"
"new_regions_all18_samples","new","all18","SE_299","7",130838297,131040951,0.180072744281952,0.138416786682083,0.163198003880882,-0.377165121533908,-0.141132814310009,"SK_N_SH","No change","No change"
"new_regions_all18_samples","new","all18","SE_300","7",134689347,134969601,0.157410542788094,0.13236400870776,0.150757163888101,-0.248298979943831,-0.0619037328014347,"SK_N_SH","No change","No change"
"new_regions_all18_samples","new","all18","SE_301","8",13075347,13130299,0.116965485879904,0.0924367105761217,0.0989130988529392,-0.336303429935631,-0.239619083923702,"SK_N_SH","No change","No change"
"new_regions_all18_samples","new","all18","SE_302","8",25178147,25216001,0.228268878078883,0.175264054647494,0.189291744631135,-0.37930223342611,-0.268827555751506,"SK_N_SH","No change","No change"
"new_regions_all18_samples","new","all18","SE_303","8",32672597,32785351,0.0792007013201229,0.0800213868160436,0.0929512966417633,0.0146879268916147,0.228298220249144,"SK_N_SH","No change","No change"
"new_regions_all18_samples","new","all18","SE_304","8",38891897,38939851,0.261521009237928,0.195458213163696,0.259109415206742,-0.418210401934488,-0.0133142629290765,"SK_N_SH","No change","No change"
"new_regions_all18_samples","new","all18","SE_305","8",38999983,39046151,0.164222399639047,0.167285536499211,0.169171800218775,0.0265018978420747,0.042582692634154,"SK_N_SH","No change","No change"
"new_regions_all18_samples","new","all18","SE_306","8",40148697,40220751,0.131071609627085,0.108918720576472,0.107698438569497,-0.264883258554667,-0.280989158850185,"SK_N_SH","No change","No change"
"new_regions_all18_samples","new","all18","SE_307","8",53942447,53966801,0.113537506331983,0.0928321928628403,0.0882930965691899,-0.287665212445046,-0.359199552013143,"SK_N_SH","No change","No change"
"new_regions_all18_samples","new","all18","SE_308","8",58800197,58896151,0.0956461883928771,0.0869810752158955,0.0891542968747706,-0.135519602917347,-0.10031658135775,"SK_N_SH","No change","No change"
"new_regions_all18_samples","new","all18","SE_309","8",66505597,66563401,0.208158568644829,0.146414504434677,0.157047908348421,-0.504718621066768,-0.404235160069211,"SK_N_SH","No change","No change"
"new_regions_all18_samples","new","all18","SE_310","8",73542447,73633701,0.104152227549774,0.0921592765319009,0.0980953604285349,-0.174708071672359,-0.0855899943224973,"SK_N_SH","No change","No change"
"new_regions_all18_samples","new","all18","SE_311","8",88101447,88148651,0.0609827358562352,0.0580477013991662,0.0637163227769064,-0.0699855357713969,0.0622631997844608,"SK_N_SH","No change","No change"
"new_regions_all18_samples","new","all18","SE_312","8",97879097,97953601,0.141125656801016,0.109538120340245,0.122790239247684,-0.362623030837067,-0.199269452424098,"SK_N_SH","No change","No change"
"new_regions_all18_samples","new","all18","SE_313","8",100898947,100947570,0.163199518953859,0.140087928224685,0.150854323874277,-0.218855347298573,-0.112761912394725,"SK_N_SH","No change","No change"
"new_regions_all18_samples","new","all18","SE_314","8",101125247,101202731,0.14829640614986,0.131718806551252,0.15118415393353,-0.169806619157889,0.0276387096091211,"SK_N_SH","No change","No change"
"new_regions_all18_samples","new","all18","SE_315","8",117825897,118120901,0.103498626562718,0.0982469405810023,0.105153253528705,-0.074389445867014,0.0226646086662811,"SK_N_SH","No change","No change"
"new_regions_all18_samples","new","all18","SE_316","8",140763497,140845851,0.0865624002468584,0.0843797055219819,0.0880191722412407,-0.0364183153110853,0.0238045837337083,"SK_N_SH","No change","No change"
"new_regions_all18_samples","new","all18","SE_317","9",2800697,2841129,0.125701435215016,0.115846545856122,0.13393318602541,-0.116817780040311,0.0908123475564617,"SK_N_SH","No change","No change"
"new_regions_all18_samples","new","all18","SE_318","9",12778010,12835101,0.123631538581622,0.137583370308083,0.153510565897214,0.153084952560153,0.31003630217938,"SK_N_SH","No change","No change"
"new_regions_all18_samples","new","all18","SE_319","9",16499797,16547801,0.13554944821007,0.112960927359252,0.133450539903399,-0.260884217470846,-0.0223479357023219,"SK_N_SH","No change","No change"
"new_regions_all18_samples","new","all18","SE_320","9",16670397,16728801,0.160659359093064,0.146701709985455,0.17810544793794,-0.13027050444721,0.147852188006672,"SK_N_SH","No change","No change"
"new_regions_all18_samples","new","all18","SE_321","9",33271497,33355551,0.155004683896343,0.131875839212324,0.162622337603549,-0.231510541816749,0.0687803720896999,"SK_N_SH","No change","No change"
"new_regions_all18_samples","new","all18","SE_322","9",35507297,35534101,0.262843334489075,0.16351160746859,0.243280633585189,-0.681492156997175,-0.111142044801194,"SK_N_SH","Decreased","No change"
"new_regions_all18_samples","new","all18","SE_323","9",36089347,36114801,0.211444462579376,0.157970057422128,0.189803079755213,-0.418330685580694,-0.155001281824279,"SK_N_SH","No change","No change"
"new_regions_all18_samples","new","all18","SE_324","9",37921497,37979401,0.231477340156738,0.163758431179158,0.178249140543007,-0.496737807749064,-0.375123900305172,"SK_N_SH","No change","No change"
"new_regions_all18_samples","new","all18","SE_325","9",37992697,38066212,0.24247009197005,0.193892367702387,0.21286545020739,-0.321066968110989,-0.187041126466432,"SK_N_SH","No change","No change"
"new_regions_all18_samples","new","all18","SE_326","9",94767247,94813751,0.105358317733671,0.0977609605818561,0.118574780069452,-0.106920089632382,0.168980274393645,"SK_N_SH","No change","No change"
"new_regions_all18_samples","new","all18","SE_327","9",106859997,106898751,0.237675587093893,0.205905476992708,0.261106181461882,-0.206079172794223,0.135100370247635,"SK_N_SH","No change","No change"
"new_regions_all18_samples","new","all18","SE_328","9",110007397,110193301,0.110524512443218,0.0975830673381979,0.111328932906495,-0.177949065835533,0.0103687339441236,"SK_N_SH","No change","No change"
"new_regions_all18_samples","new","all18","SE_329","9",112010897,112082301,0.156762028742507,0.111447565824918,0.130623294965534,-0.488497578156228,-0.261335166449555,"SK_N_SH","No change","No change"
"new_regions_all18_samples","new","all18","SE_330","9",115664947,115693701,0.151754433110421,0.109874390990712,0.0973012396881411,-0.462288069197998,-0.63593273354631,"SK_N_SH","No change","Decreased"
"new_regions_all18_samples","new","all18","SE_331","9",122988147,123104301,0.0960367670730132,0.0837895371563761,0.0873448047334217,-0.194645235331197,-0.135386188552447,"SK_N_SH","No change","No change"
"new_regions_all18_samples","new","all18","SE_332","9",124251597,124307001,0.164630808762552,0.134132372062278,0.158963164335104,-0.293597726115183,-0.0502313261209439,"SK_N_SH","No change","No change"
"new_regions_all18_samples","new","all18","SE_333","9",125509297,125559351,0.176301178152289,0.147040070422148,0.191413196195356,-0.260214395826794,0.118005623400825,"SK_N_SH","No change","No change"
"new_regions_all18_samples","new","all18","SE_334","9",125784147,125856501,0.0614395686057358,0.0606571875945699,0.0701702579201431,-0.0181914853352153,0.188813894499606,"SK_N_SH","No change","No change"
"new_regions_all18_samples","new","all18","SE_335","9",129931747,129999401,0.143236426730463,0.124752337344331,0.16498140562181,-0.197850345947799,0.202586068571608,"SK_N_SH","No change","No change"
"new_regions_all18_samples","new","all18","SE_336","9",130823247,130870501,0.20901617623302,0.164708838671459,0.209508158976376,-0.341849898057189,0.00337569709263758,"SK_N_SH","No change","No change"
"new_regions_all18_samples","new","all18","SE_337","X",136155497,136215901,0.0989007471852595,0.102351425374422,0.0999269854806772,0.0489909123893797,0.0147445949528952,"SK_N_SH","No change","No change"
"old_regions_all18_samples","old","all18","SE_1","1",15876747,15919451,0.106044750528781,0.116560791816669,0.121012784545154,0.135192933496255,0.188818274095319,"CLB_Ma","No change","No change"
"old_regions_all18_samples","old","all18","SE_2","1",36342397,36377001,0.271988774899388,0.273260239892439,0.273380305255636,0.00670385689584134,0.00733530022740987,"CLB_Ma","No change","No change"
"old_regions_all18_samples","old","all18","SE_3","1",39102947,39272851,0.1271008119379,0.119890015197285,0.150519333768634,-0.0835845285026812,0.24222227249128,"CLB_Ma","No change","No change"
"old_regions_all18_samples","old","all18","SE_4","1",39375747,39427701,0.167140980974971,0.170417269313468,0.182780150482533,0.0278410648111378,0.128309558807505,"CLB_Ma","No change","No change"
"old_regions_all18_samples","old","all18","SE_5","1",51619871,51673751,0.151826787618188,0.144593843913425,0.141891247226153,-0.0699480865102553,-0.0969798952826975,"CLB_Ma","No change","No change"
"old_regions_all18_samples","old","all18","SE_6","1",85313097,85385301,0.123602696804088,0.105972711432927,0.123092798118194,-0.220092478902051,-0.00591590399750032,"CLB_Ma","No change","No change"
"old_regions_all18_samples","old","all18","SE_7","1",85427447,85462205,0.0615146761658389,0.0679012485554508,0.0657488253140224,0.140335204445172,0.0945475258956884,"CLB_Ma","No change","No change"
"old_regions_all18_samples","old","all18","SE_8","1",85548747,85585701,0.25933268508518,0.246967961564556,0.275760581450264,-0.0702027244481315,0.0882820217185904,"CLB_Ma","No change","No change"
"old_regions_all18_samples","old","all18","SE_9","1",115298747,115335151,0.170977681869332,0.138551536549659,0.153534504585149,-0.301423344150084,-0.154292353440515,"CLB_Ma","No change","No change"
"old_regions_all18_samples","old","all18","SE_10","1",156086247,156141351,0.515407407348231,0.531434570111542,0.553910723497369,0.0440945513235919,0.103745988131725,"CLB_Ma","No change","No change"
"old_regions_all18_samples","old","all18","SE_11","1",157996270,158050551,0.208463894118203,0.233996849502572,0.241279641142767,0.165939831409444,0.209971595684035,"CLB_Ma","No change","No change"
"old_regions_all18_samples","old","all18","SE_12","1",162653747,162723901,0.129503743707476,0.137822049364827,0.1525973568748,0.0891455386672015,0.235062196779996,"CLB_Ma","No change","No change"
"old_regions_all18_samples","old","all18","SE_13","1",163033097,163057701,0.257241119650318,0.261135558887304,0.299644433609879,0.021594330814319,0.219339508679129,"CLB_Ma","No change","No change"
"old_regions_all18_samples","old","all18","SE_14","1",181092697,181117901,0.34092826225551,0.337848810102617,0.326080066217912,-0.013051969086135,-0.0640498368497206,"CLB_Ma","No change","No change"
"old_regions_all18_samples","old","all18","SE_15","1",183026457,183071551,0.149659391864761,0.161352362323535,0.194897744110617,0.107837765818737,0.378810173103703,"CLB_Ma","No change","No change"
"old_regions_all18_samples","old","all18","SE_16","1",198254597,198295951,0.0845022564388696,0.079805637734592,0.0992090472886675,-0.0815065418152541,0.228978367994153,"CLB_Ma","No change","No change"
"old_regions_all18_samples","old","all18","SE_17","1",203506147,203560001,0.262113472895513,0.324522564367782,0.34268140172012,0.307072426154195,0.385386658017158,"CLB_Ma","No change","No change"
"old_regions_all18_samples","old","all18","SE_18","1",203663097,203697401,0.215234928657005,0.214977518004227,0.225264903339959,-0.00171843786087658,0.0654132390443418,"CLB_Ma","No change","No change"
"old_regions_all18_samples","old","all18","SE_19","1",204408247,204440051,0.327435833305656,0.336605514628007,0.394258629038916,0.0397269320533179,0.267185421010067,"CLB_Ma","No change","No change"
"old_regions_all18_samples","old","all18","SE_20","1",218449847,218501301,0.268249381433662,0.214148153188598,0.24864346906576,-0.323612573982663,-0.109073865613656,"CLB_Ma","No change","No change"
"old_regions_all18_samples","old","all18","SE_21","1",223704647,223734151,0.380248884663084,0.401932638924387,0.380763175282515,0.0798055564715278,0.00194483069807338,"CLB_Ma","No change","No change"
"old_regions_all18_samples","old","all18","SE_22","1",223747397,223789651,0.127938210088837,0.123808799349183,0.13287745949391,-0.0469602097601499,0.0542332179573233,"CLB_Ma","No change","No change"
"old_regions_all18_samples","old","all18","SE_23","1",234956997,235001201,0.302372966234736,0.305484663341884,0.352028740358563,0.0147223506778383,0.218693107455876,"CLB_Ma","No change","No change"
"old_regions_all18_samples","old","all18","SE_24","1",243246597,243291601,0.312177270041013,0.330474844474686,0.318426358451662,0.0819198811204766,0.0285038584115132,"CLB_Ma","No change","No change"
"old_regions_all18_samples","old","all18","SE_25","2",36339747,36515551,0.16300556645127,0.153890882472807,0.162612723456021,-0.0824925581004667,-0.00345983682951379,"CLB_Ma","No change","No change"
"old_regions_all18_samples","old","all18","SE_26","2",55096397,55115801,0.231486008164647,0.23288232827694,0.268319438933663,0.00863896608530409,0.212174472103251,"CLB_Ma","No change","No change"
"old_regions_all18_samples","old","all18","SE_27","2",62710647,62744101,0.105414028678529,0.134399209906414,0.123320312154017,0.34753096494226,0.224373675852255,"CLB_Ma","No change","No change"
"old_regions_all18_samples","old","all18","SE_28","2",68028247,68060026,0.118395768588842,0.116864951027742,0.139397754424269,-0.0186169337605062,0.23376815271421,"CLB_Ma","No change","No change"
"old_regions_all18_samples","old","all18","SE_29","2",69116247,69192151,0.225540871179379,0.211023036863832,0.261287210145167,-0.0955503304198903,0.211376103132571,"CLB_Ma","No change","No change"
"old_regions_all18_samples","old","all18","SE_30","2",117936997,117987701,0.158277635863103,0.17982001405367,0.179384485030858,0.183010658617049,0.179531544334283,"CLB_Ma","No change","No change"
"old_regions_all18_samples","old","all18","SE_31","2",160204847,160243551,0.358915468676377,0.33976891106876,0.406512747626278,-0.0788643866334982,0.17918708111011,"CLB_Ma","No change","No change"
"old_regions_all18_samples","old","all18","SE_32","2",160313747,160455451,0.10302973866432,0.0981452347345823,0.108528213594231,-0.0693806678773539,0.0743065382741659,"CLB_Ma","No change","No change"
"old_regions_all18_samples","old","all18","SE_33","2",177215997,177261130,0.187375438369914,0.205923530611068,0.175627715153189,0.135486843563746,-0.0928991310347745,"CLB_Ma","No change","No change"
"old_regions_all18_samples","old","all18","SE_34","2",189080997,189129951,0.0903496740204414,0.0970697040270653,0.104513387446619,0.102407943167956,0.207954572690027,"CLB_Ma","No change","No change"
"old_regions_all18_samples","old","all18","SE_35","2",189247497,189288951,0.145456178761478,0.135687706183296,0.166046276439726,-0.0995855681177193,0.189778764914286,"CLB_Ma","No change","No change"
"old_regions_all18_samples","old","all18","SE_36","2",189366697,189413251,0.125174361504188,0.131575350076345,0.136213311779105,0.0713937720353986,0.121001665666033,"CLB_Ma","No change","No change"
"old_regions_all18_samples","old","all18","SE_37","2",207219797,207260201,0.321654947499888,0.28650450324826,0.27143563548433,-0.166407594036543,-0.24407672254297,"CLB_Ma","No change","No change"
"old_regions_all18_samples","old","all18","SE_38","2",223034497,223094701,0.264282852575025,0.229543383165301,0.248467046071524,-0.202493165770018,-0.0886821732682705,"CLB_Ma","No change","No change"
"old_regions_all18_samples","old","all18","SE_39","2",233402847,233443401,0.197923652759605,0.171565850928734,0.217204940768873,-0.205067830444316,0.13346894051515,"CLB_Ma","No change","No change"
"old_regions_all18_samples","old","all18","SE_40","3",8442247,8465001,0.252040546592892,0.209070534702363,0.216108703503486,-0.268494759066589,-0.220951015134982,"CLB_Ma","No change","No change"
"old_regions_all18_samples","old","all18","SE_41","3",8504804,8566501,0.137136819270707,0.11554045895094,0.127894297598928,-0.245267012420717,-0.0999094707744107,"CLB_Ma","No change","No change"
"old_regions_all18_samples","old","all18","SE_42","3",8928147,8957701,0.142972325625622,0.122126838000399,0.149310521825811,-0.225646262489076,0.0621544789625049,"CLB_Ma","No change","No change"
"old_regions_all18_samples","old","all18","SE_43","3",15766847,15817451,0.12761622894237,0.128906308119893,0.141024106693292,0.0143987932528566,0.143063133652911,"CLB_Ma","No change","No change"
"old_regions_all18_samples","old","all18","SE_44","3",57998447,58082501,0.179412201779275,0.172723553437021,0.196480692478458,-0.0545035474901558,0.130414693727821,"CLB_Ma","No change","No change"
"old_regions_all18_samples","old","all18","SE_45","3",71487997,71522851,0.178818209529559,0.14981676055946,0.175292412130306,-0.253742357660121,-0.028568744276773,"CLB_Ma","No change","No change"
"old_regions_all18_samples","old","all18","SE_46","3",98954747,98983151,0.135683212364764,0.158773030478704,0.143596709409193,0.225187843519148,0.0811986613406104,"CLB_Ma","No change","No change"
"old_regions_all18_samples","old","all18","SE_47","3",100001947,100045201,0.157118911250209,0.150279959998107,0.141641925794044,-0.0637890395079971,-0.148611840541525,"CLB_Ma","No change","No change"
"old_regions_all18_samples","old","all18","SE_48","3",111850747,111917851,0.187889347511735,0.177297773081002,0.183268026959013,-0.0832526586943743,-0.03573557745121,"CLB_Ma","No change","No change"
"old_regions_all18_samples","old","all18","SE_49","3",112629747,112658501,0.39133840684717,0.330041251966924,0.394778334974302,-0.245087564378314,0.012594070147866,"CLB_Ma","No change","No change"
"old_regions_all18_samples","old","all18","SE_50","3",120406897,120448070,0.196927899402565,0.202389445226129,0.214140463202564,0.0392698280751922,0.120303904311307,"CLB_Ma","No change","No change"
"old_regions_all18_samples","old","all18","SE_51","3",123732947,123803701,0.244810247926439,0.220989382682832,0.261170267930092,-0.147054386542432,0.092959018933576,"CLB_Ma","No change","No change"
"old_regions_all18_samples","old","all18","SE_52","3",128758647,128806351,0.10051721216497,0.104820241845365,0.104102315739384,0.0598912640684828,0.0500701008454779,"CLB_Ma","No change","No change"
"old_regions_all18_samples","old","all18","SE_53","3",134308647,134335151,0.415017207806708,0.311529298610635,0.331154012243676,-0.412651759989783,-0.324790862586953,"CLB_Ma","No change","No change"
"old_regions_all18_samples","old","all18","SE_54","3",134457747,134482731,0.194445253709145,0.209543807475332,0.194095442806563,0.107355893594037,-0.00258447119018458,"CLB_Ma","No change","No change"
"old_regions_all18_samples","old","all18","SE_55","3",136136147,136186501,0.0700748753409269,0.061974457785654,0.0660090855020249,-0.174572868233958,-0.0849829452869269,"CLB_Ma","No change","No change"
"old_regions_all18_samples","old","all18","SE_56","3",159760747,159788351,0.397693630018677,0.426491306509723,0.362969044156031,0.100614526170932,-0.131464802056837,"CLB_Ma","No change","No change"
"old_regions_all18_samples","old","all18","SE_57","3",160394897,160434051,0.130667081245399,0.130141971503991,0.129079526174141,-0.00576520648793133,-0.0175007877797983,"CLB_Ma","No change","No change"
"old_regions_all18_samples","old","all18","SE_58","3",171345247,171395851,0.127724623640381,0.119417110776539,0.140003866459117,-0.0962476443508321,0.131446671175598,"CLB_Ma","No change","No change"
"old_regions_all18_samples","old","all18","SE_59","3",172114947,172182951,0.186451324629521,0.171729417407388,0.20741919963706,-0.118002212485247,0.152972164720473,"CLB_Ma","No change","No change"
"old_regions_all18_samples","old","all18","SE_60","3",178168947,178207101,0.127844665159424,0.136641718785689,0.143341365728757,0.0952850094529646,0.163852007087737,"CLB_Ma","No change","No change"
"old_regions_all18_samples","old","all18","SE_61","3",188233597,188299051,0.218982081107652,0.191823847916103,0.220406924648461,-0.190102521054741,0.00931433191053034,"CLB_Ma","No change","No change"
"old_regions_all18_samples","old","all18","SE_62","3",196773597,196808001,0.219973952664105,0.21240207265675,0.241980915058256,-0.0503021334244983,0.136966680007888,"CLB_Ma","No change","No change"
"old_regions_all18_samples","old","all18","SE_63","4",15676347,15693351,0.372790907616429,0.348561084138383,0.353146626487227,-0.0966868945296068,-0.0778846766641145,"CLB_Ma","No change","No change"
"old_regions_all18_samples","old","all18","SE_64","4",41142347,41206251,0.162028348785707,0.157881650901517,0.177525856665252,-0.037170335860085,0.131010186477281,"CLB_Ma","No change","No change"
"old_regions_all18_samples","old","all18","SE_65","4",48345947,48381151,0.170701661886123,0.0966755540910125,0.172276612512606,-0.813834563510259,0.013172941099418,"CLB_Ma","Decreased","No change"
"old_regions_all18_samples","old","all18","SE_66","4",69763710,69800501,0.104570466999661,0.0897252830899384,0.105701756563445,-0.21862974335287,0.0153776247167451,"CLB_Ma","No change","No change"
"old_regions_all18_samples","old","all18","SE_67","4",76579597,76591951,0.291578643030104,0.275444249285024,0.273119423439707,-0.0818359024247545,-0.0940199051805914,"CLB_Ma","No change","No change"
"old_regions_all18_samples","old","all18","SE_68","4",76687447,76709901,0.149546131505409,0.160603524664599,0.157249894425353,0.102253027969896,0.0719989007153974,"CLB_Ma","No change","No change"
"old_regions_all18_samples","old","all18","SE_69","4",76722897,76784501,0.197599924821235,0.187038386565069,0.225395860776818,-0.0788378698723295,0.188982504698063,"CLB_Ma","No change","No change"
"old_regions_all18_samples","old","all18","SE_70","4",76952711,77066251,0.181361752833157,0.193748302495279,0.185501741668033,0.0948075718850306,0.0323859219724296,"CLB_Ma","No change","No change"
"old_regions_all18_samples","old","all18","SE_71","4",79996597,80039451,0.122882862555986,0.124320242976618,0.14206282439611,0.0166428471847057,0.207672204304597,"CLB_Ma","No change","No change"
"old_regions_all18_samples","old","all18","SE_72","4",113890697,113976721,0.0918720225556344,0.0840495593561659,0.0854330955143886,-0.126940292827291,-0.103660223281106,"CLB_Ma","No change","No change"
"old_regions_all18_samples","old","all18","SE_73","4",114242047,114284101,0.150207273457237,0.121284311073371,0.144952676656933,-0.306288218815996,-0.0510268695841429,"CLB_Ma","No change","No change"
"old_regions_all18_samples","old","all18","SE_74","4",122758547,122785001,0.208703648786078,0.190895759498185,0.20092943277342,-0.128029132860836,-0.0545007542178535,"CLB_Ma","No change","No change"
"old_regions_all18_samples","old","all18","SE_75","4",122873447,122913301,0.0791996217574781,0.0736925050057774,0.0818364435178597,-0.102631949036737,0.0466701819611192,"CLB_Ma","No change","No change"
"old_regions_all18_samples","old","all18","SE_76","4",150203097,150260401,0.155312719068771,0.137307866512324,0.154859220335525,-0.176551959576967,-0.0041916697253656,"CLB_Ma","No change","No change"
"old_regions_all18_samples","old","all18","SE_77","4",158802947,158826551,0.373232288488335,0.378089851646123,0.386016777165811,0.0186057970055969,0.0484620698900249,"CLB_Ma","No change","No change"
"old_regions_all18_samples","old","all18","SE_78","4",185340297,185363101,0.320803269386704,0.294439112646001,0.374611680012778,-0.123318148799087,0.223062942389001,"CLB_Ma","No change","No change"
"old_regions_all18_samples","old","all18","SE_79","5",9426847,9485051,0.169126775559654,0.189965934263878,0.21388648945211,0.166705085195924,0.336964560359046,"CLB_Ma","No change","No change"
"old_regions_all18_samples","old","all18","SE_80","5",65184147,65209951,0.189523630342651,0.169769524091754,0.19013981805097,-0.157919412614868,0.00465840639008524,"CLB_Ma","No change","No change"
"old_regions_all18_samples","old","all18","SE_81","5",76488897,76543601,0.0900025064764015,0.0978515557764874,0.10448747657687,0.119357390088944,0.213093545996953,"CLB_Ma","No change","No change"
"old_regions_all18_samples","old","all18","SE_82","5",83501697,83567351,0.0862339319599414,0.0819539029286898,0.0916969074338812,-0.072579558144489,0.0876317894645246,"CLB_Ma","No change","No change"
"old_regions_all18_samples","old","all18","SE_83","5",95711147,95794501,0.176248325745028,0.16395695709117,0.195460926624391,-0.1036823749732,0.148470408718873,"CLB_Ma","No change","No change"
"old_regions_all18_samples","old","all18","SE_84","5",140240947,140263301,0.318774742412112,0.305757760184466,0.34560836829116,-0.05995615040535,0.11625049518754,"CLB_Ma","No change","No change"
"old_regions_all18_samples","old","all18","SE_85","5",140280247,140335801,0.211768163707268,0.197445254469953,0.225659431284926,-0.100541235142676,0.091243894988011,"CLB_Ma","No change","No change"
"old_regions_all18_samples","old","all18","SE_86","5",147471147,147506901,0.21514849654016,0.191861921709484,0.233731278496185,-0.164454472801744,0.118987295842397,"CLB_Ma","No change","No change"
"old_regions_all18_samples","old","all18","SE_87","5",151660847,151701051,0.295411701307326,0.308574561665153,0.336344866840175,0.0626845259659137,0.186621808070286,"CLB_Ma","No change","No change"
"old_regions_all18_samples","old","all18","SE_88","5",169586631,169604651,0.097972697783996,0.100137450609586,0.107481873983339,0.0312148087027059,0.132351496760409,"CLB_Ma","No change","No change"
"old_regions_all18_samples","old","all18","SE_89","6",11161397,11228301,0.151574595902968,0.144480806757187,0.150035867301692,-0.0686859380801618,-0.0146235746018698,"CLB_Ma","No change","No change"
"old_regions_all18_samples","old","all18","SE_90","6",30725347,30784151,0.406907532151653,0.392151349300815,0.416587239445038,-0.053157341487077,0.0338354797363324,"CLB_Ma","No change","No change"
"old_regions_all18_samples","old","all18","SE_91","6",37126147,37146201,0.39979871102387,0.373134351035163,0.390668530450434,-0.0993214362164555,-0.0332446526621937,"CLB_Ma","No change","No change"
"old_regions_all18_samples","old","all18","SE_92","6",44655047,44669401,0.347819704443392,0.339724046343042,0.359236712925706,-0.0338777705372921,0.0464636799226002,"CLB_Ma","No change","No change"
"old_regions_all18_samples","old","all18","SE_93","6",52503197,52574063,0.192995022127716,0.18579411821444,0.187060366382623,-0.0545706055441313,-0.0448237999100667,"CLB_Ma","No change","No change"
"old_regions_all18_samples","old","all18","SE_94","6",140043647,140073501,0.265247979274482,0.236346659388943,0.249326829315433,-0.165774831608377,-0.0889576525966754,"CLB_Ma","No change","No change"
"old_regions_all18_samples","old","all18","SE_95","6",151022147,151071401,0.360202075130164,0.308241245256256,0.37056895135034,-0.224073428718161,0.0408237725854981,"CLB_Ma","No change","No change"
"old_regions_all18_samples","old","all18","SE_96","6",152704947,152754551,0.135301264413789,0.132569150584814,0.164910063485794,-0.0292121071563917,0.283602451923737,"CLB_Ma","No change","No change"
"old_regions_all18_samples","old","all18","SE_97","6",158008197,158058551,0.302713720754999,0.316029293665659,0.346485296765668,0.0619040662262105,0.194239847960368,"CLB_Ma","No change","No change"
"old_regions_all18_samples","old","all18","SE_98","7",18492447,18592001,0.113827861333845,0.127281896823511,0.133766885791788,0.159844857521521,0.230993314899866,"CLB_Ma","No change","No change"
"old_regions_all18_samples","old","all18","SE_99","7",23449697,23478301,0.349865004552633,0.376019864995877,0.401642852662417,0.103724480600582,0.198584664449334,"CLB_Ma","No change","No change"
"old_regions_all18_samples","old","all18","SE_100","7",130355747,130375151,0.498974180725845,0.432746718755963,0.495821358899802,-0.205000750376093,-0.00912639633886124,"CLB_Ma","No change","No change"
"old_regions_all18_samples","old","all18","SE_101","7",130880747,130926401,0.339167304444371,0.32205070041206,0.351376685927799,-0.0744838784620662,0.0508739938711443,"CLB_Ma","No change","No change"
"old_regions_all18_samples","old","all18","SE_102","7",134809197,134848151,0.104798433329408,0.107886806642281,0.111282856879225,0.0415108952551809,0.0858194126932416,"CLB_Ma","No change","No change"
"old_regions_all18_samples","old","all18","SE_103","7",134879597,134946501,0.127668284046805,0.135384864765239,0.138773057627859,0.0840270691777294,0.119429814746337,"CLB_Ma","No change","No change"
"old_regions_all18_samples","old","all18","SE_104","8",32685847,32716151,0.0981463182026715,0.100086432394128,0.108914424168931,0.0279582706771294,0.148749620782655,"CLB_Ma","No change","No change"
"old_regions_all18_samples","old","all18","SE_105","8",66505747,66560201,0.283373341851595,0.235936617848901,0.276340604284135,-0.263285048000928,-0.0361273772135131,"CLB_Ma","No change","No change"
"old_regions_all18_samples","old","all18","SE_106","8",117927647,117958551,0.141259988068835,0.131568335569851,0.144679253628318,-0.101793724028115,0.034265488299761,"CLB_Ma","No change","No change"
"old_regions_all18_samples","old","all18","SE_107","8",117977047,118057451,0.143817946200613,0.143699846161186,0.152760893285703,-0.00117700780508586,0.0864482268335266,"CLB_Ma","No change","No change"
"old_regions_all18_samples","old","all18","SE_108","8",127798959,127929451,0.257161231633867,0.224765301802399,0.268382349434274,-0.193448592504717,0.0613829593677184,"CLB_Ma","No change","No change"
"old_regions_all18_samples","old","all18","SE_109","9",12778010,12823051,0.174659395549937,0.148556905481395,0.17948744578574,-0.232086219051701,0.0391177461593589,"CLB_Ma","No change","No change"
"old_regions_all18_samples","old","all18","SE_110","9",33148547,33163301,0.322298582019256,0.336287135333253,0.339566504885737,0.0611101128785089,0.0750693714002131,"CLB_Ma","No change","No change"
"old_regions_all18_samples","old","all18","SE_111","9",33305747,33338851,0.17152065089506,0.15412608116449,0.179316011240503,-0.153327798894518,0.0637584429349921,"CLB_Ma","No change","No change"
"old_regions_all18_samples","old","all18","SE_112","9",33820797,33878851,0.0701246404587079,0.0841876420726816,0.0859464733141815,0.260294703503543,0.289778056249084,"CLB_Ma","No change","No change"
"old_regions_all18_samples","old","all18","SE_113","9",35510497,35534101,0.304741030818134,0.189076821534162,0.253240575452005,-0.685727559949149,-0.266115881425599,"CLB_Ma","Decreased","No change"
"old_regions_all18_samples","old","all18","SE_114","9",36089347,36114801,0.262806021525181,0.256106638620825,0.279031557204764,-0.0371106335614785,0.0861119206319267,"CLB_Ma","No change","No change"
"old_regions_all18_samples","old","all18","SE_115","9",37929397,37979101,0.247664973703494,0.223553935071789,0.2387257424747,-0.14714130356922,-0.0528184693640518,"CLB_Ma","No change","No change"
"old_regions_all18_samples","old","all18","SE_116","9",38008247,38049251,0.305608877358855,0.292273978576534,0.324142032834176,-0.0641503982150965,0.0846706044422045,"CLB_Ma","No change","No change"
"old_regions_all18_samples","old","all18","SE_117","9",112031947,112082301,0.403032930223974,0.31715504878965,0.358963254209626,-0.344742867073735,-0.166623242124233,"CLB_Ma","No change","No change"
"old_regions_all18_samples","old","all18","SE_118","9",123036640,123103201,0.129106901954887,0.120520534872432,0.136811117065486,-0.0984973716732037,0.0829947766389023,"CLB_Ma","No change","No change"
"old_regions_all18_samples","old","all18","SE_119","9",129480397,129503501,0.412173376110918,0.416115082939408,0.410245791602578,0.0136981877909126,-0.00674637802599741,"CLB_Ma","No change","No change"
"old_regions_all18_samples","old","all18","SE_120","10",4765947,4781801,0.234221384410875,0.235907183732481,0.265370325447015,0.0103027218488699,0.179414146056147,"CLB_Ma","No change","No change"
"old_regions_all18_samples","old","all18","SE_121","10",17198947,17218401,0.271084167146458,0.264331971777139,0.248716706092288,-0.0362544802940055,-0.123760666092042,"CLB_Ma","No change","No change"
"old_regions_all18_samples","old","all18","SE_122","10",28539747,28607351,0.0518524918980119,0.0550397073810413,0.0635279089476776,0.0844779289244533,0.287951781502738,"CLB_Ma","No change","No change"
"old_regions_all18_samples","old","all18","SE_123","10",32938556,32963651,0.21042809428029,0.225315314704865,0.222264460729255,0.0981671219154993,0.0785865281890956,"CLB_Ma","No change","No change"
"old_regions_all18_samples","old","all18","SE_124","10",33210847,33241751,0.147491366227394,0.141852865253162,0.145860421765062,-0.0558490772302844,-0.0159334021329022,"CLB_Ma","No change","No change"
"old_regions_all18_samples","old","all18","SE_125","10",52516047,52542901,0.13169192413563,0.150447839265315,0.117074150983956,0.190740426662725,-0.168387406637166,"CLB_Ma","No change","No change"
"old_regions_all18_samples","old","all18","SE_126","10",62224097,62264501,0.151488781705487,0.119506756701664,0.126829930822551,-0.339589071101447,-0.254477433782413,"CLB_Ma","No change","No change"
"old_regions_all18_samples","old","all18","SE_127","10",71835247,71861901,0.40639330572468,0.371681046306565,0.385854163869446,-0.128480825364725,-0.0746324719262063,"CLB_Ma","No change","No change"
"old_regions_all18_samples","old","all18","SE_128","10",74049647,74090251,0.0891234556814773,0.0831128782629014,0.0971565668514331,-0.0995759291636709,0.123182156686063,"CLB_Ma","No change","No change"
"old_regions_all18_samples","old","all18","SE_129","10",77494247,77535201,0.311880972572575,0.294875415042892,0.291497915965692,-0.0806241010057374,-0.0971875801290255,"CLB_Ma","No change","No change"
"old_regions_all18_samples","old","all18","SE_130","10",90913547,90937551,0.403275501657259,0.245342608304821,0.287114256936358,-0.714672598474717,-0.488697729587757,"CLB_Ma","Decreased","No change"
"old_regions_all18_samples","old","all18","SE_131","10",93435197,93479316,0.410567193845473,0.404962303649849,0.442078847231934,-0.0197822195037107,0.106435464482631,"CLB_Ma","No change","No change"
"old_regions_all18_samples","old","all18","SE_132","10",99945397,100006952,0.184158911412792,0.185891235627041,0.213502127442447,0.0134349287807828,0.212227970647391,"CLB_Ma","No change","No change"
"old_regions_all18_samples","old","all18","SE_133","10",126198347,126264901,0.205091793342287,0.208838312842657,0.206311754579868,0.0259910557731378,0.00851486227193775,"CLB_Ma","No change","No change"
"old_regions_all18_samples","old","all18","SE_134","11",8704047,8734001,0.283720579507125,0.296489840025657,0.331791525769595,0.0632936234912892,0.225071922684978,"CLB_Ma","No change","No change"
"old_regions_all18_samples","old","all18","SE_135","11",9564747,9593851,0.390708140495398,0.417442985811754,0.415792604634659,0.0952519536258799,0.0895505686136172,"CLB_Ma","No change","No change"
"old_regions_all18_samples","old","all18","SE_136","11",12156847,12238251,0.297497022821847,0.270216985019155,0.301867137352521,-0.138269011896638,0.0209685044957086,"CLB_Ma","No change","No change"
"old_regions_all18_samples","old","all18","SE_137","11",57764759,57800701,0.244508648479957,0.21099716375153,0.246655086813601,-0.211728883420963,0.0125584071646326,"CLB_Ma","No change","No change"
"old_regions_all18_samples","old","all18","SE_138","11",65471697,65503201,0.753908282318508,0.800052821320476,0.796316750596771,0.0855960022367471,0.0788516039243049,"CLB_Ma","No change","No change"
"old_regions_all18_samples","old","all18","SE_139","11",66066197,66134001,0.180640535938784,0.182849711018689,0.181098659074818,0.0174407102457469,0.00363410011904896,"CLB_Ma","No change","No change"
"old_regions_all18_samples","old","all18","SE_140","11",74121747,74163301,0.126615229263286,0.109036835152128,0.135319537393546,-0.213813955796943,0.0951918380547682,"CLB_Ma","No change","No change"
"old_regions_all18_samples","old","all18","SE_141","11",86717847,86763301,0.278284459586031,0.247067163432873,0.270161141062515,-0.171004520185517,-0.0425848521336543,"CLB_Ma","No change","No change"
"old_regions_all18_samples","old","all18","SE_142","11",96045247,96167601,0.150702268904424,0.132885126967875,0.152481314409126,-0.180246959679653,0.0168203621769279,"CLB_Ma","No change","No change"
"old_regions_all18_samples","old","all18","SE_143","11",96186547,96338436,0.167483225604958,0.16113069886807,0.188639060391335,-0.0554476762148535,0.17065118796055,"CLB_Ma","No change","No change"
"old_regions_all18_samples","old","all18","SE_144","11",111530747,111564401,0.320413243567002,0.309767804942214,0.309997408470238,-0.048592324753535,-0.0475268168120753,"CLB_Ma","No change","No change"
"old_regions_all18_samples","old","all18","SE_145","11",120329347,120348301,0.272302240288222,0.287341562126467,0.316170954735657,0.0772815189173765,0.214763374934587,"CLB_Ma","No change","No change"
"old_regions_all18_samples","old","all18","SE_146","11",122156497,122199001,0.144947541080567,0.138232264951155,0.140749677193125,-0.0679563320920282,-0.0421044548473212,"CLB_Ma","No change","No change"
"old_regions_all18_samples","old","all18","SE_147","12",12816343,12845951,0.215789069799638,0.182877556613451,0.237996120646728,-0.237546619174364,0.140695180893789,"CLB_Ma","No change","No change"
"old_regions_all18_samples","old","all18","SE_148","12",29276997,29287551,0.129641098986176,0.133026941540785,0.12759180089603,0.0369142020364842,-0.0228101740367392,"CLB_Ma","No change","No change"
"old_regions_all18_samples","old","all18","SE_149","12",45223347,45314051,0.224144167698993,0.215606397923135,0.246619583394884,-0.0557732489327003,0.137276311408147,"CLB_Ma","No change","No change"
"old_regions_all18_samples","old","all18","SE_150","12",67651729,67681601,0.225705514074026,0.201128729873367,0.237003901861517,-0.165545085702703,0.070165743783323,"CLB_Ma","No change","No change"
"old_regions_all18_samples","old","all18","SE_151","12",93775547,93788151,0.281285668624596,0.250038872260147,0.259942924407431,-0.169245109963046,-0.113421603268531,"CLB_Ma","No change","No change"
"old_regions_all18_samples","old","all18","SE_152","12",121923247,121950951,0.151159061901835,0.157157221328395,0.146373628720291,0.055779172858296,-0.0461018674651116,"CLB_Ma","No change","No change"
"old_regions_all18_samples","old","all18","SE_153","12",122068297,122123151,0.180949945461158,0.1926034070482,0.216752844258433,0.0895627227613192,0.259149944499255,"CLB_Ma","No change","No change"
"old_regions_all18_samples","old","all18","SE_154","13",33212947,33264201,0.12430407584079,0.123647529694284,0.133588921990921,-0.00757905152125939,0.103126323831339,"CLB_Ma","No change","No change"
"old_regions_all18_samples","old","all18","SE_155","13",45189747,45243251,0.13233068697511,0.118900061393426,0.158724681109978,-0.153176467368064,0.260578394461857,"CLB_Ma","No change","No change"
"old_regions_all18_samples","old","all18","SE_156","14",32444647,32524351,0.152026392029101,0.131374859391808,0.154812918442982,-0.209151340118901,0.0260343602370954,"CLB_Ma","No change","No change"
"old_regions_all18_samples","old","all18","SE_157","14",51003797,51024851,0.300554711605985,0.28385223534049,0.328360662283275,-0.0822060489795922,0.127248478174837,"CLB_Ma","No change","No change"
"old_regions_all18_samples","old","all18","SE_158","14",51521947,51555551,0.223547580771517,0.202259339237178,0.224089318608708,-0.143699537005438,0.0034764178404068,"CLB_Ma","No change","No change"
"old_regions_all18_samples","old","all18","SE_159","14",52852497,52948096,0.117933598803284,0.0909870773660468,0.110201710731046,-0.370653228579112,-0.0969773520555986,"CLB_Ma","No change","No change"
"old_regions_all18_samples","old","all18","SE_160","14",64917647,64937951,0.108815396304917,0.104946263350609,0.0862469359401993,-0.0517476310376928,-0.33190396607221,"CLB_Ma","No change","No change"
"old_regions_all18_samples","old","all18","SE_161","15",32818747,32879001,0.189686128314724,0.192659503476069,0.207010413007812,0.0223224037195257,0.12545585460231,"CLB_Ma","No change","No change"
"old_regions_all18_samples","old","all18","SE_162","15",33126697,33165451,0.251659354040971,0.287629162034884,0.318162090613423,0.192023478930144,0.337095708629194,"CLB_Ma","No change","No change"
"old_regions_all18_samples","old","all18","SE_163","15",44028097,44116051,0.10612466326353,0.106955030208203,0.113707850648367,0.0111397985178198,0.0986734639565422,"CLB_Ma","No change","No change"
"old_regions_all18_samples","old","all18","SE_164","15",48532697,48575601,0.118513436575418,0.115861855047306,0.135735760088182,-0.0323687299630519,0.194217770281912,"CLB_Ma","No change","No change"
"old_regions_all18_samples","old","all18","SE_165","15",60358047,60443901,0.285452853039948,0.280425359794883,0.303139615828772,-0.0255453683996355,0.0864360405042057,"CLB_Ma","No change","No change"
"old_regions_all18_samples","old","all18","SE_166","15",67068854,67159051,0.31472218393152,0.295490076108595,0.328728011752281,-0.090671817081619,0.0626208212342134,"CLB_Ma","No change","No change"
"old_regions_all18_samples","old","all18","SE_167","15",90399947,90424101,0.168298249053946,0.162826679921061,0.157438465965188,-0.0473967268457207,-0.0956444144733444,"CLB_Ma","No change","No change"
"old_regions_all18_samples","old","all18","SE_168","15",90550547,90564101,0.496298603656344,0.492746404261923,0.515842079012623,-0.010342138562757,0.055611152444765,"CLB_Ma","No change","No change"
"old_regions_all18_samples","old","all18","SE_169","15",98718197,98736951,0.208241678133276,0.194072269699244,0.206711574743343,-0.101161538021432,-0.0105886329789107,"CLB_Ma","No change","No change"
"old_regions_all18_samples","old","all18","SE_170","15",98842147,98928101,0.249028829636662,0.248587089638387,0.276309969822251,-0.00255114477482828,0.149405030157027,"CLB_Ma","No change","No change"
"old_regions_all18_samples","old","all18","SE_171","16",24970997,25011251,0.165009646947101,0.148820886820518,0.173084544244751,-0.148028313383836,0.0685210417050197,"CLB_Ma","No change","No change"
"old_regions_all18_samples","old","all18","SE_172","16",50183447,50211701,0.147617737903199,0.141934082763335,0.138973151354176,-0.0562563460448155,-0.0864561891649007,"CLB_Ma","No change","No change"
"old_regions_all18_samples","old","all18","SE_173","16",57168997,57204301,0.29435852040297,0.304841219519762,0.326126575785823,0.0503156269980522,0.147381737886668,"CLB_Ma","No change","No change"
"old_regions_all18_samples","old","all18","SE_174","16",75242947,75261051,0.664492547851995,0.543336064374725,0.594473357683926,-0.289924887640417,-0.160385549683146,"CLB_Ma","No change","No change"
"old_regions_all18_samples","old","all18","SE_175","17",40298047,40352151,0.535907691792443,0.577250204496721,0.533548007282373,0.107019797829339,-0.00635455231148906,"CLB_Ma","No change","No change"
"old_regions_all18_samples","old","all18","SE_176","17",45287497,45322051,0.427130744482813,0.485053455469029,0.458785708718114,0.183063547528138,0.10291018362661,"CLB_Ma","No change","No change"
"old_regions_all18_samples","old","all18","SE_177","17",59745197,59860001,0.453928602637449,0.460234175287606,0.56568388579785,0.0198592701159158,0.316904034842003,"CLB_Ma","No change","No change"
"old_regions_all18_samples","old","all18","SE_178","19",13839657,13866051,0.6619376305553,0.716338350034772,0.627387105016463,0.113780614195207,-0.0772195716486298,"CLB_Ma","No change","No change"
"old_regions_all18_samples","old","all18","SE_179","19",17078947,17138251,0.246416513747125,0.227668140332152,0.257410011119738,-0.113686422570191,0.0627201670726856,"CLB_Ma","No change","No change"
"old_regions_all18_samples","old","all18","SE_180","19",47094147,47123101,0.287863037558996,0.278415802997084,0.26363414654189,-0.047971992860205,-0.12638638189966,"CLB_Ma","No change","No change"
"old_regions_all18_samples","old","all18","SE_181","20",35304047,35339601,0.335324225399577,0.265045690672293,0.307311859390423,-0.338178664411781,-0.125462315188682,"CLB_Ma","No change","No change"
"old_regions_all18_samples","old","all18","SE_182","20",35864297,35902101,0.390591903984658,0.322480044437643,0.421991423752195,-0.275674223316452,0.111277474597482,"CLB_Ma","No change","No change"
"old_regions_all18_samples","old","all18","SE_183","20",49676197,49705301,0.103414890921159,0.105283403850067,0.12464605823934,0.0255888640210172,0.267037938132974,"CLB_Ma","No change","No change"
"old_regions_all18_samples","old","all18","SE_184","20",53735247,53753451,0.265509434255496,0.225640613935763,0.270910817611964,-0.233780189446162,0.028946943890287,"CLB_Ma","No change","No change"
"old_regions_all18_samples","old","all18","SE_185","22",24132747,24175251,0.216936331977305,0.22527526301898,0.224829317875569,0.0541721472284066,0.0513260665526238,"CLB_Ma","No change","No change"
"old_regions_all18_samples","old","all18","SE_186","22",24283397,24334101,0.0992738659272389,0.107369311852461,0.105038724874113,0.112010620751704,0.0806455771565898,"CLB_Ma","No change","No change"
"old_regions_all18_samples","old","all18","SE_187","22",31217497,31253901,0.25918371002183,0.278252421997917,0.300741569282826,0.102039155038354,0.213782823934134,"CLB_Ma","No change","No change"
"old_regions_all18_samples","old","all18","SE_188","22",36307297,36398351,0.341004063045126,0.33342783030851,0.341541109046193,-0.0323185544352743,0.00226367460619298,"CLB_Ma","No change","No change"
"old_regions_all18_samples","old","all18","SE_189","22",40484997,40529101,0.203065887137618,0.190420763500762,0.198082488293482,-0.0922877049525675,-0.0356687088715902,"CLB_Ma","No change","No change"
"old_regions_all18_samples","old","all18","SE_190","22",41828897,41887951,0.135252827476487,0.132580762965353,0.135780111094655,-0.0285739090481539,0.00557229769244885,"CLB_Ma","No change","No change"
"old_regions_all18_samples","old","all18","SE_191","22",42956547,43011451,0.231702012584881,0.220865377698879,0.236283129465948,-0.0687991371471642,0.0281258420364498,"CLB_Ma","No change","No change"
"old_regions_all18_samples","old","all18","SE_192","22",46057142,46082995,0.554220151702535,0.568472643951988,0.573132020214234,0.0365666086704893,0.0483225876957572,"CLB_Ma","No change","No change"
"old_regions_all18_samples","old","all18","SE_1","1",15876747,15919451,0.0927703989116782,0.0956781287665186,0.112828757995341,0.0440569795470792,0.279660614791219,"SK_N_SH","No change","No change"
"old_regions_all18_samples","old","all18","SE_2","1",36342397,36377001,0.33591259111158,0.268648842851577,0.325722445054296,-0.321292503125874,-0.0443087780313883,"SK_N_SH","No change","No change"
"old_regions_all18_samples","old","all18","SE_3","1",39102947,39272851,0.165449390664421,0.134324085642166,0.15816910236061,-0.298664949007137,-0.0645232795738544,"SK_N_SH","No change","No change"
"old_regions_all18_samples","old","all18","SE_4","1",39375747,39427701,0.215138020539402,0.18251794262432,0.197338990971864,-0.236031754156244,-0.123984555705605,"SK_N_SH","No change","No change"
"old_regions_all18_samples","old","all18","SE_5","1",51619871,51673751,0.165515004027697,0.147731247413298,0.196026026514467,-0.162944399313448,0.242734038853717,"SK_N_SH","No change","No change"
"old_regions_all18_samples","old","all18","SE_6","1",85313097,85385301,0.156838555411443,0.113726012144301,0.111297889782145,-0.460257122574486,-0.491118839283279,"SK_N_SH","No change","No change"
"old_regions_all18_samples","old","all18","SE_7","1",85427447,85462205,0.0986827487684416,0.108074601210702,0.126714890954241,0.129899442485204,0.35751098970896,"SK_N_SH","No change","No change"
"old_regions_all18_samples","old","all18","SE_8","1",85548747,85585701,0.406529212352521,0.357805429887199,0.360282757037308,-0.183701754695621,-0.173775076937153,"SK_N_SH","No change","No change"
"old_regions_all18_samples","old","all18","SE_9","1",115298747,115335151,0.140013544896956,0.112651293455759,0.145397787389043,-0.31121964228488,0.0540600036149943,"SK_N_SH","No change","No change"
"old_regions_all18_samples","old","all18","SE_10","1",156086247,156141351,0.712439653800483,0.5805958194102,0.666197854366976,-0.294774505684206,-0.0966767554453852,"SK_N_SH","No change","No change"
"old_regions_all18_samples","old","all18","SE_11","1",157996270,158050551,0.220117918556875,0.177709378836084,0.208751188751481,-0.307200590064526,-0.0761369533514332,"SK_N_SH","No change","No change"
"old_regions_all18_samples","old","all18","SE_12","1",162653747,162723901,0.144517437386997,0.129072048895029,0.145049949783866,-0.161881066476663,0.00526982016638303,"SK_N_SH","No change","No change"
"old_regions_all18_samples","old","all18","SE_13","1",163033097,163057701,0.404887204886417,0.368760944056559,0.411096674831547,-0.134486013154143,0.021903961198433,"SK_N_SH","No change","No change"
"old_regions_all18_samples","old","all18","SE_14","1",181092697,181117901,0.33414559989865,0.317846387185198,0.301563415399961,-0.0719264586696706,-0.147550438994795,"SK_N_SH","No change","No change"
"old_regions_all18_samples","old","all18","SE_15","1",183026457,183071551,0.118026604631466,0.127192786675931,0.0918739355354509,0.107031006329348,-0.357938402841251,"SK_N_SH","No change","No change"
"old_regions_all18_samples","old","all18","SE_16","1",198254597,198295951,0.12141389491379,0.104080617671844,0.103993763819445,-0.220270738371801,-0.221463683731319,"SK_N_SH","No change","No change"
"old_regions_all18_samples","old","all18","SE_17","1",203506147,203560001,0.265978944294351,0.191769935229878,0.222716407608719,-0.469845902415983,-0.255054896905935,"SK_N_SH","No change","No change"
"old_regions_all18_samples","old","all18","SE_18","1",203663097,203697401,0.217603929889392,0.200859614449677,0.263088387729693,-0.114967033743685,0.272701529059673,"SK_N_SH","No change","No change"
"old_regions_all18_samples","old","all18","SE_19","1",204408247,204440051,0.321737665493138,0.273343167126119,0.278957969876364,-0.234380315079816,-0.205151707688738,"SK_N_SH","No change","No change"
"old_regions_all18_samples","old","all18","SE_20","1",218449847,218501301,0.148122679886185,0.115701486507157,0.134875300604848,-0.353676754272591,-0.134216465020156,"SK_N_SH","No change","No change"
"old_regions_all18_samples","old","all18","SE_21","1",223704647,223734151,0.347342555138255,0.314464730003632,0.3306481675893,-0.143028013828049,-0.070853175222519,"SK_N_SH","No change","No change"
"old_regions_all18_samples","old","all18","SE_22","1",223747397,223789651,0.128337091066618,0.104736725716389,0.116133952921327,-0.290659510585064,-0.142976746186976,"SK_N_SH","No change","No change"
"old_regions_all18_samples","old","all18","SE_23","1",234956997,235001201,0.250169833364467,0.200524462807761,0.270277704996794,-0.317708224052436,0.11110728394031,"SK_N_SH","No change","No change"
"old_regions_all18_samples","old","all18","SE_24","1",243246597,243291601,0.281154354376689,0.251793294896185,0.339006886180878,-0.158526416400012,0.269079351355677,"SK_N_SH","No change","No change"
"old_regions_all18_samples","old","all18","SE_25","2",36339747,36515551,0.208190888995672,0.173370769477366,0.184186627053039,-0.262661803269168,-0.175840097957226,"SK_N_SH","No change","No change"
"old_regions_all18_samples","old","all18","SE_26","2",55096397,55115801,0.190330594563735,0.155589506033075,0.169067048123824,-0.289080052568376,-0.169963950951806,"SK_N_SH","No change","No change"
"old_regions_all18_samples","old","all18","SE_27","2",62710647,62744101,0.0818145774263803,0.147191945872755,0.191066401388917,0.839510394903504,1.21364852174261,"SK_N_SH","Increased","Increased"
"old_regions_all18_samples","old","all18","SE_28","2",68028247,68060026,0.132603958984103,0.119486378755312,0.128010784329305,-0.149092702834452,-0.0504710896037564,"SK_N_SH","No change","No change"
"old_regions_all18_samples","old","all18","SE_29","2",69116247,69192151,0.119806634036627,0.106908488575348,0.121224810287438,-0.162891323442222,0.0168374843292536,"SK_N_SH","No change","No change"
"old_regions_all18_samples","old","all18","SE_30","2",117936997,117987701,0.149025832492316,0.152784324065686,0.160900183602584,0.0356975149527939,0.109893686340342,"SK_N_SH","No change","No change"
"old_regions_all18_samples","old","all18","SE_31","2",160204847,160243551,0.264933170707577,0.207039102578797,0.252642582217723,-0.354209020768539,-0.0682667710135152,"SK_N_SH","No change","No change"
"old_regions_all18_samples","old","all18","SE_32","2",160313747,160455451,0.104705377471366,0.0969683711822386,0.102426881454802,-0.109660812338041,-0.031437569637591,"SK_N_SH","No change","No change"
"old_regions_all18_samples","old","all18","SE_33","2",177215997,177261130,0.159891207150322,0.141309173608145,0.174666497095076,-0.177056819007767,0.126753584872865,"SK_N_SH","No change","No change"
"old_regions_all18_samples","old","all18","SE_34","2",189080997,189129951,0.0983157483425973,0.084821594218424,0.0960130452072502,-0.210681801005886,-0.0338437442752636,"SK_N_SH","No change","No change"
"old_regions_all18_samples","old","all18","SE_35","2",189247497,189288951,0.150481354058544,0.12325559468269,0.113447080714147,-0.285829410866953,-0.404459558847067,"SK_N_SH","No change","No change"
"old_regions_all18_samples","old","all18","SE_36","2",189366697,189413251,0.113232356400109,0.0958874270698461,0.127625218877234,-0.237589986415802,0.171202179075296,"SK_N_SH","No change","No change"
"old_regions_all18_samples","old","all18","SE_37","2",207219797,207260201,0.184476293844072,0.165545877089642,0.176349189348339,-0.155315164468109,-0.0646420686022742,"SK_N_SH","No change","No change"
"old_regions_all18_samples","old","all18","SE_38","2",223034497,223094701,0.161071433322676,0.132593056638532,0.165875506792209,-0.278784796961477,0.0421423940627177,"SK_N_SH","No change","No change"
"old_regions_all18_samples","old","all18","SE_39","2",233402847,233443401,0.175211238632664,0.134877147425016,0.147844325933268,-0.375003105273951,-0.243501715382715,"SK_N_SH","No change","No change"
"old_regions_all18_samples","old","all18","SE_40","3",8442247,8465001,0.180729706673786,0.166786168472991,0.191705954727899,-0.115170479322942,0.0846068816532746,"SK_N_SH","No change","No change"
"old_regions_all18_samples","old","all18","SE_41","3",8504804,8566501,0.111747651255019,0.116291852950254,0.108047045019177,0.0570054280191017,-0.0481467037102422,"SK_N_SH","No change","No change"
"old_regions_all18_samples","old","all18","SE_42","3",8928147,8957701,0.0988653469438547,0.0948078194838833,0.0968234688913237,-0.0598407445808692,-0.0298035282435739,"SK_N_SH","No change","No change"
"old_regions_all18_samples","old","all18","SE_43","3",15766847,15817451,0.108154835031321,0.11068688398829,0.118554799562664,0.0330837359117854,0.131296012472209,"SK_N_SH","No change","No change"
"old_regions_all18_samples","old","all18","SE_44","3",57998447,58082501,0.195537336687042,0.167782976636548,0.197291212110976,-0.219634008978829,0.012817330597685,"SK_N_SH","No change","No change"
"old_regions_all18_samples","old","all18","SE_45","3",71487997,71522851,0.0981904591952645,0.0813610347427911,0.0815608146274191,-0.268239403802397,-0.264744153283425,"SK_N_SH","No change","No change"
"old_regions_all18_samples","old","all18","SE_46","3",98954747,98983151,0.12147836438567,0.104811946234373,0.0976182929780163,-0.211024404066378,-0.312599735874684,"SK_N_SH","No change","No change"
"old_regions_all18_samples","old","all18","SE_47","3",100001947,100045201,0.0999796407061758,0.0995746760348539,0.103588112418018,-0.00579735843595095,0.0506544335612178,"SK_N_SH","No change","No change"
"old_regions_all18_samples","old","all18","SE_48","3",111850747,111917851,0.169047741843278,0.149833611485581,0.171165268028169,-0.172981895887637,0.0178542803930397,"SK_N_SH","No change","No change"
"old_regions_all18_samples","old","all18","SE_49","3",112629747,112658501,0.27440212263121,0.234168524386002,0.262457735258278,-0.227844700177112,-0.0639681403054618,"SK_N_SH","No change","No change"
"old_regions_all18_samples","old","all18","SE_50","3",120406897,120448070,0.254368094998211,0.223637489161746,0.251550927883037,-0.184979574442815,-0.0160039475650204,"SK_N_SH","No change","No change"
"old_regions_all18_samples","old","all18","SE_51","3",123732947,123803701,0.178752470957614,0.144261939347042,0.178961242096974,-0.307354856457495,0.00167462685087593,"SK_N_SH","No change","No change"
"old_regions_all18_samples","old","all18","SE_52","3",128758647,128806351,0.0859502235489875,0.0866344886884302,0.105679893520469,0.0113090197376409,0.295026648199172,"SK_N_SH","No change","No change"
"old_regions_all18_samples","old","all18","SE_53","3",134308647,134335151,0.315511020551096,0.172081464658209,0.184032405119533,-0.870804499149788,-0.774477778389892,"SK_N_SH","Decreased","Decreased"
"old_regions_all18_samples","old","all18","SE_54","3",134457747,134482731,0.21612092341332,0.166176234103936,0.173836333299886,-0.377128994241006,-0.312493734566741,"SK_N_SH","No change","No change"
"old_regions_all18_samples","old","all18","SE_55","3",136136147,136186501,0.0609216287352738,0.0554637104690504,0.0588260035171568,-0.13311948194648,-0.0496707278062935,"SK_N_SH","No change","No change"
"old_regions_all18_samples","old","all18","SE_56","3",159760747,159788351,0.295932454641285,0.262518081610956,0.282020048942508,-0.172232830622491,-0.0692305319555818,"SK_N_SH","No change","No change"
"old_regions_all18_samples","old","all18","SE_57","3",160394897,160434051,0.0930940927957801,0.118526006313854,0.102247166877266,0.345148493214662,0.133926135483625,"SK_N_SH","No change","No change"
"old_regions_all18_samples","old","all18","SE_58","3",171345247,171395851,0.109332138811959,0.10261403152111,0.113983883685097,-0.0906337093871425,0.0595785681011415,"SK_N_SH","No change","No change"
"old_regions_all18_samples","old","all18","SE_59","3",172114947,172182951,0.160409534310845,0.135655062274428,0.155289540173875,-0.240186895482259,-0.046504571954305,"SK_N_SH","No change","No change"
"old_regions_all18_samples","old","all18","SE_60","3",178168947,178207101,0.155392715516298,0.150627554731413,0.159853732220558,-0.044641363014278,0.0405760944758082,"SK_N_SH","No change","No change"
"old_regions_all18_samples","old","all18","SE_61","3",188233597,188299051,0.139501709630388,0.115353700215109,0.110032776229472,-0.272070594072365,-0.339602070696519,"SK_N_SH","No change","No change"
"old_regions_all18_samples","old","all18","SE_62","3",196773597,196808001,0.138828705946587,0.125353925089481,0.181092508352349,-0.146190086048654,0.381011000932901,"SK_N_SH","No change","No change"
"old_regions_all18_samples","old","all18","SE_63","4",15676347,15693351,0.306395306239123,0.243678008480832,0.330854385065125,-0.329210697379286,0.110455201853585,"SK_N_SH","No change","No change"
"old_regions_all18_samples","old","all18","SE_64","4",41142347,41206251,0.124795499715898,0.0990063688345824,0.102804408926524,-0.3309884313627,-0.27721259013214,"SK_N_SH","No change","No change"
"old_regions_all18_samples","old","all18","SE_65","4",48345947,48381151,0.106941276952589,0.142832195761627,0.119420207301547,0.414139988720515,0.157830846410117,"SK_N_SH","No change","No change"
"old_regions_all18_samples","old","all18","SE_66","4",69763710,69800501,0.170495514905591,0.158986558899653,0.176886928600798,-0.100220142605254,0.052789656775362,"SK_N_SH","No change","No change"
"old_regions_all18_samples","old","all18","SE_67","4",76579597,76591951,0.267999408993732,0.20606791750574,0.237675108155256,-0.377498959160739,-0.172554890031908,"SK_N_SH","No change","No change"
"old_regions_all18_samples","old","all18","SE_68","4",76687447,76709901,0.142931250562633,0.15524552014896,0.158152839906778,0.118434959468904,0.145033034368265,"SK_N_SH","No change","No change"
"old_regions_all18_samples","old","all18","SE_69","4",76722897,76784501,0.10141976952403,0.083753241019843,0.0899780237305048,-0.27315377366918,-0.170904216546236,"SK_N_SH","No change","No change"
"old_regions_all18_samples","old","all18","SE_70","4",76952711,77066251,0.103934155351579,0.101618747344505,0.110010046663028,-0.0321900218139905,0.0812059079362132,"SK_N_SH","No change","No change"
"old_regions_all18_samples","old","all18","SE_71","4",79996597,80039451,0.0755203321498788,0.081076322316127,0.0889141613074158,0.101122952005161,0.232705219360713,"SK_N_SH","No change","No change"
"old_regions_all18_samples","old","all18","SE_72","4",113890697,113976721,0.0973885260986197,0.0976955664278689,0.0909515918862644,0.00449519708117062,-0.0976155296409794,"SK_N_SH","No change","No change"
"old_regions_all18_samples","old","all18","SE_73","4",114242047,114284101,0.13634252300047,0.104919139929361,0.117458008584662,-0.374815058947971,-0.213402633384355,"SK_N_SH","No change","No change"
"old_regions_all18_samples","old","all18","SE_74","4",122758547,122785001,0.137408729552948,0.107703186087054,0.119486806358253,-0.348540711480261,-0.200059761844063,"SK_N_SH","No change","No change"
"old_regions_all18_samples","old","all18","SE_75","4",122873447,122913301,0.0733733375977167,0.0596328086502516,0.0563510370139436,-0.294686863447887,-0.374965943265819,"SK_N_SH","No change","No change"
"old_regions_all18_samples","old","all18","SE_76","4",150203097,150260401,0.125769315886496,0.116243730086735,0.106435795644735,-0.112694815007002,-0.238730834888682,"SK_N_SH","No change","No change"
"old_regions_all18_samples","old","all18","SE_77","4",158802947,158826551,0.201231828124287,0.198864235567149,0.205598302578595,-0.0169897386450474,0.0308183282731906,"SK_N_SH","No change","No change"
"old_regions_all18_samples","old","all18","SE_78","4",185340297,185363101,0.235406278338651,0.207402714551888,0.267755891977314,-0.181894280689893,0.185028033207989,"SK_N_SH","No change","No change"
"old_regions_all18_samples","old","all18","SE_79","5",9426847,9485051,0.116320786734052,0.123101334768428,0.127031331646058,0.081059981700324,0.126038257000409,"SK_N_SH","No change","No change"
"old_regions_all18_samples","old","all18","SE_80","5",65184147,65209951,0.0955610725173571,0.080718193424115,0.0776544218730663,-0.240784390194512,-0.295913825602134,"SK_N_SH","No change","No change"
"old_regions_all18_samples","old","all18","SE_81","5",76488897,76543601,0.141388237131973,0.119371700410283,0.138487294580027,-0.242333716483117,-0.0296962505204882,"SK_N_SH","No change","No change"
"old_regions_all18_samples","old","all18","SE_82","5",83501697,83567351,0.0510697412939126,0.0559932054792171,0.0604128802684009,0.13034469793812,0.238096028385261,"SK_N_SH","No change","No change"
"old_regions_all18_samples","old","all18","SE_83","5",95711147,95794501,0.15649369834709,0.145278121359377,0.160594531543488,-0.106580101045415,0.0370842727290194,"SK_N_SH","No change","No change"
"old_regions_all18_samples","old","all18","SE_84","5",140240947,140263301,0.263877427918991,0.24451941539406,0.295314328003337,-0.109487790964716,0.161803481474112,"SK_N_SH","No change","No change"
"old_regions_all18_samples","old","all18","SE_85","5",140280247,140335801,0.172442019083234,0.139001843935402,0.151913272151867,-0.309007627952776,-0.181739825418562,"SK_N_SH","No change","No change"
"old_regions_all18_samples","old","all18","SE_86","5",147471147,147506901,0.190231074803852,0.190071264182548,0.247111227433978,-0.00120615534227636,0.375670042531181,"SK_N_SH","No change","No change"
"old_regions_all18_samples","old","all18","SE_87","5",151660847,151701051,0.283329020102098,0.263033045682431,0.293533430961741,-0.106842850701851,0.050870040671758,"SK_N_SH","No change","No change"
"old_regions_all18_samples","old","all18","SE_88","5",169586631,169604651,0.127631770324662,0.0996474687691969,0.125241930468079,-0.353936123336428,-0.0270558409754252,"SK_N_SH","No change","No change"
"old_regions_all18_samples","old","all18","SE_89","6",11161397,11228301,0.171103441182012,0.140451613589719,0.150736802179907,-0.282967309961253,-0.181704905462211,"SK_N_SH","No change","No change"
"old_regions_all18_samples","old","all18","SE_90","6",30725347,30784151,0.246854370045596,0.199988352496692,0.24871845879537,-0.302380797907078,0.0108097710365681,"SK_N_SH","No change","No change"
"old_regions_all18_samples","old","all18","SE_91","6",37126147,37146201,0.371682302511907,0.253813897195662,0.331005192093852,-0.548502349408185,-0.166740508261489,"SK_N_SH","No change","No change"
"old_regions_all18_samples","old","all18","SE_92","6",44655047,44669401,0.404468327966454,0.246625687852783,0.254566241745246,-0.711428244095176,-0.665891946319188,"SK_N_SH","Decreased","Decreased"
"old_regions_all18_samples","old","all18","SE_93","6",52503197,52574063,0.219229914748654,0.197390503371006,0.203929259383224,-0.150667481577782,-0.103884465380942,"SK_N_SH","No change","No change"
"old_regions_all18_samples","old","all18","SE_94","6",140043647,140073501,0.135335916027116,0.135976790092376,0.127183309813201,0.00676578519497029,-0.0889572453615331,"SK_N_SH","No change","No change"
"old_regions_all18_samples","old","all18","SE_95","6",151022147,151071401,0.189387310308551,0.150516732737357,0.157883635100448,-0.329460196968212,-0.260966787575036,"SK_N_SH","No change","No change"
"old_regions_all18_samples","old","all18","SE_96","6",152704947,152754551,0.0797827781714667,0.0822015568125551,0.0843008344189958,0.0425627612748739,0.0785120920605226,"SK_N_SH","No change","No change"
"old_regions_all18_samples","old","all18","SE_97","6",158008197,158058551,0.268865140717368,0.218596922665499,0.243391169737158,-0.297380794439565,-0.143046472524906,"SK_N_SH","No change","No change"
"old_regions_all18_samples","old","all18","SE_98","7",18492447,18592001,0.216173573498504,0.202434776265015,0.182021618215708,-0.094282238694158,-0.24683449387054,"SK_N_SH","No change","No change"
"old_regions_all18_samples","old","all18","SE_99","7",23449697,23478301,0.505643269351979,0.48825809619768,0.518602290589472,-0.0503745695778998,0.0364374964949973,"SK_N_SH","No change","No change"
"old_regions_all18_samples","old","all18","SE_100","7",130355747,130375151,0.441252824194414,0.342836857449793,0.400547198789316,-0.363147153687054,-0.139301780459155,"SK_N_SH","No change","No change"
"old_regions_all18_samples","old","all18","SE_101","7",130880747,130926401,0.357068640348088,0.254770102167411,0.298042919343139,-0.485388540386861,-0.259883614688665,"SK_N_SH","No change","No change"
"old_regions_all18_samples","old","all18","SE_102","7",134809197,134848151,0.16940612776567,0.137256810973722,0.154006465081814,-0.301626661489458,-0.136648826131854,"SK_N_SH","No change","No change"
"old_regions_all18_samples","old","all18","SE_103","7",134879597,134946501,0.172755883722683,0.146743474475551,0.184398365435302,-0.233967420264101,0.0935666932879818,"SK_N_SH","No change","No change"
"old_regions_all18_samples","old","all18","SE_104","8",32685847,32716151,0.0796314873503152,0.073795322062794,0.077233227495363,-0.10839529249857,-0.0435618504231488,"SK_N_SH","No change","No change"
"old_regions_all18_samples","old","all18","SE_105","8",66505747,66560201,0.215604996320758,0.150078668038628,0.161057764772392,-0.519766551613607,-0.418558374227885,"SK_N_SH","No change","No change"
"old_regions_all18_samples","old","all18","SE_106","8",117927647,117958551,0.115079173314379,0.127023697083259,0.128323432341045,0.141301726577708,0.155874553239157,"SK_N_SH","No change","No change"
"old_regions_all18_samples","old","all18","SE_107","8",117977047,118057451,0.0997625126868258,0.089933029330631,0.0869785667055563,-0.148082683215437,-0.195735000696156,"SK_N_SH","No change","No change"
"old_regions_all18_samples","old","all18","SE_108","8",127798959,127929451,0.273731848389843,0.202186285957035,0.235032270368705,-0.435221134254228,-0.219040046495526,"SK_N_SH","No change","No change"
"old_regions_all18_samples","old","all18","SE_109","9",12778010,12823051,0.135259883779984,0.147033262448541,0.16875185427734,0.11956049839605,0.317066452412946,"SK_N_SH","No change","No change"
"old_regions_all18_samples","old","all18","SE_110","9",33148547,33163301,0.295192681206218,0.25720036335519,0.287813174125017,-0.198044961798743,-0.0363994408719763,"SK_N_SH","No change","No change"
"old_regions_all18_samples","old","all18","SE_111","9",33305747,33338851,0.206368509372419,0.161724537828369,0.218540851049235,-0.349765008902311,0.0822925885431271,"SK_N_SH","No change","No change"
"old_regions_all18_samples","old","all18","SE_112","9",33820797,33878851,0.0731124708692889,0.0547868172127759,0.0710073516329104,-0.409792080427517,-0.0415721176752024,"SK_N_SH","No change","No change"
"old_regions_all18_samples","old","all18","SE_113","9",35510497,35534101,0.25641225838514,0.161211292190578,0.246566241716616,-0.666206503703961,-0.0562661574592387,"SK_N_SH","Decreased","No change"
"old_regions_all18_samples","old","all18","SE_114","9",36089347,36114801,0.211444462579376,0.157970057422128,0.189803079755213,-0.418330685580694,-0.155001281824279,"SK_N_SH","No change","No change"
"old_regions_all18_samples","old","all18","SE_115","9",37929397,37979101,0.253510393065644,0.174374831621423,0.190872844820965,-0.537282852009552,-0.407574024966389,"SK_N_SH","No change","No change"
"old_regions_all18_samples","old","all18","SE_116","9",38008247,38049251,0.305725607538638,0.221563930144092,0.264790445865058,-0.46272881658037,-0.206659371362741,"SK_N_SH","No change","No change"
"old_regions_all18_samples","old","all18","SE_117","9",112031947,112082301,0.168392832629004,0.116517644569547,0.144977613246171,-0.527495447404597,-0.214625694423305,"SK_N_SH","No change","No change"
"old_regions_all18_samples","old","all18","SE_118","9",123036640,123103201,0.109495655977468,0.0911837801346425,0.0977857274107504,-0.261404818785259,-0.161615131666931,"SK_N_SH","No change","No change"
"old_regions_all18_samples","old","all18","SE_119","9",129480397,129503501,0.513681862147268,0.380738654050046,0.466111285305375,-0.431095663363096,-0.139914640814298,"SK_N_SH","No change","No change"
"old_regions_all18_samples","old","all18","SE_120","10",4765947,4781801,0.133037166158555,0.129151624252236,0.149877660538047,-0.0424397739762785,0.17074612109869,"SK_N_SH","No change","No change"
"old_regions_all18_samples","old","all18","SE_121","10",17198947,17218401,0.259209751296458,0.219874370249476,0.25012008003648,-0.236449006297754,-0.0512976338651797,"SK_N_SH","No change","No change"
"old_regions_all18_samples","old","all18","SE_122","10",28539747,28607351,0.0575639723406658,0.0687154138504331,0.06653458200444,0.251464252899664,0.205613029432239,"SK_N_SH","No change","No change"
"old_regions_all18_samples","old","all18","SE_123","10",32938556,32963651,0.207607883495066,0.199460864991371,0.201051682585131,-0.0574730659695176,-0.0460693141259159,"SK_N_SH","No change","No change"
"old_regions_all18_samples","old","all18","SE_124","10",33210847,33241751,0.109802036029589,0.089459348883944,0.0977888838746917,-0.292642874935922,-0.165563773534765,"SK_N_SH","No change","No change"
"old_regions_all18_samples","old","all18","SE_125","10",52516047,52542901,0.10730322657034,0.0767056351962129,0.0970940720564949,-0.478985092886946,-0.142838363981496,"SK_N_SH","No change","No change"
"old_regions_all18_samples","old","all18","SE_126","10",62224097,62264501,0.0885326617363674,0.0810976108594063,0.092315880929183,-0.125073838686795,0.0597085493856305,"SK_N_SH","No change","No change"
"old_regions_all18_samples","old","all18","SE_127","10",71835247,71861901,0.286677298416984,0.218596777691071,0.303756360181005,-0.389594492904472,0.0832049521545595,"SK_N_SH","No change","No change"
"old_regions_all18_samples","old","all18","SE_128","10",74049647,74090251,0.0897596232629148,0.075627988521824,0.0857881869874979,-0.244179184915537,-0.0645519342095988,"SK_N_SH","No change","No change"
"old_regions_all18_samples","old","all18","SE_129","10",77494247,77535201,0.270855266076757,0.19921033603478,0.235905930397842,-0.441322318187054,-0.198524461085504,"SK_N_SH","No change","No change"
"old_regions_all18_samples","old","all18","SE_130","10",90913547,90937551,0.277351782720172,0.167330974569807,0.177540151097662,-0.725608651757578,-0.640660771068422,"SK_N_SH","Decreased","Decreased"
"old_regions_all18_samples","old","all18","SE_131","10",93435197,93479316,0.315267011168539,0.240769941785172,0.299367938892955,-0.387508188976316,-0.074412252053422,"SK_N_SH","No change","No change"
"old_regions_all18_samples","old","all18","SE_132","10",99945397,100006952,0.145652812739505,0.136043042348345,0.159545770355596,-0.0977756570024451,0.130579915522983,"SK_N_SH","No change","No change"
"old_regions_all18_samples","old","all18","SE_133","10",126198347,126264901,0.147332148967015,0.120774568812594,0.149214534362595,-0.284618441326952,0.0181930948523196,"SK_N_SH","No change","No change"
"old_regions_all18_samples","old","all18","SE_134","11",8704047,8734001,0.224740632651158,0.18216425560927,0.206191365434457,-0.301528132914106,-0.123702241876694,"SK_N_SH","No change","No change"
"old_regions_all18_samples","old","all18","SE_135","11",9564747,9593851,0.298639218633036,0.287633941985072,0.336022866021614,-0.0539855010880021,0.169620012392221,"SK_N_SH","No change","No change"
"old_regions_all18_samples","old","all18","SE_136","11",12156847,12238251,0.204486744535531,0.145638922636222,0.169406214928577,-0.486777240585505,-0.270067378637014,"SK_N_SH","No change","No change"
"old_regions_all18_samples","old","all18","SE_137","11",57764759,57800701,0.185759644197401,0.165331441872048,0.205589970718556,-0.167121836038537,0.145587472514693,"SK_N_SH","No change","No change"
"old_regions_all18_samples","old","all18","SE_138","11",65471697,65503201,0.726998961746681,0.545749942111068,0.71419873107447,-0.413055230367691,-0.025592216037294,"SK_N_SH","No change","No change"
"old_regions_all18_samples","old","all18","SE_139","11",66066197,66134001,0.201185461544901,0.172798138357335,0.204687246171391,-0.218266633000533,0.0247730792158049,"SK_N_SH","No change","No change"
"old_regions_all18_samples","old","all18","SE_140","11",74121747,74163301,0.153486584765099,0.110306207585903,0.147747476749574,-0.47294750895359,-0.0546163677447543,"SK_N_SH","No change","No change"
"old_regions_all18_samples","old","all18","SE_141","11",86717847,86763301,0.197500095807007,0.148537626017608,0.166021010837559,-0.408631168838972,-0.249110102043722,"SK_N_SH","No change","No change"
"old_regions_all18_samples","old","all18","SE_142","11",96045247,96167601,0.146908198372812,0.130218661686941,0.134926390833414,-0.172729109402141,-0.121876431262865,"SK_N_SH","No change","No change"
"old_regions_all18_samples","old","all18","SE_143","11",96186547,96338436,0.172377457818067,0.156860410339642,0.173928861146794,-0.135266930039509,0.0128520016350405,"SK_N_SH","No change","No change"
"old_regions_all18_samples","old","all18","SE_144","11",111530747,111564401,0.329981438313532,0.270746298860444,0.326071928940508,-0.284489925765757,-0.0171423669432911,"SK_N_SH","No change","No change"
"old_regions_all18_samples","old","all18","SE_145","11",120329347,120348301,0.276218925238516,0.257537652552036,0.268577771388309,-0.100651345955389,-0.0403242101195107,"SK_N_SH","No change","No change"
"old_regions_all18_samples","old","all18","SE_146","11",122156497,122199001,0.110683508510577,0.104673326189011,0.108984908784358,-0.0798049082858079,-0.022110586590927,"SK_N_SH","No change","No change"
"old_regions_all18_samples","old","all18","SE_147","12",12816343,12845951,0.160605871329645,0.102891169340463,0.116354067462359,-0.637406582211269,-0.461611767660418,"SK_N_SH","Decreased","No change"
"old_regions_all18_samples","old","all18","SE_148","12",29276997,29287551,0.211862775839183,0.174428743327654,0.235096965517051,-0.279038534817018,0.149455817139047,"SK_N_SH","No change","No change"
"old_regions_all18_samples","old","all18","SE_149","12",45223347,45314051,0.187447144637474,0.14999526372412,0.168115699720111,-0.319656638191808,-0.15614933796541,"SK_N_SH","No change","No change"
"old_regions_all18_samples","old","all18","SE_150","12",67651729,67681601,0.197876773255061,0.160652911221211,0.190638995368815,-0.298975304871353,-0.0534836386417501,"SK_N_SH","No change","No change"
"old_regions_all18_samples","old","all18","SE_151","12",93775547,93788151,0.174561334702785,0.155460669678393,0.180804236872894,-0.166175098347919,0.0504106779154411,"SK_N_SH","No change","No change"
"old_regions_all18_samples","old","all18","SE_152","12",121923247,121950951,0.0991235161121499,0.0795026565357834,0.0842219783162015,-0.314672564093692,-0.232483413939252,"SK_N_SH","No change","No change"
"old_regions_all18_samples","old","all18","SE_153","12",122068297,122123151,0.205528219705581,0.166094947090335,0.22181233545461,-0.305670815476656,0.109490183340522,"SK_N_SH","No change","No change"
"old_regions_all18_samples","old","all18","SE_154","13",33212947,33264201,0.152509380656314,0.115942783176207,0.138345959260369,-0.392523986330644,-0.139655650617965,"SK_N_SH","No change","No change"
"old_regions_all18_samples","old","all18","SE_155","13",45189747,45243251,0.119798938023716,0.0988037552885642,0.112908475002548,-0.275441766007061,-0.0847326813591367,"SK_N_SH","No change","No change"
"old_regions_all18_samples","old","all18","SE_156","14",32444647,32524351,0.155217180432566,0.125359641370635,0.153856021648415,-0.306017379132841,-0.0126256427602731,"SK_N_SH","No change","No change"
"old_regions_all18_samples","old","all18","SE_157","14",51003797,51024851,0.237067232343533,0.180365258760808,0.272646021739666,-0.392470932888641,0.200941821599712,"SK_N_SH","No change","No change"
"old_regions_all18_samples","old","all18","SE_158","14",51521947,51555551,0.180642350893901,0.149465097305083,0.207268338583162,-0.27167174350321,0.197342920354246,"SK_N_SH","No change","No change"
"old_regions_all18_samples","old","all18","SE_159","14",52852497,52948096,0.0923907778007908,0.0809434406231138,0.104585650497379,-0.188651623346289,0.177061782012916,"SK_N_SH","No change","No change"
"old_regions_all18_samples","old","all18","SE_160","14",64917647,64937951,0.0920374767526658,0.0879592641614667,0.0993214023152179,-0.064667115687307,0.108745544246224,"SK_N_SH","No change","No change"
"old_regions_all18_samples","old","all18","SE_161","15",32818747,32879001,0.0931626765127711,0.0859386592050178,0.0909762065199499,-0.115157482529453,-0.0338946324057716,"SK_N_SH","No change","No change"
"old_regions_all18_samples","old","all18","SE_162","15",33126697,33165451,0.240026592256628,0.223865792841792,0.298902591814484,-0.100128115183646,0.31530166376227,"SK_N_SH","No change","No change"
"old_regions_all18_samples","old","all18","SE_163","15",44028097,44116051,0.100872012531331,0.0819777955534437,0.0907230495864135,-0.295960516734931,-0.151401524699041,"SK_N_SH","No change","No change"
"old_regions_all18_samples","old","all18","SE_164","15",48532697,48575601,0.129850359224956,0.122899213228851,0.149047667688086,-0.0787508587739036,0.197503009099689,"SK_N_SH","No change","No change"
"old_regions_all18_samples","old","all18","SE_165","15",60358047,60443901,0.303852023180579,0.240606355941456,0.278191607393253,-0.335450712455497,-0.126853546380972,"SK_N_SH","No change","No change"
"old_regions_all18_samples","old","all18","SE_166","15",67068854,67159051,0.292712586461227,0.213339515210797,0.249786415327952,-0.454507243826903,-0.22794588884858,"SK_N_SH","No change","No change"
"old_regions_all18_samples","old","all18","SE_167","15",90399947,90424101,0.154128269532264,0.131619293538251,0.135034162216865,-0.226170942469971,-0.189492616838192,"SK_N_SH","No change","No change"
"old_regions_all18_samples","old","all18","SE_168","15",90550547,90564101,0.41822625996588,0.34745666958101,0.504856900207965,-0.266749820046521,0.271000235667492,"SK_N_SH","No change","No change"
"old_regions_all18_samples","old","all18","SE_169","15",98718197,98736951,0.267155006720542,0.219741165335958,0.245520458057504,-0.28071149172834,-0.121359813282873,"SK_N_SH","No change","No change"
"old_regions_all18_samples","old","all18","SE_170","15",98842147,98928101,0.209618514487802,0.189191946780542,0.210754549701713,-0.147176102458139,0.0077607047443796,"SK_N_SH","No change","No change"
"old_regions_all18_samples","old","all18","SE_171","16",24970997,25011251,0.185706298452928,0.163020503036614,0.170762709431151,-0.18689442988991,-0.12035374310457,"SK_N_SH","No change","No change"
"old_regions_all18_samples","old","all18","SE_172","16",50183447,50211701,0.17695733595098,0.146230047393168,0.166492575244619,-0.273459273057992,-0.0874342624612789,"SK_N_SH","No change","No change"
"old_regions_all18_samples","old","all18","SE_173","16",57168997,57204301,0.230742146674199,0.200112279106903,0.276748822997726,-0.204519279842015,0.261260348659586,"SK_N_SH","No change","No change"
"old_regions_all18_samples","old","all18","SE_174","16",75242947,75261051,0.736023940938508,0.514407087419321,0.570519720237576,-0.51599910752462,-0.366908204152271,"SK_N_SH","No change","No change"
"old_regions_all18_samples","old","all18","SE_175","17",40298047,40352151,0.570379596295267,0.45168143122063,0.551211134869233,-0.335953390084802,-0.0492295402710142,"SK_N_SH","No change","No change"
"old_regions_all18_samples","old","all18","SE_176","17",45287497,45322051,0.343506547166655,0.276540551786983,0.347770356812503,-0.311832820066499,0.0177460248769233,"SK_N_SH","No change","No change"
"old_regions_all18_samples","old","all18","SE_177","17",59745197,59860001,0.293408275262013,0.241698655404633,0.312930493179915,-0.278652107690454,0.0926269463971565,"SK_N_SH","No change","No change"
"old_regions_all18_samples","old","all18","SE_178","19",13839657,13866051,0.644054148396918,0.556482897434725,0.680344495293855,-0.210492724706182,0.078964154088092,"SK_N_SH","No change","No change"
"old_regions_all18_samples","old","all18","SE_179","19",17078947,17138251,0.195891456348552,0.170493417803513,0.201769783733911,-0.199247305690865,0.0424421712407828,"SK_N_SH","No change","No change"
"old_regions_all18_samples","old","all18","SE_180","19",47094147,47123101,0.227942416852173,0.200539057471507,0.262797948894912,-0.183925325683739,0.204448567143491,"SK_N_SH","No change","No change"
"old_regions_all18_samples","old","all18","SE_181","20",35304047,35339601,0.200059799415961,0.151564852368546,0.173636353197174,-0.398202018276298,-0.203270744081726,"SK_N_SH","No change","No change"
"old_regions_all18_samples","old","all18","SE_182","20",35864297,35902101,0.25105970640639,0.180457726420998,0.254815055250229,-0.474132023549275,0.0213356610943665,"SK_N_SH","No change","No change"
"old_regions_all18_samples","old","all18","SE_183","20",49676197,49705301,0.104697512680055,0.088895875698568,0.100548833206338,-0.233614593521872,-0.0577677637936177,"SK_N_SH","No change","No change"
"old_regions_all18_samples","old","all18","SE_184","20",53735247,53753451,0.210294586297309,0.193809205154035,0.227742958058432,-0.117193954134187,0.114471526538907,"SK_N_SH","No change","No change"
"old_regions_all18_samples","old","all18","SE_185","22",24132747,24175251,0.201820973113398,0.17072419985185,0.195836256308044,-0.240113482592603,-0.0432108620956062,"SK_N_SH","No change","No change"
"old_regions_all18_samples","old","all18","SE_186","22",24283397,24334101,0.122533598973248,0.109568567257213,0.147520747527512,-0.159962172479036,0.265760998687035,"SK_N_SH","No change","No change"
"old_regions_all18_samples","old","all18","SE_187","22",31217497,31253901,0.224229025741129,0.192938557231508,0.218431897821349,-0.215793106117052,-0.0376195035312648,"SK_N_SH","No change","No change"
"old_regions_all18_samples","old","all18","SE_188","22",36307297,36398351,0.26627300710284,0.177213828818477,0.227521517865616,-0.584704852101922,-0.2259841241797,"SK_N_SH","No change","No change"
"old_regions_all18_samples","old","all18","SE_189","22",40484997,40529101,0.10382545922616,0.0813249956699077,0.0846625086444099,-0.34858671439896,-0.291253317864963,"SK_N_SH","No change","No change"
"old_regions_all18_samples","old","all18","SE_190","22",41828897,41887951,0.0800129058946994,0.0822043761969039,0.102599168354837,0.0385076527744973,0.354788759463428,"SK_N_SH","No change","No change"
"old_regions_all18_samples","old","all18","SE_191","22",42956547,43011451,0.109585345047185,0.0875221460140475,0.1040040530966,-0.321049878437463,-0.074715193734544,"SK_N_SH","No change","No change"
"old_regions_all18_samples","old","all18","SE_192","22",46057142,46082995,0.559449220772746,0.447401503918189,0.537073321388735,-0.321792547389363,-0.0587808870379466,"SK_N_SH","No change","No change"
"new_regions_legacy_samples","new","legacy","SE_1","1",8361497,8420686,0.0822641582167386,0.106304718896582,0.0882396642832746,0.365946008649397,0.0999894776716451,"CLB_Ma","No change","No change"
"new_regions_legacy_samples","new","legacy","SE_2","1",8646697,8719401,0.145886719064206,0.148439610961683,0.1199854927182,0.0248586455573391,-0.279869893453453,"CLB_Ma","No change","No change"
"new_regions_legacy_samples","new","legacy","SE_3","1",33317147,33469629,0.153341954827907,0.169235738648067,0.111905311762245,0.141403659248186,-0.451016922540148,"CLB_Ma","No change","No change"
"new_regions_legacy_samples","new","legacy","SE_4","1",36231047,36302301,0.0679884177901112,0.133634529232331,0.0819712124029443,0.964622381591838,0.266256693958122,"CLB_Ma","Increased","No change"
"new_regions_legacy_samples","new","legacy","SE_5","1",39102247,39486501,0.106108715454442,0.119840352836895,0.0911370549238484,0.174026424445916,-0.217222487833333,"CLB_Ma","No change","No change"
"new_regions_legacy_samples","new","legacy","SE_6","1",51619871,51674051,0.146994395630753,0.161429738209938,0.092503605421048,0.134273246639231,-0.662448643464577,"CLB_Ma","No change","Decreased"
"new_regions_legacy_samples","new","legacy","SE_7","1",51733147,51811451,0.0714082986709327,0.10353283167986,0.0677343484259938,0.529729176953983,-0.0751238199332133,"CLB_Ma","No change","No change"
"new_regions_legacy_samples","new","legacy","SE_8","1",59115547,59166001,0.139051553113381,0.15760126190888,0.0982019303917731,0.179446267483779,-0.497517882676034,"CLB_Ma","No change","No change"
"new_regions_legacy_samples","new","legacy","SE_9","1",67673147,67772501,0.141076066336954,0.172004555838435,0.136568048876728,0.284146486338012,-0.0465181103020355,"CLB_Ma","No change","No change"
"new_regions_legacy_samples","new","legacy","SE_10","1",85269397,85527851,0.110193692183597,0.122009649116942,0.0829844426908324,0.145696538907157,-0.404880936519374,"CLB_Ma","No change","No change"
"new_regions_legacy_samples","new","legacy","SE_11","1",85540597,85586901,0.226583123306668,0.260076550096143,0.185373724517419,0.198079303687608,-0.288195097673061,"CLB_Ma","No change","No change"
"new_regions_legacy_samples","new","legacy","SE_12","1",86739147,86795951,0.141213329343744,0.157583025021302,0.108369758358548,0.15718165899977,-0.378842815761198,"CLB_Ma","No change","No change"
"new_regions_legacy_samples","new","legacy","SE_13","1",89527835,89577701,0.0987982340591959,0.128592024705957,0.116286881226324,0.376890743013203,0.23295546179453,"CLB_Ma","No change","No change"
"new_regions_legacy_samples","new","legacy","SE_14","1",97091247,97148351,0.0901839028637581,0.115662511820849,0.0716385593495935,0.355489975741048,-0.328043571175089,"CLB_Ma","No change","No change"
"new_regions_legacy_samples","new","legacy","SE_15","1",115296347,115335235,0.169971182319768,0.147789668963405,0.136087009678398,-0.20047881715893,-0.318661306970989,"CLB_Ma","No change","No change"
"new_regions_legacy_samples","new","legacy","SE_16","1",150560047,150583051,0.816925523519193,1.034605043419,0.740421845035746,0.340432507141006,-0.141674861143469,"CLB_Ma","No change","No change"
"new_regions_legacy_samples","new","legacy","SE_17","1",155452497,155476151,0.108170186296874,0.102239838052847,0.107230402869595,-0.0805791354844927,-0.012473097158023,"CLB_Ma","No change","No change"
"new_regions_legacy_samples","new","legacy","SE_18","1",157996270,158050251,0.19433426200262,0.263603002310328,0.223653550268711,0.437884408321395,0.201756838506438,"CLB_Ma","No change","No change"
"new_regions_legacy_samples","new","legacy","SE_19","1",162625447,162723901,0.113467184757091,0.195850161331177,0.109014596955816,0.78216382645543,-0.0572391123208261,"CLB_Ma","Increased","No change"
"new_regions_legacy_samples","new","legacy","SE_20","1",162956397,162998851,0.0983475945217299,0.0999638443361957,0.0695205208418941,0.0232818076629907,-0.494441906307196,"CLB_Ma","No change","No change"
"new_regions_legacy_samples","new","legacy","SE_21","1",163031997,163057701,0.229110065557996,0.327399827628876,0.235564848450838,0.513129278039105,0.0399116254074003,"CLB_Ma","No change","No change"
"new_regions_legacy_samples","new","legacy","SE_22","1",164703497,164782451,0.156140822793964,0.176200369450945,0.153549626092803,0.173323592283258,-0.0239878556967876,"CLB_Ma","No change","No change"
"new_regions_legacy_samples","new","legacy","SE_23","1",172341847,172363501,0.228794864212548,0.323187865804759,0.222982414086877,0.496483537575135,-0.0369610909581069,"CLB_Ma","No change","No change"
"new_regions_legacy_samples","new","legacy","SE_24","1",172883997,172970651,0.166008338154265,0.16361848243182,0.118257161350486,-0.0207938108293264,-0.485844231158627,"CLB_Ma","No change","No change"
"new_regions_legacy_samples","new","legacy","SE_25","1",178096991,178139351,0.132574950322903,0.243170197559016,0.0915060260207044,0.870237640848814,-0.530030226879939,"CLB_Ma","Increased","No change"
"new_regions_legacy_samples","new","legacy","SE_26","1",181072497,181117901,0.367199479898751,0.44147909491067,0.306274046468045,0.265121707336026,-0.260961672227037,"CLB_Ma","No change","No change"
"new_regions_legacy_samples","new","legacy","SE_27","1",183019797,183165151,0.117506347653274,0.176657495853882,0.124942630977072,0.584134223730576,0.0878023736268482,"CLB_Ma","No change","No change"
"new_regions_legacy_samples","new","legacy","SE_28","1",198087697,198127351,0.108376268766912,0.0970977512498091,0.0830877985474996,-0.157007782110994,-0.379331371973222,"CLB_Ma","No change","No change"
"new_regions_legacy_samples","new","legacy","SE_29","1",198153497,198299701,0.116689153426949,0.114965621081741,0.0809550188665357,-0.0212841930789765,-0.522077156800425,"CLB_Ma","No change","No change"
"new_regions_legacy_samples","new","legacy","SE_30","1",202551447,202591201,0.171181355340831,0.198129875234931,0.148292716955919,0.209780754287241,-0.205785141695628,"CLB_Ma","No change","No change"
"new_regions_legacy_samples","new","legacy","SE_31","1",203504597,203560001,0.226197861227318,0.29709376514634,0.175416949777244,0.391816946793626,-0.364960075083873,"CLB_Ma","No change","No change"
"new_regions_legacy_samples","new","legacy","SE_32","1",203629784,203701601,0.17327651790578,0.172698894800611,0.124792258349692,-0.00478961860122665,-0.470335056228568,"CLB_Ma","No change","No change"
"new_regions_legacy_samples","new","legacy","SE_33","1",204403397,204440351,0.315476964893061,0.3842606307898,0.3026606959956,0.283734271264273,-0.0596403085409557,"CLB_Ma","No change","No change"
"new_regions_legacy_samples","new","legacy","SE_34","1",218335647,218391051,0.18082924641721,0.198471971568315,0.144409966680465,0.133601773877694,-0.322458111454501,"CLB_Ma","No change","No change"
"new_regions_legacy_samples","new","legacy","SE_35","1",218449847,218501551,0.248781543240254,0.216107088254093,0.156349087260745,-0.202260049056098,-0.666698067849451,"CLB_Ma","No change","Decreased"
"new_regions_legacy_samples","new","legacy","SE_36","1",219293047,219342601,0.14598790635839,0.136830514099284,0.129641879716117,-0.0928021405500549,-0.17008000602512,"CLB_Ma","No change","No change"
"new_regions_legacy_samples","new","legacy","SE_37","1",223698247,223795801,0.230248513711517,0.267162812490545,0.183044959557041,0.213665092090232,-0.329385853973753,"CLB_Ma","No change","No change"
"new_regions_legacy_samples","new","legacy","SE_38","1",234956997,235022701,0.281275583953712,0.29227229762846,0.229499027422324,0.055136456085541,-0.292343681812756,"CLB_Ma","No change","No change"
"new_regions_legacy_samples","new","legacy","SE_39","1",235900697,235929701,0.353707867103736,0.319126750487902,0.248966061273893,-0.147988091657853,-0.504899099650848,"CLB_Ma","No change","No change"
"new_regions_legacy_samples","new","legacy","SE_40","1",243202847,243295901,0.219567537199554,0.27321630756223,0.19528691124525,0.314093897459766,-0.168256498272201,"CLB_Ma","No change","No change"
"new_regions_legacy_samples","new","legacy","SE_41","1",243697547,243750051,0.109200359894915,0.147213048981129,0.107520580711527,0.427543535564932,-0.0221602626518007,"CLB_Ma","No change","No change"
"new_regions_legacy_samples","new","legacy","SE_42","10",4762497,4781751,0.190466443603441,0.245283447560822,0.177853694508655,0.363228101486058,-0.0983116478540355,"CLB_Ma","No change","No change"
"new_regions_legacy_samples","new","legacy","SE_43","10",17648397,17689351,0.224232653809602,0.207175919564722,0.160540052719783,-0.113612805097436,-0.479524086455426,"CLB_Ma","No change","No change"
"new_regions_legacy_samples","new","legacy","SE_44","10",31999447,32053442,0.143057443298418,0.134184856179848,0.100611532299658,-0.0917106594070281,-0.503580056338207,"CLB_Ma","No change","No change"
"new_regions_legacy_samples","new","legacy","SE_45","10",33192197,33328451,0.159947100260407,0.218005227728301,0.153767326449948,0.444378723441986,-0.0564856539101179,"CLB_Ma","No change","No change"
"new_regions_legacy_samples","new","legacy","SE_46","10",62220397,62279801,0.162331047525716,0.169044742697603,0.104475498548671,0.0581153444632246,-0.630891151495029,"CLB_Ma","No change","Decreased"
"new_regions_legacy_samples","new","legacy","SE_47","10",73993047,74146251,0.122094356036618,0.155820581372018,0.123825669570272,0.349350298624403,0.0201500306174654,"CLB_Ma","No change","No change"
"new_regions_legacy_samples","new","legacy","SE_48","10",77149647,77204701,0.173555835520468,0.196560483985433,0.153028767672131,0.178605820185801,-0.180488762366439,"CLB_Ma","No change","No change"
"new_regions_legacy_samples","new","legacy","SE_49","10",77385247,77437951,0.177502339040744,0.197835859919389,0.141143330362133,0.155634990469399,-0.328596572434996,"CLB_Ma","No change","No change"
"new_regions_legacy_samples","new","legacy","SE_50","10",77476897,77545051,0.216139057864842,0.239159242708652,0.171587478190267,0.145372078933479,-0.331291458039594,"CLB_Ma","No change","No change"
"new_regions_legacy_samples","new","legacy","SE_51","10",90910747,90944298,0.396512688173771,0.248455119771117,0.188222249251204,-0.672220631133991,-1.07091917585284,"CLB_Ma","Decreased","Decreased"
"new_regions_legacy_samples","new","legacy","SE_52","10",93432197,93479316,0.326121877066007,0.337638218934927,0.267092486950919,0.0499165595813995,-0.287097456698807,"CLB_Ma","No change","No change"
"new_regions_legacy_samples","new","legacy","SE_53","10",99941997,100006952,0.18516666374979,0.169389956979635,0.143387555783529,-0.127754453759952,-0.366648350220592,"CLB_Ma","No change","No change"
"new_regions_legacy_samples","new","legacy","SE_54","10",112953247,113100451,0.121252527812239,0.166949969845197,0.119591092628376,0.458167240489231,-0.0197409484784229,"CLB_Ma","No change","No change"
"new_regions_legacy_samples","new","legacy","SE_55","10",114603997,114719451,0.186670911130057,0.187595988949694,0.134979923815758,0.00709394247320901,-0.464811384145117,"CLB_Ma","No change","No change"
"new_regions_legacy_samples","new","legacy","SE_56","10",126194647,126282651,0.152580346822947,0.166175770248727,0.111114256440149,0.122372153551562,-0.454023868084594,"CLB_Ma","No change","No change"
"new_regions_legacy_samples","new","legacy","SE_57","11",8688436,8790051,0.20407388655336,0.209611926305296,0.168181174373529,0.0384433386731785,-0.277574753811768,"CLB_Ma","No change","No change"
"new_regions_legacy_samples","new","legacy","SE_58","11",9750847,9817401,0.191224805139442,0.216126639587984,0.144147960209944,0.175742226322776,-0.405270219216897,"CLB_Ma","No change","No change"
"new_regions_legacy_samples","new","legacy","SE_59","11",12113573,12239701,0.238661478590255,0.264847805314222,0.169544861737042,0.14960251690063,-0.490846750162275,"CLB_Ma","No change","No change"
"new_regions_legacy_samples","new","legacy","SE_60","11",13207347,13236401,0.291770775108674,0.284370913768712,0.217787818784682,-0.036933251843114,-0.420239131486457,"CLB_Ma","No change","No change"
"new_regions_legacy_samples","new","legacy","SE_61","11",14442997,14507351,0.141966299409968,0.159422541732704,0.0969862954327017,0.166201766751039,-0.54502321909547,"CLB_Ma","No change","No change"
"new_regions_legacy_samples","new","legacy","SE_62","11",33043012,33086001,0.153452992390222,0.221430951020408,0.137704046203328,0.526189729268675,-0.155157948342179,"CLB_Ma","No change","No change"
"new_regions_legacy_samples","new","legacy","SE_63","11",33668347,33733101,0.237735531472614,0.296523996956921,0.168623616114813,0.31759273294919,-0.493076256131676,"CLB_Ma","No change","No change"
"new_regions_legacy_samples","new","legacy","SE_64","11",35141867,35186351,0.094661532839299,0.155970193416904,0.12629884133314,0.714479822489766,0.412208474222783,"CLB_Ma","Increased","No change"
"new_regions_legacy_samples","new","legacy","SE_65","11",65470447,65508051,0.72228165425276,0.918454128535752,0.671555233932802,0.346220041789153,-0.10490480416636,"CLB_Ma","No change","No change"
"new_regions_legacy_samples","new","legacy","SE_66","11",66073350,66143451,0.171806305785273,0.222348515424395,0.169933440486579,0.370140802122709,-0.0157211974786471,"CLB_Ma","No change","No change"
"new_regions_legacy_samples","new","legacy","SE_67","11",74120547,74164051,0.127704190780783,0.15210159612567,0.107945052428309,0.250430292997558,-0.240458350236575,"CLB_Ma","No change","No change"
"new_regions_legacy_samples","new","legacy","SE_68","11",85947547,86047801,0.0694859904429309,0.0783484823374921,0.0588881640868552,0.170866088732337,-0.235065634638343,"CLB_Ma","No change","No change"
"new_regions_legacy_samples","new","legacy","SE_69","11",86578797,86637051,0.0996845852819107,0.0937323553260569,0.072815957883315,-0.0879136652587785,-0.44783818119572,"CLB_Ma","No change","No change"
"new_regions_legacy_samples","new","legacy","SE_70","11",86717797,86786451,0.232820680391641,0.221332020724644,0.154514887660567,-0.0726867921266368,-0.588349837217956,"CLB_Ma","No change","Decreased"
"new_regions_legacy_samples","new","legacy","SE_71","11",86803237,86821251,0.184548784167873,0.197895817823187,0.153509075583423,0.100214393359466,-0.264106965708934,"CLB_Ma","No change","No change"
"new_regions_legacy_samples","new","legacy","SE_72","11",95983997,96338436,0.150786271786781,0.170112634755274,0.126784218170487,0.172904977647339,-0.248331643968317,"CLB_Ma","No change","No change"
"new_regions_legacy_samples","new","legacy","SE_73","11",108869497,108930201,0.0970538185985453,0.127746928898021,0.0888032506673644,0.392892298162318,-0.126806147595887,"CLB_Ma","No change","No change"
"new_regions_legacy_samples","new","legacy","SE_74","11",111517782,111567101,0.319624063347437,0.384029871407895,0.263796959016281,0.264087671272539,-0.275996152091788,"CLB_Ma","No change","No change"
"new_regions_legacy_samples","new","legacy","SE_75","11",111718147,111751501,0.201903341540306,0.275598996568428,0.218871526301323,0.447003298260436,0.115868160573877,"CLB_Ma","No change","No change"
"new_regions_legacy_samples","new","legacy","SE_76","11",118906947,118930051,0.755699860551159,0.852790336425261,0.60791094535798,0.174160654358268,-0.313489933208102,"CLB_Ma","No change","No change"
"new_regions_legacy_samples","new","legacy","SE_77","11",120328847,120348451,0.28171381879603,0.384980415121436,0.280926982262439,0.449185243613142,-0.00402084262300278,"CLB_Ma","No change","No change"
"new_regions_legacy_samples","new","legacy","SE_78","11",122155306,122200061,0.114629779084807,0.149722333395328,0.0961440387435688,0.382380210429805,-0.251315622297495,"CLB_Ma","No change","No change"
"new_regions_legacy_samples","new","legacy","SE_79","12",27541147,27624851,0.100654031373788,0.0999550055546612,0.0851833032248095,-0.00995498620847067,-0.238187130319632,"CLB_Ma","No change","No change"
"new_regions_legacy_samples","new","legacy","SE_80","12",29277047,29288851,0.14914435743306,0.175073743805457,0.145593684228079,0.229829531815687,-0.0345273096398129,"CLB_Ma","No change","No change"
"new_regions_legacy_samples","new","legacy","SE_81","12",31482597,31533801,0.104188636825458,0.138588192362019,0.109661743963272,0.40819804689395,0.0731777015323181,"CLB_Ma","No change","No change"
"new_regions_legacy_samples","new","legacy","SE_82","12",45212947,45314301,0.200771952333151,0.269307912592524,0.170015005795281,0.42187809979599,-0.238602723360546,"CLB_Ma","No change","No change"
"new_regions_legacy_samples","new","legacy","SE_83","12",49186097,49246251,0.267176242514037,0.272361217058806,0.215755735985591,0.0276271401807038,-0.307111264031887,"CLB_Ma","No change","No change"
"new_regions_legacy_samples","new","legacy","SE_84","12",49480847,49519451,0.139372827495461,0.148154625194855,0.102993086777146,0.0875450207914447,-0.432776070193981,"CLB_Ma","No change","No change"
"new_regions_legacy_samples","new","legacy","SE_85","12",50150597,50219704,0.235472561725077,0.265012565538375,0.22010404768444,0.169821600242786,-0.0969473587773802,"CLB_Ma","No change","No change"
"new_regions_legacy_samples","new","legacy","SE_86","12",54220147,54286601,0.258689796572872,0.329994519048549,0.213014552471561,0.350017997138331,-0.279080430714505,"CLB_Ma","No change","No change"
"new_regions_legacy_samples","new","legacy","SE_87","12",65630447,65674151,0.09353091866932,0.108448925358205,0.079290293446751,0.211399608615948,-0.235560689312685,"CLB_Ma","No change","No change"
"new_regions_legacy_samples","new","legacy","SE_88","12",67651729,67693001,0.168778087450796,0.259138771799307,0.141700353186364,0.615631170272206,-0.250661362759508,"CLB_Ma","Increased","No change"
"new_regions_legacy_samples","new","legacy","SE_89","12",68613836,68658601,0.088211542070791,0.0775683916784361,0.0623835037554599,-0.183281347932579,-0.493122964008748,"CLB_Ma","No change","No change"
"new_regions_legacy_samples","new","legacy","SE_90","12",69489747,69581721,0.116389568875615,0.120605494961142,0.0947774009048561,0.0509042033553994,-0.293547026600917,"CLB_Ma","No change","No change"
"new_regions_legacy_samples","new","legacy","SE_91","12",93395297,93439249,0.142758893651265,0.11553625450227,0.0895013920598086,-0.30287236317427,-0.66763932272546,"CLB_Ma","No change","Decreased"
"new_regions_legacy_samples","new","legacy","SE_92","12",93766797,93826401,0.189949534270472,0.205613460193858,0.154785586161818,0.113742842942492,-0.293629644921689,"CLB_Ma","No change","No change"
"new_regions_legacy_samples","new","legacy","SE_93","12",95198897,95263201,0.291379341995528,0.35990792321757,0.220585183174484,0.303789434331248,-0.399979966215938,"CLB_Ma","No change","No change"
"new_regions_legacy_samples","new","legacy","SE_94","12",96197379,96241451,0.197695608281047,0.224557288836471,0.14304450412795,0.182933921783053,-0.464045368434204,"CLB_Ma","No change","No change"
"new_regions_legacy_samples","new","legacy","SE_95","12",103933497,103987201,0.269120409586413,0.388599929772914,0.264578533898265,0.528390767167048,-0.0244641085240967,"CLB_Ma","No change","No change"
"new_regions_legacy_samples","new","legacy","SE_96","12",104279847,104337401,0.179286643257911,0.22536189686116,0.1621077320794,0.328338615022146,-0.144467342765669,"CLB_Ma","No change","No change"
"new_regions_legacy_samples","new","legacy","SE_97","12",105307597,105385551,0.155760036409105,0.1865821658685,0.131562288834698,0.258964858877107,-0.241887395518944,"CLB_Ma","No change","No change"
"new_regions_legacy_samples","new","legacy","SE_98","12",106027997,106148601,0.241034499330896,0.229986577174966,0.154589813690317,-0.0674036844687353,-0.637465090706314,"CLB_Ma","No change","Decreased"
"new_regions_legacy_samples","new","legacy","SE_99","12",110265747,110341501,0.174542330473377,0.218635334631406,0.140987860177253,0.323291206240864,-0.306051379581506,"CLB_Ma","No change","No change"
"new_regions_legacy_samples","new","legacy","SE_100","12",116120397,116165351,0.103531389493648,0.108622333815708,0.0973315895156301,0.0686055235436909,-0.0882093618350824,"CLB_Ma","No change","No change"
"new_regions_legacy_samples","new","legacy","SE_101","12",120224447,120262770,0.307253147095725,0.34720977787688,0.253384317561846,0.175841091211633,-0.277105890601295,"CLB_Ma","No change","No change"
"new_regions_legacy_samples","new","legacy","SE_102","12",121921554,121965951,0.174683669383388,0.155697531687302,0.114145552935121,-0.164997637808855,-0.609521398820018,"CLB_Ma","No change","Decreased"
"new_regions_legacy_samples","new","legacy","SE_103","12",122071347,122131051,0.17504169971251,0.221662488715582,0.181595073036584,0.338941325693622,0.0527306312246185,"CLB_Ma","No change","No change"
"new_regions_legacy_samples","new","legacy","SE_104","13",32021847,32064001,0.191950433351314,0.208313871595928,0.183407890472445,0.117437640621508,-0.0653298967215233,"CLB_Ma","No change","No change"
"new_regions_legacy_samples","new","legacy","SE_105","13",45177147,45292701,0.103873006340703,0.104787455624861,0.0774367501141658,0.0125251765004974,-0.419041718566804,"CLB_Ma","No change","No change"
"new_regions_legacy_samples","new","legacy","SE_106","13",45479047,45523351,0.083778802914439,0.101041570185807,0.0675461014217546,0.267381503348078,-0.306628980868787,"CLB_Ma","No change","No change"
"new_regions_legacy_samples","new","legacy","SE_107","13",49061897,49143101,0.0780507034390373,0.0969813735016775,0.0738960161255029,0.30972921486516,-0.077889319796223,"CLB_Ma","No change","No change"
"new_regions_legacy_samples","new","legacy","SE_108","13",99279297,99337501,0.0987413909210516,0.126513980959384,0.10283056133338,0.354391209500912,0.0579669198860991,"CLB_Ma","No change","No change"
"new_regions_legacy_samples","new","legacy","SE_109","13",114096847,114129619,0.219243580553534,0.362836548249247,0.205649819902964,0.724190502945912,-0.0919118630891581,"CLB_Ma","Increased","No change"
"new_regions_legacy_samples","new","legacy","SE_110","14",21214097,21266478,0.108399929167732,0.107801082025046,0.109010862301016,-0.00791889980189779,0.00803417620097909,"CLB_Ma","No change","No change"
"new_regions_legacy_samples","new","legacy","SE_111","14",49970047,50024601,0.210171975915295,0.223771907789208,0.139460595657107,0.0900433463160997,-0.588252932691822,"CLB_Ma","No change","Decreased"
"new_regions_legacy_samples","new","legacy","SE_112","14",50984347,51025351,0.201309855518953,0.194231932607292,0.158610858290525,-0.051377559564089,-0.342007801341085,"CLB_Ma","No change","No change"
"new_regions_legacy_samples","new","legacy","SE_113","14",51506647,51556701,0.184836542788914,0.166629748072053,0.13345532746652,-0.148756023627913,-0.466907300686195,"CLB_Ma","No change","No change"
"new_regions_legacy_samples","new","legacy","SE_114","14",51635547,51730301,0.134197200393389,0.182790323857556,0.135039973324261,0.442995536805494,0.00896535105504295,"CLB_Ma","No change","No change"
"new_regions_legacy_samples","new","legacy","SE_115","14",55571297,55650451,0.164297079419086,0.220059741205814,0.132497916316326,0.419375075068345,-0.308244010357393,"CLB_Ma","No change","No change"
"new_regions_legacy_samples","new","legacy","SE_116","14",64917597,64937951,0.144701157449884,0.11607290286296,0.122336561692283,-0.315605143068934,-0.240411804872928,"CLB_Ma","No change","No change"
"new_regions_legacy_samples","new","legacy","SE_117","14",75820597,75887251,0.113659804638662,0.150210679563216,0.125818385472032,0.399200310404933,0.145404189049602,"CLB_Ma","No change","No change"
"new_regions_legacy_samples","new","legacy","SE_118","14",77562347,77613766,0.104424441582045,0.201170916964589,0.185803555925694,0.939366095249238,0.825312538044687,"CLB_Ma","Increased","Increased"
"new_regions_legacy_samples","new","legacy","SE_119","14",101960747,102056851,0.167020296047843,0.174416152013415,0.132200841173922,0.0621460805541685,-0.335032321016512,"CLB_Ma","No change","No change"
"new_regions_legacy_samples","new","legacy","SE_120","14",103388361,103457151,0.0866329023540829,0.165110613543345,0.0903243022087777,0.922599710358325,0.0595261843224161,"CLB_Ma","Increased","No change"
"new_regions_legacy_samples","new","legacy","SE_121","15",32769247,33035351,0.11789762099683,0.14965257531342,0.128250655339115,0.341505486408652,0.120451746728205,"CLB_Ma","No change","No change"
"new_regions_legacy_samples","new","legacy","SE_122","15",40992297,41050501,0.0965313692673782,0.10100663254338,0.0898071117632471,0.0647247439361648,-0.103061021400829,"CLB_Ma","No change","No change"
"new_regions_legacy_samples","new","legacy","SE_123","15",44028097,44164751,0.0993473978123832,0.135654406553787,0.0983375488422832,0.445528776189874,-0.0145921517480771,"CLB_Ma","No change","No change"
"new_regions_legacy_samples","new","legacy","SE_124","15",48395247,48510951,0.0928631305440473,0.0915088675199556,0.0732689947363719,-0.0209669151786235,-0.337798527326894,"CLB_Ma","No change","No change"
"new_regions_legacy_samples","new","legacy","SE_125","15",48524197,48642787,0.103889213984053,0.130562762963483,0.135696769775192,0.326884882133214,0.382112821955324,"CLB_Ma","No change","No change"
"new_regions_legacy_samples","new","legacy","SE_126","15",51835397,51889201,0.107438974089621,0.113315064628504,0.0873312277700765,0.0761321673978482,-0.295887899773765,"CLB_Ma","No change","No change"
"new_regions_legacy_samples","new","legacy","SE_127","15",60342847,60472801,0.234850626959168,0.247936817910695,0.188387233038263,0.0779061856232037,-0.316534356767734,"CLB_Ma","No change","No change"
"new_regions_legacy_samples","new","legacy","SE_128","15",71651697,71731001,0.148941627874961,0.176143018854526,0.127121452844797,0.240513640174765,-0.226888907397356,"CLB_Ma","No change","No change"
"new_regions_legacy_samples","new","legacy","SE_129","15",85393797,85445551,0.084515960279378,0.0904481706673611,0.0764700904072534,0.0967606078826408,-0.142554279361558,"CLB_Ma","No change","No change"
"new_regions_legacy_samples","new","legacy","SE_130","15",90391238,90424151,0.153761149653782,0.283782989591273,0.166594912844081,0.879819623985774,0.114935007216996,"CLB_Ma","Increased","No change"
"new_regions_legacy_samples","new","legacy","SE_131","15",98716247,98765001,0.151203040166031,0.172879769407384,0.142138150073192,0.192092911371122,-0.0885889367097336,"CLB_Ma","No change","No change"
"new_regions_legacy_samples","new","legacy","SE_132","15",98841397,98928101,0.232527683510987,0.298169964138608,0.218808116315416,0.357371755604408,-0.0873489260483762,"CLB_Ma","No change","No change"
"new_regions_legacy_samples","new","legacy","SE_133","15",101640397,101717901,0.157486303185847,0.207400525004104,0.115280887838325,0.395000747916676,-0.446744172127892,"CLB_Ma","No change","No change"
"new_regions_legacy_samples","new","legacy","SE_134","16",9094677,9130401,0.1746145402964,0.248279625605963,0.0794488011007479,0.50535267158328,-1.12626947387972,"CLB_Ma","No change","Decreased"
"new_regions_legacy_samples","new","legacy","SE_135","16",24970047,25012377,0.165408292326791,0.182419539916842,0.14307769706434,0.140420012745614,-0.207880299985713,"CLB_Ma","No change","No change"
"new_regions_legacy_samples","new","legacy","SE_136","16",50180847,50235851,0.138916745130484,0.161399171459226,0.102382577779522,0.214975638598296,-0.436575552951207,"CLB_Ma","No change","No change"
"new_regions_legacy_samples","new","legacy","SE_137","16",57167697,57204351,0.297840412275245,0.3964706298444,0.310238680330406,0.411473002398176,0.058646110305896,"CLB_Ma","No change","No change"
"new_regions_legacy_samples","new","legacy","SE_138","16",69431847,69497251,0.0982422956826129,0.121454068404806,0.0737885755663629,0.303213693396695,-0.40813720213956,"CLB_Ma","No change","No change"
"new_regions_legacy_samples","new","legacy","SE_139","16",75231497,75262947,0.501646541534511,0.459331696456362,0.392418339053105,-0.126870477073624,-0.353480050927647,"CLB_Ma","No change","No change"
"new_regions_legacy_samples","new","legacy","SE_140","17",667897,706401,0.198114285945375,0.213490460867885,0.125403188487468,0.107316753032178,-0.655563878904437,"CLB_Ma","No change","Decreased"
"new_regions_legacy_samples","new","legacy","SE_141","17",4194597,4257901,0.148667042724596,0.146878071047731,0.127041751476985,-0.0173484392621206,-0.225142252521462,"CLB_Ma","No change","No change"
"new_regions_legacy_samples","new","legacy","SE_142","17",16002690,16048251,0.0853440466563648,0.108955192321947,0.123495744370532,0.348747119198451,0.527927813808312,"CLB_Ma","No change","No change"
"new_regions_legacy_samples","new","legacy","SE_143","17",20165097,20227451,0.109057730677841,0.102858815531799,0.0740700069564164,-0.0836368093365219,-0.551951964811565,"CLB_Ma","No change","No change"
"new_regions_legacy_samples","new","legacy","SE_144","17",31232597,31278401,0.132228609268917,0.152020860105404,0.112830595268735,0.199824419974686,-0.22701554154801,"CLB_Ma","No change","No change"
"new_regions_legacy_samples","new","legacy","SE_145","17",31563897,31604151,0.275295814510534,0.26493530176594,0.204193198618254,-0.0551384060726247,-0.429230795703289,"CLB_Ma","No change","No change"
"new_regions_legacy_samples","new","legacy","SE_146","17",40280547,40348051,0.66841088908077,0.788662419587618,0.59028643092226,0.238344014401551,-0.179034849109083,"CLB_Ma","No change","No change"
"new_regions_legacy_samples","new","legacy","SE_147","17",45064296,45129532,0.214536790222366,0.224210466432375,0.216174694283732,0.0633397311852428,0.0109218610414498,"CLB_Ma","No change","No change"
"new_regions_legacy_samples","new","legacy","SE_148","17",45287497,45322351,0.40991239845654,0.511243075560691,0.399181786197948,0.317997715604709,-0.0381753554138193,"CLB_Ma","No change","No change"
"new_regions_legacy_samples","new","legacy","SE_149","17",50026997,50084801,0.545395984396099,0.536647829544022,0.422373210632252,-0.0232853939005111,-0.368016896685047,"CLB_Ma","No change","No change"
"new_regions_legacy_samples","new","legacy","SE_150","17",59622686,59699401,0.11876432533321,0.103538936215911,0.0889637387520161,-0.196157847241191,-0.412782707298981,"CLB_Ma","No change","No change"
"new_regions_legacy_samples","new","legacy","SE_151","17",59745197,59859951,0.376145862544743,0.550761910924184,0.32737514859832,0.548923269388046,-0.199777650798752,"CLB_Ma","No change","No change"
"new_regions_legacy_samples","new","legacy","SE_152","17",64525147,64684501,0.155399125772161,0.150503060397289,0.108539859915337,-0.0458855116315542,-0.513776507906896,"CLB_Ma","No change","No change"
"new_regions_legacy_samples","new","legacy","SE_153","17",75673497,75708901,0.338492234714674,0.360058658964232,0.254915428868993,0.0888546661364378,-0.407711447197312,"CLB_Ma","No change","No change"
"new_regions_legacy_samples","new","legacy","SE_154","18",9105627,9148201,0.346262730259698,0.442003432091246,0.280271688925447,0.351290293102144,-0.304063235578107,"CLB_Ma","No change","No change"
"new_regions_legacy_samples","new","legacy","SE_155","18",28027147,28097351,0.105063741460138,0.133211002233229,0.102948730819281,0.339571397994574,-0.0290594029358716,"CLB_Ma","No change","No change"
"new_regions_legacy_samples","new","legacy","SE_156","18",57727847,57849851,0.135698519725001,0.154144499642053,0.113452226050407,0.182614929284914,-0.256252097422216,"CLB_Ma","No change","No change"
"new_regions_legacy_samples","new","legacy","SE_157","18",77063747,77109201,0.220334850677664,0.289317494781481,0.222764313876401,0.391400881454217,0.0157493412520892,"CLB_Ma","No change","No change"
"new_regions_legacy_samples","new","legacy","SE_158","2",33129797,33170001,0.140842051067387,0.14572057333986,0.108642248461905,0.0487858784858002,-0.371481483889527,"CLB_Ma","No change","No change"
"new_regions_legacy_samples","new","legacy","SE_159","2",36338247,36573801,0.171991384199815,0.174234283024122,0.137194618253713,0.0185848664438145,-0.323998752922681,"CLB_Ma","No change","No change"
"new_regions_legacy_samples","new","legacy","SE_160","2",55092947,55121751,0.200020130596379,0.225620973156765,0.183623074976637,0.172941401570976,-0.122757104870387,"CLB_Ma","No change","No change"
"new_regions_legacy_samples","new","legacy","SE_161","2",62709894,62829051,0.0983540642379795,0.116759272561618,0.0851456652923738,0.24518977496729,-0.205800780201334,"CLB_Ma","No change","No change"
"new_regions_legacy_samples","new","legacy","SE_162","2",63844877,63896501,0.120265919492924,0.095199467683283,0.111738488103213,-0.334073337181545,-0.105194027965776,"CLB_Ma","No change","No change"
"new_regions_legacy_samples","new","legacy","SE_163","2",68027447,68060026,0.114352212523202,0.14765198534551,0.118094303930716,0.365893055495293,0.0460587372829213,"CLB_Ma","No change","No change"
"new_regions_legacy_samples","new","legacy","SE_164","2",68166547,68259001,0.145536967953936,0.165271563605488,0.11687022886421,0.182276784727734,-0.314065294946754,"CLB_Ma","No change","No change"
"new_regions_legacy_samples","new","legacy","SE_165","2",69016141,69255351,0.132409064608609,0.15297476927403,0.127266676483335,0.206837271169547,-0.0567102863691754,"CLB_Ma","No change","No change"
"new_regions_legacy_samples","new","legacy","SE_166","2",69754597,69803851,0.203784287111334,0.228091675424655,0.160574553473032,0.161820012866126,-0.341905018477712,"CLB_Ma","No change","No change"
"new_regions_legacy_samples","new","legacy","SE_167","2",70090450,70144501,0.27116309767437,0.277685522608209,0.2416018845815,0.0341665915368555,-0.165880708851694,"CLB_Ma","No change","No change"
"new_regions_legacy_samples","new","legacy","SE_168","2",75586547,75607951,0.242451862287968,0.242668546336146,0.192773038338171,0.00128349794765077,-0.329268689038509,"CLB_Ma","No change","No change"
"new_regions_legacy_samples","new","legacy","SE_169","2",108537352,108599501,0.228083574305057,0.17583947814927,0.124249818137129,-0.373433636541873,-0.871065509953418,"CLB_Ma","No change","Decreased"
"new_regions_legacy_samples","new","legacy","SE_170","2",117930197,118011162,0.169100491174834,0.199574301027002,0.164966677823433,0.237749462807677,-0.035493695206228,"CLB_Ma","No change","No change"
"new_regions_legacy_samples","new","legacy","SE_171","2",138018897,138053301,0.111790340749395,0.115110374161858,0.0876337539849353,0.0418533569518246,-0.347715398630858,"CLB_Ma","No change","No change"
"new_regions_legacy_samples","new","legacy","SE_172","2",160204397,160252901,0.249327583860788,0.25177256874697,0.180529695330641,0.0140226367345098,-0.463611702706821,"CLB_Ma","No change","No change"
"new_regions_legacy_samples","new","legacy","SE_173","2",177215723,177276301,0.270675967548559,0.323594017211587,0.256290690392579,0.256749458521548,-0.0784876937714537,"CLB_Ma","No change","No change"
"new_regions_legacy_samples","new","legacy","SE_174","2",189075647,189176878,0.103005299869672,0.116100559891838,0.0792220174065836,0.171090927156225,-0.374586894328389,"CLB_Ma","No change","No change"
"new_regions_legacy_samples","new","legacy","SE_175","2",189203447,189299101,0.0978629692686942,0.136625375677703,0.0873622790405195,0.477244359527078,-0.161999608124289,"CLB_Ma","No change","No change"
"new_regions_legacy_samples","new","legacy","SE_176","2",189366697,189413601,0.119168117557038,0.154315751417467,0.126105228806797,0.370149971001467,0.0809692028900645,"CLB_Ma","No change","No change"
"new_regions_legacy_samples","new","legacy","SE_177","2",190883818,190963751,0.103269770338255,0.145550168736201,0.130790786521565,0.491073673617151,0.337928559716174,"CLB_Ma","No change","No change"
"new_regions_legacy_samples","new","legacy","SE_178","2",201627947,201656951,0.266051318231528,0.313532616764478,0.201849937205897,0.23609262536106,-0.396704149803633,"CLB_Ma","No change","No change"
"new_regions_legacy_samples","new","legacy","SE_179","2",207219697,207261451,0.192694170252978,0.288415252119773,0.173292089636844,0.579360420775628,-0.152273439537721,"CLB_Ma","No change","No change"
"new_regions_legacy_samples","new","legacy","SE_180","2",216443447,216512801,0.133147623615167,0.144187110892722,0.11592356748243,0.114091884642942,-0.198255744580381,"CLB_Ma","No change","No change"
"new_regions_legacy_samples","new","legacy","SE_181","2",222904597,223003801,0.151961047301759,0.194083306129073,0.132993202594292,0.350926021047569,-0.191004491017737,"CLB_Ma","No change","No change"
"new_regions_legacy_samples","new","legacy","SE_182","2",223026197,223111101,0.240805039180193,0.241990161980444,0.184093137219221,0.00705359371769627,-0.38559290569245,"CLB_Ma","No change","No change"
"new_regions_legacy_samples","new","legacy","SE_183","2",233402297,233502201,0.136150893078261,0.152806167702917,0.116928472530848,0.165349340701688,-0.217851933336416,"CLB_Ma","No change","No change"
"new_regions_legacy_samples","new","legacy","SE_184","2",234240697,234260551,0.294362177602948,0.32591380105075,0.25415947976508,0.146425188833431,-0.211085852448827,"CLB_Ma","No change","No change"
"new_regions_legacy_samples","new","legacy","SE_185","20",31652097,31718505,0.12280713367925,0.141626032599636,0.109740932722848,0.204142887521621,-0.160905865785608,"CLB_Ma","No change","No change"
"new_regions_legacy_samples","new","legacy","SE_186","20",35301597,35345051,0.212743442924864,0.224648756235486,0.148002619417709,0.0781986638445748,-0.520542469644613,"CLB_Ma","No change","No change"
"new_regions_legacy_samples","new","legacy","SE_187","20",35854497,35904351,0.279398532329645,0.305814086075518,0.200817676630795,0.129885921652164,-0.474426256476442,"CLB_Ma","No change","No change"
"new_regions_legacy_samples","new","legacy","SE_188","20",45013747,45105201,0.127825958543842,0.158071366823326,0.104805057595604,0.304250843868769,-0.284014735587858,"CLB_Ma","No change","No change"
"new_regions_legacy_samples","new","legacy","SE_189","20",50894997,50936551,0.135386509832406,0.204016943193773,0.128854169034856,0.588042190582416,-0.070808619344631,"CLB_Ma","Increased","No change"
"new_regions_legacy_samples","new","legacy","SE_190","20",53734697,53754501,0.275815548573346,0.334167117334223,0.256061163336765,0.27595563504859,-0.106813315579318,"CLB_Ma","No change","No change"
"new_regions_legacy_samples","new","legacy","SE_191","20",53770647,53846251,0.165274274555642,0.189240468936898,0.124826028988827,0.194259199848416,-0.402134580496397,"CLB_Ma","No change","No change"
"new_regions_legacy_samples","new","legacy","SE_192","20",58235547,58296451,0.126271310717228,0.163812980637813,0.119936550079174,0.372922627351242,-0.0736569166625006,"CLB_Ma","No change","No change"
"new_regions_legacy_samples","new","legacy","SE_193","21",25306247,25344901,0.130777616659278,0.145799429535017,0.126669284460582,0.155741022443085,-0.0456938659500764,"CLB_Ma","No change","No change"
"new_regions_legacy_samples","new","legacy","SE_194","21",29148556,29233751,0.141708978223931,0.137513745553972,0.10547923499976,-0.0430469509745049,-0.422503990324244,"CLB_Ma","No change","No change"
"new_regions_legacy_samples","new","legacy","SE_195","21",29308201,29352601,0.0913431084533487,0.107208406093667,0.0995112683400528,0.228736375952321,0.122281049012608,"CLB_Ma","No change","No change"
"new_regions_legacy_samples","new","legacy","SE_196","22",24282697,24339106,0.101354160983051,0.150962989229455,0.0979076959808843,0.570150243177406,-0.0494150669711292,"CLB_Ma","No change","No change"
"new_regions_legacy_samples","new","legacy","SE_197","22",31207297,31254601,0.29268014511047,0.333459516064994,0.271456506825262,0.187585861105506,-0.108219786531907,"CLB_Ma","No change","No change"
"new_regions_legacy_samples","new","legacy","SE_198","22",31583547,31662751,0.203920711799743,0.225012543845012,0.187950568972749,0.141337037218403,-0.117056945284568,"CLB_Ma","No change","No change"
"new_regions_legacy_samples","new","legacy","SE_199","22",36295897,36399251,0.308337745057626,0.346304985847414,0.25364458169755,0.167020241678157,-0.280697860220614,"CLB_Ma","No change","No change"
"new_regions_legacy_samples","new","legacy","SE_200","22",40466438,40543951,0.153438318848545,0.198652091741055,0.134994255787426,0.370457432167258,-0.183485039613955,"CLB_Ma","No change","No change"
"new_regions_legacy_samples","new","legacy","SE_201","22",42905297,43018201,0.165528845873355,0.194927695157555,0.160003059498598,0.234549242308541,-0.0486839966300991,"CLB_Ma","No change","No change"
"new_regions_legacy_samples","new","legacy","SE_202","3",15629947,15648901,0.342747452262342,0.459701355994123,0.314631835199112,0.4224828234639,-0.123106295278291,"CLB_Ma","No change","No change"
"new_regions_legacy_samples","new","legacy","SE_203","3",30333897,30359151,0.107381753592421,0.129624060106113,0.0745450971203048,0.269298761539094,-0.520711862329479,"CLB_Ma","No change","No change"
"new_regions_legacy_samples","new","legacy","SE_204","3",48011697,48086278,0.216782778828809,0.192590581637836,0.126785174434552,-0.169881111606325,-0.769169412157206,"CLB_Ma","No change","Decreased"
"new_regions_legacy_samples","new","legacy","SE_205","3",57998247,58175901,0.144132373988809,0.158692035120353,0.121189094447434,0.137922987537534,-0.248253842134783,"CLB_Ma","No change","No change"
"new_regions_legacy_samples","new","legacy","SE_206","3",71487847,71554851,0.207097631406263,0.21664560441461,0.170960266720138,0.0647203394250773,-0.27518529109053,"CLB_Ma","No change","No change"
"new_regions_legacy_samples","new","legacy","SE_207","3",81722147,81765851,0.219764396654373,0.307000201499659,0.199369244557331,0.480423771700462,-0.139846442318978,"CLB_Ma","No change","No change"
"new_regions_legacy_samples","new","legacy","SE_208","3",98877097,98924851,0.264875823809681,0.309938275461357,0.230783706890293,0.22587562019493,-0.197973441903073,"CLB_Ma","No change","No change"
"new_regions_legacy_samples","new","legacy","SE_209","3",99842697,99936151,0.128310099659225,0.1660315532734,0.127552370837931,0.369285702225746,-0.00847874261934915,"CLB_Ma","No change","No change"
"new_regions_legacy_samples","new","legacy","SE_210","3",100001947,100049201,0.184476218130385,0.207730735685649,0.152314998883167,0.17040883807207,-0.274735372019183,"CLB_Ma","No change","No change"
"new_regions_legacy_samples","new","legacy","SE_211","3",107192747,107250501,0.157991933200168,0.204634143289588,0.143574044191521,0.37112625896598,-0.137145004909328,"CLB_Ma","No change","No change"
"new_regions_legacy_samples","new","legacy","SE_212","3",111845697,111975874,0.125680597535334,0.202325250368885,0.125648136391566,0.682593812898001,-0.000369729328891016,"CLB_Ma","Increased","No change"
"new_regions_legacy_samples","new","legacy","SE_213","3",112604967,112699901,0.210609977701982,0.223770933916559,0.165915566276376,0.0870478324869597,-0.342289149728356,"CLB_Ma","No change","No change"
"new_regions_legacy_samples","new","legacy","SE_214","3",120403647,120448070,0.219612169968402,0.262121426675476,0.191820580145372,0.254216357040468,-0.194253337073016,"CLB_Ma","No change","No change"
"new_regions_legacy_samples","new","legacy","SE_215","3",123595047,123881301,0.188276676887568,0.213840098819471,0.158303570426337,0.182766640444659,-0.248718047808721,"CLB_Ma","No change","No change"
"new_regions_legacy_samples","new","legacy","SE_216","3",128758647,128806351,0.0953219562792339,0.154958526848148,0.0975850617916086,0.695225834165786,0.0335043639968558,"CLB_Ma","Increased","No change"
"new_regions_legacy_samples","new","legacy","SE_217","3",134457097,134482731,0.207600797919566,0.218825439834788,0.154594469930184,0.0756136790230048,-0.422953890719167,"CLB_Ma","No change","No change"
"new_regions_legacy_samples","new","legacy","SE_218","3",136136147,136186501,0.0760364320106136,0.0880087627347897,0.0612802509522001,0.208406488087071,-0.306766127799302,"CLB_Ma","No change","No change"
"new_regions_legacy_samples","new","legacy","SE_219","3",149369097,149408351,0.123386229215816,0.155515338235864,0.140856583687336,0.331477272018108,0.18960633517865,"CLB_Ma","No change","No change"
"new_regions_legacy_samples","new","legacy","SE_220","3",152272624,152467151,0.0815419371294631,0.102567445641419,0.0949080196810546,0.327371390262858,0.216524159701018,"CLB_Ma","No change","No change"
"new_regions_legacy_samples","new","legacy","SE_221","3",156531797,156559251,0.262100641004962,0.355282042093163,0.252281434321,0.437405004825743,-0.0548734328907074,"CLB_Ma","No change","No change"
"new_regions_legacy_samples","new","legacy","SE_222","3",160394797,160446837,0.190054497776234,0.175911085338451,0.171934030214208,-0.110959770940081,-0.143762429224524,"CLB_Ma","No change","No change"
"new_regions_legacy_samples","new","legacy","SE_223","3",170688547,170768951,0.159065211564851,0.184873674720605,0.13970160760968,0.21566266807194,-0.186020975404675,"CLB_Ma","No change","No change"
"new_regions_legacy_samples","new","legacy","SE_224","3",171256147,171331701,0.0989185403784747,0.119221431686947,0.0915852098572798,0.266869798811291,-0.109970655317067,"CLB_Ma","No change","No change"
"new_regions_legacy_samples","new","legacy","SE_225","3",171343347,171428051,0.1194593604548,0.136476913264755,0.114098107865082,0.190642860241313,-0.0656823877330618,"CLB_Ma","No change","No change"
"new_regions_legacy_samples","new","legacy","SE_226","3",172044197,172186201,0.137969072943395,0.169967651550119,0.132523140298378,0.298959529279066,-0.0576740615815527,"CLB_Ma","No change","No change"
"new_regions_legacy_samples","new","legacy","SE_227","3",172243397,172368751,0.108267486529635,0.139969871328587,0.0972624476041844,0.367522678060789,-0.153152098162962,"CLB_Ma","No change","No change"
"new_regions_legacy_samples","new","legacy","SE_228","3",172753682,172817751,0.110002365183384,0.0903519114554975,0.0740397079020412,-0.281083595773588,-0.564864299960745,"CLB_Ma","No change","No change"
"new_regions_legacy_samples","new","legacy","SE_229","3",179580247,179618651,0.204016479712696,0.222556721958221,0.161548271601045,0.124901044186602,-0.334871665925961,"CLB_Ma","No change","No change"
"new_regions_legacy_samples","new","legacy","SE_230","3",188185397,188301151,0.126223719011166,0.148824211039617,0.110853517171269,0.235903111634525,-0.185757043347,"CLB_Ma","No change","No change"
"new_regions_legacy_samples","new","legacy","SE_231","3",192851647,192915160,0.21258638425739,0.203523475126512,0.186324125670795,-0.0625532361201806,-0.189282963022169,"CLB_Ma","No change","No change"
"new_regions_legacy_samples","new","legacy","SE_232","3",194552997,194599901,0.202351133064421,0.234726520262434,0.18707646480106,0.213141047746434,-0.112653702871583,"CLB_Ma","No change","No change"
"new_regions_legacy_samples","new","legacy","SE_233","3",196742854,196810951,0.170523429015903,0.185793891668679,0.11212153354379,0.123041625491019,-0.600532069441562,"CLB_Ma","No change","Decreased"
"new_regions_legacy_samples","new","legacy","SE_234","4",24526247,24572351,0.0561966519808451,0.0727663664796689,0.0600520413428906,0.367032473382163,0.0941088331423338,"CLB_Ma","No change","No change"
"new_regions_legacy_samples","new","legacy","SE_235","4",41119997,41209951,0.133689444531475,0.178915568752436,0.121950597796721,0.417683240917366,-0.131558043291835,"CLB_Ma","No change","No change"
"new_regions_legacy_samples","new","legacy","SE_236","4",69746947,69803551,0.151037865295812,0.138856787068808,0.113773906398621,-0.12048040650257,-0.405635988468106,"CLB_Ma","No change","No change"
"new_regions_legacy_samples","new","legacy","SE_237","4",76579197,76609551,0.24597460397507,0.334665397955785,0.190582767989347,0.442661125294295,-0.366394896326297,"CLB_Ma","No change","No change"
"new_regions_legacy_samples","new","legacy","SE_238","4",76943147,77072971,0.179825971056071,0.253355290968446,0.150393083129412,0.492243205596594,-0.256302606363895,"CLB_Ma","No change","No change"
"new_regions_legacy_samples","new","legacy","SE_239","4",79996847,80070322,0.122842640784752,0.222814908612922,0.134117596632267,0.853797998841662,0.125707431396125,"CLB_Ma","Increased","No change"
"new_regions_legacy_samples","new","legacy","SE_240","4",88010644,88041951,0.111103433474794,0.231641828044115,0.152045713908004,1.05328004546057,0.449132177006691,"CLB_Ma","Increased","No change"
"new_regions_legacy_samples","new","legacy","SE_241","4",88586847,88641951,0.27137156654308,0.355414907713246,0.165150998516888,0.387981576357512,-0.713081141941173,"CLB_Ma","No change","Decreased"
"new_regions_legacy_samples","new","legacy","SE_242","4",94507447,94596301,0.104733380211997,0.1048864112002,0.0826786149097963,0.0020865447867078,-0.337500033277202,"CLB_Ma","No change","No change"
"new_regions_legacy_samples","new","legacy","SE_243","4",102787947,102822859,0.074356209401595,0.257979388241694,0.077827653289096,1.78103897981188,0.0649754301824016,"CLB_Ma","Increased","No change"
"new_regions_legacy_samples","new","legacy","SE_244","4",112883597,112910451,0.119484262494533,0.152278684496565,0.117802084656753,0.347312368694057,-0.0202845639431616,"CLB_Ma","No change","No change"
"new_regions_legacy_samples","new","legacy","SE_245","4",113435197,113476701,0.160983754323456,0.193047451566708,0.164397772499393,0.260560356695987,0.030090675513779,"CLB_Ma","No change","No change"
"new_regions_legacy_samples","new","legacy","SE_246","4",113897397,113976721,0.0992787304235171,0.100229458608075,0.0743101786946269,0.0136135511040682,-0.413098862733227,"CLB_Ma","No change","No change"
"new_regions_legacy_samples","new","legacy","SE_247","4",114224047,114284551,0.120354689678321,0.12687625249326,0.0908534778433813,0.0755185089808934,-0.401823609470904,"CLB_Ma","No change","No change"
"new_regions_legacy_samples","new","legacy","SE_248","4",114316247,114367701,0.0807140424322702,0.0858358793403939,0.0679136786381947,0.0877072421653793,-0.245793653497017,"CLB_Ma","No change","No change"
"new_regions_legacy_samples","new","legacy","SE_249","4",122757697,122799301,0.198442905287002,0.191807829986482,0.127294840435223,-0.0488121627937941,-0.63651265234801,"CLB_Ma","No change","Decreased"
"new_regions_legacy_samples","new","legacy","SE_250","4",122829705,122915251,0.0741532058850855,0.0942830880805788,0.0838086859574258,0.342385523102918,0.174377382728521,"CLB_Ma","No change","No change"
"new_regions_legacy_samples","new","legacy","SE_251","4",137509247,137529497,0.154173249383162,0.192421393742397,0.117178980550472,0.317867505709165,-0.392906411038019,"CLB_Ma","No change","No change"
"new_regions_legacy_samples","new","legacy","SE_252","4",159262097,159310151,0.153637781504484,0.174762512667155,0.149855863859033,0.184734554183052,-0.0357220693228311,"CLB_Ma","No change","No change"
"new_regions_legacy_samples","new","legacy","SE_253","4",169200697,169268097,0.108874166094504,0.195999092592949,0.0979179991714628,0.842336768557002,-0.151547252336145,"CLB_Ma","Increased","No change"
"new_regions_legacy_samples","new","legacy","SE_254","4",185180697,185403601,0.180126116594084,0.214358432374814,0.157637322960332,0.249745229874324,-0.191262346549715,"CLB_Ma","No change","No change"
"new_regions_legacy_samples","new","legacy","SE_255","5",9324147,9372201,0.147024512743717,0.131184447901814,0.108169964068089,-0.163283657577111,-0.439260122641506,"CLB_Ma","No change","No change"
"new_regions_legacy_samples","new","legacy","SE_256","5",9426847,9508331,0.143507071986911,0.201702968726781,0.158836866592749,0.488227120177546,0.145460108179513,"CLB_Ma","No change","No change"
"new_regions_legacy_samples","new","legacy","SE_257","5",17220558,17262401,0.140818992658791,0.207173718728177,0.0903115050472361,0.553737190585979,-0.635182200721515,"CLB_Ma","No change","Decreased"
"new_regions_legacy_samples","new","legacy","SE_258","5",52994197,53046301,0.0937681129177629,0.12670093610378,0.114889933908781,0.430295485311743,0.290281645290929,"CLB_Ma","No change","No change"
"new_regions_legacy_samples","new","legacy","SE_259","5",61350847,61505451,0.147589320589399,0.137917187633374,0.134372675931432,-0.0971053213445896,-0.134393860275377,"CLB_Ma","No change","No change"
"new_regions_legacy_samples","new","legacy","SE_260","5",65100547,65248151,0.0970357721301508,0.105975750727126,0.0705187105455053,0.125903630144201,-0.454987542660884,"CLB_Ma","No change","No change"
"new_regions_legacy_samples","new","legacy","SE_261","5",69237792,69296951,0.0832712225900567,0.0854446705182911,0.0764629785270174,0.0367369659913678,-0.121533080205532,"CLB_Ma","No change","No change"
"new_regions_legacy_samples","new","legacy","SE_262","5",76488247,76543601,0.118607821525955,0.147582595108744,0.121400669156784,0.312953394276097,0.0332997102569233,"CLB_Ma","No change","No change"
"new_regions_legacy_samples","new","legacy","SE_263","5",95710247,95802001,0.173926208860615,0.197544189627078,0.150567852921672,0.182713679471599,-0.206782666957933,"CLB_Ma","No change","No change"
"new_regions_legacy_samples","new","legacy","SE_264","5",120599047,120624601,0.0990562955827392,0.139948645869949,0.113606783742951,0.494357672573726,0.195880496791997,"CLB_Ma","No change","No change"
"new_regions_legacy_samples","new","legacy","SE_265","5",122140947,122184251,0.144944804727027,0.141905855252344,0.0998688318649148,-0.030357826496744,-0.532942400077473,"CLB_Ma","No change","No change"
"new_regions_legacy_samples","new","legacy","SE_266","5",131504497,131547351,0.0796558655369913,0.108016485720272,0.096042682831946,0.434694959687805,0.26683998129112,"CLB_Ma","No change","No change"
"new_regions_legacy_samples","new","legacy","SE_267","5",140280247,140343602,0.166998417945847,0.173813038867856,0.162013611079798,0.0573651487740486,-0.0434552175022962,"CLB_Ma","No change","No change"
"new_regions_legacy_samples","new","legacy","SE_268","5",147471147,147507055,0.215221342551906,0.207848753535935,0.210422456837547,-0.0500504010016461,-0.0323803093297262,"CLB_Ma","No change","No change"
"new_regions_legacy_samples","new","legacy","SE_269","5",150008297,150066101,0.103198752892889,0.144320442371533,0.0994261702960293,0.47989965183222,-0.0532027371283951,"CLB_Ma","No change","No change"
"new_regions_legacy_samples","new","legacy","SE_270","5",151658897,151703801,0.242405821673046,0.323795805108386,0.222834606149356,0.416169325346115,-0.120930571492952,"CLB_Ma","No change","No change"
"new_regions_legacy_samples","new","legacy","SE_271","5",154193732,154320951,0.137767046658964,0.145953531780305,0.125023522312572,0.0826950237864471,-0.138971970220134,"CLB_Ma","No change","No change"
"new_regions_legacy_samples","new","legacy","SE_272","5",154342197,154376051,0.123108285811861,0.143086393298113,0.106255387265875,0.215334665018507,-0.210549323188261,"CLB_Ma","No change","No change"
"new_regions_legacy_samples","new","legacy","SE_273","5",157495447,157572822,0.154343707942918,0.179051895458505,0.102290792779963,0.212948979698168,-0.588752147787346,"CLB_Ma","No change","Decreased"
"new_regions_legacy_samples","new","legacy","SE_274","5",169548297,169606201,0.173847263329167,0.183826833757882,0.130453650298155,0.0800790116276746,-0.411541011176612,"CLB_Ma","No change","No change"
"new_regions_legacy_samples","new","legacy","SE_275","6",11160047,11236601,0.196137252002338,0.243324547547079,0.187799663134741,0.309598399262961,-0.0623442301514998,"CLB_Ma","No change","No change"
"new_regions_legacy_samples","new","legacy","SE_276","6",16657547,16771001,0.202858363789275,0.194534044938787,0.194528554100518,-0.060147327370975,-0.0601878406042047,"CLB_Ma","No change","No change"
"new_regions_legacy_samples","new","legacy","SE_277","6",30724546,30794251,0.367158571646272,0.419366308624447,0.290908618557474,0.191319753876762,-0.334810484606393,"CLB_Ma","No change","No change"
"new_regions_legacy_samples","new","legacy","SE_278","6",34629397,34684901,0.106494769127613,0.144758881284099,0.106931533543543,0.439317333839827,0.00584997015182845,"CLB_Ma","No change","No change"
"new_regions_legacy_samples","new","legacy","SE_279","6",37101147,37145951,0.328606781787894,0.308359019682474,0.232609503691441,-0.0914638290066212,-0.496646959771501,"CLB_Ma","No change","No change"
"new_regions_legacy_samples","new","legacy","SE_280","6",42182047,42231451,0.131405523797138,0.166083147589158,0.119733348767334,0.335602916141807,-0.13313908088557,"CLB_Ma","No change","No change"
"new_regions_legacy_samples","new","legacy","SE_281","6",44654997,44669401,0.497283131940297,0.481305462803766,0.408077314352712,-0.0470185854261304,-0.284592202360119,"CLB_Ma","No change","No change"
"new_regions_legacy_samples","new","legacy","SE_282","6",56638797,56774401,0.0968142954763291,0.111472560299963,0.100720084918081,0.201455838661679,0.0564873371775084,"CLB_Ma","No change","No change"
"new_regions_legacy_samples","new","legacy","SE_283","6",56795347,56840664,0.147681251195616,0.0938025154896081,0.113156950913535,-0.649225488849186,-0.381204027424465,"CLB_Ma","Decreased","No change"
"new_regions_legacy_samples","new","legacy","SE_284","6",104995247,105073801,0.0967744889043301,0.115500500944945,0.0869265744533235,0.252806163687994,-0.153158825954725,"CLB_Ma","No change","No change"
"new_regions_legacy_samples","new","legacy","SE_285","6",113344347,113414701,0.110069211127357,0.157900737543536,0.0999709929387457,0.516666870271771,-0.137518057318708,"CLB_Ma","No change","No change"
"new_regions_legacy_samples","new","legacy","SE_286","6",129625997,129718001,0.144921203035525,0.184072447996075,0.129856764768465,0.342900606242834,-0.157201021001345,"CLB_Ma","No change","No change"
"new_regions_legacy_samples","new","legacy","SE_287","6",140041947,140079801,0.231439201084477,0.246900752137652,0.217055137672057,0.0929092475032777,-0.0921604184503812,"CLB_Ma","No change","No change"
"new_regions_legacy_samples","new","legacy","SE_288","6",142353347,142419951,0.123542580406377,0.124829172527469,0.0939216934542965,0.0148273628274387,-0.391829331603183,"CLB_Ma","No change","No change"
"new_regions_legacy_samples","new","legacy","SE_289","6",150853797,150900301,0.291402441039563,0.374353310955534,0.231761291959444,0.360293853652994,-0.329104196260696,"CLB_Ma","No change","No change"
"new_regions_legacy_samples","new","legacy","SE_290","6",151242996,151296801,0.138614571011354,0.151827457689921,0.102122893698074,0.130454250258706,-0.437084865307383,"CLB_Ma","No change","No change"
"new_regions_legacy_samples","new","legacy","SE_291","6",152704947,152760451,0.147722380427888,0.168794863552246,0.176144084942989,0.19117104961189,0.25230152580074,"CLB_Ma","No change","No change"
"new_regions_legacy_samples","new","legacy","SE_292","6",157984853,158087051,0.214799408311291,0.211204546972503,0.152577318939508,-0.0242353395269437,-0.490725741755343,"CLB_Ma","No change","No change"
"new_regions_legacy_samples","new","legacy","SE_293","7",6226047,6284751,0.190055892045133,0.262756852509046,0.180192354627652,0.465213825902635,-0.0764726677390348,"CLB_Ma","No change","No change"
"new_regions_legacy_samples","new","legacy","SE_294","7",23426597,23479601,0.280097201002023,0.369385678955969,0.303613310121009,0.397959229259793,0.115909893668679,"CLB_Ma","No change","No change"
"new_regions_legacy_samples","new","legacy","SE_295","7",80824647,80911651,0.0877982503780203,0.112820255778381,0.0982936231339204,0.358154170570758,0.161169816570407,"CLB_Ma","No change","No change"
"new_regions_legacy_samples","new","legacy","SE_296","7",101092897,101141301,0.480690624476189,0.463508268573572,0.321989845637868,-0.0524025660669366,-0.576618034629663,"CLB_Ma","No change","No change"
"new_regions_legacy_samples","new","legacy","SE_297","7",102834447,102897801,0.132417039984706,0.145424194467803,0.0990751165583958,0.134211018812238,-0.414859642825897,"CLB_Ma","No change","No change"
"new_regions_legacy_samples","new","legacy","SE_298","7",130352297,130375251,0.537511959290137,0.503800331081152,0.36826181791643,-0.0932655280062833,-0.544334290560881,"CLB_Ma","No change","No change"
"new_regions_legacy_samples","new","legacy","SE_299","7",130838297,131040951,0.152309500203336,0.186791115974195,0.129177887545059,0.292681713618343,-0.235962691672162,"CLB_Ma","No change","No change"
"new_regions_legacy_samples","new","legacy","SE_300","7",134689347,134969601,0.157004486999743,0.174374238390837,0.13688179643772,0.150471310041523,-0.19653352797056,"CLB_Ma","No change","No change"
"new_regions_legacy_samples","new","legacy","SE_301","8",13075347,13130299,0.128202324278662,0.125049193519688,0.100773837735502,-0.0356451358925817,-0.344265277663009,"CLB_Ma","No change","No change"
"new_regions_legacy_samples","new","legacy","SE_302","8",25178147,25216001,0.304065248411754,0.242006085946862,0.191601624101182,-0.328125398544089,-0.663497975621795,"CLB_Ma","No change","Decreased"
"new_regions_legacy_samples","new","legacy","SE_303","8",32672597,32785351,0.102409090150112,0.105262383381352,0.0822190364124093,0.0392679658244698,-0.313377522248852,"CLB_Ma","No change","No change"
"new_regions_legacy_samples","new","legacy","SE_304","8",38891897,38939851,0.266964335559061,0.305799494354488,0.213556602612444,0.195255105664087,-0.320682701187891,"CLB_Ma","No change","No change"
"new_regions_legacy_samples","new","legacy","SE_305","8",38999983,39046151,0.151941882090283,0.15300841011615,0.120350990570914,0.0100256030050712,-0.333797647938254,"CLB_Ma","No change","No change"
"new_regions_legacy_samples","new","legacy","SE_306","8",40148697,40220751,0.193553929798377,0.176028023120969,0.131393727381323,-0.13619236800054,-0.555335350618074,"CLB_Ma","No change","No change"
"new_regions_legacy_samples","new","legacy","SE_307","8",53942447,53966801,0.154796933320229,0.168227832866162,0.146972014891728,0.119300031802821,-0.0743424830023123,"CLB_Ma","No change","No change"
"new_regions_legacy_samples","new","legacy","SE_308","8",58800197,58896151,0.122396191709784,0.134450847447024,0.0963639223701821,0.134471549488813,-0.341838676026565,"CLB_Ma","No change","No change"
"new_regions_legacy_samples","new","legacy","SE_309","8",66505597,66563401,0.252614772189264,0.212317684301204,0.172915620868182,-0.249635208106294,-0.544251260553948,"CLB_Ma","No change","No change"
"new_regions_legacy_samples","new","legacy","SE_310","8",73542447,73633701,0.115238005870642,0.122206997898829,0.102344770622314,0.0840023423710536,-0.169616469644118,"CLB_Ma","No change","No change"
"new_regions_legacy_samples","new","legacy","SE_311","8",88101447,88148651,0.09030612051258,0.126864087224988,0.0804734791017517,0.485827639423471,-0.164381055614375,"CLB_Ma","No change","No change"
"new_regions_legacy_samples","new","legacy","SE_312","8",97879097,97953601,0.122715158623841,0.114292085146878,0.0930833411138022,-0.101728807569152,-0.395011082715022,"CLB_Ma","No change","No change"
"new_regions_legacy_samples","new","legacy","SE_313","8",100898947,100947570,0.235575471241553,0.200563143213358,0.202597851893318,-0.231068639816006,-0.216578159065087,"CLB_Ma","No change","No change"
"new_regions_legacy_samples","new","legacy","SE_314","8",101125247,101202731,0.206397964369861,0.209708865443415,0.147122053013228,0.0228492818858001,-0.48561528311687,"CLB_Ma","No change","No change"
"new_regions_legacy_samples","new","legacy","SE_315","8",117825897,118120901,0.146027754758731,0.177236636892033,0.121578268076941,0.277705394605666,-0.262385295508193,"CLB_Ma","No change","No change"
"new_regions_legacy_samples","new","legacy","SE_316","8",140763497,140845851,0.102116038344674,0.113238542295933,0.0823782201639451,0.147780733139415,-0.306526261364872,"CLB_Ma","No change","No change"
"new_regions_legacy_samples","new","legacy","SE_317","9",2800697,2841129,0.23918079984194,0.193282772593251,0.140168569540508,-0.305962845779418,-0.766701910286721,"CLB_Ma","No change","Decreased"
"new_regions_legacy_samples","new","legacy","SE_318","9",12778010,12835101,0.144129782536268,0.145165171481854,0.134220440299522,0.0102559743470737,-0.102030359827356,"CLB_Ma","No change","No change"
"new_regions_legacy_samples","new","legacy","SE_319","9",16499797,16547801,0.156231071811113,0.175395784838458,0.140341370935908,0.165929737210799,-0.153702541835997,"CLB_Ma","No change","No change"
"new_regions_legacy_samples","new","legacy","SE_320","9",16670397,16728801,0.162211330394443,0.230029985878401,0.11940638298621,0.501338899275874,-0.438829340697615,"CLB_Ma","No change","No change"
"new_regions_legacy_samples","new","legacy","SE_321","9",33271497,33355551,0.18747863400683,0.206175041133715,0.141605679178355,0.13644922018516,-0.402369551113587,"CLB_Ma","No change","No change"
"new_regions_legacy_samples","new","legacy","SE_322","9",35507297,35534101,0.319930986390525,0.212761433391036,0.177934877374978,-0.586261503774208,-0.84282847082795,"CLB_Ma","Decreased","Decreased"
"new_regions_legacy_samples","new","legacy","SE_323","9",36089347,36114801,0.233064349000308,0.277688649467367,0.182351713755019,0.251749034788897,-0.352291459521299,"CLB_Ma","No change","No change"
"new_regions_legacy_samples","new","legacy","SE_324","9",37921497,37979401,0.209387224306798,0.214013098407714,0.170987745202667,0.0313774500767357,-0.290741329176921,"CLB_Ma","No change","No change"
"new_regions_legacy_samples","new","legacy","SE_325","9",37992697,38066212,0.234893919394998,0.264881523292738,0.186960145990306,0.172645293638044,-0.327711437499634,"CLB_Ma","No change","No change"
"new_regions_legacy_samples","new","legacy","SE_326","9",94767247,94813751,0.159353469894473,0.173056589512632,0.132934791372631,0.118300860646132,-0.259724803762202,"CLB_Ma","No change","No change"
"new_regions_legacy_samples","new","legacy","SE_327","9",106859997,106898751,0.305002316536052,0.258024912877099,0.182460544947607,-0.240451712405397,-0.738072744411052,"CLB_Ma","No change","Decreased"
"new_regions_legacy_samples","new","legacy","SE_328","9",110007397,110193301,0.136453655977243,0.166623325779941,0.122325440394277,0.286277642573029,-0.156474840810005,"CLB_Ma","No change","No change"
"new_regions_legacy_samples","new","legacy","SE_329","9",112010897,112082301,0.280088494851468,0.267831339796342,0.180460970091783,-0.0643230701137406,-0.631365127870904,"CLB_Ma","No change","Decreased"
"new_regions_legacy_samples","new","legacy","SE_330","9",115664947,115693701,0.256130779196978,0.215297393470849,0.163184537948726,-0.249486034752299,-0.647184046761013,"CLB_Ma","No change","Decreased"
"new_regions_legacy_samples","new","legacy","SE_331","9",122988147,123104301,0.128948740270366,0.14923395163489,0.113090574603489,0.209268238568115,-0.187763037538447,"CLB_Ma","No change","No change"
"new_regions_legacy_samples","new","legacy","SE_332","9",124251597,124307001,0.123208275975612,0.134832613866962,0.113785016034504,0.129068613823064,-0.113826977498074,"CLB_Ma","No change","No change"
"new_regions_legacy_samples","new","legacy","SE_333","9",125509297,125559351,0.157935334587143,0.150822544556849,0.126568627354991,-0.0660538645583857,-0.317166326855952,"CLB_Ma","No change","No change"
"new_regions_legacy_samples","new","legacy","SE_334","9",125784147,125856501,0.0821682505006439,0.0881498552963691,0.0625038325980808,0.100199571851145,-0.389189219910741,"CLB_Ma","No change","No change"
"new_regions_legacy_samples","new","legacy","SE_335","9",129931747,129999401,0.128245121548074,0.131596524204512,0.113357219705911,0.0369331321301237,-0.176562375800893,"CLB_Ma","No change","No change"
"new_regions_legacy_samples","new","legacy","SE_336","9",130823247,130870501,0.230771107540888,0.270111081898938,0.206897272659897,0.226183353802204,-0.156829899931049,"CLB_Ma","No change","No change"
"new_regions_legacy_samples","new","legacy","SE_337","X",136155497,136215901,0.105121298741148,0.12486834274527,0.0959310817179749,0.246201238334923,-0.130682980365356,"CLB_Ma","No change","No change"
"new_regions_legacy_samples","new","legacy","SE_1","1",8361497,8420686,0.186743014676038,0.149480207381225,0.192391135128282,-0.319185488421398,0.0427624338997721,"SK_N_SH","No change","No change"
"new_regions_legacy_samples","new","legacy","SE_2","1",8646697,8719401,0.173341080435069,0.144884741992467,0.173748018681574,-0.257083555007167,0.00336354276084257,"SK_N_SH","No change","No change"
"new_regions_legacy_samples","new","legacy","SE_3","1",33317147,33469629,0.197708409686556,0.198865580704656,0.200456336062533,0.00837711250678462,0.0198142495758834,"SK_N_SH","No change","No change"
"new_regions_legacy_samples","new","legacy","SE_4","1",36231047,36302301,0.108257490344999,0.091837595529294,0.0816527434742348,-0.234951126851053,-0.402597577203674,"SK_N_SH","No change","No change"
"new_regions_legacy_samples","new","legacy","SE_5","1",39102247,39486501,0.148841014466735,0.142729790098632,0.143722890156104,-0.0600734597767169,-0.0501394478086813,"SK_N_SH","No change","No change"
"new_regions_legacy_samples","new","legacy","SE_6","1",51619871,51674051,0.150755355144885,0.137288255523783,0.169245069825682,-0.134068790016277,0.1658655922154,"SK_N_SH","No change","No change"
"new_regions_legacy_samples","new","legacy","SE_7","1",51733147,51811451,0.0753832374429648,0.106041330471738,0.0729762223293848,0.486839979347436,-0.0461944390804137,"SK_N_SH","No change","No change"
"new_regions_legacy_samples","new","legacy","SE_8","1",59115547,59166001,0.178521110358546,0.136772417156694,0.134560437622825,-0.38186642334957,-0.405217304999687,"SK_N_SH","No change","No change"
"new_regions_legacy_samples","new","legacy","SE_9","1",67673147,67772501,0.218483022700155,0.187329137399165,0.169864123140813,-0.220853125503579,-0.36125984797084,"SK_N_SH","No change","No change"
"new_regions_legacy_samples","new","legacy","SE_10","1",85269397,85527851,0.147035171384122,0.166386428167213,0.141238448680074,0.177242574053398,-0.0576284889956474,"SK_N_SH","No change","No change"
"new_regions_legacy_samples","new","legacy","SE_11","1",85540597,85586901,0.46380270455776,0.484982197547552,0.40448591539591,0.0642850027266624,-0.196966660288557,"SK_N_SH","No change","No change"
"new_regions_legacy_samples","new","legacy","SE_12","1",86739147,86795951,0.180733983871585,0.183714059556371,0.175501043596116,0.0234654558614682,-0.042151511996907,"SK_N_SH","No change","No change"
"new_regions_legacy_samples","new","legacy","SE_13","1",89527835,89577701,0.149824862394079,0.184486264877833,0.106302591993784,0.298438094175305,-0.491189339959793,"SK_N_SH","No change","No change"
"new_regions_legacy_samples","new","legacy","SE_14","1",97091247,97148351,0.0878645032523039,0.0995909152824369,0.0838993082680164,0.178820858597024,-0.065854453263785,"SK_N_SH","No change","No change"
"new_regions_legacy_samples","new","legacy","SE_15","1",115296347,115335235,0.136737050583307,0.120941085475234,0.136702801857529,-0.175732395975456,-0.000358775004070398,"SK_N_SH","No change","No change"
"new_regions_legacy_samples","new","legacy","SE_16","1",150560047,150583051,1.09015294871773,0.888842419714509,1.12405860462227,-0.294231560751343,0.044146813002618,"SK_N_SH","No change","No change"
"new_regions_legacy_samples","new","legacy","SE_17","1",155452497,155476151,0.125858493131463,0.122663974536729,0.108462976952098,-0.0367948311588528,-0.21277711287439,"SK_N_SH","No change","No change"
"new_regions_legacy_samples","new","legacy","SE_18","1",157996270,158050251,0.262461871304705,0.22022041685097,0.244492118271004,-0.252109646668595,-0.101917481084565,"SK_N_SH","No change","No change"
"new_regions_legacy_samples","new","legacy","SE_19","1",162625447,162723901,0.171181605949233,0.17042595816948,0.173755226219477,-0.00634544274234957,0.0214045726199118,"SK_N_SH","No change","No change"
"new_regions_legacy_samples","new","legacy","SE_20","1",162956397,162998851,0.0947160165189343,0.101625525123898,0.0770406717449657,0.10055734255917,-0.294534160286589,"SK_N_SH","No change","No change"
"new_regions_legacy_samples","new","legacy","SE_21","1",163031997,163057701,0.310266593314474,0.337294306851482,0.324989483804023,0.120128150370915,0.0666746769821271,"SK_N_SH","No change","No change"
"new_regions_legacy_samples","new","legacy","SE_22","1",164703497,164782451,0.145696115905905,0.179449710729305,0.152153567994652,0.2987661574449,0.0621483044949338,"SK_N_SH","No change","No change"
"new_regions_legacy_samples","new","legacy","SE_23","1",172341847,172363501,0.203858841005035,0.232039205615001,0.230912723977908,0.185942532802375,0.178951820223586,"SK_N_SH","No change","No change"
"new_regions_legacy_samples","new","legacy","SE_24","1",172883997,172970651,0.0904970435734925,0.0978678965411673,0.0876470389645394,0.111777010384859,-0.0456526859339693,"SK_N_SH","No change","No change"
"new_regions_legacy_samples","new","legacy","SE_25","1",178096991,178139351,0.16144733394909,0.174937356816287,0.162781920850968,0.115089776420646,0.0118040464969577,"SK_N_SH","No change","No change"
"new_regions_legacy_samples","new","legacy","SE_26","1",181072497,181117901,0.372558621592368,0.43175402909246,0.379391475128351,0.212212592456032,0.026150255434593,"SK_N_SH","No change","No change"
"new_regions_legacy_samples","new","legacy","SE_27","1",183019797,183165151,0.0991213963602426,0.113808621161344,0.111308137328256,0.197480663265455,0.165712145463201,"SK_N_SH","No change","No change"
"new_regions_legacy_samples","new","legacy","SE_28","1",198087697,198127351,0.107994022523548,0.118292910023371,0.0856468884503002,0.130259284846998,-0.331029169291129,"SK_N_SH","No change","No change"
"new_regions_legacy_samples","new","legacy","SE_29","1",198153497,198299701,0.117281468441677,0.128702346644598,0.107310763964476,0.132980522376721,-0.127047433816381,"SK_N_SH","No change","No change"
"new_regions_legacy_samples","new","legacy","SE_30","1",202551447,202591201,0.172823452544353,0.153446359787584,0.161115538021805,-0.170516878189158,-0.100600372952654,"SK_N_SH","No change","No change"
"new_regions_legacy_samples","new","legacy","SE_31","1",203504597,203560001,0.275378329211497,0.201649487241597,0.228275875363929,-0.447657973654206,-0.269559937537426,"SK_N_SH","No change","No change"
"new_regions_legacy_samples","new","legacy","SE_32","1",203629784,203701601,0.168577517657017,0.141327536134205,0.15523788695932,-0.252730104809725,-0.118200569421641,"SK_N_SH","No change","No change"
"new_regions_legacy_samples","new","legacy","SE_33","1",204403397,204440351,0.291377483195425,0.22989365875655,0.274230624573892,-0.340603657999389,-0.0871912037252985,"SK_N_SH","No change","No change"
"new_regions_legacy_samples","new","legacy","SE_34","1",218335647,218391051,0.144017345572708,0.141835963566629,0.136455875165372,-0.0218662016209493,-0.0772568996757024,"SK_N_SH","No change","No change"
"new_regions_legacy_samples","new","legacy","SE_35","1",218449847,218501551,0.128021599907282,0.120506716497854,0.111033233750163,-0.0865765483858077,-0.203685852376962,"SK_N_SH","No change","No change"
"new_regions_legacy_samples","new","legacy","SE_36","1",219293047,219342601,0.116612905683686,0.103668912579598,0.0911403967924808,-0.16821336094958,-0.352140660151442,"SK_N_SH","No change","No change"
"new_regions_legacy_samples","new","legacy","SE_37","1",223698247,223795801,0.249708441560322,0.233297873938023,0.225803518716708,-0.0976667107429809,-0.144567550745904,"SK_N_SH","No change","No change"
"new_regions_legacy_samples","new","legacy","SE_38","1",234956997,235022701,0.250270531072046,0.20887801507308,0.224294335247525,-0.259690431493028,-0.157430443109614,"SK_N_SH","No change","No change"
"new_regions_legacy_samples","new","legacy","SE_39","1",235900697,235929701,0.232757760880388,0.249357152613501,0.221984690797985,0.0989734092589231,-0.0680695999274494,"SK_N_SH","No change","No change"
"new_regions_legacy_samples","new","legacy","SE_40","1",243202847,243295901,0.195066440799902,0.198718189949778,0.191679826491386,0.0266231151307675,-0.0251370916451422,"SK_N_SH","No change","No change"
"new_regions_legacy_samples","new","legacy","SE_41","1",243697547,243750051,0.0737741360382378,0.101562228503071,0.0943958740584542,0.455888273481073,0.351387533831441,"SK_N_SH","No change","No change"
"new_regions_legacy_samples","new","legacy","SE_42","10",4762497,4781751,0.159956982517453,0.140795922931394,0.161948332672469,-0.182859112851398,0.0177394260319973,"SK_N_SH","No change","No change"
"new_regions_legacy_samples","new","legacy","SE_43","10",17648397,17689351,0.120974453915193,0.127106859476362,0.150510034816665,0.0707687025211408,0.312834325207622,"SK_N_SH","No change","No change"
"new_regions_legacy_samples","new","legacy","SE_44","10",31999447,32053442,0.0746324159742282,0.0931135085282365,0.0766030937782265,0.315397109641913,0.0371094644537983,"SK_N_SH","No change","No change"
"new_regions_legacy_samples","new","legacy","SE_45","10",33192197,33328451,0.172887679689572,0.136128724309511,0.145035976997265,-0.342624914630075,-0.251831887232103,"SK_N_SH","No change","No change"
"new_regions_legacy_samples","new","legacy","SE_46","10",62220397,62279801,0.120335513521746,0.125389902951082,0.121363761355874,0.0588793412965124,0.0121744872248164,"SK_N_SH","No change","No change"
"new_regions_legacy_samples","new","legacy","SE_47","10",73993047,74146251,0.1192027601555,0.123612728467214,0.114510290178717,0.0519814145067467,-0.0574486451486981,"SK_N_SH","No change","No change"
"new_regions_legacy_samples","new","legacy","SE_48","10",77149647,77204701,0.171362485902356,0.144897849284779,0.159573841719354,-0.240487194718443,-0.102208921247061,"SK_N_SH","No change","No change"
"new_regions_legacy_samples","new","legacy","SE_49","10",77385247,77437951,0.156557745960472,0.138099111701089,0.146581242541845,-0.179767476113605,-0.094371315186644,"SK_N_SH","No change","No change"
"new_regions_legacy_samples","new","legacy","SE_50","10",77476897,77545051,0.203322139634059,0.152880733763514,0.187296319154281,-0.409032923843772,-0.117840739740615,"SK_N_SH","No change","No change"
"new_regions_legacy_samples","new","legacy","SE_51","10",90910747,90944298,0.18545673400309,0.143667435429577,0.125239862626085,-0.366100693445971,-0.562673361370379,"SK_N_SH","No change","No change"
"new_regions_legacy_samples","new","legacy","SE_52","10",93432197,93479316,0.302280671395638,0.234022504723386,0.274301792781617,-0.367854645880153,-0.139639550549363,"SK_N_SH","No change","No change"
"new_regions_legacy_samples","new","legacy","SE_53","10",99941997,100006952,0.144893269764573,0.149037286945116,0.155411195418423,0.0404077492609569,0.100430448387275,"SK_N_SH","No change","No change"
"new_regions_legacy_samples","new","legacy","SE_54","10",112953247,113100451,0.154640164189438,0.142675443340658,0.14350653834357,-0.115400906448354,-0.107079636976201,"SK_N_SH","No change","No change"
"new_regions_legacy_samples","new","legacy","SE_55","10",114603997,114719451,0.190065034982588,0.177152743681705,0.167834407078027,-0.100949086207086,-0.178454844886485,"SK_N_SH","No change","No change"
"new_regions_legacy_samples","new","legacy","SE_56","10",126194647,126282651,0.139637107583334,0.150112921259153,0.125007894262945,0.103649722072232,-0.158463184780882,"SK_N_SH","No change","No change"
"new_regions_legacy_samples","new","legacy","SE_57","11",8688436,8790051,0.175200906080409,0.150737213225198,0.161272004570269,-0.215646396233987,-0.118807217806251,"SK_N_SH","No change","No change"
"new_regions_legacy_samples","new","legacy","SE_58","11",9750847,9817401,0.182438523813156,0.164216496397664,0.170625053002301,-0.150938907313077,-0.0960364843480626,"SK_N_SH","No change","No change"
"new_regions_legacy_samples","new","legacy","SE_59","11",12113573,12239701,0.178363460643545,0.156785565250466,0.153847271947999,-0.184920790086207,-0.212040052646996,"SK_N_SH","No change","No change"
"new_regions_legacy_samples","new","legacy","SE_60","11",13207347,13236401,0.253491104388592,0.196081842733206,0.17767475983338,-0.368820362330572,-0.510279379418113,"SK_N_SH","No change","No change"
"new_regions_legacy_samples","new","legacy","SE_61","11",14442997,14507351,0.110685398920874,0.161045327528702,0.0992086228282133,0.536956833232091,-0.156433932852363,"SK_N_SH","No change","No change"
"new_regions_legacy_samples","new","legacy","SE_62","11",33043012,33086001,0.194567368842117,0.15685205351006,0.130951520971534,-0.309092642317391,-0.567657690888317,"SK_N_SH","No change","No change"
"new_regions_legacy_samples","new","legacy","SE_63","11",33668347,33733101,0.193682107863861,0.18560739347918,0.196770526816813,-0.0611141525460273,0.0227071411732819,"SK_N_SH","No change","No change"
"new_regions_legacy_samples","new","legacy","SE_64","11",35141867,35186351,0.182203274019492,0.143721203809479,0.149656327143375,-0.340168972375815,-0.282184022667531,"SK_N_SH","No change","No change"
"new_regions_legacy_samples","new","legacy","SE_65","11",65470447,65508051,0.81315385393481,0.598833350431754,0.76813806590889,-0.440739714597584,-0.0820588564042848,"SK_N_SH","No change","No change"
"new_regions_legacy_samples","new","legacy","SE_66","11",66073350,66143451,0.205905962536425,0.162517610798171,0.185226528907875,-0.339529198908696,-0.151916614109204,"SK_N_SH","No change","No change"
"new_regions_legacy_samples","new","legacy","SE_67","11",74120547,74164051,0.161662302403336,0.124961286786117,0.135614435744331,-0.368899538939007,-0.251770001711812,"SK_N_SH","No change","No change"
"new_regions_legacy_samples","new","legacy","SE_68","11",85947547,86047801,0.0634387635809674,0.0748289884244229,0.0605731850090472,0.234820664579448,-0.0656266155212505,"SK_N_SH","No change","No change"
"new_regions_legacy_samples","new","legacy","SE_69","11",86578797,86637051,0.0905417413592445,0.0954782780065733,0.0808549936908646,0.0757744215441947,-0.161359302734832,"SK_N_SH","No change","No change"
"new_regions_legacy_samples","new","legacy","SE_70","11",86717797,86786451,0.146794584767133,0.132076801743927,0.110579332390166,-0.151334310493459,-0.40552358523949,"SK_N_SH","No change","No change"
"new_regions_legacy_samples","new","legacy","SE_71","11",86803237,86821251,0.221880353455562,0.151250855544051,0.174260112256715,-0.549819115858042,-0.34677176288756,"SK_N_SH","No change","No change"
"new_regions_legacy_samples","new","legacy","SE_72","11",95983997,96338436,0.147973514297414,0.153039639606992,0.142778262333901,0.0482457932795494,-0.0512102867245833,"SK_N_SH","No change","No change"
"new_regions_legacy_samples","new","legacy","SE_73","11",108869497,108930201,0.0731019412310494,0.0990526891693799,0.0793225413236563,0.43317670176728,0.11629357844978,"SK_N_SH","No change","No change"
"new_regions_legacy_samples","new","legacy","SE_74","11",111517782,111567101,0.284401977470343,0.254663399763014,0.265313305746268,-0.158749688717727,-0.0998708195108944,"SK_N_SH","No change","No change"
"new_regions_legacy_samples","new","legacy","SE_75","11",111718147,111751501,0.252639737916836,0.258683984200142,0.245896225548415,0.0339762484733854,-0.0388760099362872,"SK_N_SH","No change","No change"
"new_regions_legacy_samples","new","legacy","SE_76","11",118906947,118930051,1.19113147877225,0.86870938844273,0.911124333680505,-0.454938044612569,-0.386240957854845,"SK_N_SH","No change","No change"
"new_regions_legacy_samples","new","legacy","SE_77","11",120328847,120348451,0.329099727043964,0.334522688734732,0.33356726514658,0.023508382120539,0.0193943499711152,"SK_N_SH","No change","No change"
"new_regions_legacy_samples","new","legacy","SE_78","11",122155306,122200061,0.115316493482726,0.109910962676412,0.10637423621162,-0.0686537114352867,-0.115407814007359,"SK_N_SH","No change","No change"
"new_regions_legacy_samples","new","legacy","SE_79","12",27541147,27624851,0.101288604491111,0.0906686331731767,0.0912287747217777,-0.158145362502883,-0.149356593343004,"SK_N_SH","No change","No change"
"new_regions_legacy_samples","new","legacy","SE_80","12",29277047,29288851,0.186001965058423,0.201379824228577,0.225385654937211,0.114012040822988,0.275729113475237,"SK_N_SH","No change","No change"
"new_regions_legacy_samples","new","legacy","SE_81","12",31482597,31533801,0.109691362732933,0.090584074347172,0.111370305648222,-0.273373999298286,0.021718194600977,"SK_N_SH","No change","No change"
"new_regions_legacy_samples","new","legacy","SE_82","12",45212947,45314301,0.225550354585138,0.180884283296127,0.175072742122003,-0.316810864447505,-0.363660166515536,"SK_N_SH","No change","No change"
"new_regions_legacy_samples","new","legacy","SE_83","12",49186097,49246251,0.257588047795574,0.280647206827478,0.346392820801677,0.123233570199649,0.42591234586409,"SK_N_SH","No change","No change"
"new_regions_legacy_samples","new","legacy","SE_84","12",49480847,49519451,0.145498529868621,0.109891229333424,0.11552263706735,-0.401740923463881,-0.330275929960908,"SK_N_SH","No change","No change"
"new_regions_legacy_samples","new","legacy","SE_85","12",50150597,50219704,0.156695826917185,0.181502906923529,0.179111306841589,0.210774960763846,0.191744269311643,"SK_N_SH","No change","No change"
"new_regions_legacy_samples","new","legacy","SE_86","12",54220147,54286601,0.181417765923017,0.207751104097594,0.221709250812679,0.194537585664722,0.28791524304553,"SK_N_SH","No change","No change"
"new_regions_legacy_samples","new","legacy","SE_87","12",65630447,65674151,0.0880149955773372,0.0926674676732668,0.0641916699854828,0.0734996672531276,-0.449360762182012,"SK_N_SH","No change","No change"
"new_regions_legacy_samples","new","legacy","SE_88","12",67651729,67693001,0.235410167310128,0.187672034133046,0.190634789966823,-0.325411487286333,-0.302932586817226,"SK_N_SH","No change","No change"
"new_regions_legacy_samples","new","legacy","SE_89","12",68613836,68658601,0.107964668933486,0.0756378080959072,0.0587583036974367,-0.507732222070618,-0.86664932518879,"SK_N_SH","No change","Decreased"
"new_regions_legacy_samples","new","legacy","SE_90","12",69489747,69581721,0.0991775282888018,0.120283785432592,0.100547934597921,0.275827766721231,0.0196019756074795,"SK_N_SH","No change","No change"
"new_regions_legacy_samples","new","legacy","SE_91","12",93395297,93439249,0.142419986608381,0.129585377898428,0.164351577676344,-0.135252725680158,0.205290722847271,"SK_N_SH","No change","No change"
"new_regions_legacy_samples","new","legacy","SE_92","12",93766797,93826401,0.107741500080255,0.121350189406811,0.11404587620768,0.170113699565673,0.0813066361769758,"SK_N_SH","No change","No change"
"new_regions_legacy_samples","new","legacy","SE_93","12",95198897,95263201,0.228669070621224,0.235150558517025,0.245099087491085,0.0401503645651316,0.0996827254189705,"SK_N_SH","No change","No change"
"new_regions_legacy_samples","new","legacy","SE_94","12",96197379,96241451,0.166943448325547,0.219791230667134,0.201940557144395,0.394707357226209,0.273081697359292,"SK_N_SH","No change","No change"
"new_regions_legacy_samples","new","legacy","SE_95","12",103933497,103987201,0.200732366410998,0.185975713223261,0.198322755671299,-0.109591685120849,-0.0173361470976662,"SK_N_SH","No change","No change"
"new_regions_legacy_samples","new","legacy","SE_96","12",104279847,104337401,0.150039651187217,0.154259646962309,0.167383095510008,0.0397555741574384,0.156819971101459,"SK_N_SH","No change","No change"
"new_regions_legacy_samples","new","legacy","SE_97","12",105307597,105385551,0.159692296813654,0.146281155078002,0.136677656552851,-0.125727925051874,-0.223006325270005,"SK_N_SH","No change","No change"
"new_regions_legacy_samples","new","legacy","SE_98","12",106027997,106148601,0.184663580283657,0.167660559024104,0.168682242044251,-0.138568203006237,-0.129855255652258,"SK_N_SH","No change","No change"
"new_regions_legacy_samples","new","legacy","SE_99","12",110265747,110341501,0.162193730998631,0.163786579220803,0.149597599929338,0.0140131113146509,-0.115886860008738,"SK_N_SH","No change","No change"
"new_regions_legacy_samples","new","legacy","SE_100","12",116120397,116165351,0.113326144981291,0.136374684265334,0.113454465501364,0.264960797494276,0.00161838362942048,"SK_N_SH","No change","No change"
"new_regions_legacy_samples","new","legacy","SE_101","12",120224447,120262770,0.389885908258246,0.269175490458035,0.322172235266536,-0.532850771820887,-0.274444318295111,"SK_N_SH","No change","No change"
"new_regions_legacy_samples","new","legacy","SE_102","12",121921554,121965951,0.110021501741239,0.104687810602401,0.0883525855576619,-0.0710301185440897,-0.313257731439637,"SK_N_SH","No change","No change"
"new_regions_legacy_samples","new","legacy","SE_103","12",122071347,122131051,0.232669918410216,0.169359855800989,0.220817813689061,-0.455886606305311,-0.0750967904134716,"SK_N_SH","No change","No change"
"new_regions_legacy_samples","new","legacy","SE_104","13",32021847,32064001,0.181010232621676,0.187447651571471,0.191730663422152,0.0501442552255074,0.0825665614083459,"SK_N_SH","No change","No change"
"new_regions_legacy_samples","new","legacy","SE_105","13",45177147,45292701,0.0859227304386705,0.079435999819958,0.0761391601435008,-0.111892157081222,-0.172270054893351,"SK_N_SH","No change","No change"
"new_regions_legacy_samples","new","legacy","SE_106","13",45479047,45523351,0.0659549367170039,0.0729190875205521,0.0586808662729204,0.142756515634936,-0.165921955579414,"SK_N_SH","No change","No change"
"new_regions_legacy_samples","new","legacy","SE_107","13",49061897,49143101,0.0645849039089827,0.0723065967845872,0.0664859687548883,0.160579251993042,0.0412237987039026,"SK_N_SH","No change","No change"
"new_regions_legacy_samples","new","legacy","SE_108","13",99279297,99337501,0.0816439217936073,0.0836898348418523,0.0786202914939675,0.0352800984012378,-0.0537725644145881,"SK_N_SH","No change","No change"
"new_regions_legacy_samples","new","legacy","SE_109","13",114096847,114129619,0.186625516046434,0.188537753834321,0.230687700389188,0.0146292061437304,0.304325417998254,"SK_N_SH","No change","No change"
"new_regions_legacy_samples","new","legacy","SE_110","14",21214097,21266478,0.108226485426126,0.11207983360704,0.0911442174817876,0.0500189395549035,-0.245357188494642,"SK_N_SH","No change","No change"
"new_regions_legacy_samples","new","legacy","SE_111","14",49970047,50024601,0.180040143508978,0.156410163180665,0.171724526060736,-0.201780941931836,-0.0678366800871756,"SK_N_SH","No change","No change"
"new_regions_legacy_samples","new","legacy","SE_112","14",50984347,51025351,0.148834104025792,0.119182546225537,0.114331103085171,-0.318138643036478,-0.37758439685635,"SK_N_SH","No change","No change"
"new_regions_legacy_samples","new","legacy","SE_113","14",51506647,51556701,0.141510010718154,0.11877297415515,0.173917664939709,-0.250760854111963,0.295612728440929,"SK_N_SH","No change","No change"
"new_regions_legacy_samples","new","legacy","SE_114","14",51635547,51730301,0.145246601198186,0.131193214906044,0.137709209484104,-0.145754967151339,-0.0763395191545499,"SK_N_SH","No change","No change"
"new_regions_legacy_samples","new","legacy","SE_115","14",55571297,55650451,0.157834024388224,0.16240132618896,0.151643921054611,0.0408997023505309,-0.0573498540114535,"SK_N_SH","No change","No change"
"new_regions_legacy_samples","new","legacy","SE_116","14",64917597,64937951,0.0780829013703528,0.0940250357382928,0.0804791674346033,0.264941861463762,0.0430654375100223,"SK_N_SH","No change","No change"
"new_regions_legacy_samples","new","legacy","SE_117","14",75820597,75887251,0.106143559918221,0.117210802175311,0.110796495368242,0.141816739395277,0.0613298263331207,"SK_N_SH","No change","No change"
"new_regions_legacy_samples","new","legacy","SE_118","14",77562347,77613766,0.115195191394506,0.139111302788737,0.11150680480167,0.270022977085881,-0.0465381024088202,"SK_N_SH","No change","No change"
"new_regions_legacy_samples","new","legacy","SE_119","14",101960747,102056851,0.157085540842663,0.144609362876225,0.116825320263698,-0.118602293141255,-0.424055816094713,"SK_N_SH","No change","No change"
"new_regions_legacy_samples","new","legacy","SE_120","14",103388361,103457151,0.0995384762300628,0.121697903774624,0.112040126065813,0.287362872870368,0.169087251023693,"SK_N_SH","No change","No change"
"new_regions_legacy_samples","new","legacy","SE_121","15",32769247,33035351,0.0838023601507623,0.0890690240741111,0.0835986941284785,0.0869266122060386,-0.00346902329703475,"SK_N_SH","No change","No change"
"new_regions_legacy_samples","new","legacy","SE_122","15",40992297,41050501,0.0651915015956971,0.0813636214746516,0.0757472328683572,0.315361266104836,0.213468735241006,"SK_N_SH","No change","No change"
"new_regions_legacy_samples","new","legacy","SE_123","15",44028097,44164751,0.0973842038897471,0.0846330662652486,0.102885024312336,-0.200258716743268,0.0784890886922549,"SK_N_SH","No change","No change"
"new_regions_legacy_samples","new","legacy","SE_124","15",48395247,48510951,0.0733978087649964,0.0640765434763719,0.0579001633840261,-0.193122505658218,-0.336988494358745,"SK_N_SH","No change","No change"
"new_regions_legacy_samples","new","legacy","SE_125","15",48524197,48642787,0.158119631903397,0.129092414658163,0.124821708952761,-0.290574999048151,-0.338730981284383,"SK_N_SH","No change","No change"
"new_regions_legacy_samples","new","legacy","SE_126","15",51835397,51889201,0.137966533667309,0.140889080954451,0.125954284685642,0.0300260806851901,-0.130428404158815,"SK_N_SH","No change","No change"
"new_regions_legacy_samples","new","legacy","SE_127","15",60342847,60472801,0.279874969349285,0.2426651435443,0.224530250174143,-0.205028174603428,-0.31660710809334,"SK_N_SH","No change","No change"
"new_regions_legacy_samples","new","legacy","SE_128","15",71651697,71731001,0.11830678933236,0.110399652059723,0.116756229513862,-0.0989314174600702,-0.0188727611121812,"SK_N_SH","No change","No change"
"new_regions_legacy_samples","new","legacy","SE_129","15",85393797,85445551,0.0786966643785445,0.097832302835909,0.081429763028649,0.310463313458195,0.0486460044000564,"SK_N_SH","No change","No change"
"new_regions_legacy_samples","new","legacy","SE_130","15",90391238,90424151,0.136129001763802,0.192443138943522,0.172808150656218,0.496375837411098,0.341962015627232,"SK_N_SH","No change","No change"
"new_regions_legacy_samples","new","legacy","SE_131","15",98716247,98765001,0.206535282356646,0.201469011387287,0.200683259384604,-0.0356555097000786,-0.0412652861527923,"SK_N_SH","No change","No change"
"new_regions_legacy_samples","new","legacy","SE_132","15",98841397,98928101,0.216097369243422,0.21922973690131,0.214370253907479,0.0206670407740967,-0.0115232393997662,"SK_N_SH","No change","No change"
"new_regions_legacy_samples","new","legacy","SE_133","15",101640397,101717901,0.131471457366127,0.134868909016892,0.1169662716969,0.0365338144452444,-0.167307115773055,"SK_N_SH","No change","No change"
"new_regions_legacy_samples","new","legacy","SE_134","16",9094677,9130401,0.168900089697808,0.12707436348679,0.101891585788849,-0.407704892384743,-0.723561607046003,"SK_N_SH","No change","Decreased"
"new_regions_legacy_samples","new","legacy","SE_135","16",24970047,25012377,0.228673230281618,0.213043407246147,0.191174983917627,-0.101679312470565,-0.257162164490148,"SK_N_SH","No change","No change"
"new_regions_legacy_samples","new","legacy","SE_136","16",50180847,50235851,0.133072329152087,0.153959179431528,0.139149987451403,0.208876705654039,0.0639601014012493,"SK_N_SH","No change","No change"
"new_regions_legacy_samples","new","legacy","SE_137","16",57167697,57204351,0.231353037463962,0.220121981693185,0.273071562818517,-0.0714760544655905,0.238234139656511,"SK_N_SH","No change","No change"
"new_regions_legacy_samples","new","legacy","SE_138","16",69431847,69497251,0.105312864228763,0.130374289173136,0.135096754449925,0.305366779636116,0.356316484182865,"SK_N_SH","No change","No change"
"new_regions_legacy_samples","new","legacy","SE_139","16",75231497,75262947,0.58470092699619,0.405438552083028,0.464582575076545,-0.5271269246745,-0.331127112961734,"SK_N_SH","No change","No change"
"new_regions_legacy_samples","new","legacy","SE_140","17",667897,706401,0.0886294700404442,0.0910801741759696,0.0706986445119055,0.0389173960975254,-0.322027321804114,"SK_N_SH","No change","No change"
"new_regions_legacy_samples","new","legacy","SE_141","17",4194597,4257901,0.112366977419088,0.103158774455831,0.106477769474,-0.122216081129792,-0.0769621739400919,"SK_N_SH","No change","No change"
"new_regions_legacy_samples","new","legacy","SE_142","17",16002690,16048251,0.142287502062016,0.115196270555119,0.141823238949239,-0.302349014549035,-0.00468203798270325,"SK_N_SH","No change","No change"
"new_regions_legacy_samples","new","legacy","SE_143","17",20165097,20227451,0.111368986022277,0.110782307518191,0.12581507600913,-0.00755204297784932,0.174482361007897,"SK_N_SH","No change","No change"
"new_regions_legacy_samples","new","legacy","SE_144","17",31232597,31278401,0.114516906165795,0.0941255934269569,0.11110320374543,-0.280198555045207,-0.0432764999974337,"SK_N_SH","No change","No change"
"new_regions_legacy_samples","new","legacy","SE_145","17",31563897,31604151,0.332153295979755,0.253376238409104,0.372052223341821,-0.389222253632394,0.163191439906276,"SK_N_SH","No change","No change"
"new_regions_legacy_samples","new","legacy","SE_146","17",40280547,40348051,0.501331490019714,0.366688624293938,0.471684625054666,-0.450155174595877,-0.0877617779945581,"SK_N_SH","No change","No change"
"new_regions_legacy_samples","new","legacy","SE_147","17",45064296,45129532,0.201716588715125,0.141955959978518,0.163666198038122,-0.503893383698281,-0.299919717051209,"SK_N_SH","No change","No change"
"new_regions_legacy_samples","new","legacy","SE_148","17",45287497,45322351,0.344866092316397,0.294024765427688,0.36841549102386,-0.229377518601466,0.095030782275564,"SK_N_SH","No change","No change"
"new_regions_legacy_samples","new","legacy","SE_149","17",50026997,50084801,0.519100979245096,0.330135378690442,0.447873682041448,-0.651370596919356,-0.212482242306799,"SK_N_SH","Decreased","No change"
"new_regions_legacy_samples","new","legacy","SE_150","17",59622686,59699401,0.0915210949198448,0.104265829248969,0.103131947834879,0.186182949065542,0.170558513077866,"SK_N_SH","No change","No change"
"new_regions_legacy_samples","new","legacy","SE_151","17",59745197,59859951,0.36775720997422,0.337728350058737,0.415613656698746,-0.122542518287313,0.176038874712959,"SK_N_SH","No change","No change"
"new_regions_legacy_samples","new","legacy","SE_152","17",64525147,64684501,0.145868558635386,0.111737236571695,0.122724323214796,-0.381561469797032,-0.247396428781714,"SK_N_SH","No change","No change"
"new_regions_legacy_samples","new","legacy","SE_153","17",75673497,75708901,0.373787100113056,0.255728985389883,0.299295825725495,-0.545825108143364,-0.319686876593022,"SK_N_SH","No change","No change"
"new_regions_legacy_samples","new","legacy","SE_154","18",9105627,9148201,0.281774864902715,0.267627480566643,0.242317132684366,-0.0740469886784796,-0.216815980254094,"SK_N_SH","No change","No change"
"new_regions_legacy_samples","new","legacy","SE_155","18",28027147,28097351,0.104430913583142,0.108238779372852,0.0963001122867785,0.0511871545758132,-0.115784569121416,"SK_N_SH","No change","No change"
"new_regions_legacy_samples","new","legacy","SE_156","18",57727847,57849851,0.12996395637702,0.125832902317308,0.128263358042869,-0.0462407606063768,-0.018856434928078,"SK_N_SH","No change","No change"
"new_regions_legacy_samples","new","legacy","SE_157","18",77063747,77109201,0.219416539279798,0.207636788748236,0.186043445981398,-0.0792389132359687,-0.236859068104146,"SK_N_SH","No change","No change"
"new_regions_legacy_samples","new","legacy","SE_158","2",33129797,33170001,0.174663997218261,0.181490305680871,0.210815280188101,0.055001289000658,0.269988130337305,"SK_N_SH","No change","No change"
"new_regions_legacy_samples","new","legacy","SE_159","2",36338247,36573801,0.227870896323004,0.203089422322951,0.196734267214796,-0.165332607207456,-0.21097110778625,"SK_N_SH","No change","No change"
"new_regions_legacy_samples","new","legacy","SE_160","2",55092947,55121751,0.188554240398031,0.169040953206167,0.158222034787148,-0.156728478995474,-0.251570725772382,"SK_N_SH","No change","No change"
"new_regions_legacy_samples","new","legacy","SE_161","2",62709894,62829051,0.12466235610861,0.0970731941518274,0.0685168960229454,-0.357621764360186,-0.854116963906263,"SK_N_SH","No change","Decreased"
"new_regions_legacy_samples","new","legacy","SE_162","2",63844877,63896501,0.148744191192404,0.164222742100625,0.137774990885752,0.141912240587598,-0.109752441390496,"SK_N_SH","No change","No change"
"new_regions_legacy_samples","new","legacy","SE_163","2",68027447,68060026,0.130825227919428,0.143172783343906,0.119444962758101,0.129172350064115,-0.130252432535795,"SK_N_SH","No change","No change"
"new_regions_legacy_samples","new","legacy","SE_164","2",68166547,68259001,0.123225790905874,0.136573887439737,0.117915677699752,0.147241934542083,-0.0630257962954273,"SK_N_SH","No change","No change"
"new_regions_legacy_samples","new","legacy","SE_165","2",69016141,69255351,0.0991151810683695,0.0962473987135638,0.105191404875386,-0.0419291904630341,0.0850062439284587,"SK_N_SH","No change","No change"
"new_regions_legacy_samples","new","legacy","SE_166","2",69754597,69803851,0.162140137644024,0.150522065221759,0.172118027229514,-0.106583874664638,0.0856441896837356,"SK_N_SH","No change","No change"
"new_regions_legacy_samples","new","legacy","SE_167","2",70090450,70144501,0.168523328331526,0.17814564504774,0.211712384786343,0.0796491544761008,0.327420215788779,"SK_N_SH","No change","No change"
"new_regions_legacy_samples","new","legacy","SE_168","2",75586547,75607951,0.21538041412193,0.169391537104945,0.151035232402182,-0.344716235654248,-0.50916422790671,"SK_N_SH","No change","No change"
"new_regions_legacy_samples","new","legacy","SE_169","2",108537352,108599501,0.170573166145063,0.118192817883209,0.132838115022634,-0.525526627587918,-0.358334902858303,"SK_N_SH","No change","No change"
"new_regions_legacy_samples","new","legacy","SE_170","2",117930197,118011162,0.187953459491505,0.216420777493149,0.204701883573878,0.202458883253541,0.122524071708375,"SK_N_SH","No change","No change"
"new_regions_legacy_samples","new","legacy","SE_171","2",138018897,138053301,0.127929175266738,0.144902140405598,0.115933839500241,0.178422281154853,-0.140886274789813,"SK_N_SH","No change","No change"
"new_regions_legacy_samples","new","legacy","SE_172","2",160204397,160252901,0.251107241271113,0.210259030844857,0.22725363489603,-0.25502454263472,-0.143399722253102,"SK_N_SH","No change","No change"
"new_regions_legacy_samples","new","legacy","SE_173","2",177215723,177276301,0.257251827534639,0.236291714543989,0.270824725967961,-0.122116831259001,0.0738981353678277,"SK_N_SH","No change","No change"
"new_regions_legacy_samples","new","legacy","SE_174","2",189075647,189176878,0.107078633422199,0.0939696015841907,0.0962339491733889,-0.186543631707149,-0.152549315050126,"SK_N_SH","No change","No change"
"new_regions_legacy_samples","new","legacy","SE_175","2",189203447,189299101,0.121832558903591,0.126817711719039,0.109532492806316,0.0573947418178476,-0.152222487376702,"SK_N_SH","No change","No change"
"new_regions_legacy_samples","new","legacy","SE_176","2",189366697,189413601,0.109794676534068,0.108828602154947,0.135727473176179,-0.0126347467258704,0.303414593928066,"SK_N_SH","No change","No change"
"new_regions_legacy_samples","new","legacy","SE_177","2",190883818,190963751,0.102908568689892,0.155104966666131,0.0962305616548414,0.587201809927219,-0.0958328689075733,"SK_N_SH","Increased","No change"
"new_regions_legacy_samples","new","legacy","SE_178","2",201627947,201656951,0.230471505561039,0.242191128390064,0.222206539430266,0.0712559934332073,-0.0524553114262327,"SK_N_SH","No change","No change"
"new_regions_legacy_samples","new","legacy","SE_179","2",207219697,207261451,0.183480291115112,0.225038531084495,0.204927488795897,0.293102024234163,0.158669730213548,"SK_N_SH","No change","No change"
"new_regions_legacy_samples","new","legacy","SE_180","2",216443447,216512801,0.157581627700561,0.153197200295823,0.142197392467314,-0.040449067895853,-0.147220416591765,"SK_N_SH","No change","No change"
"new_regions_legacy_samples","new","legacy","SE_181","2",222904597,223003801,0.101891651527727,0.124452979207605,0.0934492226382411,0.286020802806697,-0.123515101184127,"SK_N_SH","No change","No change"
"new_regions_legacy_samples","new","legacy","SE_182","2",223026197,223111101,0.116106589852387,0.116101876279761,0.10849890962563,-5.80700430347604e-05,-0.0969057580842386,"SK_N_SH","No change","No change"
"new_regions_legacy_samples","new","legacy","SE_183","2",233402297,233502201,0.119382839480871,0.101318909075525,0.0992491713788535,-0.234556963835102,-0.264039439264619,"SK_N_SH","No change","No change"
"new_regions_legacy_samples","new","legacy","SE_184","2",234240697,234260551,0.144929085517644,0.136059982209886,0.115359636249553,-0.0904600544827963,-0.326676767769247,"SK_N_SH","No change","No change"
"new_regions_legacy_samples","new","legacy","SE_185","20",31652097,31718505,0.158143204146112,0.158228716170033,0.131754924956284,0.000774991561393184,-0.261560167954753,"SK_N_SH","No change","No change"
"new_regions_legacy_samples","new","legacy","SE_186","20",35301597,35345051,0.188116721017031,0.119172091687126,0.177716038592498,-0.654175037910458,-0.0816078142003631,"SK_N_SH","Decreased","No change"
"new_regions_legacy_samples","new","legacy","SE_187","20",35854497,35904351,0.182516223322697,0.136298783765134,0.15998505358274,-0.418588761083407,-0.188980857100964,"SK_N_SH","No change","No change"
"new_regions_legacy_samples","new","legacy","SE_188","20",45013747,45105201,0.123254002058897,0.119624753198732,0.119036881559501,-0.0427663292627635,-0.0498145751233714,"SK_N_SH","No change","No change"
"new_regions_legacy_samples","new","legacy","SE_189","20",50894997,50936551,0.163030607037831,0.160155077480529,0.172173441201711,-0.0255153935998544,0.0782526502440532,"SK_N_SH","No change","No change"
"new_regions_legacy_samples","new","legacy","SE_190","20",53734697,53754501,0.174463203387067,0.175316246848086,0.195936382450091,0.0069969066261916,0.166561149614895,"SK_N_SH","No change","No change"
"new_regions_legacy_samples","new","legacy","SE_191","20",53770647,53846251,0.103202790623758,0.115081958665017,0.10336135938126,0.155749852973662,0.00219372700592089,"SK_N_SH","No change","No change"
"new_regions_legacy_samples","new","legacy","SE_192","20",58235547,58296451,0.170484267124792,0.133953043637538,0.155497572622845,-0.34561870726577,-0.131935941771546,"SK_N_SH","No change","No change"
"new_regions_legacy_samples","new","legacy","SE_193","21",25306247,25344901,0.0699361653420178,0.0818064179680733,0.0705436951318835,0.223221245763692,0.0123032900799311,"SK_N_SH","No change","No change"
"new_regions_legacy_samples","new","legacy","SE_194","21",29148556,29233751,0.150252329395337,0.160505885625861,0.145858735351335,0.0946293797172986,-0.0425282794866099,"SK_N_SH","No change","No change"
"new_regions_legacy_samples","new","legacy","SE_195","21",29308201,29352601,0.131699778001733,0.139072731716281,0.119191913511033,0.078010173137647,-0.142826122105723,"SK_N_SH","No change","No change"
"new_regions_legacy_samples","new","legacy","SE_196","22",24282697,24339106,0.12478812838391,0.117899091336507,0.130024653139119,-0.0812580805460123,0.0588425195901684,"SK_N_SH","No change","No change"
"new_regions_legacy_samples","new","legacy","SE_197","22",31207297,31254601,0.217163808493976,0.169290496204547,0.216179389022486,-0.357413869323019,-0.0065245972300684,"SK_N_SH","No change","No change"
"new_regions_legacy_samples","new","legacy","SE_198","22",31583547,31662751,0.197928692718604,0.16460587908059,0.184872727697583,-0.264497489983243,-0.0979362746557299,"SK_N_SH","No change","No change"
"new_regions_legacy_samples","new","legacy","SE_199","22",36295897,36399251,0.254415091067588,0.185422281884486,0.186339751350722,-0.454269461868615,-0.447186713007448,"SK_N_SH","No change","No change"
"new_regions_legacy_samples","new","legacy","SE_200","22",40466438,40543951,0.082051252346664,0.0859156926272895,0.0771542798175818,0.0656147560874532,-0.0876770440269829,"SK_N_SH","No change","No change"
"new_regions_legacy_samples","new","legacy","SE_201","22",42905297,43018201,0.103488392105988,0.0938774522019293,0.0966173296419623,-0.139205504362211,-0.0981334864408631,"SK_N_SH","No change","No change"
"new_regions_legacy_samples","new","legacy","SE_202","3",15629947,15648901,0.358669132031353,0.329189339554252,0.24341114514724,-0.123376805672299,-0.557360274485096,"SK_N_SH","No change","No change"
"new_regions_legacy_samples","new","legacy","SE_203","3",30333897,30359151,0.123803165800867,0.0905854159173239,0.100683786001913,-0.446464743938001,-0.295564878117716,"SK_N_SH","No change","No change"
"new_regions_legacy_samples","new","legacy","SE_204","3",48011697,48086278,0.119460020511242,0.107320719847573,0.115142189569652,-0.153245178170428,-0.0526622718816681,"SK_N_SH","No change","No change"
"new_regions_legacy_samples","new","legacy","SE_205","3",57998247,58175901,0.146220550989656,0.113262290647305,0.127131042927892,-0.36562971846261,-0.20035902915075,"SK_N_SH","No change","No change"
"new_regions_legacy_samples","new","legacy","SE_206","3",71487847,71554851,0.145783027473332,0.146762521672077,0.131433147406289,0.00959523330934019,-0.14842089168481,"SK_N_SH","No change","No change"
"new_regions_legacy_samples","new","legacy","SE_207","3",81722147,81765851,0.19318916462735,0.257477219954719,0.208537961143993,0.412574435465827,0.109748931358871,"SK_N_SH","No change","No change"
"new_regions_legacy_samples","new","legacy","SE_208","3",98877097,98924851,0.285945483176228,0.323818798988008,0.261295325849516,0.178858466312836,-0.12958456630271,"SK_N_SH","No change","No change"
"new_regions_legacy_samples","new","legacy","SE_209","3",99842697,99936151,0.141741135427296,0.153471958285774,0.151925698280397,0.113943812059379,0.0994297101518152,"SK_N_SH","No change","No change"
"new_regions_legacy_samples","new","legacy","SE_210","3",100001947,100049201,0.115919643039639,0.133484388123585,0.130359320085826,0.201921374842221,0.168001235218963,"SK_N_SH","No change","No change"
"new_regions_legacy_samples","new","legacy","SE_211","3",107192747,107250501,0.181625154493041,0.169356322256762,0.177272202917686,-0.100330003821088,-0.0348037251242887,"SK_N_SH","No change","No change"
"new_regions_legacy_samples","new","legacy","SE_212","3",111845697,111975874,0.132266945550311,0.147334281169773,0.139987182688749,0.154533063569704,0.0812450210277371,"SK_N_SH","No change","No change"
"new_regions_legacy_samples","new","legacy","SE_213","3",112604967,112699901,0.170350263919859,0.162387473767051,0.170400738713081,-0.0686510316098161,0.000424913326807642,"SK_N_SH","No change","No change"
"new_regions_legacy_samples","new","legacy","SE_214","3",120403647,120448070,0.254169964296111,0.228601795961721,0.214112342347272,-0.152324594534975,-0.246368217837813,"SK_N_SH","No change","No change"
"new_regions_legacy_samples","new","legacy","SE_215","3",123595047,123881301,0.128050937217871,0.119550388648755,0.125199919382271,-0.0983043167513261,-0.0322296301666731,"SK_N_SH","No change","No change"
"new_regions_legacy_samples","new","legacy","SE_216","3",128758647,128806351,0.101741920420848,0.0984142517307133,0.112197990768688,-0.0475003532824323,0.139823405512833,"SK_N_SH","No change","No change"
"new_regions_legacy_samples","new","legacy","SE_217","3",134457097,134482731,0.193127970591113,0.159856644617419,0.201866631472151,-0.271232469604643,0.0635235816092794,"SK_N_SH","No change","No change"
"new_regions_legacy_samples","new","legacy","SE_218","3",136136147,136186501,0.0736720978315104,0.0748529579576585,0.0672870525685403,0.0226361782633345,-0.128957197454214,"SK_N_SH","No change","No change"
"new_regions_legacy_samples","new","legacy","SE_219","3",149369097,149408351,0.157345063701983,0.16646528956103,0.141735910695473,0.0807902068981803,-0.149723547267811,"SK_N_SH","No change","No change"
"new_regions_legacy_samples","new","legacy","SE_220","3",152272624,152467151,0.09831957463477,0.130103864395184,0.0859874901663567,0.400560222944126,-0.191270143556214,"SK_N_SH","No change","No change"
"new_regions_legacy_samples","new","legacy","SE_221","3",156531797,156559251,0.198438370589258,0.22065648649178,0.189317975128923,0.152382580557276,-0.0675311736446443,"SK_N_SH","No change","No change"
"new_regions_legacy_samples","new","legacy","SE_222","3",160394797,160446837,0.106140934403724,0.18416494211221,0.121723798000539,0.789301190913081,0.195905253176708,"SK_N_SH","Increased","No change"
"new_regions_legacy_samples","new","legacy","SE_223","3",170688547,170768951,0.109655935959597,0.113257659231732,0.098380341031224,0.0462100349341104,-0.155048446541105,"SK_N_SH","No change","No change"
"new_regions_legacy_samples","new","legacy","SE_224","3",171256147,171331701,0.109757038511888,0.100480869044222,0.103861955434744,-0.126190604419743,-0.0789070295197192,"SK_N_SH","No change","No change"
"new_regions_legacy_samples","new","legacy","SE_225","3",171343347,171428051,0.106782342445408,0.10902786656969,0.103982851836834,0.0297481125056578,-0.037967152732268,"SK_N_SH","No change","No change"
"new_regions_legacy_samples","new","legacy","SE_226","3",172044197,172186201,0.143871409410019,0.13693487098011,0.141416538502401,-0.0707856777597139,-0.024656212092412,"SK_N_SH","No change","No change"
"new_regions_legacy_samples","new","legacy","SE_227","3",172243397,172368751,0.114694853394797,0.126501141923166,0.128369165751163,0.140185479592472,0.161169113298321,"SK_N_SH","No change","No change"
"new_regions_legacy_samples","new","legacy","SE_228","3",172753682,172817751,0.0865253213092815,0.140803275402246,0.112071270277492,0.696118498666789,0.369460050635032,"SK_N_SH","Increased","No change"
"new_regions_legacy_samples","new","legacy","SE_229","3",179580247,179618651,0.167017345217476,0.223087788614212,0.171823010084593,0.41545385625712,0.040685137430636,"SK_N_SH","No change","No change"
"new_regions_legacy_samples","new","legacy","SE_230","3",188185397,188301151,0.123124723012265,0.131584951531156,0.103834049625574,0.0951265396755906,-0.243683124525492,"SK_N_SH","No change","No change"
"new_regions_legacy_samples","new","legacy","SE_231","3",192851647,192915160,0.261732863098744,0.22710395734316,0.181577089648408,-0.203905190668531,-0.525090923911548,"SK_N_SH","No change","No change"
"new_regions_legacy_samples","new","legacy","SE_232","3",194552997,194599901,0.196984158722447,0.216730577127523,0.19178943523766,0.137159026744125,-0.0383590059908898,"SK_N_SH","No change","No change"
"new_regions_legacy_samples","new","legacy","SE_233","3",196742854,196810951,0.112651860580123,0.144587659146489,0.127441005108226,0.357266767003156,0.17648455742778,"SK_N_SH","No change","No change"
"new_regions_legacy_samples","new","legacy","SE_234","4",24526247,24572351,0.0634491174280863,0.0821181950316408,0.0642832005124508,0.367003723145663,0.018551184917206,"SK_N_SH","No change","No change"
"new_regions_legacy_samples","new","legacy","SE_235","4",41119997,41209951,0.140214326810737,0.123439646899065,0.108126999615511,-0.18244025744897,-0.37187837407712,"SK_N_SH","No change","No change"
"new_regions_legacy_samples","new","legacy","SE_236","4",69746947,69803551,0.151418860305588,0.19275551137786,0.153961558110656,0.346195915526542,0.0238689322445998,"SK_N_SH","No change","No change"
"new_regions_legacy_samples","new","legacy","SE_237","4",76579197,76609551,0.153084985187803,0.159656624479611,0.156772526719653,0.0602541845271234,0.0341197222552355,"SK_N_SH","No change","No change"
"new_regions_legacy_samples","new","legacy","SE_238","4",76943147,77072971,0.124279645042829,0.169979146578601,0.152548134637168,0.448668347831226,0.293538955863851,"SK_N_SH","No change","No change"
"new_regions_legacy_samples","new","legacy","SE_239","4",79996847,80070322,0.112420733535718,0.162760215338268,0.0997018928382926,0.529900512651203,-0.171593590763859,"SK_N_SH","No change","No change"
"new_regions_legacy_samples","new","legacy","SE_240","4",88010644,88041951,0.172964137984332,0.131383511917538,0.184468959295233,-0.394066482114329,0.0923878219110948,"SK_N_SH","No change","No change"
"new_regions_legacy_samples","new","legacy","SE_241","4",88586847,88641951,0.183514055158591,0.193240363541403,0.2129932254791,0.0741123106593805,0.213834408820507,"SK_N_SH","No change","No change"
"new_regions_legacy_samples","new","legacy","SE_242","4",94507447,94596301,0.0786779673104586,0.0955146069066477,0.0833321467503265,0.276566459311721,0.0819018371701492,"SK_N_SH","No change","No change"
"new_regions_legacy_samples","new","legacy","SE_243","4",102787947,102822859,0.200532324999323,0.192724282159627,0.0628344819521504,-0.057006461656569,-1.65860340888281,"SK_N_SH","No change","Decreased"
"new_regions_legacy_samples","new","legacy","SE_244","4",112883597,112910451,0.0827842646482907,0.116967975770224,0.0976624955949011,0.493644046009053,0.235822459944516,"SK_N_SH","No change","No change"
"new_regions_legacy_samples","new","legacy","SE_245","4",113435197,113476701,0.160806599354542,0.205057878324772,0.164627582599272,0.34877917409943,0.0336725004763914,"SK_N_SH","No change","No change"
"new_regions_legacy_samples","new","legacy","SE_246","4",113897397,113976721,0.128791259134809,0.147205347831431,0.100577019445673,0.191404279188912,-0.353619180527201,"SK_N_SH","No change","No change"
"new_regions_legacy_samples","new","legacy","SE_247","4",114224047,114284551,0.123073931166598,0.11388628120634,0.0952011064233931,-0.110993493353199,-0.367074634753311,"SK_N_SH","No change","No change"
"new_regions_legacy_samples","new","legacy","SE_248","4",114316247,114367701,0.0788421641904789,0.0946843608983156,0.0907264340932648,0.261132316426758,0.2001867287139,"SK_N_SH","No change","No change"
"new_regions_legacy_samples","new","legacy","SE_249","4",122757697,122799301,0.129027966488202,0.130660371043236,0.111429918511756,0.0179992163667495,-0.20979595280687,"SK_N_SH","No change","No change"
"new_regions_legacy_samples","new","legacy","SE_250","4",122829705,122915251,0.0913730086344776,0.0886017509208571,0.0661625128077905,-0.0439444336864658,-0.459815150106391,"SK_N_SH","No change","No change"
"new_regions_legacy_samples","new","legacy","SE_251","4",137509247,137529497,0.137879895967568,0.194548025458768,0.154025381992069,0.49368519636926,0.158666672179618,"SK_N_SH","No change","No change"
"new_regions_legacy_samples","new","legacy","SE_252","4",159262097,159310151,0.131676583562777,0.140470220825969,0.117312480526617,0.0925846326900325,-0.165311499682554,"SK_N_SH","No change","No change"
"new_regions_legacy_samples","new","legacy","SE_253","4",169200697,169268097,0.152261690743415,0.194333193543999,0.156462027872219,0.349940005126525,0.0390068368401598,"SK_N_SH","No change","No change"
"new_regions_legacy_samples","new","legacy","SE_254","4",185180697,185403601,0.149938534853553,0.165056910412311,0.140217199378064,0.13771658616349,-0.0960453646722364,"SK_N_SH","No change","No change"
"new_regions_legacy_samples","new","legacy","SE_255","5",9324147,9372201,0.126994906489295,0.129727806157673,0.114240977701447,0.0304796390640346,-0.151432594394249,"SK_N_SH","No change","No change"
"new_regions_legacy_samples","new","legacy","SE_256","5",9426847,9508331,0.129999188213639,0.146173768063162,0.127279905221127,0.167962679856802,-0.0302626786155231,"SK_N_SH","No change","No change"
"new_regions_legacy_samples","new","legacy","SE_257","5",17220558,17262401,0.104149126019758,0.152633869161291,0.124741742563028,0.547059439938272,0.25802680292199,"SK_N_SH","No change","No change"
"new_regions_legacy_samples","new","legacy","SE_258","5",52994197,53046301,0.123754120185936,0.135081601773419,0.106533745255016,0.125384564272527,-0.214297999237819,"SK_N_SH","No change","No change"
"new_regions_legacy_samples","new","legacy","SE_259","5",61350847,61505451,0.0995909280030206,0.105716156411862,0.103131212998446,0.0852784124969647,0.0499023780615308,"SK_N_SH","No change","No change"
"new_regions_legacy_samples","new","legacy","SE_260","5",65100547,65248151,0.068920739847907,0.0739003283252502,0.0624409469869404,0.0992515923279068,-0.140306144016415,"SK_N_SH","No change","No change"
"new_regions_legacy_samples","new","legacy","SE_261","5",69237792,69296951,0.0831271616039842,0.0738953916330753,0.0554931430323704,-0.167694718144477,-0.574495901330168,"SK_N_SH","No change","No change"
"new_regions_legacy_samples","new","legacy","SE_262","5",76488247,76543601,0.105835832736711,0.122182256321808,0.100831846672922,0.205398851193078,-0.069206790758686,"SK_N_SH","No change","No change"
"new_regions_legacy_samples","new","legacy","SE_263","5",95710247,95802001,0.167710693873249,0.186201745587549,0.165871440688081,0.150042464588865,-0.0158143580702439,"SK_N_SH","No change","No change"
"new_regions_legacy_samples","new","legacy","SE_264","5",120599047,120624601,0.111500250014374,0.127144322887318,0.0862798976607087,0.187841357449447,-0.366206892456546,"SK_N_SH","No change","No change"
"new_regions_legacy_samples","new","legacy","SE_265","5",122140947,122184251,0.0996973400663168,0.130087121224976,0.0949026745446935,0.380500378752206,-0.0703826199054379,"SK_N_SH","No change","No change"
"new_regions_legacy_samples","new","legacy","SE_266","5",131504497,131547351,0.0962145347080644,0.131550073635789,0.103540305292084,0.447293536844091,0.10481534273638,"SK_N_SH","No change","No change"
"new_regions_legacy_samples","new","legacy","SE_267","5",140280247,140343602,0.171698996359575,0.158937795568189,0.13986452253513,-0.110748790271265,-0.293951391543916,"SK_N_SH","No change","No change"
"new_regions_legacy_samples","new","legacy","SE_268","5",147471147,147507055,0.215272083855406,0.242063709978634,0.23895735833415,0.168487055508461,0.149930598277683,"SK_N_SH","No change","No change"
"new_regions_legacy_samples","new","legacy","SE_269","5",150008297,150066101,0.129365744694147,0.116622745959093,0.117833720224326,-0.148397755949711,-0.133620559371964,"SK_N_SH","No change","No change"
"new_regions_legacy_samples","new","legacy","SE_270","5",151658897,151703801,0.306621695509675,0.330136323490719,0.318509265699907,0.106268018381492,0.0547005143726742,"SK_N_SH","No change","No change"
"new_regions_legacy_samples","new","legacy","SE_271","5",154193732,154320951,0.123358759570554,0.14512142454485,0.116347956879048,0.232659592234113,-0.0837154079354489,"SK_N_SH","No change","No change"
"new_regions_legacy_samples","new","legacy","SE_272","5",154342197,154376051,0.143917440125755,0.142240059488942,0.121724590462385,-0.0167962039042404,-0.239806874468097,"SK_N_SH","No change","No change"
"new_regions_legacy_samples","new","legacy","SE_273","5",157495447,157572822,0.134779119297982,0.136429315618456,0.123734994027963,0.0174281515207143,-0.122395367024285,"SK_N_SH","No change","No change"
"new_regions_legacy_samples","new","legacy","SE_274","5",169548297,169606201,0.162795732335575,0.127900218367235,0.157735772627418,-0.345643060601402,-0.0452704783778686,"SK_N_SH","No change","No change"
"new_regions_legacy_samples","new","legacy","SE_275","6",11160047,11236601,0.202504868385256,0.204425467101871,0.191369775221777,0.013551739146054,-0.0811811646855042,"SK_N_SH","No change","No change"
"new_regions_legacy_samples","new","legacy","SE_276","6",16657547,16771001,0.142441563398909,0.17872331173208,0.163204408636894,0.325314433891901,0.195029744155417,"SK_N_SH","No change","No change"
"new_regions_legacy_samples","new","legacy","SE_277","6",30724546,30794251,0.240104732319222,0.218894740347252,0.231993239298797,-0.132846871085674,-0.0493718747323505,"SK_N_SH","No change","No change"
"new_regions_legacy_samples","new","legacy","SE_278","6",34629397,34684901,0.0852480601601758,0.095384651988417,0.0879629839281614,0.160311425274433,0.0447131697348887,"SK_N_SH","No change","No change"
"new_regions_legacy_samples","new","legacy","SE_279","6",37101147,37145951,0.261781613504827,0.1632730171168,0.236209457031244,-0.677768807702338,-0.147702807473832,"SK_N_SH","Decreased","No change"
"new_regions_legacy_samples","new","legacy","SE_280","6",42182047,42231451,0.210154380103286,0.203773169797442,0.235602028321908,-0.0442714741213157,0.164164267397793,"SK_N_SH","No change","No change"
"new_regions_legacy_samples","new","legacy","SE_281","6",44654997,44669401,0.347100427601138,0.245323937425273,0.236088124206646,-0.498946752455075,-0.554080186511094,"SK_N_SH","No change","No change"
"new_regions_legacy_samples","new","legacy","SE_282","6",56638797,56774401,0.127956844339034,0.113606550313277,0.106575971674008,-0.170198842306763,-0.261532474281526,"SK_N_SH","No change","No change"
"new_regions_legacy_samples","new","legacy","SE_283","6",56795347,56840664,0.126123500751648,0.181393829889135,0.0764639813393287,0.520826166547224,-0.714633202413401,"SK_N_SH","No change","Decreased"
"new_regions_legacy_samples","new","legacy","SE_284","6",104995247,105073801,0.0883191494807996,0.111800557280458,0.0918348191815356,0.336732776615649,0.0556964991447173,"SK_N_SH","No change","No change"
"new_regions_legacy_samples","new","legacy","SE_285","6",113344347,113414701,0.128295947325349,0.122999019637091,0.119177623121613,-0.060348341372598,-0.105508762192917,"SK_N_SH","No change","No change"
"new_regions_legacy_samples","new","legacy","SE_286","6",129625997,129718001,0.138642100619335,0.163959227396241,0.143376219651684,0.24037551636705,0.0480991696273468,"SK_N_SH","No change","No change"
"new_regions_legacy_samples","new","legacy","SE_287","6",140041947,140079801,0.15455447336439,0.180526054117106,0.140186563461076,0.222756746745872,-0.139817088074088,"SK_N_SH","No change","No change"
"new_regions_legacy_samples","new","legacy","SE_288","6",142353347,142419951,0.0912721376795666,0.124942883747204,0.0959005607533947,0.448802621336341,0.0706099342301976,"SK_N_SH","No change","No change"
"new_regions_legacy_samples","new","legacy","SE_289","6",150853797,150900301,0.251911956882256,0.322094722224448,0.241476731564303,0.35332193956868,-0.0607889339666031,"SK_N_SH","No change","No change"
"new_regions_legacy_samples","new","legacy","SE_290","6",151242996,151296801,0.155027617215493,0.122851467835952,0.121657474877425,-0.333190444832279,-0.347166255787823,"SK_N_SH","No change","No change"
"new_regions_legacy_samples","new","legacy","SE_291","6",152704947,152760451,0.11381986009762,0.121829278096481,0.109732017707186,0.0972822856074247,-0.0522997710965436,"SK_N_SH","No change","No change"
"new_regions_legacy_samples","new","legacy","SE_292","6",157984853,158087051,0.213497934795019,0.168514017365791,0.18026660318525,-0.339559180507524,-0.242850612001893,"SK_N_SH","No change","No change"
"new_regions_legacy_samples","new","legacy","SE_293","7",6226047,6284751,0.259266622251761,0.235669052517762,0.250595625392033,-0.137119238261979,-0.0488834683433429,"SK_N_SH","No change","No change"
"new_regions_legacy_samples","new","legacy","SE_294","7",23426597,23479601,0.431221861894032,0.448649560784865,0.391657855940686,0.0570290135538321,-0.138499284414763,"SK_N_SH","No change","No change"
"new_regions_legacy_samples","new","legacy","SE_295","7",80824647,80911651,0.14036578226172,0.135065286073193,0.15608478463621,-0.0551339131871091,0.152110490218646,"SK_N_SH","No change","No change"
"new_regions_legacy_samples","new","legacy","SE_296","7",101092897,101141301,0.429546873944084,0.274753250225348,0.307099640116821,-0.642792422852812,-0.482773316203256,"SK_N_SH","Decreased","No change"
"new_regions_legacy_samples","new","legacy","SE_297","7",102834447,102897801,0.140198480252121,0.130467732059045,0.141016139878993,-0.103015818273456,0.00833033807203178,"SK_N_SH","No change","No change"
"new_regions_legacy_samples","new","legacy","SE_298","7",130352297,130375251,0.461731072471079,0.323025488764619,0.304088107190184,-0.514066675315672,-0.600948036864142,"SK_N_SH","No change","Decreased"
"new_regions_legacy_samples","new","legacy","SE_299","7",130838297,131040951,0.209975512067848,0.158334709659671,0.18123980849789,-0.40501497552983,-0.211237418866209,"SK_N_SH","No change","No change"
"new_regions_legacy_samples","new","legacy","SE_300","7",134689347,134969601,0.177481797106881,0.157874090940475,0.155203384348131,-0.16789307473484,-0.192351233380844,"SK_N_SH","No change","No change"
"new_regions_legacy_samples","new","legacy","SE_301","8",13075347,13130299,0.149192985907756,0.131408508464957,0.103627752549436,-0.181821608245933,-0.521551862069602,"SK_N_SH","No change","No change"
"new_regions_legacy_samples","new","legacy","SE_302","8",25178147,25216001,0.28068939423828,0.213191492007479,0.199834967447703,-0.395204071152892,-0.488094767162189,"SK_N_SH","No change","No change"
"new_regions_legacy_samples","new","legacy","SE_303","8",32672597,32785351,0.0898391969949312,0.0999181958975163,0.089143461196616,0.151799462768194,-0.0110921072820824,"SK_N_SH","No change","No change"
"new_regions_legacy_samples","new","legacy","SE_304","8",38891897,38939851,0.25671175213277,0.220599460679559,0.296715022763672,-0.217803958046691,0.208173693851722,"SK_N_SH","No change","No change"
"new_regions_legacy_samples","new","legacy","SE_305","8",38999983,39046151,0.175562889094071,0.212550907086395,0.183456960152542,0.274397884329984,0.0631020858638734,"SK_N_SH","No change","No change"
"new_regions_legacy_samples","new","legacy","SE_306","8",40148697,40220751,0.0881420179308639,0.0964662980775753,0.0710642899607856,0.128797829635147,-0.306821082551715,"SK_N_SH","No change","No change"
"new_regions_legacy_samples","new","legacy","SE_307","8",53942447,53966801,0.129141363394877,0.119239195566195,0.0943281222542069,-0.11417231060641,-0.449105788964706,"SK_N_SH","No change","No change"
"new_regions_legacy_samples","new","legacy","SE_308","8",58800197,58896151,0.106691594647283,0.118027958220449,0.0999051442181416,0.144394833255103,-0.093905925641288,"SK_N_SH","No change","No change"
"new_regions_legacy_samples","new","legacy","SE_309","8",66505597,66563401,0.217881363115664,0.169153733335037,0.17485237193375,-0.363310314204519,-0.315784325490182,"SK_N_SH","No change","No change"
"new_regions_legacy_samples","new","legacy","SE_310","8",73542447,73633701,0.106047763256001,0.115606688609502,0.0963195018385428,0.123395893334384,-0.137453810676674,"SK_N_SH","No change","No change"
"new_regions_legacy_samples","new","legacy","SE_311","8",88101447,88148651,0.0574078979636111,0.0754327795516351,0.0598572400116708,0.388028031606034,0.0592654417527506,"SK_N_SH","No change","No change"
"new_regions_legacy_samples","new","legacy","SE_312","8",97879097,97953601,0.137837900813936,0.118508826571303,0.126586187098044,-0.216284281977806,-0.121929310714311,"SK_N_SH","No change","No change"
"new_regions_legacy_samples","new","legacy","SE_313","8",100898947,100947570,0.217504819887871,0.197466458034977,0.186631712328961,-0.138769899493505,-0.219761420080142,"SK_N_SH","No change","No change"
"new_regions_legacy_samples","new","legacy","SE_314","8",101125247,101202731,0.164403800535352,0.156247734143129,0.154146282228271,-0.0729531553694311,-0.092363258182677,"SK_N_SH","No change","No change"
"new_regions_legacy_samples","new","legacy","SE_315","8",117825897,118120901,0.110175924334116,0.126310438057509,0.123334057328165,0.195506309702281,0.161377131036675,"SK_N_SH","No change","No change"
"new_regions_legacy_samples","new","legacy","SE_316","8",140763497,140845851,0.0893429464280681,0.104824902906314,0.0889360236786483,0.228195293549925,-0.00651286646775682,"SK_N_SH","No change","No change"
"new_regions_legacy_samples","new","legacy","SE_317","9",2800697,2841129,0.107242655055859,0.16944866223883,0.116010194737155,0.655068144222368,0.112365100499798,"SK_N_SH","Increased","No change"
"new_regions_legacy_samples","new","legacy","SE_318","9",12778010,12835101,0.116814693199746,0.143984878364101,0.168027613915346,0.299382962479058,0.52073948240617,"SK_N_SH","No change","No change"
"new_regions_legacy_samples","new","legacy","SE_319","9",16499797,16547801,0.153230222593765,0.139093930680711,0.134661107103599,-0.138691045165371,-0.185078328580877,"SK_N_SH","No change","No change"
"new_regions_legacy_samples","new","legacy","SE_320","9",16670397,16728801,0.151428766428819,0.154760813518057,0.183095185666174,0.0311971295799375,0.272316704172709,"SK_N_SH","No change","No change"
"new_regions_legacy_samples","new","legacy","SE_321","9",33271497,33355551,0.139172109409425,0.141117303864038,0.133281547843386,0.0198829051317286,-0.0619382472771686,"SK_N_SH","No change","No change"
"new_regions_legacy_samples","new","legacy","SE_322","9",35507297,35534101,0.217888130773384,0.1780594212417,0.224854507012632,-0.289755298085614,0.0451999772068344,"SK_N_SH","No change","No change"
"new_regions_legacy_samples","new","legacy","SE_323","9",36089347,36114801,0.179107395234548,0.141349371696158,0.167028365319142,-0.339421294413482,-0.100152620934716,"SK_N_SH","No change","No change"
"new_regions_legacy_samples","new","legacy","SE_324","9",37921497,37979401,0.240047572427892,0.185561710412378,0.190292425936845,-0.369664980080413,-0.333538148018467,"SK_N_SH","No change","No change"
"new_regions_legacy_samples","new","legacy","SE_325","9",37992697,38066212,0.280490123263507,0.226811437550647,0.235211159160021,-0.305244121752594,-0.253007180291764,"SK_N_SH","No change","No change"
"new_regions_legacy_samples","new","legacy","SE_326","9",94767247,94813751,0.115258970244798,0.0998486526581235,0.110850075059124,-0.205150225556344,-0.0557758106294094,"SK_N_SH","No change","No change"
"new_regions_legacy_samples","new","legacy","SE_327","9",106859997,106898751,0.250939464819772,0.269187725694117,0.285255871035681,0.100885006861017,0.184228153446735,"SK_N_SH","No change","No change"
"new_regions_legacy_samples","new","legacy","SE_328","9",110007397,110193301,0.131451225440378,0.130498013025771,0.11899721162075,-0.0104201914720977,-0.142460309331652,"SK_N_SH","No change","No change"
"new_regions_legacy_samples","new","legacy","SE_329","9",112010897,112082301,0.172390534939053,0.138066927671132,0.138723662759905,-0.318245781891944,-0.311448779117706,"SK_N_SH","No change","No change"
"new_regions_legacy_samples","new","legacy","SE_330","9",115664947,115693701,0.147405208987386,0.14147094305908,0.0856949814495899,-0.0588740193940122,-0.775521344042404,"SK_N_SH","No change","Decreased"
"new_regions_legacy_samples","new","legacy","SE_331","9",122988147,123104301,0.099891881981019,0.0994410916789375,0.0854137883566336,-0.00646048193962848,-0.223476661009134,"SK_N_SH","No change","No change"
"new_regions_legacy_samples","new","legacy","SE_332","9",124251597,124307001,0.171104281807556,0.147761941884751,0.155819619681798,-0.21027750523886,-0.134176924715229,"SK_N_SH","No change","No change"
"new_regions_legacy_samples","new","legacy","SE_333","9",125509297,125559351,0.169461551825656,0.134691295297912,0.179283785986679,-0.329118197523389,0.0808232810572505,"SK_N_SH","No change","No change"
"new_regions_legacy_samples","new","legacy","SE_334","9",125784147,125856501,0.072040531731177,0.0729558322405214,0.0764908113499245,0.0179666562689246,0.085327981563264,"SK_N_SH","No change","No change"
"new_regions_legacy_samples","new","legacy","SE_335","9",129931747,129999401,0.12976188438182,0.114835817891676,0.128052921814639,-0.174860650978748,-0.0189792676914152,"SK_N_SH","No change","No change"
"new_regions_legacy_samples","new","legacy","SE_336","9",130823247,130870501,0.239527473416134,0.170509002429501,0.222608319447281,-0.487917385450856,-0.105227824950451,"SK_N_SH","No change","No change"
"new_regions_legacy_samples","new","legacy","SE_337","X",136155497,136215901,0.119845110007057,0.145384437888161,0.111563502022832,0.276603093356357,-0.102419976846556,"SK_N_SH","No change","No change"
"old_regions_legacy_samples","old","legacy","SE_1","1",15876747,15919451,0.108000825448684,0.14596159546987,0.0974789112838322,0.431100133701841,-0.146452342816725,"CLB_Ma","No change","No change"
"old_regions_legacy_samples","old","legacy","SE_2","1",36342397,36377001,0.211335053353605,0.239655290028865,0.156749081455512,0.180625578279597,-0.428710953681186,"CLB_Ma","No change","No change"
"old_regions_legacy_samples","old","legacy","SE_3","1",39102947,39272851,0.120900830349823,0.129314479810399,0.109075411627534,0.0962894437800752,-0.147215713923013,"CLB_Ma","No change","No change"
"old_regions_legacy_samples","old","legacy","SE_4","1",39375747,39427701,0.168671273728546,0.183344914931912,0.128563808611565,0.119665291492793,-0.38907954660263,"CLB_Ma","No change","No change"
"old_regions_legacy_samples","old","legacy","SE_5","1",51619871,51673751,0.147321368502333,0.161429738209938,0.0925551792444316,0.131089330095509,-0.664837031466255,"CLB_Ma","No change","Decreased"
"old_regions_legacy_samples","old","legacy","SE_6","1",85313097,85385301,0.113623742710445,0.108863227059077,0.0864194586146109,-0.0611973347316751,-0.390879560507026,"CLB_Ma","No change","No change"
"old_regions_legacy_samples","old","legacy","SE_7","1",85427447,85462205,0.0726124985971832,0.102605215939124,0.0588587174011263,0.493073990390828,-0.298389374526822,"CLB_Ma","No change","No change"
"old_regions_legacy_samples","old","legacy","SE_8","1",85548747,85585701,0.239155872025289,0.286218567674216,0.201760937487189,0.258177933168856,-0.244191344674747,"CLB_Ma","No change","No change"
"old_regions_legacy_samples","old","legacy","SE_9","1",115298747,115335151,0.171140607683254,0.152540065678946,0.136943545752731,-0.16497229654378,-0.319509510946471,"CLB_Ma","No change","No change"
"old_regions_legacy_samples","old","legacy","SE_10","1",156086247,156141351,0.469246783168982,0.565175473276376,0.407443943859307,0.267831178346964,-0.203279982776456,"CLB_Ma","No change","No change"
"old_regions_legacy_samples","old","legacy","SE_11","1",157996270,158050551,0.193916865997882,0.262822520531505,0.22287344420512,0.436708790575267,0.199824475099105,"CLB_Ma","No change","No change"
"old_regions_legacy_samples","old","legacy","SE_12","1",162653747,162723901,0.107618269378759,0.149393027628722,0.101636203003614,0.469470901766566,-0.0817270775680621,"CLB_Ma","No change","No change"
"old_regions_legacy_samples","old","legacy","SE_13","1",163033097,163057701,0.225070688177507,0.336528753521221,0.235569387583759,0.578236460638622,0.065489451373394,"CLB_Ma","No change","No change"
"old_regions_legacy_samples","old","legacy","SE_14","1",181092697,181117901,0.415527868159801,0.490791637012811,0.343960984067686,0.239634178318637,-0.271979824813695,"CLB_Ma","No change","No change"
"old_regions_legacy_samples","old","legacy","SE_15","1",183026457,183071551,0.159845682075249,0.177627503777883,0.213276166095698,0.151277026204082,0.413794181034487,"CLB_Ma","No change","No change"
"old_regions_legacy_samples","old","legacy","SE_16","1",198254597,198295951,0.0826265463738297,0.0930708048245025,0.0838149084226642,0.169786063908672,0.0203568947118572,"CLB_Ma","No change","No change"
"old_regions_legacy_samples","old","legacy","SE_17","1",203506147,203560001,0.229308547453766,0.300543752431879,0.175567463529089,0.388799389923645,-0.383348436023083,"CLB_Ma","No change","No change"
"old_regions_legacy_samples","old","legacy","SE_18","1",203663097,203697401,0.133710856635032,0.166747748318164,0.118092115537452,0.316427275873426,-0.177788222240217,"CLB_Ma","No change","No change"
"old_regions_legacy_samples","old","legacy","SE_19","1",204408247,204440051,0.30445309494758,0.38363454933887,0.294948440078037,0.332537498521001,-0.0456050058700298,"CLB_Ma","No change","No change"
"old_regions_legacy_samples","old","legacy","SE_20","1",218449847,218501301,0.248811011367532,0.215436932756235,0.156107314261148,-0.206890369228338,-0.669086722543364,"CLB_Ma","No change","Decreased"
"old_regions_legacy_samples","old","legacy","SE_21","1",223704647,223734151,0.328068533308958,0.38878701419721,0.28782542676243,0.244297950350386,-0.188190321927801,"CLB_Ma","No change","No change"
"old_regions_legacy_samples","old","legacy","SE_22","1",223747397,223789651,0.111434635786008,0.12013413274393,0.0839983161865336,0.107518909742663,-0.403580363126246,"CLB_Ma","No change","No change"
"old_regions_legacy_samples","old","legacy","SE_23","1",234956997,235001201,0.263776504289165,0.281746537482997,0.231481679660819,0.0947342509675796,-0.187658074624551,"CLB_Ma","No change","No change"
"old_regions_legacy_samples","old","legacy","SE_24","1",243246597,243291601,0.334448841860236,0.43153465807743,0.290167279509756,0.366722974667647,-0.204244523802772,"CLB_Ma","No change","No change"
"old_regions_legacy_samples","old","legacy","SE_25","2",36339747,36515551,0.184220168495407,0.189924617142996,0.153407553133189,0.0437619295049412,-0.262497874763521,"CLB_Ma","No change","No change"
"old_regions_legacy_samples","old","legacy","SE_26","2",55096397,55115801,0.229404438089564,0.276264064613143,0.207932998419245,0.267092138510785,-0.141128139996614,"CLB_Ma","No change","No change"
"old_regions_legacy_samples","old","legacy","SE_27","2",62710647,62744101,0.126935691360198,0.267255058611194,0.0723115591412535,1.06818657494672,-0.803306208613712,"CLB_Ma","Increased","Decreased"
"old_regions_legacy_samples","old","legacy","SE_28","2",68028247,68060026,0.115548317667674,0.148459084219972,0.118715022109197,0.358822407778297,0.0386760164046796,"CLB_Ma","No change","No change"
"old_regions_legacy_samples","old","legacy","SE_29","2",69116247,69192151,0.196230174493486,0.217876438400766,0.171490933121857,0.150236371380047,-0.193359758817724,"CLB_Ma","No change","No change"
"old_regions_legacy_samples","old","legacy","SE_30","2",117936997,117987701,0.177234995134952,0.225028141256703,0.160148386348268,0.342721776893615,-0.145390885157689,"CLB_Ma","No change","No change"
"old_regions_legacy_samples","old","legacy","SE_31","2",160204847,160243551,0.270628595796357,0.27482205938463,0.20717847499033,0.0221024758901719,-0.383814461658912,"CLB_Ma","No change","No change"
"old_regions_legacy_samples","old","legacy","SE_32","2",160313747,160455451,0.122542503200171,0.139629570699077,0.104517912311808,0.186892519345929,-0.227519541736231,"CLB_Ma","No change","No change"
"old_regions_legacy_samples","old","legacy","SE_33","2",177215997,177261130,0.257167179879611,0.28236692034731,0.167319307262342,0.134365744685818,-0.617104934067395,"CLB_Ma","No change","Decreased"
"old_regions_legacy_samples","old","legacy","SE_34","2",189080997,189129951,0.10416292410703,0.120046468387918,0.100579654835242,0.202934825878996,-0.0500146856350354,"CLB_Ma","No change","No change"
"old_regions_legacy_samples","old","legacy","SE_35","2",189247497,189288951,0.120756091071154,0.166812684319652,0.0992343435563179,0.462857820134125,-0.28061703994463,"CLB_Ma","No change","No change"
"old_regions_legacy_samples","old","legacy","SE_36","2",189366697,189413251,0.119443859337095,0.154536021777422,0.126528693671819,0.368887902188739,0.0824610451274136,"CLB_Ma","No change","No change"
"old_regions_legacy_samples","old","legacy","SE_37","2",207219797,207260201,0.186539261550789,0.281185194045165,0.167542414614219,0.589449636235157,-0.154080957880205,"CLB_Ma","Increased","No change"
"old_regions_legacy_samples","old","legacy","SE_38","2",223034497,223094701,0.272629863268527,0.277992210623728,0.21824622900327,0.0279991521270695,-0.319673662108696,"CLB_Ma","No change","No change"
"old_regions_legacy_samples","old","legacy","SE_39","2",233402847,233443401,0.183829651649674,0.182976184622351,0.151737191221316,-0.00667719826933352,-0.275144823962693,"CLB_Ma","No change","No change"
"old_regions_legacy_samples","old","legacy","SE_40","3",8442247,8465001,0.391154094124092,0.295779966033897,0.232729434767653,-0.40202695544255,-0.746581230685418,"CLB_Ma","No change","Decreased"
"old_regions_legacy_samples","old","legacy","SE_41","3",8504804,8566501,0.19853414743407,0.188456699000524,0.143432241906027,-0.0747675113219885,-0.466242830378541,"CLB_Ma","No change","No change"
"old_regions_legacy_samples","old","legacy","SE_42","3",8928147,8957701,0.140352979556275,0.136761217190791,0.101107542459907,-0.0371324989697396,-0.469212854955725,"CLB_Ma","No change","No change"
"old_regions_legacy_samples","old","legacy","SE_43","3",15766847,15817451,0.141842223740959,0.160881296234418,0.140361978688831,0.180513807461501,-0.0150283598099189,"CLB_Ma","No change","No change"
"old_regions_legacy_samples","old","legacy","SE_44","3",57998447,58082501,0.186975820982382,0.206882756333559,0.154509505700798,0.145222990680477,-0.273544332893525,"CLB_Ma","No change","No change"
"old_regions_legacy_samples","old","legacy","SE_45","3",71487997,71522851,0.200535768827715,0.193111378232892,0.148703798666399,-0.0541512258195869,-0.428925083254291,"CLB_Ma","No change","No change"
"old_regions_legacy_samples","old","legacy","SE_46","3",98954747,98983151,0.116879809421515,0.17329389145076,0.13086571362674,0.564205374482487,0.161752865404218,"CLB_Ma","No change","No change"
"old_regions_legacy_samples","old","legacy","SE_47","3",100001947,100045201,0.173775844316606,0.196968460984565,0.14239744463236,0.179764803610152,-0.285486489255066,"CLB_Ma","No change","No change"
"old_regions_legacy_samples","old","legacy","SE_48","3",111850747,111917851,0.193351759100914,0.224562915891098,0.164465483303518,0.214859732413719,-0.232139868710763,"CLB_Ma","No change","No change"
"old_regions_legacy_samples","old","legacy","SE_49","3",112629747,112658501,0.319477062868364,0.308117142962858,0.273679661041417,-0.0520674390701767,-0.222471015784344,"CLB_Ma","No change","No change"
"old_regions_legacy_samples","old","legacy","SE_50","3",120406897,120448070,0.228801031185252,0.275336360443708,0.201504238741167,0.266040133205975,-0.182433165544898,"CLB_Ma","No change","No change"
"old_regions_legacy_samples","old","legacy","SE_51","3",123732947,123803701,0.234939688587732,0.271583007653709,0.198897872915217,0.208277507974694,-0.239155001242862,"CLB_Ma","No change","No change"
"old_regions_legacy_samples","old","legacy","SE_52","3",128758647,128806351,0.0953219562792339,0.154958526848148,0.0975850617916086,0.695225834165786,0.0335043639968558,"CLB_Ma","Increased","No change"
"old_regions_legacy_samples","old","legacy","SE_53","3",134308647,134335151,0.412604524673425,0.36225547853691,0.273829561453145,-0.187267411842292,-0.589714775360033,"CLB_Ma","No change","Decreased"
"old_regions_legacy_samples","old","legacy","SE_54","3",134457747,134482731,0.208585342956593,0.222492114758352,0.155599084332725,0.0926861035437384,-0.420462050725515,"CLB_Ma","No change","No change"
"old_regions_legacy_samples","old","legacy","SE_55","3",136136147,136186501,0.0760364320106136,0.0880087627347897,0.0612802509522001,0.208406488087071,-0.306766127799302,"CLB_Ma","No change","No change"
"old_regions_legacy_samples","old","legacy","SE_56","3",159760747,159788351,0.460377252407344,0.534038811967224,0.364896936521376,0.213696673475585,-0.334509538873819,"CLB_Ma","No change","No change"
"old_regions_legacy_samples","old","legacy","SE_57","3",160394897,160434051,0.164894587921914,0.174877909954743,0.148885782626618,0.0843074723369005,-0.146403277813828,"CLB_Ma","No change","No change"
"old_regions_legacy_samples","old","legacy","SE_58","3",171345247,171395851,0.133410789230771,0.136768326026171,0.11946125025552,0.0355952910103531,-0.158079811017425,"CLB_Ma","No change","No change"
"old_regions_legacy_samples","old","legacy","SE_59","3",172114947,172182951,0.159978421458081,0.179069991326008,0.15110038706262,0.161690462521342,-0.0818434891316465,"CLB_Ma","No change","No change"
"old_regions_legacy_samples","old","legacy","SE_60","3",178168947,178207101,0.19849387194811,0.216688205980171,0.150668655256161,0.125918816166097,-0.395421469951991,"CLB_Ma","No change","No change"
"old_regions_legacy_samples","old","legacy","SE_61","3",188233597,188299051,0.169757086470933,0.178663611582559,0.136992404760211,0.0733527881637711,-0.30735659022734,"CLB_Ma","No change","No change"
"old_regions_legacy_samples","old","legacy","SE_62","3",196773597,196808001,0.198596694996321,0.189652978779549,0.152023987942656,-0.0661387600994655,-0.383330005539262,"CLB_Ma","No change","No change"
"old_regions_legacy_samples","old","legacy","SE_63","4",15676347,15693351,0.367121646601317,0.396947122349619,0.284322593778772,0.112394157060312,-0.367588592969322,"CLB_Ma","No change","No change"
"old_regions_legacy_samples","old","legacy","SE_64","4",41142347,41206251,0.133488403454103,0.163988967555227,0.110630217060249,0.294887779166444,-0.268754177165986,"CLB_Ma","No change","No change"
"old_regions_legacy_samples","old","legacy","SE_65","4",48345947,48381151,0.174853524628599,0.101970170373699,0.177655178773112,-0.772147790322481,0.0228034835410122,"CLB_Ma","Decreased","No change"
"old_regions_legacy_samples","old","legacy","SE_66","4",69763710,69800501,0.171182413944446,0.155209525705542,0.127991268749907,-0.140455366730551,-0.416664384070963,"CLB_Ma","No change","No change"
"old_regions_legacy_samples","old","legacy","SE_67","4",76579597,76591951,0.391206777439672,0.48756810363793,0.40027527153322,0.316945213854909,0.0329777873055646,"CLB_Ma","No change","No change"
"old_regions_legacy_samples","old","legacy","SE_68","4",76687447,76709901,0.2051840694047,0.239193880391273,0.188439265010824,0.220266526136756,-0.122197479995381,"CLB_Ma","No change","No change"
"old_regions_legacy_samples","old","legacy","SE_69","4",76722897,76784501,0.167657022800187,0.178745059151697,0.140574378583404,0.0918597215199599,-0.252532195383505,"CLB_Ma","No change","No change"
"old_regions_legacy_samples","old","legacy","SE_70","4",76952711,77066251,0.171686397322025,0.249138932810358,0.141758985946786,0.534575178066967,-0.274572886122123,"CLB_Ma","No change","No change"
"old_regions_legacy_samples","old","legacy","SE_71","4",79996597,80039451,0.0850581976495875,0.125741835589152,0.0849159432864323,0.558508284411597,-0.00238675082149139,"CLB_Ma","No change","No change"
"old_regions_legacy_samples","old","legacy","SE_72","4",113890697,113976721,0.0970239206091194,0.0972059911725504,0.0727392175810294,0.0026771899548487,-0.410701741964758,"CLB_Ma","No change","No change"
"old_regions_legacy_samples","old","legacy","SE_73","4",114242047,114284101,0.14230036894898,0.137395899230304,0.102033222914825,-0.0502411285267542,-0.475932716676231,"CLB_Ma","No change","No change"
"old_regions_legacy_samples","old","legacy","SE_74","4",122758547,122785001,0.171745972078421,0.218199255935409,0.136328772751077,0.343590829472234,-0.331018144957006,"CLB_Ma","No change","No change"
"old_regions_legacy_samples","old","legacy","SE_75","4",122873447,122913301,0.0698207604555402,0.0803592990706503,0.0709213643820115,0.20013491498543,0.022248054604434,"CLB_Ma","No change","No change"
"old_regions_legacy_samples","old","legacy","SE_76","4",150203097,150260401,0.145650369277718,0.150312561708083,0.108656369227581,0.045151058657786,-0.419391092677401,"CLB_Ma","No change","No change"
"old_regions_legacy_samples","old","legacy","SE_77","4",158802947,158826551,0.298029801876576,0.424164719302509,0.316571749481589,0.507732611896409,0.0867933057468489,"CLB_Ma","No change","No change"
"old_regions_legacy_samples","old","legacy","SE_78","4",185340297,185363101,0.331773837349049,0.390696702304491,0.314968480633535,0.235194968911285,-0.0747613635226234,"CLB_Ma","No change","No change"
"old_regions_legacy_samples","old","legacy","SE_79","5",9426847,9485051,0.167250360147372,0.242449165606816,0.191164018401006,0.533010962957378,0.191728632120463,"CLB_Ma","No change","No change"
"old_regions_legacy_samples","old","legacy","SE_80","5",65184147,65209951,0.175743286128547,0.184528001190941,0.127954113682772,0.0699815319253576,-0.454797616683642,"CLB_Ma","No change","No change"
"old_regions_legacy_samples","old","legacy","SE_81","5",76488897,76543601,0.119116817471022,0.148318177611592,0.122117609583662,0.31395165025227,0.0355989701940772,"CLB_Ma","No change","No change"
"old_regions_legacy_samples","old","legacy","SE_82","5",83501697,83567351,0.0980176127292599,0.102951017954186,0.087757766188425,0.0701468139545292,-0.157811808025255,"CLB_Ma","No change","No change"
"old_regions_legacy_samples","old","legacy","SE_83","5",95711147,95794501,0.179037230565194,0.210834516954554,0.157404264670418,0.234642407908617,-0.184684100467858,"CLB_Ma","No change","No change"
"old_regions_legacy_samples","old","legacy","SE_84","5",140240947,140263301,0.308433116548096,0.330256119095854,0.215725816151115,0.0983194978406888,-0.513756591027267,"CLB_Ma","No change","No change"
"old_regions_legacy_samples","old","legacy","SE_85","5",140280247,140335801,0.181803846144657,0.191030316395576,0.135969603287477,0.0710376668339228,-0.416440663219204,"CLB_Ma","No change","No change"
"old_regions_legacy_samples","old","legacy","SE_86","5",147471147,147506901,0.214200719540783,0.207779423404212,0.209844238365207,-0.0437033699117741,-0.0295053033170055,"CLB_Ma","No change","No change"
"old_regions_legacy_samples","old","legacy","SE_87","5",151660847,151701051,0.244302271055158,0.329720881187136,0.233209737961244,0.431053547157805,-0.0667595293115411,"CLB_Ma","No change","No change"
"old_regions_legacy_samples","old","legacy","SE_88","5",169586631,169604651,0.121232741019369,0.123733373249278,0.0833324950168075,0.0292167451837885,-0.535470231351325,"CLB_Ma","No change","No change"
"old_regions_legacy_samples","old","legacy","SE_89","6",11161397,11228301,0.171518085336961,0.204655404076497,0.153395706450041,0.253481372756215,-0.160114976131474,"CLB_Ma","No change","No change"
"old_regions_legacy_samples","old","legacy","SE_90","6",30725347,30784151,0.399421323070422,0.426532264026027,0.314484019788587,0.0945144960948239,-0.343951871788642,"CLB_Ma","No change","No change"
"old_regions_legacy_samples","old","legacy","SE_91","6",37126147,37146201,0.394223101171659,0.368672106726895,0.313407031163459,-0.0964210859168939,-0.330033794995465,"CLB_Ma","No change","No change"
"old_regions_legacy_samples","old","legacy","SE_92","6",44655047,44669401,0.498307900817144,0.482188780230394,0.40888106916579,-0.0473427800907916,-0.284724376425388,"CLB_Ma","No change","No change"
"old_regions_legacy_samples","old","legacy","SE_93","6",52503197,52574063,0.189683094792922,0.194968197326463,0.144822819206475,0.0394426000597698,-0.38696044702092,"CLB_Ma","No change","No change"
"old_regions_legacy_samples","old","legacy","SE_94","6",140043647,140073501,0.253456420636099,0.256437373225234,0.231925918559419,0.016802915697526,-0.127547412256526,"CLB_Ma","No change","No change"
"old_regions_legacy_samples","old","legacy","SE_95","6",151022147,151071401,0.223215958884635,0.230095138018415,0.167389662001946,0.0435979398087431,-0.413085398331431,"CLB_Ma","No change","No change"
"old_regions_legacy_samples","old","legacy","SE_96","6",152704947,152754551,0.142981739936571,0.16901520156625,0.173928322499716,0.239777890110903,0.280878036043926,"CLB_Ma","No change","No change"
"old_regions_legacy_samples","old","legacy","SE_97","6",158008197,158058551,0.242919073516713,0.290429775843131,0.197610015806525,0.256745711727366,-0.296464196539531,"CLB_Ma","No change","No change"
"old_regions_legacy_samples","old","legacy","SE_98","7",18492447,18592001,0.134109511768618,0.175582572262418,0.11667154867133,0.386213719274132,-0.199363705469078,"CLB_Ma","No change","No change"
"old_regions_legacy_samples","old","legacy","SE_99","7",23449697,23478301,0.413714519547715,0.513070893562171,0.477450477616852,0.309848771479813,0.206251046937166,"CLB_Ma","No change","No change"
"old_regions_legacy_samples","old","legacy","SE_100","7",130355747,130375151,0.558672633629752,0.482682131903828,0.420302748534438,-0.210523962856743,-0.409725877930342,"CLB_Ma","No change","No change"
"old_regions_legacy_samples","old","legacy","SE_101","7",130880747,130926401,0.238868832306758,0.293805735433448,0.214316261916166,0.29751888107363,-0.155788427000238,"CLB_Ma","No change","No change"
"old_regions_legacy_samples","old","legacy","SE_102","7",134809197,134848151,0.134226044186051,0.147947281271234,0.127792508819351,0.139428752661705,-0.0703243557763333,"CLB_Ma","No change","No change"
"old_regions_legacy_samples","old","legacy","SE_103","7",134879597,134946501,0.140790162554982,0.18396346991352,0.136670442764965,0.383482926730281,-0.0425385889496531,"CLB_Ma","No change","No change"
"old_regions_legacy_samples","old","legacy","SE_104","8",32685847,32716151,0.109577833654202,0.125870258051149,0.0831969255476548,0.198291687572553,-0.393222753709932,"CLB_Ma","No change","No change"
"old_regions_legacy_samples","old","legacy","SE_105","8",66505747,66560201,0.256766392200114,0.21817905181611,0.175696393426009,-0.233954257815399,-0.544791583016698,"CLB_Ma","No change","No change"
"old_regions_legacy_samples","old","legacy","SE_106","8",117927647,117958551,0.17131351877738,0.190569264675056,0.167527414964198,0.15283022203356,-0.0320525930560161,"CLB_Ma","No change","No change"
"old_regions_legacy_samples","old","legacy","SE_107","8",117977047,118057451,0.144211766424966,0.173386014467248,0.12584142292779,0.264125983668268,-0.195132391776421,"CLB_Ma","No change","No change"
"old_regions_legacy_samples","old","legacy","SE_108","8",127798959,127929451,0.186284241217257,0.191912582662787,0.164165989785357,0.0427177347506935,-0.181312866770539,"CLB_Ma","No change","No change"
"old_regions_legacy_samples","old","legacy","SE_109","9",12778010,12823051,0.157264999441362,0.159873829727484,0.149761134223083,0.0235874172105711,-0.0700776824248349,"CLB_Ma","No change","No change"
"old_regions_legacy_samples","old","legacy","SE_110","9",33148547,33163301,0.284071518908421,0.340857617401577,0.261743415599528,0.262071663504578,-0.117669298432511,"CLB_Ma","No change","No change"
"old_regions_legacy_samples","old","legacy","SE_111","9",33305747,33338851,0.187372174511089,0.158308222650003,0.128545829212218,-0.241765139185545,-0.540123304244673,"CLB_Ma","No change","No change"
"old_regions_legacy_samples","old","legacy","SE_112","9",33820797,33878851,0.0833680431875846,0.127845916083392,0.101919442865484,0.610878264624308,0.286747007002987,"CLB_Ma","Increased","No change"
"old_regions_legacy_samples","old","legacy","SE_113","9",35510497,35534101,0.343554902156734,0.225570090075519,0.171402137185331,-0.604776462569415,-0.998956224608843,"CLB_Ma","Decreased","Decreased"
"old_regions_legacy_samples","old","legacy","SE_114","9",36089347,36114801,0.233064349000308,0.277688649467367,0.182351713755019,0.251749034788897,-0.352291459521299,"CLB_Ma","No change","No change"
"old_regions_legacy_samples","old","legacy","SE_115","9",37929397,37979101,0.231925117054,0.233210162466555,0.18566647157926,0.00793745795633785,-0.319403399646702,"CLB_Ma","No change","No change"
"old_regions_legacy_samples","old","legacy","SE_116","9",38008247,38049251,0.291322585684057,0.304409029922914,0.224285756354952,0.063181418209341,-0.375805197857092,"CLB_Ma","No change","No change"
"old_regions_legacy_samples","old","legacy","SE_117","9",112031947,112082301,0.343590691471391,0.321957172453511,0.212189147429318,-0.0935408692092066,-0.692749731771752,"CLB_Ma","No change","Decreased"
"old_regions_legacy_samples","old","legacy","SE_118","9",123036640,123103201,0.148663190188806,0.162906369261271,0.124023556578024,0.131152484683795,-0.259519483799047,"CLB_Ma","No change","No change"
"old_regions_legacy_samples","old","legacy","SE_119","9",129480397,129503501,0.45751779900125,0.541720616509238,0.395385250931045,0.243231975606303,-0.210074455861164,"CLB_Ma","No change","No change"
"old_regions_legacy_samples","old","legacy","SE_120","10",4765947,4781801,0.203351960757389,0.261541916562675,0.188383459689738,0.3614916909379,-0.10974575140246,"CLB_Ma","No change","No change"
"old_regions_legacy_samples","old","legacy","SE_121","10",17198947,17218401,0.256822515121297,0.301063069432648,0.181833973933979,0.228471552489672,-0.495844082126836,"CLB_Ma","No change","No change"
"old_regions_legacy_samples","old","legacy","SE_122","10",28539747,28607351,0.0578390301974667,0.0760495078870082,0.062398374367679,0.389012274461156,0.107672380051382,"CLB_Ma","No change","No change"
"old_regions_legacy_samples","old","legacy","SE_123","10",32938556,32963651,0.238336793641449,0.307819390332908,0.215137403301676,0.367721138409159,-0.147093444810605,"CLB_Ma","No change","No change"
"old_regions_legacy_samples","old","legacy","SE_124","10",33210847,33241751,0.143306763324779,0.152447653272584,0.120061954910791,0.0886076651457742,-0.253393364182616,"CLB_Ma","No change","No change"
"old_regions_legacy_samples","old","legacy","SE_125","10",52516047,52542901,0.140299413437638,0.2345439806319,0.12931999448937,0.737240987383675,-0.116697028795045,"CLB_Ma","Increased","No change"
"old_regions_legacy_samples","old","legacy","SE_126","10",62224097,62264501,0.128524943835876,0.144646874458168,0.0839635819983443,0.169244783959937,-0.608313462577616,"CLB_Ma","No change","Decreased"
"old_regions_legacy_samples","old","legacy","SE_127","10",71835247,71861901,0.322687932973035,0.452039087768039,0.291524267136171,0.485031946812146,-0.146047270840037,"CLB_Ma","No change","No change"
"old_regions_legacy_samples","old","legacy","SE_128","10",74049647,74090251,0.0969636715424547,0.105003186363809,0.0789770220628807,0.113788881365708,-0.292661281593197,"CLB_Ma","No change","No change"
"old_regions_legacy_samples","old","legacy","SE_129","10",77494247,77535201,0.286925192487257,0.327657744849506,0.205868122514188,0.190891957294692,-0.476982676155432,"CLB_Ma","No change","No change"
"old_regions_legacy_samples","old","legacy","SE_130","10",90913547,90937551,0.469829158274813,0.295912755841006,0.215784226214411,-0.665164593596931,-1.11894388245329,"CLB_Ma","Decreased","Decreased"
"old_regions_legacy_samples","old","legacy","SE_131","10",93435197,93479316,0.33579054036622,0.332145690825346,0.25956637826836,-0.015698384402902,-0.370200676892626,"CLB_Ma","No change","No change"
"old_regions_legacy_samples","old","legacy","SE_132","10",99945397,100006952,0.191616206041699,0.175025268892901,0.146764499939656,-0.129946545093732,-0.382429384360015,"CLB_Ma","No change","No change"
"old_regions_legacy_samples","old","legacy","SE_133","10",126198347,126264901,0.157426850016588,0.181031795339069,0.118475857859547,0.200373604168162,-0.407097736135179,"CLB_Ma","No change","No change"
"old_regions_legacy_samples","old","legacy","SE_134","11",8704047,8734001,0.268901577972626,0.354229810372195,0.246772359714824,0.396319244141824,-0.123418155129931,"CLB_Ma","No change","No change"
"old_regions_legacy_samples","old","legacy","SE_135","11",9564747,9593851,0.408772318777215,0.532976379789849,0.359645286389824,0.381953396635417,-0.184241961702087,"CLB_Ma","No change","No change"
"old_regions_legacy_samples","old","legacy","SE_136","11",12156847,12238251,0.270989217130731,0.27516593640451,0.190455756791116,0.0219859241058118,-0.506538417180286,"CLB_Ma","No change","No change"
"old_regions_legacy_samples","old","legacy","SE_137","11",57764759,57800701,0.276143835618989,0.268310454198244,0.204478154664146,-0.0413646847638258,-0.431649896332128,"CLB_Ma","No change","No change"
"old_regions_legacy_samples","old","legacy","SE_138","11",65471697,65503201,0.739668445690633,0.950396540958908,0.66702335431994,0.361218903898915,-0.148929335448548,"CLB_Ma","No change","No change"
"old_regions_legacy_samples","old","legacy","SE_139","11",66066197,66134001,0.203970067949956,0.264831450830377,0.196981625685916,0.375098555204774,-0.050046703828995,"CLB_Ma","No change","No change"
"old_regions_legacy_samples","old","legacy","SE_140","11",74121747,74163301,0.13066248856858,0.155199912181866,0.111056458779214,0.246549270693717,-0.232618565489222,"CLB_Ma","No change","No change"
"old_regions_legacy_samples","old","legacy","SE_141","11",86717847,86763301,0.292874536687643,0.238283815393589,0.18935528655583,-0.296477539772316,-0.626505722327339,"CLB_Ma","No change","Decreased"
"old_regions_legacy_samples","old","legacy","SE_142","11",96045247,96167601,0.14619517261794,0.163081156254998,0.134571155960463,0.156679205572866,-0.118680093673504,"CLB_Ma","No change","No change"
"old_regions_legacy_samples","old","legacy","SE_143","11",96186547,96338436,0.170456156631934,0.193746630848442,0.137981300827009,0.183758660255743,-0.302948920076979,"CLB_Ma","No change","No change"
"old_regions_legacy_samples","old","legacy","SE_144","11",111530747,111564401,0.394665583274188,0.474157695345926,0.325104689988827,0.26412481574081,-0.278946388973567,"CLB_Ma","No change","No change"
"old_regions_legacy_samples","old","legacy","SE_145","11",120329347,120348301,0.288474959685078,0.39006625957934,0.286562270852442,0.43397451172757,-0.00956415514849152,"CLB_Ma","No change","No change"
"old_regions_legacy_samples","old","legacy","SE_146","11",122156497,122199001,0.112096258981469,0.146691834804845,0.0937042268216645,0.385038860014222,-0.256050486045765,"CLB_Ma","No change","No change"
"old_regions_legacy_samples","old","legacy","SE_147","12",12816343,12845951,0.184526044670525,0.188428608693861,0.132039413836475,0.0300325014233132,-0.479768013345092,"CLB_Ma","No change","No change"
"old_regions_legacy_samples","old","legacy","SE_148","12",29276997,29287551,0.157750352506891,0.191623256375352,0.151911223680303,0.279022102123206,-0.0540654910404138,"CLB_Ma","No change","No change"
"old_regions_legacy_samples","old","legacy","SE_149","12",45223347,45314051,0.20018169462775,0.249251932855368,0.186074204843011,0.314882170588635,-0.104888398401511,"CLB_Ma","No change","No change"
"old_regions_legacy_samples","old","legacy","SE_150","12",67651729,67681601,0.184613605239529,0.280565598153078,0.162098183645231,0.60116861339186,-0.186561746578794,"CLB_Ma","Increased","No change"
"old_regions_legacy_samples","old","legacy","SE_151","12",93775547,93788151,0.355985500527486,0.331997966490475,0.317021019432674,-0.100352111081388,-0.166743355504804,"CLB_Ma","No change","No change"
"old_regions_legacy_samples","old","legacy","SE_152","12",121923247,121950951,0.1596322964139,0.161676391560076,0.106604553376501,0.0182429073806796,-0.578022859418179,"CLB_Ma","No change","No change"
"old_regions_legacy_samples","old","legacy","SE_153","12",122068297,122123151,0.184959069681556,0.252735573599152,0.207871793669498,0.448340685243222,0.167632568607953,"CLB_Ma","No change","No change"
"old_regions_legacy_samples","old","legacy","SE_154","13",33212947,33264201,0.138639963256467,0.174522490289799,0.121563229988168,0.329944017378438,-0.188185659233131,"CLB_Ma","No change","No change"
"old_regions_legacy_samples","old","legacy","SE_155","13",45189747,45243251,0.124693658332347,0.12976784106949,0.0942027984239249,0.057095928561375,-0.400835976434092,"CLB_Ma","No change","No change"
"old_regions_legacy_samples","old","legacy","SE_156","14",32444647,32524351,0.163545852498115,0.16816068436414,0.137029835348695,0.0399046394159639,-0.25350952137577,"CLB_Ma","No change","No change"
"old_regions_legacy_samples","old","legacy","SE_157","14",51003797,51024851,0.28042493628859,0.325899303372165,0.226065707739632,0.216096135228608,-0.309640325847195,"CLB_Ma","No change","No change"
"old_regions_legacy_samples","old","legacy","SE_158","14",51521947,51555551,0.202444222517996,0.179225076787863,0.162423053776418,-0.174833546949052,-0.316021794762809,"CLB_Ma","No change","No change"
"old_regions_legacy_samples","old","legacy","SE_159","14",52852497,52948096,0.140009826868123,0.121207079938178,0.108454070498589,-0.206467837860987,-0.365470098403623,"CLB_Ma","No change","No change"
"old_regions_legacy_samples","old","legacy","SE_160","14",64917647,64937951,0.144714306453611,0.116105246991052,0.12246878930787,-0.31533681201036,-0.238996129859972,"CLB_Ma","No change","No change"
"old_regions_legacy_samples","old","legacy","SE_161","15",32818747,32879001,0.177017254273737,0.226401721045475,0.174666302856833,0.353226092235451,-0.0191796075088468,"CLB_Ma","No change","No change"
"old_regions_legacy_samples","old","legacy","SE_162","15",33126697,33165451,0.333377821348776,0.42169784289935,0.334326572642556,0.3381475907168,0.00408765334238905,"CLB_Ma","No change","No change"
"old_regions_legacy_samples","old","legacy","SE_163","15",44028097,44116051,0.107956535113738,0.137601182785013,0.0983313881957253,0.347186838513488,-0.133431151635925,"CLB_Ma","No change","No change"
"old_regions_legacy_samples","old","legacy","SE_164","15",48532697,48575601,0.109041214917352,0.119085754288116,0.0972729767358458,0.126021041990916,-0.163177311458188,"CLB_Ma","No change","No change"
"old_regions_legacy_samples","old","legacy","SE_165","15",60358047,60443901,0.268332030460109,0.274135126152981,0.215172264951098,0.0307545251154741,-0.31720437715636,"CLB_Ma","No change","No change"
"old_regions_legacy_samples","old","legacy","SE_166","15",67068854,67159051,0.293643549477796,0.300292845107646,0.215785360428595,0.0321957310769701,-0.442703347734213,"CLB_Ma","No change","No change"
"old_regions_legacy_samples","old","legacy","SE_167","15",90399947,90424101,0.181150731602071,0.189308952320731,0.149806340977622,0.0632106393784821,-0.272435698522525,"CLB_Ma","No change","No change"
"old_regions_legacy_samples","old","legacy","SE_168","15",90550547,90564101,0.402338168762648,0.517378491828518,0.377311820006575,0.362015922690161,-0.0924140847762316,"CLB_Ma","No change","No change"
"old_regions_legacy_samples","old","legacy","SE_169","15",98718197,98736951,0.206615461016572,0.227565709959277,0.18137098697203,0.138695098353416,-0.18703765210507,"CLB_Ma","No change","No change"
"old_regions_legacy_samples","old","legacy","SE_170","15",98842147,98928101,0.233217980617688,0.298327798532528,0.220085913555573,0.353874433991568,-0.0832447269027957,"CLB_Ma","No change","No change"
"old_regions_legacy_samples","old","legacy","SE_171","16",24970997,25011251,0.169791960367812,0.186836398013666,0.141764747582592,0.137236583371584,-0.258600281537228,"CLB_Ma","No change","No change"
"old_regions_legacy_samples","old","legacy","SE_172","16",50183447,50211701,0.146503027399381,0.162907160809397,0.10252722287803,0.152134319455278,-0.510734385340426,"CLB_Ma","No change","No change"
"old_regions_legacy_samples","old","legacy","SE_173","16",57168997,57204301,0.30198985826166,0.402884115049487,0.315119155523543,0.414671900964643,0.0611989549664838,"CLB_Ma","No change","No change"
"old_regions_legacy_samples","old","legacy","SE_174","16",75242947,75261051,0.651556073712163,0.607496590928471,0.488632533990598,-0.100852696505309,-0.414402454701585,"CLB_Ma","No change","No change"
"old_regions_legacy_samples","old","legacy","SE_175","17",40298047,40352151,0.698791334904963,0.855832465967272,0.643687621812726,0.292088345160425,-0.118324517069598,"CLB_Ma","No change","No change"
"old_regions_legacy_samples","old","legacy","SE_176","17",45287497,45322051,0.402740682402544,0.504708690736125,0.399282449277348,0.324877606345362,-0.0124106044970112,"CLB_Ma","No change","No change"
"old_regions_legacy_samples","old","legacy","SE_177","17",59745197,59860001,0.376266181739313,0.55061170018378,0.327518261760402,0.548070275743931,-0.199609212609174,"CLB_Ma","No change","No change"
"old_regions_legacy_samples","old","legacy","SE_178","19",13839657,13866051,0.652938782127398,0.829530729639398,0.443016573956881,0.344877963409568,-0.558542055939935,"CLB_Ma","No change","No change"
"old_regions_legacy_samples","old","legacy","SE_179","19",17078947,17138251,0.25515940751688,0.230239610286789,0.196576275227952,-0.147653330029843,-0.374632156225168,"CLB_Ma","No change","No change"
"old_regions_legacy_samples","old","legacy","SE_180","19",47094147,47123101,0.331486969687274,0.348474463171513,0.273568309765319,0.0718892368549782,-0.276132680317181,"CLB_Ma","No change","No change"
"old_regions_legacy_samples","old","legacy","SE_181","20",35304047,35339601,0.222578346847542,0.23849026904068,0.144000201285431,0.0991865650430939,-0.624725569627749,"CLB_Ma","No change","Decreased"
"old_regions_legacy_samples","old","legacy","SE_182","20",35864297,35902101,0.335985928385234,0.351368618990944,0.238653536448618,0.0643970977596433,-0.491738120397812,"CLB_Ma","No change","No change"
"old_regions_legacy_samples","old","legacy","SE_183","20",49676197,49705301,0.0972483872288763,0.121375995346914,0.10353393246119,0.316814963568528,0.0894656969576943,"CLB_Ma","No change","No change"
"old_regions_legacy_samples","old","legacy","SE_184","20",53735247,53753451,0.298615346778225,0.341303761855161,0.266867547888937,0.192165624545736,-0.161591713350527,"CLB_Ma","No change","No change"
"old_regions_legacy_samples","old","legacy","SE_185","22",24132747,24175251,0.270969487439186,0.304693439039839,0.245587512346372,0.168640785660262,-0.141345062174314,"CLB_Ma","No change","No change"
"old_regions_legacy_samples","old","legacy","SE_186","22",24283397,24334101,0.103967690499273,0.157327741852928,0.101413355063746,0.592968735043167,-0.0355414684206284,"CLB_Ma","Increased","No change"
"old_regions_legacy_samples","old","legacy","SE_187","22",31217497,31253901,0.290918269121978,0.370114573365457,0.27772941738676,0.346300153746977,-0.0666992278717977,"CLB_Ma","No change","No change"
"old_regions_legacy_samples","old","legacy","SE_188","22",36307297,36398351,0.377225364856703,0.375459300728926,0.311633708913404,-0.0067522151335182,-0.274772776168597,"CLB_Ma","No change","No change"
"old_regions_legacy_samples","old","legacy","SE_189","22",40484997,40529101,0.174905193962425,0.215549874850018,0.1553942467506,0.299901256658223,-0.169610640538798,"CLB_Ma","No change","No change"
"old_regions_legacy_samples","old","legacy","SE_190","22",41828897,41887951,0.140943292427405,0.147176753754524,0.131094160346387,0.0620044570181585,-0.103747986738712,"CLB_Ma","No change","No change"
"old_regions_legacy_samples","old","legacy","SE_191","22",42956547,43011451,0.249831908682513,0.266399639969317,0.209662853186652,0.0922766358727653,-0.251784945260758,"CLB_Ma","No change","No change"
"old_regions_legacy_samples","old","legacy","SE_192","22",46057142,46082995,0.666595032521048,0.756478272518611,0.624876134638122,0.182231287109437,-0.0930960541095145,"CLB_Ma","No change","No change"
"old_regions_legacy_samples","old","legacy","SE_1","1",15876747,15919451,0.106024087101403,0.106303437041682,0.108126543362975,0.00376075824454966,0.0280665282274966,"SK_N_SH","No change","No change"
"old_regions_legacy_samples","old","legacy","SE_2","1",36342397,36377001,0.373847068461818,0.282413347797492,0.321119212987735,-0.403394413565,-0.218707405742078,"SK_N_SH","No change","No change"
"old_regions_legacy_samples","old","legacy","SE_3","1",39102947,39272851,0.183915897002545,0.166700731643647,0.162450187039864,-0.140980273775944,-0.178018228856615,"SK_N_SH","No change","No change"
"old_regions_legacy_samples","old","legacy","SE_4","1",39375747,39427701,0.242431154603624,0.243186948813343,0.203332141700424,0.00447227624993768,-0.252597658016018,"SK_N_SH","No change","No change"
"old_regions_legacy_samples","old","legacy","SE_5","1",51619871,51673751,0.150807510396613,0.137396401103395,0.169433259807971,-0.133436739956387,0.166963735725828,"SK_N_SH","No change","No change"
"old_regions_legacy_samples","old","legacy","SE_6","1",85313097,85385301,0.152540751034359,0.14213152766839,0.118227711119026,-0.101280119694792,-0.364902021526095,"SK_N_SH","No change","No change"
"old_regions_legacy_samples","old","legacy","SE_7","1",85427447,85462205,0.134278606314048,0.18242151383677,0.177972152574601,0.439229163329299,0.403801424969953,"SK_N_SH","No change","No change"
"old_regions_legacy_samples","old","legacy","SE_8","1",85548747,85585701,0.51359407559154,0.553673039795487,0.436744086558939,0.10820275640245,-0.233347158168958,"SK_N_SH","No change","No change"
"old_regions_legacy_samples","old","legacy","SE_9","1",115298747,115335151,0.137573252899759,0.123237935366984,0.138945485553399,-0.157543058781635,0.0142161297605786,"SK_N_SH","No change","No change"
"old_regions_legacy_samples","old","legacy","SE_10","1",156086247,156141351,0.678706672501258,0.525607126748426,0.633455589486604,-0.368185239455935,-0.0993931033603131,"SK_N_SH","No change","No change"
"old_regions_legacy_samples","old","legacy","SE_11","1",157996270,158050551,0.261756139387538,0.219743985265608,0.243956016843063,-0.251350345153475,-0.101201744740844,"SK_N_SH","No change","No change"
"old_regions_legacy_samples","old","legacy","SE_12","1",162653747,162723901,0.146332456892724,0.136976416177893,0.134586168610185,-0.0946535934201074,-0.119865272666728,"SK_N_SH","No change","No change"
"old_regions_legacy_samples","old","legacy","SE_13","1",163033097,163057701,0.31220045116957,0.349682197864157,0.329521169670892,0.163077904195033,0.0776563875403665,"SK_N_SH","No change","No change"
"old_regions_legacy_samples","old","legacy","SE_14","1",181092697,181117901,0.408089574950993,0.464411707802148,0.394578226520306,0.186090730619366,-0.0484537534907063,"SK_N_SH","No change","No change"
"old_regions_legacy_samples","old","legacy","SE_15","1",183026457,183071551,0.20889117626888,0.214270810000732,0.137465568231752,0.0365111905109066,-0.600114246914363,"SK_N_SH","No change","Decreased"
"old_regions_legacy_samples","old","legacy","SE_16","1",198254597,198295951,0.117058505260581,0.121964330668449,0.0934322013524742,0.0587379001247816,-0.322151173867478,"SK_N_SH","No change","No change"
"old_regions_legacy_samples","old","legacy","SE_17","1",203506147,203560001,0.27167105765808,0.200939092201344,0.226375643628931,-0.433241354692976,-0.262083853548888,"SK_N_SH","No change","No change"
"old_regions_legacy_samples","old","legacy","SE_18","1",203663097,203697401,0.193433017719893,0.154898825024962,0.208112024687249,-0.318663176774824,0.105002792845906,"SK_N_SH","No change","No change"
"old_regions_legacy_samples","old","legacy","SE_19","1",204408247,204440051,0.292799474408218,0.266782224429445,0.287285573119601,-0.13377161825203,-0.0273331741679464,"SK_N_SH","No change","No change"
"old_regions_legacy_samples","old","legacy","SE_20","1",218449847,218501301,0.127861636761515,0.120570554031646,0.111041103088536,-0.0840289930611105,-0.201794732171572,"SK_N_SH","No change","No change"
"old_regions_legacy_samples","old","legacy","SE_21","1",223704647,223734151,0.406999847270914,0.41200340859783,0.394687510508163,0.0175850763939382,-0.0442070833820237,"SK_N_SH","No change","No change"
"old_regions_legacy_samples","old","legacy","SE_22","1",223747397,223789651,0.145372989680199,0.139786536250943,0.14306042232556,-0.0561399843251057,-0.0229753177686883,"SK_N_SH","No change","No change"
"old_regions_legacy_samples","old","legacy","SE_23","1",234956997,235001201,0.248323795099369,0.186522173642574,0.254705111591279,-0.410959380300765,0.0364604224909901,"SK_N_SH","No change","No change"
"old_regions_legacy_samples","old","legacy","SE_24","1",243246597,243291601,0.289634399743718,0.306289917749049,0.32158706890321,0.0803949608265854,0.150483136619947,"SK_N_SH","No change","No change"
"old_regions_legacy_samples","old","legacy","SE_25","2",36339747,36515551,0.254463807972392,0.222692412630389,0.223566792659774,-0.191602593581527,-0.185974308351588,"SK_N_SH","No change","No change"
"old_regions_legacy_samples","old","legacy","SE_26","2",55096397,55115801,0.226723256098179,0.185134790874214,0.171374991794007,-0.290933895356217,-0.401731150287417,"SK_N_SH","No change","No change"
"old_regions_legacy_samples","old","legacy","SE_27","2",62710647,62744101,0.120344000444649,0.143921375968226,0.149656898092932,0.256167629010588,0.3121639510445,"SK_N_SH","No change","No change"
"old_regions_legacy_samples","old","legacy","SE_28","2",68028247,68060026,0.13199444060794,0.132294518337264,0.12075796193004,0.00325151171827593,-0.127349824582326,"SK_N_SH","No change","No change"
"old_regions_legacy_samples","old","legacy","SE_29","2",69116247,69192151,0.122612055649162,0.113245969978274,0.113747319035591,-0.113676178238199,-0.10735900660825,"SK_N_SH","No change","No change"
"old_regions_legacy_samples","old","legacy","SE_30","2",117936997,117987701,0.164235964436382,0.20355146619735,0.190189136920977,0.307936147560144,0.210472823139788,"SK_N_SH","No change","No change"
"old_regions_legacy_samples","old","legacy","SE_31","2",160204847,160243551,0.278730461553664,0.245111500006094,0.261896370472265,-0.184725294305667,-0.0895431418654683,"SK_N_SH","No change","No change"
"old_regions_legacy_samples","old","legacy","SE_32","2",160313747,160455451,0.131220918033275,0.123438087050488,0.121753401460534,-0.0875223146854207,-0.107187434973509,"SK_N_SH","No change","No change"
"old_regions_legacy_samples","old","legacy","SE_33","2",177215997,177261130,0.227221173439308,0.177026772062934,0.189090790159733,-0.358338432055156,-0.263744009709608,"SK_N_SH","No change","No change"
"old_regions_legacy_samples","old","legacy","SE_34","2",189080997,189129951,0.112607745729156,0.102059587155126,0.102601673580114,-0.140582482203153,-0.133013892057596,"SK_N_SH","No change","No change"
"old_regions_legacy_samples","old","legacy","SE_35","2",189247497,189288951,0.143125739779957,0.126209866751884,0.120414215497085,-0.180117438663632,-0.247390667045532,"SK_N_SH","No change","No change"
"old_regions_legacy_samples","old","legacy","SE_36","2",189366697,189413251,0.110048715074604,0.108165118862928,0.136025665218499,-0.0246807490660266,0.303253438747485,"SK_N_SH","No change","No change"
"old_regions_legacy_samples","old","legacy","SE_37","2",207219797,207260201,0.175030232295037,0.227771962195803,0.209112551164582,0.378087023659531,0.25533911893962,"SK_N_SH","No change","No change"
"old_regions_legacy_samples","old","legacy","SE_38","2",223034497,223094701,0.125187949647655,0.117802822482554,0.115523475997684,-0.0870050346747726,-0.114953502251882,"SK_N_SH","No change","No change"
"old_regions_legacy_samples","old","legacy","SE_39","2",233402847,233443401,0.146052172395522,0.122798999885261,0.133390175472413,-0.248328437520496,-0.129900422794052,"SK_N_SH","No change","No change"
"old_regions_legacy_samples","old","legacy","SE_40","3",8442247,8465001,0.206390151757368,0.175813016141314,0.174786289805977,-0.230122904117458,-0.238524833184873,"SK_N_SH","No change","No change"
"old_regions_legacy_samples","old","legacy","SE_41","3",8504804,8566501,0.138648773120648,0.175306824235772,0.133743713860851,0.336285418615417,-0.0515849297960697,"SK_N_SH","No change","No change"
"old_regions_legacy_samples","old","legacy","SE_42","3",8928147,8957701,0.117544839278754,0.139225052942906,0.104716918617659,0.242311269698775,-0.16522657824786,"SK_N_SH","No change","No change"
"old_regions_legacy_samples","old","legacy","SE_43","3",15766847,15817451,0.142719197532038,0.173928211720189,0.157020900100821,0.283510195023252,0.136862599141922,"SK_N_SH","No change","No change"
"old_regions_legacy_samples","old","legacy","SE_44","3",57998447,58082501,0.2210338634781,0.157372177473281,0.194960407741568,-0.487460818160297,-0.180217527280813,"SK_N_SH","No change","No change"
"old_regions_legacy_samples","old","legacy","SE_45","3",71487997,71522851,0.119565131502157,0.118303249214786,0.0941448323119727,-0.0151793921932278,-0.341615522120861,"SK_N_SH","No change","No change"
"old_regions_legacy_samples","old","legacy","SE_46","3",98954747,98983151,0.15025437650902,0.162392190714595,0.137380367425103,0.111362144888139,-0.12833761043476,"SK_N_SH","No change","No change"
"old_regions_legacy_samples","old","legacy","SE_47","3",100001947,100045201,0.10754912969845,0.129629834032325,0.134354412580667,0.267136266869547,0.31839376139007,"SK_N_SH","No change","No change"
"old_regions_legacy_samples","old","legacy","SE_48","3",111850747,111917851,0.186098623369024,0.187858961951331,0.188665910478482,0.0135103022351366,0.0196614562901545,"SK_N_SH","No change","No change"
"old_regions_legacy_samples","old","legacy","SE_49","3",112629747,112658501,0.282951066014934,0.264814423865046,0.275532978274732,-0.0952229363942221,-0.0381907869067756,"SK_N_SH","No change","No change"
"old_regions_legacy_samples","old","legacy","SE_50","3",120406897,120448070,0.267116170280735,0.237566129624171,0.223287035819432,-0.168469000680564,-0.257511999376099,"SK_N_SH","No change","No change"
"old_regions_legacy_samples","old","legacy","SE_51","3",123732947,123803701,0.173425888547285,0.130184717601398,0.141448212007003,-0.411014520327919,-0.292176669690773,"SK_N_SH","No change","No change"
"old_regions_legacy_samples","old","legacy","SE_52","3",128758647,128806351,0.101741920420848,0.0984142517307133,0.112197990768688,-0.0475003532824323,0.139823405512833,"SK_N_SH","No change","No change"
"old_regions_legacy_samples","old","legacy","SE_53","3",134308647,134335151,0.285800746955424,0.193872662065679,0.180928441630069,-0.557517066791247,-0.656677678319494,"SK_N_SH","No change","Decreased"
"old_regions_legacy_samples","old","legacy","SE_54","3",134457747,134482731,0.200255049602217,0.161452561131519,0.205191168782949,-0.30900649318209,0.0349575613456017,"SK_N_SH","No change","No change"
"old_regions_legacy_samples","old","legacy","SE_55","3",136136147,136186501,0.0736720978315104,0.0748529579576585,0.0672870525685403,0.0226361782633345,-0.128957197454214,"SK_N_SH","No change","No change"
"old_regions_legacy_samples","old","legacy","SE_56","3",159760747,159788351,0.388825390888005,0.375346738060696,0.329341327351,-0.0507655950189966,-0.238870592884525,"SK_N_SH","No change","No change"
"old_regions_legacy_samples","old","legacy","SE_57","3",160394897,160434051,0.114029386388311,0.195203691600951,0.125384071387223,0.770349714891276,0.135812175789627,"SK_N_SH","Increased","No change"
"old_regions_legacy_samples","old","legacy","SE_58","3",171345247,171395851,0.126884079493278,0.124227885938965,0.119451496399547,-0.0302808122327511,-0.0863843551822008,"SK_N_SH","No change","No change"
"old_regions_legacy_samples","old","legacy","SE_59","3",172114947,172182951,0.164705031689373,0.142798339245306,0.155853988891981,-0.20457039723697,-0.0791951928906173,"SK_N_SH","No change","No change"
"old_regions_legacy_samples","old","legacy","SE_60","3",178168947,178207101,0.122708384318837,0.158345737685987,0.123173091001806,0.365217147122627,0.00540928531704529,"SK_N_SH","No change","No change"
"old_regions_legacy_samples","old","legacy","SE_61","3",188233597,188299051,0.159576327536677,0.152873425657356,0.133665039875558,-0.0615151277468395,-0.253883859518449,"SK_N_SH","No change","No change"
"old_regions_legacy_samples","old","legacy","SE_62","3",196773597,196808001,0.125895578036835,0.126616240839155,0.140832264449145,0.00817014655204823,0.160543962626385,"SK_N_SH","No change","No change"
"old_regions_legacy_samples","old","legacy","SE_63","4",15676347,15693351,0.333458672956921,0.276439151510255,0.297225213070563,-0.269656565248114,-0.165425723154394,"SK_N_SH","No change","No change"
"old_regions_legacy_samples","old","legacy","SE_64","4",41142347,41206251,0.148388452244194,0.117976044650209,0.111945202463103,-0.328397509927795,-0.403445640694792,"SK_N_SH","No change","No change"
"old_regions_legacy_samples","old","legacy","SE_65","4",48345947,48381151,0.114818467543657,0.229520047717711,0.146408997523029,0.993026910481794,0.347959273078944,"SK_N_SH","Increased","No change"
"old_regions_legacy_samples","old","legacy","SE_66","4",69763710,69800501,0.173988707670953,0.22564815480918,0.185492780792226,0.373192590571368,0.0918579588643708,"SK_N_SH","No change","No change"
"old_regions_legacy_samples","old","legacy","SE_67","4",76579597,76591951,0.244465061030262,0.239119282240405,0.242291495609995,-0.031766428428985,-0.012831798091246,"SK_N_SH","No change","No change"
"old_regions_legacy_samples","old","legacy","SE_68","4",76687447,76709901,0.191711498461582,0.238101432839108,0.215514008718765,0.311180120496804,0.168017717017364,"SK_N_SH","No change","No change"
"old_regions_legacy_samples","old","legacy","SE_69","4",76722897,76784501,0.107166447486546,0.105404122918802,0.0887268642312793,-0.0236990010527241,-0.269641156182697,"SK_N_SH","No change","No change"
"old_regions_legacy_samples","old","legacy","SE_70","4",76952711,77066251,0.11764032276507,0.12683939642079,0.15437713589968,0.107738074061723,0.389179795682745,"SK_N_SH","No change","No change"
"old_regions_legacy_samples","old","legacy","SE_71","4",79996597,80039451,0.095240187980938,0.0973289582006226,0.0800662002678295,0.0309768971048057,-0.247538937755364,"SK_N_SH","No change","No change"
"old_regions_legacy_samples","old","legacy","SE_72","4",113890697,113976721,0.1234235328856,0.142343769259438,0.0966133292737257,0.204219820270933,-0.350109306948162,"SK_N_SH","No change","No change"
"old_regions_legacy_samples","old","legacy","SE_73","4",114242047,114284101,0.13596580309531,0.120673392494189,0.104475445569944,-0.170802019234227,-0.376908551516291,"SK_N_SH","No change","No change"
"old_regions_legacy_samples","old","legacy","SE_74","4",122758547,122785001,0.147756634933725,0.156806400926015,0.115299027967771,0.0852017071614528,-0.355114979060661,"SK_N_SH","No change","No change"
"old_regions_legacy_samples","old","legacy","SE_75","4",122873447,122913301,0.0710755686874995,0.0792063944257079,0.0576882258491933,0.154206944749865,-0.296439218892146,"SK_N_SH","No change","No change"
"old_regions_legacy_samples","old","legacy","SE_76","4",150203097,150260401,0.131859879157284,0.144055571841193,0.114345267682584,0.126700205743212,-0.20394669213016,"SK_N_SH","No change","No change"
"old_regions_legacy_samples","old","legacy","SE_77","4",158802947,158826551,0.260804962878597,0.282299729801544,0.19470199399615,0.11383677989833,-0.419833990266281,"SK_N_SH","No change","No change"
"old_regions_legacy_samples","old","legacy","SE_78","4",185340297,185363101,0.209761337217587,0.220288222206325,0.206033196111862,0.0703164291905249,-0.0257481274747686,"SK_N_SH","No change","No change"
"old_regions_legacy_samples","old","legacy","SE_79","5",9426847,9485051,0.153700436743849,0.172050560185481,0.144307323053291,0.161716341938898,-0.090369857443208,"SK_N_SH","No change","No change"
"old_regions_legacy_samples","old","legacy","SE_80","5",65184147,65209951,0.101640497515811,0.105973522873151,0.0737160174872265,0.0596536893308116,-0.45811060485745,"SK_N_SH","No change","No change"
"old_regions_legacy_samples","old","legacy","SE_81","5",76488897,76543601,0.10621099600603,0.122347863150037,0.101138530492368,0.202279840744864,-0.0699256745078044,"SK_N_SH","No change","No change"
"old_regions_legacy_samples","old","legacy","SE_82","5",83501697,83567351,0.0652642336279759,0.0865606138478157,0.0730555115404318,0.40205168835369,0.160376731006972,"SK_N_SH","No change","No change"
"old_regions_legacy_samples","old","legacy","SE_83","5",95711147,95794501,0.175168847751555,0.194906413979795,0.174484359966553,0.15320579974229,-0.00561637635293684,"SK_N_SH","No change","No change"
"old_regions_legacy_samples","old","legacy","SE_84","5",140240947,140263301,0.322496454018493,0.234018707718199,0.308726357822837,-0.460974297021087,-0.0627557362174097,"SK_N_SH","No change","No change"
"old_regions_legacy_samples","old","legacy","SE_85","5",140280247,140335801,0.139204207148375,0.150324480813307,0.143721917004423,0.110115759875093,0.0457537819481211,"SK_N_SH","No change","No change"
"old_regions_legacy_samples","old","legacy","SE_86","5",147471147,147506901,0.215211102017725,0.24157303096734,0.237896052558322,0.165978557402001,0.143942410814874,"SK_N_SH","No change","No change"
"old_regions_legacy_samples","old","legacy","SE_87","5",151660847,151701051,0.315843524607151,0.343874721613753,0.333421840956329,0.122301855828083,0.0778985411369283,"SK_N_SH","No change","No change"
"old_regions_legacy_samples","old","legacy","SE_88","5",169586631,169604651,0.129263226457347,0.107538473874226,0.105176875842833,-0.263223337334188,-0.294960268762103,"SK_N_SH","No change","No change"
"old_regions_legacy_samples","old","legacy","SE_89","6",11161397,11228301,0.185960142792595,0.177672502417061,0.158410974525612,-0.0654131194798863,-0.229979787130969,"SK_N_SH","No change","No change"
"old_regions_legacy_samples","old","legacy","SE_90","6",30725347,30784151,0.246415130769901,0.221239025915143,0.241903004824837,-0.154821550555748,-0.0265533946935607,"SK_N_SH","No change","No change"
"old_regions_legacy_samples","old","legacy","SE_91","6",37126147,37146201,0.332532292550702,0.215997568662942,0.27746909012911,-0.620147571542913,-0.260309251378634,"SK_N_SH","Decreased","No change"
"old_regions_legacy_samples","old","legacy","SE_92","6",44655047,44669401,0.348112713127992,0.245776630946527,0.236634179128869,-0.500487112576869,-0.55495053923187,"SK_N_SH","No change","No change"
"old_regions_legacy_samples","old","legacy","SE_93","6",52503197,52574063,0.225704338174087,0.226420291235358,0.210782326576223,0.00454898378059473,-0.098229798332411,"SK_N_SH","No change","No change"
"old_regions_legacy_samples","old","legacy","SE_94","6",140043647,140073501,0.164992046075046,0.213318690964589,0.149167254780936,0.368643561615024,-0.144543857387155,"SK_N_SH","No change","No change"
"old_regions_legacy_samples","old","legacy","SE_95","6",151022147,151071401,0.169755867423809,0.166277141378077,0.140323321445163,-0.0296948396614099,-0.272935590882964,"SK_N_SH","No change","No change"
"old_regions_legacy_samples","old","legacy","SE_96","6",152704947,152754551,0.116590753174125,0.121055416936307,0.111169082605494,0.0537617073623149,-0.0680995396214949,"SK_N_SH","No change","No change"
"old_regions_legacy_samples","old","legacy","SE_97","6",158008197,158058551,0.250357193461747,0.212941940775563,0.224508327121221,-0.232519643918412,-0.156558269942581,"SK_N_SH","No change","No change"
"old_regions_legacy_samples","old","legacy","SE_98","7",18492447,18592001,0.289490526166786,0.309718209081263,0.226888951276331,0.0971156770253661,-0.350160133238823,"SK_N_SH","No change","No change"
"old_regions_legacy_samples","old","legacy","SE_99","7",23449697,23478301,0.677657917916523,0.70186146053604,0.587770439634185,0.0505557933445029,-0.204979317653745,"SK_N_SH","No change","No change"
"old_regions_legacy_samples","old","legacy","SE_100","7",130355747,130375151,0.486785749386625,0.36750334138143,0.33083725815983,-0.404569909625633,-0.555771731660175,"SK_N_SH","No change","No change"
"old_regions_legacy_samples","old","legacy","SE_101","7",130880747,130926401,0.426640321598117,0.282935320664029,0.362782738458588,-0.590835562169305,-0.233320800603107,"SK_N_SH","Decreased","No change"
"old_regions_legacy_samples","old","legacy","SE_102","7",134809197,134848151,0.151901894596828,0.146177545845401,0.153225554211196,-0.0550486998504743,0.0124355474737743,"SK_N_SH","No change","No change"
"old_regions_legacy_samples","old","legacy","SE_103","7",134879597,134946501,0.194320494031702,0.183913127517575,0.176678320001397,-0.078995682686974,-0.136575675183442,"SK_N_SH","No change","No change"
"old_regions_legacy_samples","old","legacy","SE_104","8",32685847,32716151,0.0831628701205001,0.0970772347141972,0.0785130565976129,0.220734398616043,-0.0819921238043634,"SK_N_SH","No change","No change"
"old_regions_legacy_samples","old","legacy","SE_105","8",66505747,66560201,0.227069686874245,0.173637126627002,0.178908557770221,-0.385114409956589,-0.342210894990439,"SK_N_SH","No change","No change"
"old_regions_legacy_samples","old","legacy","SE_106","8",117927647,117958551,0.123667717105709,0.189669939693105,0.135372687708229,0.612989486231691,0.129466809417133,"SK_N_SH","Increased","No change"
"old_regions_legacy_samples","old","legacy","SE_107","8",117977047,118057451,0.1059148591666,0.118909787895634,0.0985014800310813,0.165487052028072,-0.103672484389406,"SK_N_SH","No change","No change"
"old_regions_legacy_samples","old","legacy","SE_108","8",127798959,127929451,0.275355075133936,0.21667207882726,0.209509569360008,-0.344366744812377,-0.392637290303504,"SK_N_SH","No change","No change"
"old_regions_legacy_samples","old","legacy","SE_109","9",12778010,12823051,0.127893019002521,0.147644747212672,0.189306596725724,0.20569435463477,0.562151443832903,"SK_N_SH","No change","No change"
"old_regions_legacy_samples","old","legacy","SE_110","9",33148547,33163301,0.279805981001405,0.261557138799776,0.323486414992695,-0.0969422421515799,0.208584414834302,"SK_N_SH","No change","No change"
"old_regions_legacy_samples","old","legacy","SE_111","9",33305747,33338851,0.179370199648591,0.142489043928787,0.156007870353321,-0.330020415034577,-0.200124120424416,"SK_N_SH","No change","No change"
"old_regions_legacy_samples","old","legacy","SE_112","9",33820797,33878851,0.0935928844645506,0.0653100552699058,0.0586414916600392,-0.512504006691619,-0.665415323667386,"SK_N_SH","No change","Decreased"
"old_regions_legacy_samples","old","legacy","SE_113","9",35510497,35534101,0.205827990215179,0.181441527854355,0.22926086094206,-0.180997282872367,0.154837766883923,"SK_N_SH","No change","No change"
"old_regions_legacy_samples","old","legacy","SE_114","9",36089347,36114801,0.179107395234548,0.141349371696158,0.167028365319142,-0.339421294413482,-0.100152620934716,"SK_N_SH","No change","No change"
"old_regions_legacy_samples","old","legacy","SE_115","9",37929397,37979101,0.257942638558209,0.192173160035701,0.203991666433631,-0.422737888465267,-0.337067284130066,"SK_N_SH","No change","No change"
"old_regions_legacy_samples","old","legacy","SE_116","9",38008247,38049251,0.341617344405952,0.255791386324084,0.292625930611994,-0.416001376928553,-0.222618806499968,"SK_N_SH","No change","No change"
"old_regions_legacy_samples","old","legacy","SE_117","9",112031947,112082301,0.187872527356757,0.142821286525855,0.158532520839853,-0.393135648098346,-0.243562319750706,"SK_N_SH","No change","No change"
"old_regions_legacy_samples","old","legacy","SE_118","9",123036640,123103201,0.112097194470493,0.106949526476735,0.100302805019489,-0.0672062268049367,-0.158889019629855,"SK_N_SH","No change","No change"
"old_regions_legacy_samples","old","legacy","SE_119","9",129480397,129503501,0.580488978128789,0.357986489186589,0.514742356008732,-0.695822298491357,-0.173101312698473,"SK_N_SH","Decreased","No change"
"old_regions_legacy_samples","old","legacy","SE_120","10",4765947,4781801,0.172471571588584,0.156551076829554,0.179955729530394,-0.138879639307368,0.06093753369811,"SK_N_SH","No change","No change"
"old_regions_legacy_samples","old","legacy","SE_121","10",17198947,17218401,0.282837704327649,0.24029370598433,0.254506753315245,-0.234275962191424,-0.151704822685693,"SK_N_SH","No change","No change"
"old_regions_legacy_samples","old","legacy","SE_122","10",28539747,28607351,0.0723619822773616,0.102355098160968,0.0728899202795521,0.494505026922838,0.0103449502238173,"SK_N_SH","No change","No change"
"old_regions_legacy_samples","old","legacy","SE_123","10",32938556,32963651,0.292476956733454,0.279850834201158,0.265016849837834,-0.0634431419341579,-0.141729599325006,"SK_N_SH","No change","No change"
"old_regions_legacy_samples","old","legacy","SE_124","10",33210847,33241751,0.13711193116295,0.113976427360184,0.11432267511915,-0.26449984800814,-0.260161747722167,"SK_N_SH","No change","No change"
"old_regions_legacy_samples","old","legacy","SE_125","10",52516047,52542901,0.102799916100843,0.0962254023681482,0.108654454145653,-0.0944000722079714,0.079159137635818,"SK_N_SH","No change","No change"
"old_regions_legacy_samples","old","legacy","SE_126","10",62224097,62264501,0.0952103102329173,0.0960926770251703,0.0903132841643641,0.0131709815254122,-0.0753667492246762,"SK_N_SH","No change","No change"
"old_regions_legacy_samples","old","legacy","SE_127","10",71835247,71861901,0.327073683357001,0.228457015119608,0.269215276747446,-0.515795957278924,-0.279910631370219,"SK_N_SH","No change","No change"
"old_regions_legacy_samples","old","legacy","SE_128","10",74049647,74090251,0.0894403012549255,0.0800101605925852,0.0899401165028155,-0.158862930218024,0.00795105462402478,"SK_N_SH","No change","No change"
"old_regions_legacy_samples","old","legacy","SE_129","10",77494247,77535201,0.272702080015616,0.185404696953153,0.224856639533068,-0.554168185673819,-0.277199073125888,"SK_N_SH","No change","No change"
"old_regions_legacy_samples","old","legacy","SE_130","10",90913547,90937551,0.22271058999814,0.156989105487238,0.149792342120406,-0.501808474841975,-0.569070387975702,"SK_N_SH","No change","No change"
"old_regions_legacy_samples","old","legacy","SE_131","10",93435197,93479316,0.304062901312748,0.234062968565247,0.27840845946851,-0.376059467417544,-0.12673104354772,"SK_N_SH","No change","No change"
"old_regions_legacy_samples","old","legacy","SE_132","10",99945397,100006952,0.149428556342593,0.15361350925619,0.160417800975714,0.0395879148134742,0.101721221684538,"SK_N_SH","No change","No change"
"old_regions_legacy_samples","old","legacy","SE_133","10",126198347,126264901,0.151657284779327,0.168263204614873,0.136078748559254,0.148971949828101,-0.155291510193472,"SK_N_SH","No change","No change"
"old_regions_legacy_samples","old","legacy","SE_134","11",8704047,8734001,0.246335383470728,0.201558295977831,0.223196219827849,-0.288131471270039,-0.141706691455028,"SK_N_SH","No change","No change"
"old_regions_legacy_samples","old","legacy","SE_135","11",9564747,9593851,0.3219191698862,0.311279222735103,0.343880359226003,-0.048336504231209,0.0949228821896353,"SK_N_SH","No change","No change"
"old_regions_legacy_samples","old","legacy","SE_136","11",12156847,12238251,0.195054297450398,0.153654088880115,0.159196942052405,-0.342208288471147,-0.291406656765716,"SK_N_SH","No change","No change"
"old_regions_legacy_samples","old","legacy","SE_137","11",57764759,57800701,0.20638634647115,0.222328332785093,0.194326412922545,0.10684537608407,-0.0864338655430505,"SK_N_SH","No change","No change"
"old_regions_legacy_samples","old","legacy","SE_138","11",65471697,65503201,0.790102388770403,0.519961167388346,0.758078559615846,-0.602688590652014,-0.0596152254421952,"SK_N_SH","Decreased","No change"
"old_regions_legacy_samples","old","legacy","SE_139","11",66066197,66134001,0.222702530894089,0.188720485465245,0.224137887199022,-0.237706113481433,0.00922728167379835,"SK_N_SH","No change","No change"
"old_regions_legacy_samples","old","legacy","SE_140","11",74121747,74163301,0.156131864165187,0.1206357437636,0.127771286101717,-0.369408528794628,-0.28716483703652,"SK_N_SH","No change","No change"
"old_regions_legacy_samples","old","legacy","SE_141","11",86717847,86763301,0.183620679262661,0.15866529398707,0.130992291083184,-0.209513405418058,-0.484110485071278,"SK_N_SH","No change","No change"
"old_regions_legacy_samples","old","legacy","SE_142","11",96045247,96167601,0.142185226709286,0.155843700347996,0.135573279076101,0.131444935612396,-0.0682074045281324,"SK_N_SH","No change","No change"
"old_regions_legacy_samples","old","legacy","SE_143","11",96186547,96338436,0.165728177540349,0.176314933324781,0.164595528929311,0.0888160994687234,-0.00983422385892815,"SK_N_SH","No change","No change"
"old_regions_legacy_samples","old","legacy","SE_144","11",111530747,111564401,0.348966980010281,0.299763123078134,0.333299584279678,-0.218591120391468,-0.0660772468229699,"SK_N_SH","No change","No change"
"old_regions_legacy_samples","old","legacy","SE_145","11",120329347,120348301,0.338360737075037,0.340437879576329,0.339125632966573,0.00880346231949485,0.00324807685419247,"SK_N_SH","No change","No change"
"old_regions_legacy_samples","old","legacy","SE_146","11",122156497,122199001,0.111419720962944,0.107030461875658,0.106495118069282,-0.0574569656124912,-0.0646239983443896,"SK_N_SH","No change","No change"
"old_regions_legacy_samples","old","legacy","SE_147","12",12816343,12845951,0.165087159962327,0.130440601377911,0.108349778439367,-0.337529558099907,-0.60299024700174,"SK_N_SH","No change","Decreased"
"old_regions_legacy_samples","old","legacy","SE_148","12",29276997,29287551,0.196203420187752,0.202375511242382,0.231716080078874,0.0444613992852242,0.238886327438348,"SK_N_SH","No change","No change"
"old_regions_legacy_samples","old","legacy","SE_149","12",45223347,45314051,0.200374533752636,0.173312595869765,0.168500750464783,-0.208204425910559,-0.248589587718894,"SK_N_SH","No change","No change"
"old_regions_legacy_samples","old","legacy","SE_150","12",67651729,67681601,0.288032431789941,0.158702854641809,0.215078599201178,-0.855841283196422,-0.419675191671355,"SK_N_SH","Decreased","No change"
"old_regions_legacy_samples","old","legacy","SE_151","12",93775547,93788151,0.197963351857745,0.183816395194437,0.192138975020208,-0.106409972452441,-0.0428633910386195,"SK_N_SH","No change","No change"
"old_regions_legacy_samples","old","legacy","SE_152","12",121923247,121950951,0.104586118616055,0.102480675705932,0.0832336920615667,-0.0290587967157864,-0.325950868743637,"SK_N_SH","No change","No change"
"old_regions_legacy_samples","old","legacy","SE_153","12",122068297,122123151,0.258594551583059,0.193855992034846,0.237953058197104,-0.413851807473596,-0.119532872341194,"SK_N_SH","No change","No change"
"old_regions_legacy_samples","old","legacy","SE_154","13",33212947,33264201,0.137847106679492,0.116965386825987,0.148455923934733,-0.235133505426005,0.106222967436499,"SK_N_SH","No change","No change"
"old_regions_legacy_samples","old","legacy","SE_155","13",45189747,45243251,0.112918356082992,0.0960037239971969,0.0900650334801129,-0.231888193627676,-0.323031123096022,"SK_N_SH","No change","No change"
"old_regions_legacy_samples","old","legacy","SE_156","14",32444647,32524351,0.152121678870122,0.11806125134992,0.143545273995187,-0.362974590667481,-0.0831571134438568,"SK_N_SH","No change","No change"
"old_regions_legacy_samples","old","legacy","SE_157","14",51003797,51024851,0.199976170569508,0.172142289468297,0.178857106238406,-0.215066311904846,-0.160173291292479,"SK_N_SH","No change","No change"
"old_regions_legacy_samples","old","legacy","SE_158","14",51521947,51555551,0.155828376052754,0.123347515371401,0.168122795955175,-0.334808939076723,0.108884512855322,"SK_N_SH","No change","No change"
"old_regions_legacy_samples","old","legacy","SE_159","14",52852497,52948096,0.0839049464268167,0.0943317863091416,0.115905612462901,0.167108724268209,0.461423682702302,"SK_N_SH","No change","No change"
"old_regions_legacy_samples","old","legacy","SE_160","14",64917647,64937951,0.0781558272151421,0.0939360626210645,0.0806433014624273,0.262260655499813,0.0446389615688976,"SK_N_SH","No change","No change"
"old_regions_legacy_samples","old","legacy","SE_161","15",32818747,32879001,0.106470092116699,0.10809698774387,0.100807362140064,0.0216760405882066,-0.078093334808362,"SK_N_SH","No change","No change"
"old_regions_legacy_samples","old","legacy","SE_162","15",33126697,33165451,0.208889455987196,0.212379760365257,0.258638901817186,0.0237936460303069,0.306876866019527,"SK_N_SH","No change","No change"
"old_regions_legacy_samples","old","legacy","SE_163","15",44028097,44116051,0.113352591339126,0.0849767325727118,0.0977674587177756,-0.411470870131999,-0.211381363864814,"SK_N_SH","No change","No change"
"old_regions_legacy_samples","old","legacy","SE_164","15",48532697,48575601,0.142614394314412,0.137865388100698,0.136307679108303,-0.0485133006721785,-0.0647880438471434,"SK_N_SH","No change","No change"
"old_regions_legacy_samples","old","legacy","SE_165","15",60358047,60443901,0.338094790151064,0.281329399100918,0.277489074493149,-0.264309253818707,-0.284067889203454,"SK_N_SH","No change","No change"
"old_regions_legacy_samples","old","legacy","SE_166","15",67068854,67159051,0.269289455245336,0.181813055165298,0.205618405306453,-0.56413612860886,-0.387536455985849,"SK_N_SH","No change","No change"
"old_regions_legacy_samples","old","legacy","SE_167","15",90399947,90424101,0.158566575850372,0.142060382280456,0.126149063460013,-0.157534282478542,-0.327637648606609,"SK_N_SH","No change","No change"
"old_regions_legacy_samples","old","legacy","SE_168","15",90550547,90564101,0.389320449316322,0.357304292573581,0.413152502752158,-0.12347372163827,0.0855030578471854,"SK_N_SH","No change","No change"
"old_regions_legacy_samples","old","legacy","SE_169","15",98718197,98736951,0.317239539254629,0.258959176566719,0.265542864730258,-0.29182800926396,-0.255745530453942,"SK_N_SH","No change","No change"
"old_regions_legacy_samples","old","legacy","SE_170","15",98842147,98928101,0.21696250694405,0.220111089130397,0.215109587546658,0.0206913911962147,-0.0123169118523937,"SK_N_SH","No change","No change"
"old_regions_legacy_samples","old","legacy","SE_171","16",24970997,25011251,0.227933223268585,0.213309742739755,0.187873256730586,-0.0952294071161338,-0.277508405400089,"SK_N_SH","No change","No change"
"old_regions_legacy_samples","old","legacy","SE_172","16",50183447,50211701,0.181805164841074,0.187504492166986,0.189344833081715,0.0442920723257835,0.0583085766119946,"SK_N_SH","No change","No change"
"old_regions_legacy_samples","old","legacy","SE_173","16",57168997,57204301,0.237053189310546,0.223463231455592,0.279588222425042,-0.0848048160450218,0.237170496211366,"SK_N_SH","No change","No change"
"old_regions_legacy_samples","old","legacy","SE_174","16",75242947,75261051,0.777932303203481,0.544924885686465,0.607127289766427,-0.512795486452649,-0.357124617450623,"SK_N_SH","No change","No change"
"old_regions_legacy_samples","old","legacy","SE_175","17",40298047,40352151,0.554890406096905,0.397715020470521,0.513218421341795,-0.479442527521207,-0.11241918921963,"SK_N_SH","No change","No change"
"old_regions_legacy_samples","old","legacy","SE_176","17",45287497,45322051,0.345089396933929,0.29297986475179,0.369975960269334,-0.235427397165972,0.100180958692704,"SK_N_SH","No change","No change"
"old_regions_legacy_samples","old","legacy","SE_177","17",59745197,59860001,0.367892022467415,0.337614430460115,0.415500777464652,-0.12355513341773,0.175120598471033,"SK_N_SH","No change","No change"
"old_regions_legacy_samples","old","legacy","SE_178","19",13839657,13866051,0.710549005790667,0.643089386368956,0.799965486309605,-0.14370220278679,0.170776956645123,"SK_N_SH","No change","No change"
"old_regions_legacy_samples","old","legacy","SE_179","19",17078947,17138251,0.195598042288658,0.215664089730764,0.171992716692605,0.140211103071239,-0.184537656420039,"SK_N_SH","No change","No change"
"old_regions_legacy_samples","old","legacy","SE_180","19",47094147,47123101,0.248026050363115,0.20124818316984,0.29314592124419,-0.300169926319702,0.240235362294522,"SK_N_SH","No change","No change"
"old_regions_legacy_samples","old","legacy","SE_181","20",35304047,35339601,0.202028426196183,0.118675256134103,0.166188387736333,-0.76255684082977,-0.28020708776969,"SK_N_SH","Decreased","No change"
"old_regions_legacy_samples","old","legacy","SE_182","20",35864297,35902101,0.212084261572966,0.151293250465018,0.183419346959994,-0.484572035478011,-0.208434026303234,"SK_N_SH","No change","No change"
"old_regions_legacy_samples","old","legacy","SE_183","20",49676197,49705301,0.117078676682163,0.0995877144386561,0.119065634613314,-0.231294349878183,0.0240748213456357,"SK_N_SH","No change","No change"
"old_regions_legacy_samples","old","legacy","SE_184","20",53735247,53753451,0.181618627818581,0.178783326725723,0.204445240695384,-0.0225747032333079,0.169919976300241,"SK_N_SH","No change","No change"
"old_regions_legacy_samples","old","legacy","SE_185","22",24132747,24175251,0.24697750638308,0.186492095037142,0.237461770567759,-0.4033794915498,-0.0564512656485916,"SK_N_SH","No change","No change"
"old_regions_legacy_samples","old","legacy","SE_186","22",24283397,24334101,0.12918046984074,0.122048698791491,0.139795639906622,-0.0812836245047375,0.113089631712685,"SK_N_SH","No change","No change"
"old_regions_legacy_samples","old","legacy","SE_187","22",31217497,31253901,0.217343393247435,0.171262396506217,0.214101399935059,-0.341991070708371,-0.0215819637105079,"SK_N_SH","No change","No change"
"old_regions_legacy_samples","old","legacy","SE_188","22",36307297,36398351,0.300610510580588,0.197973829606059,0.237378113690197,-0.600108014630623,-0.339434921679361,"SK_N_SH","Decreased","No change"
"old_regions_legacy_samples","old","legacy","SE_189","22",40484997,40529101,0.0909055755878078,0.0938670928118304,0.0805550201081348,0.0457553492646517,-0.172378702832975,"SK_N_SH","No change","No change"
"old_regions_legacy_samples","old","legacy","SE_190","22",41828897,41887951,0.0858361146382232,0.0887642736967324,0.0954896302969198,0.0478461886046698,0.152078728831858,"SK_N_SH","No change","No change"
"old_regions_legacy_samples","old","legacy","SE_191","22",42956547,43011451,0.124497446128578,0.103641047534884,0.0996670133072303,-0.262209117175509,-0.318066988981276,"SK_N_SH","No change","No change"
"old_regions_legacy_samples","old","legacy","SE_192","22",46057142,46082995,0.711970559428934,0.521902139798106,0.735744402852101,-0.447301531007439,0.0473216900994146,"SK_N_SH","No change","No change"
"new_regions_new_batch_samples","new","new_batch","SE_1","1",8361497,8420686,0.109409847284837,0.0945886627932708,0.12246425442619,-0.207957425684041,0.161224561213785,"CLB_Ma","No change","No change"
"new_regions_new_batch_samples","new","new_batch","SE_2","1",8646697,8719401,0.129835866889786,0.111549966120481,0.132588997941279,-0.217192467944153,0.0300431054573951,"CLB_Ma","No change","No change"
"new_regions_new_batch_samples","new","new_batch","SE_3","1",33317147,33469629,0.137177463034732,0.126190691023498,0.15641606997502,-0.119529244158645,0.188060498267636,"CLB_Ma","No change","No change"
"new_regions_new_batch_samples","new","new_batch","SE_4","1",36231047,36302301,0.0809783828851402,0.115152687123763,0.116353488769149,0.502707093829501,0.517545295376919,"CLB_Ma","No change","No change"
"new_regions_new_batch_samples","new","new_batch","SE_5","1",39102247,39486501,0.110076290114209,0.095783957929256,0.146297657254881,-0.19871105407722,0.407183586858998,"CLB_Ma","No change","No change"
"new_regions_new_batch_samples","new","new_batch","SE_6","1",51619871,51674051,0.153906445489784,0.135971384143071,0.166367746715988,-0.177522655384281,0.111624359885553,"CLB_Ma","No change","No change"
"new_regions_new_batch_samples","new","new_batch","SE_7","1",51733147,51811451,0.0548600234693232,0.0554307027643365,0.0756508953529089,0.0146641366544628,0.45648646422711,"CLB_Ma","No change","No change"
"new_regions_new_batch_samples","new","new_batch","SE_8","1",59115547,59166001,0.172174844831931,0.167305120320688,0.220252934874107,-0.0411503129266265,0.353467211221238,"CLB_Ma","No change","No change"
"new_regions_new_batch_samples","new","new_batch","SE_9","1",67673147,67772501,0.16419780902749,0.147453733761867,0.18912026209088,-0.154181173798531,0.202717742764089,"CLB_Ma","No change","No change"
"new_regions_new_batch_samples","new","new_batch","SE_10","1",85269397,85527851,0.109555117410713,0.102113543439457,0.139784263762203,-0.100531970823293,0.348720278332294,"CLB_Ma","No change","No change"
"new_regions_new_batch_samples","new","new_batch","SE_11","1",85540597,85586901,0.247583633589824,0.205275118050775,0.29484431414784,-0.269161507888697,0.251106853672302,"CLB_Ma","No change","No change"
"new_regions_new_batch_samples","new","new_batch","SE_12","1",86739147,86795951,0.121502936977175,0.107935386567833,0.175466086549528,-0.169343662689942,0.526574613489551,"CLB_Ma","No change","No change"
"new_regions_new_batch_samples","new","new_batch","SE_13","1",89527835,89577701,0.0792408024473124,0.0657473711206864,0.0908780506360727,-0.265625017041171,0.195384213899838,"CLB_Ma","No change","No change"
"new_regions_new_batch_samples","new","new_batch","SE_14","1",97091247,97148351,0.0816675643932463,0.0799115062824768,0.100467845799284,-0.030976501418601,0.295629336527402,"CLB_Ma","No change","No change"
"new_regions_new_batch_samples","new","new_batch","SE_15","1",115296347,115335235,0.16641118235192,0.128279205725027,0.158606583538674,-0.37290565747838,-0.0688757351204927,"CLB_Ma","No change","No change"
"new_regions_new_batch_samples","new","new_batch","SE_16","1",150560047,150583051,0.722623835799742,0.604155679908097,0.763545189355017,-0.257933598341137,0.0793618459368244,"CLB_Ma","No change","No change"
"new_regions_new_batch_samples","new","new_batch","SE_17","1",155452497,155476151,0.108226850675129,0.10690392127193,0.124722693920987,-0.017580256263316,0.202917540744759,"CLB_Ma","No change","No change"
"new_regions_new_batch_samples","new","new_batch","SE_18","1",157996270,158050251,0.21610844044696,0.2202557620455,0.251155685106698,0.027299212839454,0.215898938509832,"CLB_Ma","No change","No change"
"new_regions_new_batch_samples","new","new_batch","SE_19","1",162625447,162723901,0.155349042602591,0.137437340510677,0.195968557261114,-0.175537253417001,0.333194960903479,"CLB_Ma","No change","No change"
"new_regions_new_batch_samples","new","new_batch","SE_20","1",162956397,162998851,0.0813125857878342,0.0670593787741166,0.089331362563294,-0.274319056106444,0.13411393166431,"CLB_Ma","No change","No change"
"new_regions_new_batch_samples","new","new_batch","SE_21","1",163031997,163057701,0.275446632860875,0.231736230117991,0.336272240595274,-0.24830518668063,0.286912581644704,"CLB_Ma","No change","No change"
"new_regions_new_batch_samples","new","new_batch","SE_22","1",164703497,164782451,0.19681239084325,0.159811875156099,0.216648765149106,-0.298758852139417,0.13786903644817,"CLB_Ma","No change","No change"
"new_regions_new_batch_samples","new","new_batch","SE_23","1",172341847,172363501,0.265185158917019,0.264912818706445,0.341403659995566,-0.00147681036975196,0.363267986556806,"CLB_Ma","No change","No change"
"new_regions_new_batch_samples","new","new_batch","SE_24","1",172883997,172970651,0.242077468086593,0.191273853698902,0.240083404691507,-0.338253578280098,-0.0118838253960595,"CLB_Ma","No change","No change"
"new_regions_new_batch_samples","new","new_batch","SE_25","1",178096991,178139351,0.169986684890148,0.13141587072119,0.151310548327335,-0.368807936736328,-0.166868123942534,"CLB_Ma","No change","No change"
"new_regions_new_batch_samples","new","new_batch","SE_26","1",181072497,181117901,0.296691043322599,0.257290633919997,0.312224284279397,-0.204820485931715,0.0733802534790286,"CLB_Ma","No change","No change"
"new_regions_new_batch_samples","new","new_batch","SE_27","1",183019797,183165151,0.115215562375827,0.122756648544978,0.153162110783365,0.0907027604407014,0.407644957872931,"CLB_Ma","No change","No change"
"new_regions_new_batch_samples","new","new_batch","SE_28","1",198087697,198127351,0.111776745804279,0.0916126232257272,0.114188907286372,-0.284188866123744,0.0305321722547265,"CLB_Ma","No change","No change"
"new_regions_new_batch_samples","new","new_batch","SE_29","1",198153497,198299701,0.0920030370601755,0.0896716612318304,0.110241376360271,-0.0366261115483961,0.258343765971006,"CLB_Ma","No change","No change"
"new_regions_new_batch_samples","new","new_batch","SE_30","1",202551447,202591201,0.229316006358563,0.187845987676474,0.209304257651008,-0.286404546309462,-0.131136620127749,"CLB_Ma","No change","No change"
"new_regions_new_batch_samples","new","new_batch","SE_31","1",203504597,203560001,0.276520818290505,0.333484024468798,0.425597434876893,0.269341307285009,0.620279291168428,"CLB_Ma","No change","Increased"
"new_regions_new_batch_samples","new","new_batch","SE_32","1",203629784,203701601,0.222016462734307,0.180077120382661,0.240305206219389,-0.300545942501957,0.1137088307724,"CLB_Ma","No change","No change"
"new_regions_new_batch_samples","new","new_batch","SE_33","1",204403397,204440351,0.308051167734949,0.305692751700868,0.426978332142165,-0.011051645490839,0.46969204092694,"CLB_Ma","No change","No change"
"new_regions_new_batch_samples","new","new_batch","SE_34","1",218335647,218391051,0.16222668602331,0.133992542568209,0.177032224809859,-0.273997233360505,0.125261456927422,"CLB_Ma","No change","No change"
"new_regions_new_batch_samples","new","new_batch","SE_35","1",218449847,218501551,0.27892333768639,0.214410960136193,0.296164731716334,-0.377940115621755,0.0862311313617463,"CLB_Ma","No change","No change"
"new_regions_new_batch_samples","new","new_batch","SE_36","1",219293047,219342601,0.194261944714119,0.158146627570731,0.201681078912665,-0.295054219146834,0.0538006090338132,"CLB_Ma","No change","No change"
"new_regions_new_batch_samples","new","new_batch","SE_37","1",223698247,223795801,0.222394406614327,0.214047831767919,0.314626821814715,-0.0549354785386492,0.498626746248776,"CLB_Ma","No change","No change"
"new_regions_new_batch_samples","new","new_batch","SE_38","1",234956997,235022701,0.376516902582412,0.331649692187667,0.468093423474796,-0.1825375409934,0.313334035159253,"CLB_Ma","No change","No change"
"new_regions_new_batch_samples","new","new_batch","SE_39","1",235900697,235929701,0.4389811685283,0.426233722388781,0.540630965237832,-0.0424162505671979,0.299868443853997,"CLB_Ma","No change","No change"
"new_regions_new_batch_samples","new","new_batch","SE_40","1",243202847,243295901,0.224912697094878,0.198937599909034,0.249623193296058,-0.176215549330779,0.149754573850858,"CLB_Ma","No change","No change"
"new_regions_new_batch_samples","new","new_batch","SE_41","1",243697547,243750051,0.0676007771858367,0.0660097127252382,0.0953530078952992,-0.0338546987316237,0.490104783542387,"CLB_Ma","No change","No change"
"new_regions_new_batch_samples","new","new_batch","SE_42","10",4762497,4781751,0.231248385053228,0.207046556933222,0.276713720824011,-0.158762152118773,0.257929892412418,"CLB_Ma","No change","No change"
"new_regions_new_batch_samples","new","new_batch","SE_43","10",17648397,17689351,0.182227994327804,0.138748468822137,0.208994730478046,-0.390807465145175,0.196713184779116,"CLB_Ma","No change","No change"
"new_regions_new_batch_samples","new","new_batch","SE_44","10",31999447,32053442,0.095969778938769,0.0673753535372191,0.101027668796024,-0.504058807616289,0.0733533483281339,"CLB_Ma","No change","No change"
"new_regions_new_batch_samples","new","new_batch","SE_45","10",33192197,33328451,0.157598475167698,0.152205145567421,0.174295541927745,-0.0499141478180368,0.144410405872599,"CLB_Ma","No change","No change"
"new_regions_new_batch_samples","new","new_batch","SE_46","10",62220397,62279801,0.163092561092953,0.125624297572082,0.163443502268976,-0.373955571839591,0.00308216566353259,"CLB_Ma","No change","No change"
"new_regions_new_batch_samples","new","new_batch","SE_47","10",73993047,74146251,0.126550360465885,0.103543361679094,0.137769312952374,-0.286965519879125,0.121621593645733,"CLB_Ma","No change","No change"
"new_regions_new_batch_samples","new","new_batch","SE_48","10",77149647,77204701,0.231364349251922,0.200746373577213,0.252116225966541,-0.203845997629843,0.123411255402884,"CLB_Ma","No change","No change"
"new_regions_new_batch_samples","new","new_batch","SE_49","10",77385247,77437951,0.240883336441026,0.218848196879626,0.291870949280274,-0.137803684088435,0.27595371101284,"CLB_Ma","No change","No change"
"new_regions_new_batch_samples","new","new_batch","SE_50","10",77476897,77545051,0.237318855266374,0.20452089477181,0.25850776699232,-0.213608022523942,0.122884619755427,"CLB_Ma","No change","No change"
"new_regions_new_batch_samples","new","new_batch","SE_51","10",90910747,90944298,0.320295196690639,0.185154147875598,0.269530522626682,-0.787401650329137,-0.248108037509081,"CLB_Ma","Decreased","No change"
"new_regions_new_batch_samples","new","new_batch","SE_52","10",93432197,93479316,0.449974165337746,0.437368277073013,0.528835518965173,-0.0409013890089661,0.232499772815707,"CLB_Ma","No change","No change"
"new_regions_new_batch_samples","new","new_batch","SE_53","10",99941997,100006952,0.17582211972647,0.186331858165941,0.232247504941514,0.0832975078050479,0.399562887301335,"CLB_Ma","No change","No change"
"new_regions_new_batch_samples","new","new_batch","SE_54","10",112953247,113100451,0.127971740052541,0.105796644586153,0.173888721548461,-0.272188660639168,0.439382273118066,"CLB_Ma","No change","No change"
"new_regions_new_batch_samples","new","new_batch","SE_55","10",114603997,114719451,0.154242668790393,0.128201832020802,0.167801914180973,-0.264898613037255,0.120806124073157,"CLB_Ma","No change","No change"
"new_regions_new_batch_samples","new","new_batch","SE_56","10",126194647,126282651,0.197808442250726,0.196798286468135,0.236128726150237,-0.00734909311372627,0.254291422614717,"CLB_Ma","No change","No change"
"new_regions_new_batch_samples","new","new_batch","SE_57","11",8688436,8790051,0.210065074151696,0.170779671133513,0.238835161599736,-0.297128555280929,0.184355314505681,"CLB_Ma","No change","No change"
"new_regions_new_batch_samples","new","new_batch","SE_58","11",9750847,9817401,0.246876642512782,0.196847450235562,0.25797588201713,-0.325233859602719,0.0631954161740193,"CLB_Ma","No change","No change"
"new_regions_new_batch_samples","new","new_batch","SE_59","11",12113573,12239701,0.296555563780368,0.245711408295695,0.322527530739056,-0.270334664479785,0.120729390321395,"CLB_Ma","No change","No change"
"new_regions_new_batch_samples","new","new_batch","SE_60","11",13207347,13236401,0.413290620801365,0.376862601381405,0.537401675371551,-0.132781423067649,0.37803974000323,"CLB_Ma","No change","No change"
"new_regions_new_batch_samples","new","new_batch","SE_61","11",14442997,14507351,0.104976864649172,0.0972247068553179,0.133025903407131,-0.109591488466401,0.338762509030544,"CLB_Ma","No change","No change"
"new_regions_new_batch_samples","new","new_batch","SE_62","11",33043012,33086001,0.148501614419485,0.110728921240963,0.204699015273125,-0.420158385221687,0.46037382367406,"CLB_Ma","No change","No change"
"new_regions_new_batch_samples","new","new_batch","SE_63","11",33668347,33733101,0.342798241588892,0.283616437498024,0.373635059731749,-0.27254318147543,0.123923752685818,"CLB_Ma","No change","No change"
"new_regions_new_batch_samples","new","new_batch","SE_64","11",35141867,35186351,0.182371635968915,0.168509916901873,0.198891508732628,-0.113400820927365,0.124446689309301,"CLB_Ma","No change","No change"
"new_regions_new_batch_samples","new","new_batch","SE_65","11",65470447,65508051,0.757039014302981,0.702256477602135,0.866738638874363,-0.108221166007186,0.194988469183599,"CLB_Ma","No change","No change"
"new_regions_new_batch_samples","new","new_batch","SE_66","11",66073350,66143451,0.144525410569241,0.132509014553075,0.157840685019403,-0.124333931616686,0.126309399931679,"CLB_Ma","No change","No change"
"new_regions_new_batch_samples","new","new_batch","SE_67","11",74120547,74164051,0.133539571555597,0.0848739225411801,0.145256271922238,-0.647738571309352,0.120467924264144,"CLB_Ma","Decreased","No change"
"new_regions_new_batch_samples","new","new_batch","SE_68","11",85947547,86047801,0.0932873034479743,0.0616306928616956,0.0832598955727139,-0.590193674294687,-0.162217385461097,"CLB_Ma","Decreased","No change"
"new_regions_new_batch_samples","new","new_batch","SE_69","11",86578797,86637051,0.123303738829126,0.112611007898033,0.150202595048832,-0.12976706471506,0.282613209681012,"CLB_Ma","No change","No change"
"new_regions_new_batch_samples","new","new_batch","SE_70","11",86717797,86786451,0.216899950642732,0.201892137617051,0.253279605043153,-0.102952910141999,0.222749883032242,"CLB_Ma","No change","No change"
"new_regions_new_batch_samples","new","new_batch","SE_71","11",86803237,86821251,0.1737489349794,0.174049131661711,0.201526593002677,0.00247624222367112,0.212827692263566,"CLB_Ma","No change","No change"
"new_regions_new_batch_samples","new","new_batch","SE_72","11",95983997,96338436,0.144165187764262,0.130990269362648,0.184806442954688,-0.137263945817625,0.356105008537765,"CLB_Ma","No change","No change"
"new_regions_new_batch_samples","new","new_batch","SE_73","11",108869497,108930201,0.117803428727289,0.113231624380984,0.132570085421188,-0.0566143656682655,0.169020461953034,"CLB_Ma","No change","No change"
"new_regions_new_batch_samples","new","new_batch","SE_74","11",111517782,111567101,0.240415124338253,0.196439148789284,0.262684846613991,-0.290107982074779,0.127298603225149,"CLB_Ma","No change","No change"
"new_regions_new_batch_samples","new","new_batch","SE_75","11",111718147,111751501,0.241146161582807,0.225668006557718,0.315746735555513,-0.0952973602212476,0.387451616769853,"CLB_Ma","No change","No change"
"new_regions_new_batch_samples","new","new_batch","SE_76","11",118906947,118930051,0.667647511776918,0.647766215741827,0.761755204183299,-0.0435471778054257,0.18997424665352,"CLB_Ma","No change","No change"
"new_regions_new_batch_samples","new","new_batch","SE_77","11",120328847,120348451,0.261839606866519,0.23795788126738,0.325163381475994,-0.137426338289325,0.311412129680409,"CLB_Ma","No change","No change"
"new_regions_new_batch_samples","new","new_batch","SE_78","11",122155306,122200061,0.164217009100026,0.135189829880252,0.167778694420217,-0.278743247343111,0.0307705786930663,"CLB_Ma","No change","No change"
"new_regions_new_batch_samples","new","new_batch","SE_79","12",27541147,27624851,0.112520203676465,0.100820261247951,0.130675168641879,-0.156924410627011,0.214034224234748,"CLB_Ma","No change","No change"
"new_regions_new_batch_samples","new","new_batch","SE_80","12",29277047,29288851,0.109770892283398,0.0963247297686976,0.110220875537063,-0.186700489449012,0.00584877091667352,"CLB_Ma","No change","No change"
"new_regions_new_batch_samples","new","new_batch","SE_81","12",31482597,31533801,0.124843527641525,0.117878236696321,0.14180724350859,-0.0821463961507124,0.182438139988857,"CLB_Ma","No change","No change"
"new_regions_new_batch_samples","new","new_batch","SE_82","12",45212947,45314301,0.244706868624387,0.196675699304064,0.278477973917905,-0.313802659766585,0.185796398417942,"CLB_Ma","No change","No change"
"new_regions_new_batch_samples","new","new_batch","SE_83","12",49186097,49246251,0.224870159830577,0.237626786596786,0.273823099880835,0.079262313192198,0.283009587093286,"CLB_Ma","No change","No change"
"new_regions_new_batch_samples","new","new_batch","SE_84","12",49480847,49519451,0.185056070874683,0.1552059627702,0.190712015911869,-0.252287939534993,0.0432032981455096,"CLB_Ma","No change","No change"
"new_regions_new_batch_samples","new","new_batch","SE_85","12",50150597,50219704,0.171233638312652,0.152718118812883,0.21644164707533,-0.164079711605341,0.336261351707055,"CLB_Ma","No change","No change"
"new_regions_new_batch_samples","new","new_batch","SE_86","12",54220147,54286601,0.261936231404785,0.226799648970797,0.323274389209261,-0.206947428484534,0.302502133617682,"CLB_Ma","No change","No change"
"new_regions_new_batch_samples","new","new_batch","SE_87","12",65630447,65674151,0.192953363352477,0.192795615821692,0.247174539187386,-0.0011738604362847,0.355645319651037,"CLB_Ma","No change","No change"
"new_regions_new_batch_samples","new","new_batch","SE_88","12",67651729,67693001,0.230511630027306,0.153957764795047,0.256982631453893,-0.57920962045012,0.156189270882635,"CLB_Ma","No change","No change"
"new_regions_new_batch_samples","new","new_batch","SE_89","12",68613836,68658601,0.067622323285251,0.0714976224407989,0.0852371133244935,0.0792557119547476,0.329630915782289,"CLB_Ma","No change","No change"
"new_regions_new_batch_samples","new","new_batch","SE_90","12",69489747,69581721,0.104842013596373,0.0858166879839925,0.114468482504682,-0.285868122997302,0.125586703492378,"CLB_Ma","No change","No change"
"new_regions_new_batch_samples","new","new_batch","SE_91","12",93395297,93439249,0.0750221164707086,0.0577953918538733,0.0738118845805965,-0.370716103810414,-0.0231517165025393,"CLB_Ma","No change","No change"
"new_regions_new_batch_samples","new","new_batch","SE_92","12",93766797,93826401,0.126502598614701,0.108808504388265,0.127596739133584,-0.215536859056062,0.0123274095020372,"CLB_Ma","No change","No change"
"new_regions_new_batch_samples","new","new_batch","SE_93","12",95198897,95263201,0.253748317618344,0.213858024501663,0.290293347114712,-0.245688958943792,0.193400133231645,"CLB_Ma","No change","No change"
"new_regions_new_batch_samples","new","new_batch","SE_94","12",96197379,96241451,0.219468139937892,0.189301477475534,0.259564038407741,-0.212283423053954,0.241067799335737,"CLB_Ma","No change","No change"
"new_regions_new_batch_samples","new","new_batch","SE_95","12",103933497,103987201,0.274789734302224,0.230508175022252,0.336722662988759,-0.252505617669734,0.292270238575387,"CLB_Ma","No change","No change"
"new_regions_new_batch_samples","new","new_batch","SE_96","12",104279847,104337401,0.173817445123862,0.155088497848805,0.186110769344062,-0.163484930181984,0.0980434373866222,"CLB_Ma","No change","No change"
"new_regions_new_batch_samples","new","new_batch","SE_97","12",105307597,105385551,0.129098918974011,0.113472917211531,0.146215136713123,-0.184602658377601,0.178317043068166,"CLB_Ma","No change","No change"
"new_regions_new_batch_samples","new","new_batch","SE_98","12",106027997,106148601,0.172779328571173,0.172479439940309,0.213754679973283,-0.00249178991203247,0.305433090533014,"CLB_Ma","No change","No change"
"new_regions_new_batch_samples","new","new_batch","SE_99","12",110265747,110341501,0.117798041467734,0.102723936351059,0.136235520502786,-0.195762188722739,0.208142889118568,"CLB_Ma","No change","No change"
"new_regions_new_batch_samples","new","new_batch","SE_100","12",116120397,116165351,0.107539640567694,0.0972784351754686,0.116724718278141,-0.143275244385394,0.117195233918812,"CLB_Ma","No change","No change"
"new_regions_new_batch_samples","new","new_batch","SE_101","12",120224447,120262770,0.37391893137662,0.338561468257512,0.415197855401284,-0.14290591741738,0.150690855367829,"CLB_Ma","No change","No change"
"new_regions_new_batch_samples","new","new_batch","SE_102","12",121921554,121965951,0.13681499165724,0.133262438392104,0.16405408967369,-0.0376770853293069,0.260206051345131,"CLB_Ma","No change","No change"
"new_regions_new_batch_samples","new","new_batch","SE_103","12",122071347,122131051,0.158188546345081,0.147967882682294,0.19533115012677,-0.0957352166635864,0.302552553270296,"CLB_Ma","No change","No change"
"new_regions_new_batch_samples","new","new_batch","SE_104","13",32021847,32064001,0.138875694161487,0.123236408039988,0.166496552926594,-0.171057267073678,0.259986114374643,"CLB_Ma","No change","No change"
"new_regions_new_batch_samples","new","new_batch","SE_105","13",45177147,45292701,0.112700256894342,0.0973034810388797,0.144980890134699,-0.209921103791588,0.360544009271505,"CLB_Ma","No change","No change"
"new_regions_new_batch_samples","new","new_batch","SE_106","13",45479047,45523351,0.130106558629219,0.0969469773778763,0.142363400282895,-0.420666981402674,0.128936902207669,"CLB_Ma","No change","No change"
"new_regions_new_batch_samples","new","new_batch","SE_107","13",49061897,49143101,0.0790515194845015,0.0713524928442154,0.096426097762417,-0.145886062819459,0.283379494981944,"CLB_Ma","No change","No change"
"new_regions_new_batch_samples","new","new_batch","SE_108","13",99279297,99337501,0.154769787589394,0.114557033114713,0.157482675872319,-0.430810373047118,0.0249097026101659,"CLB_Ma","No change","No change"
"new_regions_new_batch_samples","new","new_batch","SE_109","13",114096847,114129619,0.232436161308188,0.209845991659234,0.308312170458078,-0.14683846930788,0.406035535573756,"CLB_Ma","No change","No change"
"new_regions_new_batch_samples","new","new_batch","SE_110","14",21214097,21266478,0.0867460632370058,0.0686518049648747,0.10532491517804,-0.333173660290471,0.277073399158017,"CLB_Ma","No change","No change"
"new_regions_new_batch_samples","new","new_batch","SE_111","14",49970047,50024601,0.257987548190586,0.24863013525228,0.310337259530291,-0.0530906302447499,0.265595506258703,"CLB_Ma","No change","No change"
"new_regions_new_batch_samples","new","new_batch","SE_112","14",50984347,51025351,0.243713433460825,0.217963401518547,0.305214087861345,-0.160403548101626,0.323447357976464,"CLB_Ma","No change","No change"
"new_regions_new_batch_samples","new","new_batch","SE_113","14",51506647,51556701,0.194202262469296,0.177276380737174,0.215705662699314,-0.130854196778616,0.150767078358132,"CLB_Ma","No change","No change"
"new_regions_new_batch_samples","new","new_batch","SE_114","14",51635547,51730301,0.120564567534709,0.104517623811796,0.133439848775675,-0.204238805729295,0.14523803770362,"CLB_Ma","No change","No change"
"new_regions_new_batch_samples","new","new_batch","SE_115","14",55571297,55650451,0.128259921019381,0.0852955839213428,0.144451304016486,-0.582916377087769,0.170261215498237,"CLB_Ma","No change","No change"
"new_regions_new_batch_samples","new","new_batch","SE_116","14",64917597,64937951,0.0911645894919497,0.0999589219784,0.068414868144947,0.131483945545077,-0.408967849637133,"CLB_Ma","No change","No change"
"new_regions_new_batch_samples","new","new_batch","SE_117","14",75820597,75887251,0.118799272957507,0.116335858775866,0.141968165875823,-0.0299751727875987,0.255074791216195,"CLB_Ma","No change","No change"
"new_regions_new_batch_samples","new","new_batch","SE_118","14",77562347,77613766,0.101921020627406,0.165832784541598,0.234203733771802,0.696865153746984,1.19237329370698,"CLB_Ma","Increased","Increased"
"new_regions_new_batch_samples","new","new_batch","SE_119","14",101960747,102056851,0.119163554276878,0.11114615113058,0.135819336845208,-0.0996192837754075,0.187272750917257,"CLB_Ma","No change","No change"
"new_regions_new_batch_samples","new","new_batch","SE_120","14",103388361,103457151,0.112421404654857,0.0818462069363254,0.146068126267377,-0.453185377274791,0.374791680109743,"CLB_Ma","No change","No change"
"new_regions_new_batch_samples","new","new_batch","SE_121","15",32769247,33035351,0.115319492681269,0.0940658531066353,0.127014622454992,-0.291093747443012,0.138215729128938,"CLB_Ma","No change","No change"
"new_regions_new_batch_samples","new","new_batch","SE_122","15",40992297,41050501,0.0703188914163588,0.0661779181681439,0.0778880201110366,-0.086297190429126,0.145521952211409,"CLB_Ma","No change","No change"
"new_regions_new_batch_samples","new","new_batch","SE_123","15",44028097,44164751,0.0953043144544521,0.0828133715676696,0.114928627830426,-0.200420003021107,0.267564536934924,"CLB_Ma","No change","No change"
"new_regions_new_batch_samples","new","new_batch","SE_124","15",48395247,48510951,0.10183734825495,0.0966036427706252,0.126784466041255,-0.0753574164130681,0.313348152832814,"CLB_Ma","No change","No change"
"new_regions_new_batch_samples","new","new_batch","SE_125","15",48524197,48642787,0.141784068409704,0.10390748148644,0.145507234559454,-0.444717447511351,0.0371368919833817,"CLB_Ma","No change","No change"
"new_regions_new_batch_samples","new","new_batch","SE_126","15",51835397,51889201,0.121732213779278,0.114744292802707,0.155405660280717,-0.0845729080069726,0.349778758482759,"CLB_Ma","No change","No change"
"new_regions_new_batch_samples","new","new_batch","SE_127","15",60342847,60472801,0.248120726478909,0.235058014144049,0.298881151961836,-0.0777035935687789,0.267545792547257,"CLB_Ma","No change","No change"
"new_regions_new_batch_samples","new","new_batch","SE_128","15",71651697,71731001,0.141022629710753,0.125021192389497,0.175163073338573,-0.172454459948672,0.310790718176916,"CLB_Ma","No change","No change"
"new_regions_new_batch_samples","new","new_batch","SE_129","15",85393797,85445551,0.0856017671385357,0.0780430358109118,0.10281767065346,-0.131758106268706,0.261583654554931,"CLB_Ma","No change","No change"
"new_regions_new_batch_samples","new","new_batch","SE_130","15",90391238,90424151,0.138274918406353,0.136445245724199,0.211804630203385,-0.0190784663749605,0.611594070543243,"CLB_Ma","No change","Increased"
"new_regions_new_batch_samples","new","new_batch","SE_131","15",98716247,98765001,0.136165874409937,0.121156440054834,0.161141776137192,-0.167191672977121,0.241334254789058,"CLB_Ma","No change","No change"
"new_regions_new_batch_samples","new","new_batch","SE_132","15",98841397,98928101,0.256463882292964,0.223826948806017,0.303826303896625,-0.195555087379328,0.243617338960982,"CLB_Ma","No change","No change"
"new_regions_new_batch_samples","new","new_batch","SE_133","15",101640397,101717901,0.186404017674882,0.156961705405556,0.203799245535201,-0.246577033856602,0.128058517916326,"CLB_Ma","No change","No change"
"new_regions_new_batch_samples","new","new_batch","SE_134","16",9094677,9130401,0.127869054130088,0.0666844567245752,0.0919226450976142,-0.929009393001204,-0.471803737834666,"CLB_Ma","Decreased","No change"
"new_regions_new_batch_samples","new","new_batch","SE_135","16",24970047,25012377,0.160808321663163,0.130901648111417,0.189542730560244,-0.294823215063954,0.235828762363906,"CLB_Ma","No change","No change"
"new_regions_new_batch_samples","new","new_batch","SE_136","16",50180847,50235851,0.126918374126564,0.108520434408585,0.130877299893987,-0.224023432930827,0.0439727470912227,"CLB_Ma","No change","No change"
"new_regions_new_batch_samples","new","new_batch","SE_137","16",57167697,57204351,0.28493863378832,0.25164199647734,0.327307552157623,-0.178611081686584,0.199342378250373,"CLB_Ma","No change","No change"
"new_regions_new_batch_samples","new","new_batch","SE_138","16",69431847,69497251,0.140958229283664,0.110629457514586,0.147477962746047,-0.346748698910649,0.0647823364501121,"CLB_Ma","No change","No change"
"new_regions_new_batch_samples","new","new_batch","SE_139","16",75231497,75262947,0.494557084208137,0.444281359103505,0.50006955456496,-0.154334036667459,0.015959627086192,"CLB_Ma","No change","No change"
"new_regions_new_batch_samples","new","new_batch","SE_140","17",667897,706401,0.220294800312367,0.187141132827629,0.239676999859906,-0.234154256857811,0.121128725162488,"CLB_Ma","No change","No change"
"new_regions_new_batch_samples","new","new_batch","SE_141","17",4194597,4257901,0.158284210840981,0.149017770269639,0.225000604644711,-0.0864698613298443,0.50472336665539,"CLB_Ma","No change","No change"
"new_regions_new_batch_samples","new","new_batch","SE_142","17",16002690,16048251,0.110150998463067,0.129794808979341,0.204441982802606,0.234784375821021,0.886210123595719,"CLB_Ma","No change","Increased"
"new_regions_new_batch_samples","new","new_batch","SE_143","17",20165097,20227451,0.112216574554248,0.0952662536643188,0.128444906435387,-0.233983127642433,0.193253017639092,"CLB_Ma","No change","No change"
"new_regions_new_batch_samples","new","new_batch","SE_144","17",31232597,31278401,0.163571763379661,0.14404388078264,0.223437224953657,-0.182227393315993,0.447595155215849,"CLB_Ma","No change","No change"
"new_regions_new_batch_samples","new","new_batch","SE_145","17",31563897,31604151,0.495078674949912,0.440284929064913,0.61878680549571,-0.168858464422931,0.321203100941044,"CLB_Ma","No change","No change"
"new_regions_new_batch_samples","new","new_batch","SE_146","17",40280547,40348051,0.476460797040671,0.460013889846495,0.480522785535438,-0.050572064250541,0.0122217852549119,"CLB_Ma","No change","No change"
"new_regions_new_batch_samples","new","new_batch","SE_147","17",45064296,45129532,0.286816142498603,0.231291621446693,0.386820697518154,-0.309210391202982,0.430242290821891,"CLB_Ma","No change","No change"
"new_regions_new_batch_samples","new","new_batch","SE_148","17",45287497,45322351,0.446094498460372,0.475942732443443,0.491661098847886,0.0932362555900011,0.140015765604613,"CLB_Ma","No change","No change"
"new_regions_new_batch_samples","new","new_batch","SE_149","17",50026997,50084801,0.612027212239668,0.538410818925988,0.645252912750697,-0.184566658580565,0.0761477613867949,"CLB_Ma","No change","No change"
"new_regions_new_batch_samples","new","new_batch","SE_150","17",59622686,59699401,0.12767731415753,0.172271851048298,0.130450182617159,0.429279571419375,0.0307584177389235,"CLB_Ma","No change","No change"
"new_regions_new_batch_samples","new","new_batch","SE_151","17",59745197,59859951,0.492617831590243,0.41489172622869,0.684970665007542,-0.247186527531932,0.474752370253254,"CLB_Ma","No change","No change"
"new_regions_new_batch_samples","new","new_batch","SE_152","17",64525147,64684501,0.144720891093722,0.12630044419999,0.163019274204511,-0.194970269040738,0.170657636130584,"CLB_Ma","No change","No change"
"new_regions_new_batch_samples","new","new_batch","SE_153","17",75673497,75708901,0.452311630463839,0.428363236526301,0.554906982467374,-0.0783045081860139,0.294340326725741,"CLB_Ma","No change","No change"
"new_regions_new_batch_samples","new","new_batch","SE_154","18",9105627,9148201,0.258898521807555,0.21996177639413,0.300914514818048,-0.234151605277872,0.216191689013553,"CLB_Ma","No change","No change"
"new_regions_new_batch_samples","new","new_batch","SE_155","18",28027147,28097351,0.128705840597903,0.115521933454974,0.130654780749052,-0.154641899476812,0.021516465594469,"CLB_Ma","No change","No change"
"new_regions_new_batch_samples","new","new_batch","SE_156","18",57727847,57849851,0.144028030453209,0.121623795283754,0.174191437501685,-0.24209280290076,0.272600499131688,"CLB_Ma","No change","No change"
"new_regions_new_batch_samples","new","new_batch","SE_157","18",77063747,77109201,0.314777468005577,0.278031607420184,0.394883025038595,-0.178479679582119,0.32616597499516,"CLB_Ma","No change","No change"
"new_regions_new_batch_samples","new","new_batch","SE_158","2",33129797,33170001,0.139149866191248,0.123723169668333,0.158391884624283,-0.168240869220678,0.185607809991137,"CLB_Ma","No change","No change"
"new_regions_new_batch_samples","new","new_batch","SE_159","2",36338247,36573801,0.142937152605411,0.125849668584009,0.154435366338692,-0.182319273930575,0.110875774647883,"CLB_Ma","No change","No change"
"new_regions_new_batch_samples","new","new_batch","SE_160","2",55092947,55121751,0.204101700863616,0.196828728115918,0.271608246964402,-0.0520875105094188,0.410489751495724,"CLB_Ma","No change","No change"
"new_regions_new_batch_samples","new","new_batch","SE_161","2",62709894,62829051,0.154177775506093,0.133077039471491,0.173842557371163,-0.210859751521264,0.172134435110838,"CLB_Ma","No change","No change"
"new_regions_new_batch_samples","new","new_batch","SE_162","2",63844877,63896501,0.0873903411469074,0.0770498897439823,0.094651873190372,-0.179492133549658,0.113904493991844,"CLB_Ma","No change","No change"
"new_regions_new_batch_samples","new","new_batch","SE_163","2",68027447,68060026,0.118822171802416,0.100563322906183,0.148915983093698,-0.2385153856467,0.323259314495886,"CLB_Ma","No change","No change"
"new_regions_new_batch_samples","new","new_batch","SE_164","2",68166547,68259001,0.132377744441657,0.0930859536520066,0.135232895123569,-0.503466696635334,0.0305571451297587,"CLB_Ma","No change","No change"
"new_regions_new_batch_samples","new","new_batch","SE_165","2",69016141,69255351,0.167526704338474,0.14091839012741,0.198086720881916,-0.247915666110264,0.240419780736658,"CLB_Ma","No change","No change"
"new_regions_new_batch_samples","new","new_batch","SE_166","2",69754597,69803851,0.192172537085844,0.181098269019393,0.238137098653377,-0.0851727954937097,0.307947956653227,"CLB_Ma","No change","No change"
"new_regions_new_batch_samples","new","new_batch","SE_167","2",70090450,70144501,0.176290880500042,0.188759706903197,0.195145894836779,0.098055357954592,0.14580881267394,"CLB_Ma","No change","No change"
"new_regions_new_batch_samples","new","new_batch","SE_168","2",75586547,75607951,0.226248290763801,0.206750010080078,0.275367919042894,-0.129420896308967,0.282320713217992,"CLB_Ma","No change","No change"
"new_regions_new_batch_samples","new","new_batch","SE_169","2",108537352,108599501,0.212940126843013,0.181106725281122,0.219278455814417,-0.232422898676117,0.0421212987901015,"CLB_Ma","No change","No change"
"new_regions_new_batch_samples","new","new_batch","SE_170","2",117930197,118011162,0.141453824186872,0.141205738035518,0.162465960345158,-0.00251467224985198,0.198495893095903,"CLB_Ma","No change","No change"
"new_regions_new_batch_samples","new","new_batch","SE_171","2",138018897,138053301,0.146613572908024,0.121536874446651,0.135356842847653,-0.268609423730136,-0.11443828035513,"CLB_Ma","No change","No change"
"new_regions_new_batch_samples","new","new_batch","SE_172","2",160204397,160252901,0.374220589740988,0.327029177795613,0.466838895077409,-0.19391484951945,0.318272813073296,"CLB_Ma","No change","No change"
"new_regions_new_batch_samples","new","new_batch","SE_173","2",177215723,177276301,0.205605518086294,0.214201403762406,0.22710640138888,0.0588087019710683,0.142828147136976,"CLB_Ma","No change","No change"
"new_regions_new_batch_samples","new","new_batch","SE_174","2",189075647,189176878,0.0982892892087901,0.0876154705902069,0.100202081597013,-0.164079507894759,0.0275289635977728,"CLB_Ma","No change","No change"
"new_regions_new_batch_samples","new","new_batch","SE_175","2",189203447,189299101,0.11345609328484,0.0980926137668585,0.142129591209764,-0.207944839574469,0.322527702187638,"CLB_Ma","No change","No change"
"new_regions_new_batch_samples","new","new_batch","SE_176","2",189366697,189413601,0.12834210238891,0.119911088511542,0.140972145720552,-0.0972454086495573,0.134415941437392,"CLB_Ma","No change","No change"
"new_regions_new_batch_samples","new","new_batch","SE_177","2",190883818,190963751,0.110768252994662,0.103951207792647,0.128918249112517,-0.090791689287201,0.217093636054402,"CLB_Ma","No change","No change"
"new_regions_new_batch_samples","new","new_batch","SE_178","2",201627947,201656951,0.252293630724228,0.221003984544092,0.25395435486985,-0.190225229352192,0.00942818106161917,"CLB_Ma","No change","No change"
"new_regions_new_batch_samples","new","new_batch","SE_179","2",207219697,207261451,0.383909460415531,0.284567813556564,0.336273854077906,-0.430685748667388,-0.190598647524749,"CLB_Ma","No change","No change"
"new_regions_new_batch_samples","new","new_batch","SE_180","2",216443447,216512801,0.128924536597353,0.113753767076858,0.129636984533085,-0.179132398888327,0.0078894816150233,"CLB_Ma","No change","No change"
"new_regions_new_batch_samples","new","new_batch","SE_181","2",222904597,223003801,0.16894056014149,0.14793610742806,0.187006312874386,-0.190336668186124,0.145750880239329,"CLB_Ma","No change","No change"
"new_regions_new_batch_samples","new","new_batch","SE_182","2",223026197,223111101,0.204176919642082,0.174354604225542,0.235651947537368,-0.22659313982767,0.205898343582661,"CLB_Ma","No change","No change"
"new_regions_new_batch_samples","new","new_batch","SE_183","2",233402297,233502201,0.130653385488645,0.118782409163364,0.153858312700674,-0.136328566600841,0.234204207086171,"CLB_Ma","No change","No change"
"new_regions_new_batch_samples","new","new_batch","SE_184","2",234240697,234260551,0.312526988614575,0.289179171818286,0.363645674428136,-0.111645665692448,0.21790564383297,"CLB_Ma","No change","No change"
"new_regions_new_batch_samples","new","new_batch","SE_185","20",31652097,31718505,0.160016386916625,0.13436930531502,0.182574814293004,-0.250306873240168,0.18916061913666,"CLB_Ma","No change","No change"
"new_regions_new_batch_samples","new","new_batch","SE_186","20",35301597,35345051,0.363440123249005,0.281134961676129,0.383362528865777,-0.369296348966665,0.0767858937710922,"CLB_Ma","No change","No change"
"new_regions_new_batch_samples","new","new_batch","SE_187","20",35854497,35904351,0.353524162531647,0.268117336483145,0.449740647423199,-0.397648625353148,0.346413599538292,"CLB_Ma","No change","No change"
"new_regions_new_batch_samples","new","new_batch","SE_188","20",45013747,45105201,0.148175413055597,0.12700515099109,0.171974150835119,-0.220807905452296,0.213546686778539,"CLB_Ma","No change","No change"
"new_regions_new_batch_samples","new","new_batch","SE_189","20",50894997,50936551,0.153744926162225,0.125056420121893,0.155231315619432,-0.295822509250983,0.0137915553746167,"CLB_Ma","No change","No change"
"new_regions_new_batch_samples","new","new_batch","SE_190","20",53734697,53754501,0.229751493498739,0.171648196447446,0.274599910815344,-0.418504722196035,0.256235435690475,"CLB_Ma","No change","No change"
"new_regions_new_batch_samples","new","new_batch","SE_191","20",53770647,53846251,0.213396321378978,0.193696668158895,0.270077521879207,-0.139051956735098,0.33842533569271,"CLB_Ma","No change","No change"
"new_regions_new_batch_samples","new","new_batch","SE_192","20",58235547,58296451,0.103744086141326,0.0915257142278828,0.10657171706852,-0.178942519372198,0.0384300204576439,"CLB_Ma","No change","No change"
"new_regions_new_batch_samples","new","new_batch","SE_193","21",25306247,25344901,0.115524723171403,0.120542890899183,0.132830665564097,0.060829426463059,0.199772643286138,"CLB_Ma","No change","No change"
"new_regions_new_batch_samples","new","new_batch","SE_194","21",29148556,29233751,0.165323060627536,0.132207773703183,0.183864311334258,-0.3203099343262,0.152478522982804,"CLB_Ma","No change","No change"
"new_regions_new_batch_samples","new","new_batch","SE_195","21",29308201,29352601,0.120978589965401,0.090400036008773,0.11907062676013,-0.416361305233331,-0.0227446806434285,"CLB_Ma","No change","No change"
"new_regions_new_batch_samples","new","new_batch","SE_196","22",24282697,24339106,0.0974765171223514,0.0828077763002806,0.108028539363292,-0.232695624105027,0.146854181807157,"CLB_Ma","No change","No change"
"new_regions_new_batch_samples","new","new_batch","SE_197","22",31207297,31254601,0.238087734371028,0.232929216710814,0.303128797828248,-0.0314680600198786,0.347142311916294,"CLB_Ma","No change","No change"
"new_regions_new_batch_samples","new","new_batch","SE_198","22",31583547,31662751,0.214125255173204,0.174102828541181,0.257350960507495,-0.296974514855814,0.264155343946653,"CLB_Ma","No change","No change"
"new_regions_new_batch_samples","new","new_batch","SE_199","22",36295897,36399251,0.318480655599095,0.296219131778865,0.330758758572399,-0.104201595228392,0.0544059745391861,"CLB_Ma","No change","No change"
"new_regions_new_batch_samples","new","new_batch","SE_200","22",40466438,40543951,0.170155586291073,0.144764425158974,0.175832684055594,-0.231669718092046,0.0470765725089473,"CLB_Ma","No change","No change"
"new_regions_new_batch_samples","new","new_batch","SE_201","22",42905297,43018201,0.190085963658922,0.1612513170103,0.203425474655183,-0.235991619351883,0.0973531820285587,"CLB_Ma","No change","No change"
"new_regions_new_batch_samples","new","new_batch","SE_202","3",15629947,15648901,0.46408777858294,0.432389343105231,0.544895652718732,-0.101839351222081,0.231122178403773,"CLB_Ma","No change","No change"
"new_regions_new_batch_samples","new","new_batch","SE_203","3",30333897,30359151,0.126425666406244,0.129271356696022,0.163611039583882,0.0318640092081561,0.369405194642152,"CLB_Ma","No change","No change"
"new_regions_new_batch_samples","new","new_batch","SE_204","3",48011697,48086278,0.11508948497365,0.180151733877816,0.148408080274158,0.641961311217109,0.364020870670262,"CLB_Ma","Increased","No change"
"new_regions_new_batch_samples","new","new_batch","SE_205","3",57998247,58175901,0.129641127708861,0.115794638483413,0.158858963664865,-0.161635101474381,0.291190492090307,"CLB_Ma","No change","No change"
"new_regions_new_batch_samples","new","new_batch","SE_206","3",71487847,71554851,0.187801376497907,0.143737035208497,0.216449015414067,-0.383435158146138,0.203807893424412,"CLB_Ma","No change","No change"
"new_regions_new_batch_samples","new","new_batch","SE_207","3",81722147,81765851,0.232643033429718,0.177541864533207,0.231853138735592,-0.38804362343238,-0.00488569173824251,"CLB_Ma","No change","No change"
"new_regions_new_batch_samples","new","new_batch","SE_208","3",98877097,98924851,0.210421193252075,0.200553806209573,0.234319838754775,-0.0689549746104886,0.154502950411572,"CLB_Ma","No change","No change"
"new_regions_new_batch_samples","new","new_batch","SE_209","3",99842697,99936151,0.138725919572982,0.107870085357388,0.146881975408182,-0.359992076019654,0.0818465505072192,"CLB_Ma","No change","No change"
"new_regions_new_batch_samples","new","new_batch","SE_210","3",100001947,100049201,0.154826027601168,0.132880245310146,0.153474116294528,-0.218993127087723,-0.0125711065035196,"CLB_Ma","No change","No change"
"new_regions_new_batch_samples","new","new_batch","SE_211","3",107192747,107250501,0.181820261786798,0.159901457044327,0.218698744647059,-0.184248581249654,0.265100654556901,"CLB_Ma","No change","No change"
"new_regions_new_batch_samples","new","new_batch","SE_212","3",111845697,111975874,0.14949678311071,0.133166823516814,0.174545677269305,-0.165704680395286,0.222113821450306,"CLB_Ma","No change","No change"
"new_regions_new_batch_samples","new","new_batch","SE_213","3",112604967,112699901,0.286741941644355,0.225833382394955,0.324511040140614,-0.343142552486243,0.177930949611348,"CLB_Ma","No change","No change"
"new_regions_new_batch_samples","new","new_batch","SE_214","3",120403647,120448070,0.173899009992941,0.159300322419824,0.213847453089458,-0.125744795721897,0.296790551795519,"CLB_Ma","No change","No change"
"new_regions_new_batch_samples","new","new_batch","SE_215","3",123595047,123881301,0.188805078112413,0.172375937618587,0.212952201028579,-0.130614906573067,0.172769929480918,"CLB_Ma","No change","No change"
"new_regions_new_batch_samples","new","new_batch","SE_216","3",128758647,128806351,0.103114840107837,0.0797510993439735,0.107360942713272,-0.366621913328363,0.0576691305906017,"CLB_Ma","No change","No change"
"new_regions_new_batch_samples","new","new_batch","SE_217","3",134457097,134482731,0.186849165614316,0.201467453901286,0.212265717008653,0.108115309434594,0.183077359669814,"CLB_Ma","No change","No change"
"new_regions_new_batch_samples","new","new_batch","SE_218","3",136136147,136186501,0.0670940970060836,0.0489573053110861,0.0683735027769373,-0.446834077881838,0.026854992165114,"CLB_Ma","No change","No change"
"new_regions_new_batch_samples","new","new_batch","SE_219","3",149369097,149408351,0.175260763748133,0.134949240405315,0.179058945320337,-0.374643270965289,0.0307579128114322,"CLB_Ma","No change","No change"
"new_regions_new_batch_samples","new","new_batch","SE_220","3",152272624,152467151,0.0989664815901298,0.0818129142438147,0.125834014603853,-0.2715886793236,0.343425351753035,"CLB_Ma","No change","No change"
"new_regions_new_batch_samples","new","new_batch","SE_221","3",156531797,156559251,0.274765357449011,0.280611087593692,0.362358303674149,0.0302629047528882,0.397951643860858,"CLB_Ma","No change","No change"
"new_regions_new_batch_samples","new","new_batch","SE_222","3",160394797,160446837,0.130514904232132,0.100387634422225,0.114102285850993,-0.375344598432104,-0.192309820880226,"CLB_Ma","No change","No change"
"new_regions_new_batch_samples","new","new_batch","SE_223","3",170688547,170768951,0.226843333623122,0.189578932829147,0.248104549508643,-0.257653511747453,0.128709210466958,"CLB_Ma","No change","No change"
"new_regions_new_batch_samples","new","new_batch","SE_224","3",171256147,171331701,0.0994378927760541,0.0867430732739684,0.119175779336764,-0.194946521820773,0.258842493578709,"CLB_Ma","No change","No change"
"new_regions_new_batch_samples","new","new_batch","SE_225","3",171343347,171428051,0.113125176560602,0.0974886042629,0.135999666537458,-0.212588381522472,0.263555289440322,"CLB_Ma","No change","No change"
"new_regions_new_batch_samples","new","new_batch","SE_226","3",172044197,172186201,0.155347276803717,0.124449465010952,0.181968973303239,-0.317647772904158,0.226844935163671,"CLB_Ma","No change","No change"
"new_regions_new_batch_samples","new","new_batch","SE_227","3",172243397,172368751,0.0927235595281186,0.0846981847552958,0.119116551882525,-0.129147101637815,0.357951313491547,"CLB_Ma","No change","No change"
"new_regions_new_batch_samples","new","new_batch","SE_228","3",172753682,172817751,0.0672689725129353,0.0650920527787741,0.108607528711509,-0.0467532329741476,0.683044953632665,"CLB_Ma","No change","Increased"
"new_regions_new_batch_samples","new","new_batch","SE_229","3",179580247,179618651,0.162146506192694,0.155672275327636,0.169229946198593,-0.0584181886516789,0.0613167604961978,"CLB_Ma","No change","No change"
"new_regions_new_batch_samples","new","new_batch","SE_230","3",188185397,188301151,0.167195695002449,0.138127123918707,0.188535808336521,-0.273737068079886,0.17232965742908,"CLB_Ma","No change","No change"
"new_regions_new_batch_samples","new","new_batch","SE_231","3",192851647,192915160,0.196397446573328,0.188967652279214,0.225090290635726,-0.0553495508536721,0.195795709420722,"CLB_Ma","No change","No change"
"new_regions_new_batch_samples","new","new_batch","SE_232","3",194552997,194599901,0.391986379324277,0.362288542796891,0.420891022387229,-0.113363442879694,0.102391077721075,"CLB_Ma","No change","No change"
"new_regions_new_batch_samples","new","new_batch","SE_233","3",196742854,196810951,0.176286888216879,0.163679018264792,0.233546320032639,-0.106429088186631,0.403787024175672,"CLB_Ma","No change","No change"
"new_regions_new_batch_samples","new","new_batch","SE_234","4",24526247,24572351,0.0544784154838907,0.0482203081041154,0.0675865657269331,-0.172672894857439,0.305999435200687,"CLB_Ma","No change","No change"
"new_regions_new_batch_samples","new","new_batch","SE_235","4",41119997,41209951,0.179229046075725,0.15104183842361,0.180436365445082,-0.245363162667663,0.0096321079181,"CLB_Ma","No change","No change"
"new_regions_new_batch_samples","new","new_batch","SE_236","4",69746947,69803551,0.0808222296598831,0.0649486463546353,0.0962385546502233,-0.311149803889839,0.249035598093538,"CLB_Ma","No change","No change"
"new_regions_new_batch_samples","new","new_batch","SE_237","4",76579197,76609551,0.151281454649161,0.116087988609857,0.157744449733087,-0.379147170679807,0.0599658948110663,"CLB_Ma","No change","No change"
"new_regions_new_batch_samples","new","new_batch","SE_238","4",76943147,77072971,0.186148356952164,0.163870328266638,0.206399645052281,-0.182850602183904,0.148231042781854,"CLB_Ma","No change","No change"
"new_regions_new_batch_samples","new","new_batch","SE_239","4",79996847,80070322,0.172325285344286,0.158946159853161,0.196350666714434,-0.115895780419304,0.187279257502011,"CLB_Ma","No change","No change"
"new_regions_new_batch_samples","new","new_batch","SE_240","4",88010644,88041951,0.162323384258564,0.143890763920814,0.197609347200265,-0.172765734319219,0.282202154997462,"CLB_Ma","No change","No change"
"new_regions_new_batch_samples","new","new_batch","SE_241","4",88586847,88641951,0.25353886059388,0.235553088680534,0.265063836603991,-0.105721931912144,0.0638865023832543,"CLB_Ma","No change","No change"
"new_regions_new_batch_samples","new","new_batch","SE_242","4",94507447,94596301,0.0928597900952868,0.0820362264311107,0.103001238393793,-0.176766351852475,0.148021568256339,"CLB_Ma","No change","No change"
"new_regions_new_batch_samples","new","new_batch","SE_243","4",102787947,102822859,0.115908511980045,0.0677982944358752,0.098978753188677,-0.764935269798901,-0.225686533992775,"CLB_Ma","Decreased","No change"
"new_regions_new_batch_samples","new","new_batch","SE_244","4",112883597,112910451,0.08704938372204,0.0638222600598121,0.112430012963923,-0.441823584535128,0.365417608595781,"CLB_Ma","No change","No change"
"new_regions_new_batch_samples","new","new_batch","SE_245","4",113435197,113476701,0.270980180964315,0.240687081931646,0.377038475373441,-0.170361163219305,0.475031547176474,"CLB_Ma","No change","No change"
"new_regions_new_batch_samples","new","new_batch","SE_246","4",113897397,113976721,0.090459663747079,0.07740173470236,0.0932157388568945,-0.222250039564448,0.0428324689163113,"CLB_Ma","No change","No change"
"new_regions_new_batch_samples","new","new_batch","SE_247","4",114224047,114284551,0.140108840258125,0.0929566772775013,0.143257396036142,-0.586740774151097,0.0318369138797242,"CLB_Ma","Decreased","No change"
"new_regions_new_batch_samples","new","new_batch","SE_248","4",114316247,114367701,0.0831894133196931,0.0617229158399728,0.107685257066975,-0.424646199676194,0.368445521722555,"CLB_Ma","No change","No change"
"new_regions_new_batch_samples","new","new_batch","SE_249","4",122757697,122799301,0.206525714094363,0.157881368687545,0.207799260502372,-0.385340152814789,0.00882649339025887,"CLB_Ma","No change","No change"
"new_regions_new_batch_samples","new","new_batch","SE_250","4",122829705,122915251,0.0999376648641403,0.0811557092771914,0.102266754018203,-0.297031874686597,0.0329112475570702,"CLB_Ma","No change","No change"
"new_regions_new_batch_samples","new","new_batch","SE_251","4",137509247,137529497,0.151948538782023,0.102139715111479,0.140425501875046,-0.56844635824846,-0.113004033281438,"CLB_Ma","No change","No change"
"new_regions_new_batch_samples","new","new_batch","SE_252","4",159262097,159310151,0.117148705887007,0.100226021748795,0.141163077701825,-0.223023621919021,0.266942992667249,"CLB_Ma","No change","No change"
"new_regions_new_batch_samples","new","new_batch","SE_253","4",169200697,169268097,0.149630173543399,0.134871576702154,0.187046080714748,-0.148767106126353,0.320075444828038,"CLB_Ma","No change","No change"
"new_regions_new_batch_samples","new","new_batch","SE_254","4",185180697,185403601,0.151276640417154,0.141938527416585,0.17919700035681,-0.0912998155908232,0.242880349478672,"CLB_Ma","No change","No change"
"new_regions_new_batch_samples","new","new_batch","SE_255","5",9324147,9372201,0.185067786355365,0.149253930783673,0.198204417134438,-0.308425571641586,0.0984213325781191,"CLB_Ma","No change","No change"
"new_regions_new_batch_samples","new","new_batch","SE_256","5",9426847,9508331,0.140458155446418,0.135359763434136,0.185186396715507,-0.0529573527041867,0.396372315109133,"CLB_Ma","No change","No change"
"new_regions_new_batch_samples","new","new_batch","SE_257","5",17220558,17262401,0.13692830255394,0.100428740235529,0.128240871034925,-0.443452021134322,-0.0938561457893066,"CLB_Ma","No change","No change"
"new_regions_new_batch_samples","new","new_batch","SE_258","5",52994197,53046301,0.152763232226186,0.146199498046783,0.167566779976224,-0.062937816362763,0.132609679367854,"CLB_Ma","No change","No change"
"new_regions_new_batch_samples","new","new_batch","SE_259","5",61350847,61505451,0.121728546599785,0.0776812499492119,0.14090749672012,-0.641379076282344,0.209479948226288,"CLB_Ma","Decreased","No change"
"new_regions_new_batch_samples","new","new_batch","SE_260","5",65100547,65248151,0.102634020549779,0.0854722516983224,0.116569797960321,-0.261188520739659,0.182019816785527,"CLB_Ma","No change","No change"
"new_regions_new_batch_samples","new","new_batch","SE_261","5",69237792,69296951,0.0855576564370411,0.0561196295203605,0.0909866643007181,-0.599674816451269,0.0877632841871862,"CLB_Ma","Decreased","No change"
"new_regions_new_batch_samples","new","new_batch","SE_262","5",76488247,76543601,0.0752139969622255,0.0722372474746634,0.0950727386976351,-0.0574784075852611,0.334071136449766,"CLB_Ma","No change","No change"
"new_regions_new_batch_samples","new","new_batch","SE_263","5",95710247,95802001,0.172207378222807,0.136248724674244,0.207111390169184,-0.335707643095844,0.264855540792759,"CLB_Ma","No change","No change"
"new_regions_new_batch_samples","new","new_batch","SE_264","5",120599047,120624601,0.145633847993279,0.104414569570554,0.13926404532626,-0.476143885462657,-0.0640729219585014,"CLB_Ma","No change","No change"
"new_regions_new_batch_samples","new","new_batch","SE_265","5",122140947,122184251,0.207544868950928,0.162718082023587,0.208025102922069,-0.349144145866039,0.00331839701492088,"CLB_Ma","No change","No change"
"new_regions_new_batch_samples","new","new_batch","SE_266","5",131504497,131547351,0.0856964611318979,0.0831067550191952,0.110071797450119,-0.0437514302612037,0.357447534198692,"CLB_Ma","No change","No change"
"new_regions_new_batch_samples","new","new_batch","SE_267","5",140280247,140343602,0.222142952973639,0.203453060655112,0.266191791123831,-0.126198585768518,0.259907438993728,"CLB_Ma","No change","No change"
"new_regions_new_batch_samples","new","new_batch","SE_268","5",147471147,147507055,0.21578545510009,0.183976021752467,0.245504970309756,-0.228929696627907,0.185348771686417,"CLB_Ma","No change","No change"
"new_regions_new_batch_samples","new","new_batch","SE_269","5",150008297,150066101,0.170441179349934,0.147895843114907,0.198877480742212,-0.203410202295387,0.221402260046731,"CLB_Ma","No change","No change"
"new_regions_new_batch_samples","new","new_batch","SE_270","5",151658897,151703801,0.318026663757458,0.28474418420212,0.380173247665268,-0.158952871928342,0.256769861161505,"CLB_Ma","No change","No change"
"new_regions_new_batch_samples","new","new_batch","SE_271","5",154193732,154320951,0.138682355191496,0.125258290094123,0.153793504870262,-0.145771671598764,0.14819514768018,"CLB_Ma","No change","No change"
"new_regions_new_batch_samples","new","new_batch","SE_272","5",154342197,154376051,0.109231552268854,0.10092807707288,0.134341568288864,-0.11298572414945,0.296067776507373,"CLB_Ma","No change","No change"
"new_regions_new_batch_samples","new","new_batch","SE_273","5",157495447,157572822,0.173117252067717,0.159404122598435,0.20290211184604,-0.118347935247555,0.227817560959354,"CLB_Ma","No change","No change"
"new_regions_new_batch_samples","new","new_batch","SE_274","5",169548297,169606201,0.135554905824191,0.121038542453523,0.160218560096411,-0.16214429024554,0.239536697194488,"CLB_Ma","No change","No change"
"new_regions_new_batch_samples","new","new_batch","SE_275","6",11160047,11236601,0.171953378482992,0.137519191205626,0.195931458404522,-0.320297326712768,0.187310394266203,"CLB_Ma","No change","No change"
"new_regions_new_batch_samples","new","new_batch","SE_276","6",16657547,16771001,0.195346409734392,0.188584808558787,0.232724978133013,-0.0505578524072469,0.251410704795733,"CLB_Ma","No change","No change"
"new_regions_new_batch_samples","new","new_batch","SE_277","6",30724546,30794251,0.378688921540752,0.356176770962106,0.454418554160466,-0.0881796473609569,0.262375164351363,"CLB_Ma","No change","No change"
"new_regions_new_batch_samples","new","new_batch","SE_278","6",34629397,34684901,0.103055813445694,0.0971794226874382,0.133333695484601,-0.0838649800442969,0.368463658829239,"CLB_Ma","No change","No change"
"new_regions_new_batch_samples","new","new_batch","SE_279","6",37101147,37145951,0.314499857352265,0.317279136737715,0.33544493262543,0.012653238200548,0.0927310391994194,"CLB_Ma","No change","No change"
"new_regions_new_batch_samples","new","new_batch","SE_280","6",42182047,42231451,0.160976599060412,0.140902919192298,0.189636562069534,-0.190881131930892,0.235039438977694,"CLB_Ma","No change","No change"
"new_regions_new_batch_samples","new","new_batch","SE_281","6",44654997,44669401,0.272131270051393,0.268109928118758,0.334220235445003,-0.0213988772809594,0.295514745651551,"CLB_Ma","No change","No change"
"new_regions_new_batch_samples","new","new_batch","SE_282","6",56638797,56774401,0.1248327141862,0.112133884832441,0.134666464236343,-0.153475948148683,0.108557096002153,"CLB_Ma","No change","No change"
"new_regions_new_batch_samples","new","new_batch","SE_283","6",56795347,56840664,0.121984869281175,0.0980424646387299,0.146643928408,-0.312361711900481,0.263641196445894,"CLB_Ma","No change","No change"
"new_regions_new_batch_samples","new","new_batch","SE_284","6",104995247,105073801,0.0714666446675558,0.0549418570133672,0.0874322075638193,-0.373388951089407,0.287254807328648,"CLB_Ma","No change","No change"
"new_regions_new_batch_samples","new","new_batch","SE_285","6",113344347,113414701,0.137731894524543,0.0940945530601903,0.135255438081284,-0.544864889879182,-0.0259856916884392,"CLB_Ma","No change","No change"
"new_regions_new_batch_samples","new","new_batch","SE_286","6",129625997,129718001,0.134819903704743,0.121964313013515,0.182188912769038,-0.143455240545917,0.43163727457366,"CLB_Ma","No change","No change"
"new_regions_new_batch_samples","new","new_batch","SE_287","6",140041947,140079801,0.243085860243889,0.197976995989686,0.240969729461597,-0.29478707462302,-0.0125621461385499,"CLB_Ma","No change","No change"
"new_regions_new_batch_samples","new","new_batch","SE_288","6",142353347,142419951,0.127661493271501,0.116262519310146,0.148296760419554,-0.13383838054769,0.21460252276173,"CLB_Ma","No change","No change"
"new_regions_new_batch_samples","new","new_batch","SE_289","6",150853797,150900301,0.252551646324261,0.223412246636907,0.306761291294608,-0.17612823300567,0.279532146041586,"CLB_Ma","No change","No change"
"new_regions_new_batch_samples","new","new_batch","SE_290","6",151242996,151296801,0.103053725108048,0.0766474874276639,0.100862066262536,-0.422317467534329,-0.0307117266883888,"CLB_Ma","No change","No change"
"new_regions_new_batch_samples","new","new_batch","SE_291","6",152704947,152760451,0.126808314152097,0.106159446950562,0.15003295504553,-0.254222648578252,0.240881687511221,"CLB_Ma","No change","No change"
"new_regions_new_batch_samples","new","new_batch","SE_292","6",157984853,158087051,0.251303360933854,0.234959739188572,0.300687340971041,-0.0966187049494863,0.25789473659246,"CLB_Ma","No change","No change"
"new_regions_new_batch_samples","new","new_batch","SE_293","7",6226047,6284751,0.146730429024406,0.130576389313603,0.152920347205506,-0.167066389944907,0.0592169403240233,"CLB_Ma","No change","No change"
"new_regions_new_batch_samples","new","new_batch","SE_294","7",23426597,23479601,0.229934708015842,0.221582729242992,0.267378324139833,-0.0531433626190967,0.216783138163242,"CLB_Ma","No change","No change"
"new_regions_new_batch_samples","new","new_batch","SE_295","7",80824647,80911651,0.103246460843641,0.0938355098054003,0.121608957075357,-0.136499143158786,0.234065972372533,"CLB_Ma","No change","No change"
"new_regions_new_batch_samples","new","new_batch","SE_296","7",101092897,101141301,0.780245026588392,0.564090444162546,0.779462983631676,-0.467293307465718,-0.00144489185217781,"CLB_Ma","No change","No change"
"new_regions_new_batch_samples","new","new_batch","SE_297","7",102834447,102897801,0.169552868473001,0.145075768378507,0.199469613436094,-0.223502141296138,0.233164554628024,"CLB_Ma","No change","No change"
"new_regions_new_batch_samples","new","new_batch","SE_298","7",130352297,130375251,0.452530744962966,0.408584326579118,0.512105318659006,-0.147039845442486,0.178054625319739,"CLB_Ma","No change","No change"
"new_regions_new_batch_samples","new","new_batch","SE_299","7",130838297,131040951,0.204144586959093,0.181213150876337,0.242537757182708,-0.171014000528315,0.247504372582021,"CLB_Ma","No change","No change"
"new_regions_new_batch_samples","new","new_batch","SE_300","7",134689347,134969601,0.128607320484214,0.114799798761952,0.149659299202804,-0.162514460665109,0.217142516845928,"CLB_Ma","No change","No change"
"new_regions_new_batch_samples","new","new_batch","SE_301","8",13075347,13130299,0.118451441318119,0.102274337445985,0.118080302780894,-0.209942457014722,-0.00448946668498554,"CLB_Ma","No change","No change"
"new_regions_new_batch_samples","new","new_batch","SE_302","8",25178147,25216001,0.273351200963502,0.212294172452305,0.263780866483467,-0.363179341757501,-0.0512250168624524,"CLB_Ma","No change","No change"
"new_regions_new_batch_samples","new","new_batch","SE_303","8",32672597,32785351,0.0869799550990062,0.0806191022077196,0.11105242255334,-0.108268023608613,0.348927069919808,"CLB_Ma","No change","No change"
"new_regions_new_batch_samples","new","new_batch","SE_304","8",38891897,38939851,0.277074480993711,0.283805898283521,0.453441883953974,0.0345076705331602,0.708624453909007,"CLB_Ma","No change","Increased"
"new_regions_new_batch_samples","new","new_batch","SE_305","8",38999983,39046151,0.233079882867269,0.198018477862933,0.241755361709319,-0.234098568716697,0.0525022079634086,"CLB_Ma","No change","No change"
"new_regions_new_batch_samples","new","new_batch","SE_306","8",40148697,40220751,0.242176858075933,0.191815815034242,0.253453835018762,-0.334782552878518,0.0653979939081355,"CLB_Ma","No change","No change"
"new_regions_new_batch_samples","new","new_batch","SE_307","8",53942447,53966801,0.205925841313428,0.139062469958605,0.214156212720425,-0.563043388796051,0.0562706761811706,"CLB_Ma","No change","No change"
"new_regions_new_batch_samples","new","new_batch","SE_308","8",58800197,58896151,0.133444714161427,0.128677939660794,0.170201044089581,-0.0520799607859547,0.348678464992049,"CLB_Ma","No change","No change"
"new_regions_new_batch_samples","new","new_batch","SE_309","8",66505597,66563401,0.289812108258812,0.23601940388781,0.316859606369356,-0.295082166608627,0.12830235170587,"CLB_Ma","No change","No change"
"new_regions_new_batch_samples","new","new_batch","SE_310","8",73542447,73633701,0.0907177094492054,0.0821250357096684,0.10712671751447,-0.141917270348769,0.237450818365704,"CLB_Ma","No change","No change"
"new_regions_new_batch_samples","new","new_batch","SE_311","8",88101447,88148651,0.133172309888601,0.106355556872613,0.138683714079184,-0.321690093805273,0.0580768618748213,"CLB_Ma","No change","No change"
"new_regions_new_batch_samples","new","new_batch","SE_312","8",97879097,97953601,0.115620986871395,0.0990208930338145,0.126887754957011,-0.221526045036223,0.133050698830831,"CLB_Ma","No change","No change"
"new_regions_new_batch_samples","new","new_batch","SE_313","8",100898947,100947570,0.124975039787249,0.123029449750581,0.149763977157385,-0.0224551948593594,0.259153846986743,"CLB_Ma","No change","No change"
"new_regions_new_batch_samples","new","new_batch","SE_314","8",101125247,101202731,0.219256706692142,0.22893020762147,0.276432021258987,0.0620100668971312,0.332948364357511,"CLB_Ma","No change","No change"
"new_regions_new_batch_samples","new","new_batch","SE_315","8",117825897,118120901,0.128282081904678,0.11111094649816,0.157646087983482,-0.205595186372126,0.295289610668842,"CLB_Ma","No change","No change"
"new_regions_new_batch_samples","new","new_batch","SE_316","8",140763497,140845851,0.0911858840659041,0.0867175410099974,0.115816886673031,-0.0716804859088266,0.341631080182243,"CLB_Ma","No change","No change"
"new_regions_new_batch_samples","new","new_batch","SE_317","9",2800697,2841129,0.24479060949074,0.132941409424234,0.287812043820615,-0.875827743857042,0.23270110751741,"CLB_Ma","Decreased","No change"
"new_regions_new_batch_samples","new","new_batch","SE_318","9",12778010,12835101,0.164335209065007,0.125808772693303,0.171902775573533,-0.382739432108852,0.0645670410682488,"CLB_Ma","No change","No change"
"new_regions_new_batch_samples","new","new_batch","SE_319","9",16499797,16547801,0.173308882418162,0.15427561199584,0.189554333616053,-0.166814834111125,0.128556330440459,"CLB_Ma","No change","No change"
"new_regions_new_batch_samples","new","new_batch","SE_320","9",16670397,16728801,0.201545542309476,0.157977954831389,0.242579576817097,-0.349419610435361,0.266146839993966,"CLB_Ma","No change","No change"
"new_regions_new_batch_samples","new","new_batch","SE_321","9",33271497,33355551,0.158574482005147,0.147001589164326,0.21799892245584,-0.108617297819068,0.456693806658938,"CLB_Ma","No change","No change"
"new_regions_new_batch_samples","new","new_batch","SE_322","9",35507297,35534101,0.293126934570278,0.186216469821446,0.299030543654454,-0.651731547182463,0.0286704726097886,"CLB_Ma","Decreased","No change"
"new_regions_new_batch_samples","new","new_batch","SE_323","9",36089347,36114801,0.277676857787617,0.245315633197553,0.327371478929637,-0.178085005504448,0.236735624240946,"CLB_Ma","No change","No change"
"new_regions_new_batch_samples","new","new_batch","SE_324","9",37921497,37979401,0.231808640462194,0.195728808039732,0.240698831228338,-0.242936368887588,0.0540658933099433,"CLB_Ma","No change","No change"
"new_regions_new_batch_samples","new","new_batch","SE_325","9",37992697,38066212,0.257270890902456,0.226228754684392,0.278214492737018,-0.184739637517153,0.112488777245765,"CLB_Ma","No change","No change"
"new_regions_new_batch_samples","new","new_batch","SE_326","9",94767247,94813751,0.178327542080145,0.162474873816228,0.220027234722908,-0.133528172330231,0.301627065780786,"CLB_Ma","No change","No change"
"new_regions_new_batch_samples","new","new_batch","SE_327","9",106859997,106898751,0.285274730481764,0.250343914605127,0.288565199243942,-0.187737569275104,0.016487896686264,"CLB_Ma","No change","No change"
"new_regions_new_batch_samples","new","new_batch","SE_328","9",110007397,110193301,0.129315302171157,0.117170651365434,0.15581491834759,-0.14113472612554,0.267056313394031,"CLB_Ma","No change","No change"
"new_regions_new_batch_samples","new","new_batch","SE_329","9",112010897,112082301,0.345640354409878,0.246000778651017,0.349521394501994,-0.488924026951852,0.0160628868250631,"CLB_Ma","No change","No change"
"new_regions_new_batch_samples","new","new_batch","SE_330","9",115664947,115693701,0.314104201772066,0.332245165819954,0.384395037283517,0.080754955017905,0.290509002057077,"CLB_Ma","No change","No change"
"new_regions_new_batch_samples","new","new_batch","SE_331","9",122988147,123104301,0.107757071191388,0.0881014209989747,0.124747893862417,-0.287588860179366,0.209425031216082,"CLB_Ma","No change","No change"
"new_regions_new_batch_samples","new","new_batch","SE_332","9",124251597,124307001,0.202688818276542,0.172000920846742,0.240163800957747,-0.235587067095877,0.243646588700832,"CLB_Ma","No change","No change"
"new_regions_new_batch_samples","new","new_batch","SE_333","9",125509297,125559351,0.167708048815546,0.128088321256389,0.166443377939281,-0.386170319596853,-0.0108554827656183,"CLB_Ma","No change","No change"
"new_regions_new_batch_samples","new","new_batch","SE_334","9",125784147,125856501,0.0945330019234098,0.0736158129661212,0.0983172557385523,-0.356517792754623,0.0560451995998327,"CLB_Ma","No change","No change"
"new_regions_new_batch_samples","new","new_batch","SE_335","9",129931747,129999401,0.135728351563921,0.127505474794998,0.152665375625402,-0.0894826019800813,0.1684797022776,"CLB_Ma","No change","No change"
"new_regions_new_batch_samples","new","new_batch","SE_336","9",130823247,130870501,0.283162331493391,0.238082788616207,0.288560867473342,-0.249205048569773,0.0271513195892644,"CLB_Ma","No change","No change"
"new_regions_new_batch_samples","new","new_batch","SE_337","X",136155497,136215901,0.0982191329982186,0.0918966272384433,0.123315173027394,-0.0949921324594528,0.325312136485242,"CLB_Ma","No change","No change"
"new_regions_new_batch_samples","new","new_batch","SE_1","1",8361497,8420686,0.128034900845563,0.108210472011663,0.142856209954581,-0.240650132299277,0.156866167544198,"SK_N_SH","No change","No change"
"new_regions_new_batch_samples","new","new_batch","SE_2","1",8646697,8719401,0.182140759773208,0.149626128784257,0.169033646576516,-0.281980859945583,-0.107132654999128,"SK_N_SH","No change","No change"
"new_regions_new_batch_samples","new","new_batch","SE_3","1",33317147,33469629,0.174319811603757,0.15670982945565,0.195216131256909,-0.152716453033918,0.162454619133448,"SK_N_SH","No change","No change"
"new_regions_new_batch_samples","new","new_batch","SE_4","1",36231047,36302301,0.0869272115945321,0.0771472476897083,0.0880944166232027,-0.170114654720881,0.0190253058577058,"SK_N_SH","No change","No change"
"new_regions_new_batch_samples","new","new_batch","SE_5","1",39102247,39486501,0.122780865512021,0.0998437343022724,0.127343340223917,-0.295666866702497,0.0522201211192588,"SK_N_SH","No change","No change"
"new_regions_new_batch_samples","new","new_batch","SE_6","1",51619871,51674051,0.173074289978855,0.152694784017346,0.209013131824431,-0.179634934177169,0.270776401500982,"SK_N_SH","No change","No change"
"new_regions_new_batch_samples","new","new_batch","SE_7","1",51733147,51811451,0.0851066064680226,0.0584749773989666,0.0703658721916602,-0.533841113204346,-0.270889602328601,"SK_N_SH","No change","No change"
"new_regions_new_batch_samples","new","new_batch","SE_8","1",59115547,59166001,0.206034539620524,0.149090882428251,0.173080606730808,-0.464035132737739,-0.250115982955475,"SK_N_SH","No change","No change"
"new_regions_new_batch_samples","new","new_batch","SE_9","1",67673147,67772501,0.173964662688491,0.151494760579426,0.197235903540732,-0.198303897488272,0.180154707383498,"SK_N_SH","No change","No change"
"new_regions_new_batch_samples","new","new_batch","SE_10","1",85269397,85527851,0.131848024868941,0.10653407530322,0.118084227426059,-0.304982886379482,-0.157794436081557,"SK_N_SH","No change","No change"
"new_regions_new_batch_samples","new","new_batch","SE_11","1",85540597,85586901,0.316869922250284,0.235966737305536,0.29065406633845,-0.423751946835302,-0.12417832222683,"SK_N_SH","No change","No change"
"new_regions_new_batch_samples","new","new_batch","SE_12","1",86739147,86795951,0.198237546048181,0.159501052432766,0.222349254132336,-0.31190678959479,0.16481188984469,"SK_N_SH","No change","No change"
"new_regions_new_batch_samples","new","new_batch","SE_13","1",89527835,89577701,0.119714204842422,0.107394752139291,0.106840720826364,-0.155300541561397,-0.1626934079191,"SK_N_SH","No change","No change"
"new_regions_new_batch_samples","new","new_batch","SE_14","1",97091247,97148351,0.116934811919511,0.0866599425730912,0.123199598724597,-0.427999996094832,0.0746708774287348,"SK_N_SH","No change","No change"
"new_regions_new_batch_samples","new","new_batch","SE_15","1",115296347,115335235,0.143732827236187,0.106741540882162,0.147251610868574,-0.425817577109126,0.0346556003848509,"SK_N_SH","No change","No change"
"new_regions_new_batch_samples","new","new_batch","SE_16","1",150560047,150583051,0.976376197357149,0.702904005722808,1.00138666414886,-0.473535274138781,0.0364532508562442,"SK_N_SH","No change","No change"
"new_regions_new_batch_samples","new","new_batch","SE_17","1",155452497,155476151,0.15803651149939,0.168900750167816,0.169967177442696,0.095334205981222,0.104361364220591,"SK_N_SH","No change","No change"
"new_regions_new_batch_samples","new","new_batch","SE_18","1",157996270,158050251,0.199791129051292,0.157077238390251,0.191670626027394,-0.345065884084535,-0.0595588929159657,"SK_N_SH","No change","No change"
"new_regions_new_batch_samples","new","new_batch","SE_19","1",162625447,162723901,0.161350786183297,0.134558346676479,0.169488175279314,-0.260200424529006,0.070557309373036,"SK_N_SH","No change","No change"
"new_regions_new_batch_samples","new","new_batch","SE_20","1",162956397,162998851,0.137690361956684,0.112951561616487,0.129922344405598,-0.283446837845881,-0.0831561917476423,"SK_N_SH","No change","No change"
"new_regions_new_batch_samples","new","new_batch","SE_21","1",163031997,163057701,0.446217372629301,0.375239644472987,0.452758845795193,-0.24932435823925,0.0209495357037375,"SK_N_SH","No change","No change"
"new_regions_new_batch_samples","new","new_batch","SE_22","1",164703497,164782451,0.170781221760449,0.137889544494165,0.182861595507974,-0.306634338741358,0.0980478280476267,"SK_N_SH","No change","No change"
"new_regions_new_batch_samples","new","new_batch","SE_23","1",172341847,172363501,0.215570505288287,0.170314378626929,0.221398879187467,-0.338190532179474,0.0383127415455865,"SK_N_SH","No change","No change"
"new_regions_new_batch_samples","new","new_batch","SE_24","1",172883997,172970651,0.11841633268243,0.0863392066327582,0.125555010965519,-0.451298837620894,0.0837644634813747,"SK_N_SH","No change","No change"
"new_regions_new_batch_samples","new","new_batch","SE_25","1",178096991,178139351,0.0972961817407982,0.0608597062679697,0.134507056660489,-0.668135393976065,0.463160701169598,"SK_N_SH","Decreased","No change"
"new_regions_new_batch_samples","new","new_batch","SE_26","1",181072497,181117901,0.256305904888698,0.219022702301222,0.234497570754639,-0.225832174665443,-0.127772387745804,"SK_N_SH","No change","No change"
"new_regions_new_batch_samples","new","new_batch","SE_27","1",183019797,183165151,0.0744876889880368,0.0532691806145674,0.0662927384885164,-0.476108253492433,-0.165790546707081,"SK_N_SH","No change","No change"
"new_regions_new_batch_samples","new","new_batch","SE_28","1",198087697,198127351,0.110807000252688,0.0885189590722466,0.0959209367063829,-0.320745352511446,-0.206130265253337,"SK_N_SH","No change","No change"
"new_regions_new_batch_samples","new","new_batch","SE_29","1",198153497,198299701,0.120494888301697,0.0921599070163976,0.102240852486151,-0.38311451138118,-0.234881656782549,"SK_N_SH","No change","No change"
"new_regions_new_batch_samples","new","new_batch","SE_30","1",202551447,202591201,0.134545910513188,0.095672915783872,0.121159570472841,-0.487597925987007,-0.150014692439073,"SK_N_SH","No change","No change"
"new_regions_new_batch_samples","new","new_batch","SE_31","1",203504597,203560001,0.262559417052057,0.187612495089965,0.219597632984399,-0.482702986893772,-0.256710930012783,"SK_N_SH","No change","No change"
"new_regions_new_batch_samples","new","new_batch","SE_32","1",203629784,203701601,0.174214380836204,0.178848687190638,0.230502160779208,0.0376624385798259,0.401904469329327,"SK_N_SH","No change","No change"
"new_regions_new_batch_samples","new","new_batch","SE_33","1",204403397,204440351,0.337385178303618,0.260899118218142,0.274384983949962,-0.36965517566319,-0.297216482896367,"SK_N_SH","No change","No change"
"new_regions_new_batch_samples","new","new_batch","SE_34","1",218335647,218391051,0.158094919915326,0.120233100753048,0.174453990881024,-0.392104112155251,0.141204994207775,"SK_N_SH","No change","No change"
"new_regions_new_batch_samples","new","new_batch","SE_35","1",218449847,218501551,0.158580832770529,0.113368769713341,0.146569706571295,-0.480594225964348,-0.11289078785235,"SK_N_SH","No change","No change"
"new_regions_new_batch_samples","new","new_batch","SE_36","1",219293047,219342601,0.147507011134585,0.0853952458674535,0.0965039555109951,-0.781507211937752,-0.606998391440399,"SK_N_SH","Decreased","Decreased"
"new_regions_new_batch_samples","new","new_batch","SE_37","1",223698247,223795801,0.186589823233142,0.148116335998167,0.18545454635335,-0.331143247166516,-0.00875758860215877,"SK_N_SH","No change","No change"
"new_regions_new_batch_samples","new","new_batch","SE_38","1",234956997,235022701,0.24325076404052,0.194751322468532,0.264549369395467,-0.319341020898358,0.120617028349409,"SK_N_SH","No change","No change"
"new_regions_new_batch_samples","new","new_batch","SE_39","1",235900697,235929701,0.448718287008614,0.328035043104408,0.355501160691546,-0.450780306883733,-0.335114776090217,"SK_N_SH","No change","No change"
"new_regions_new_batch_samples","new","new_batch","SE_40","1",243202847,243295901,0.187526567953892,0.142750663007578,0.23746981791699,-0.391199238372955,0.339038833725494,"SK_N_SH","No change","No change"
"new_regions_new_batch_samples","new","new_batch","SE_41","1",243697547,243750051,0.0810978786129946,0.0705429862821619,0.0919767851709765,-0.198534604382407,0.179525599472538,"SK_N_SH","No change","No change"
"new_regions_new_batch_samples","new","new_batch","SE_42","10",4762497,4781751,0.101787222456523,0.104086760090184,0.119593419511295,0.0319199818431616,0.230490251675836,"SK_N_SH","No change","No change"
"new_regions_new_batch_samples","new","new_batch","SE_43","10",17648397,17689351,0.131239387699793,0.104334655615199,0.133492754488932,-0.328171781568936,0.0243765030159153,"SK_N_SH","No change","No change"
"new_regions_new_batch_samples","new","new_batch","SE_44","10",31999447,32053442,0.0857589575276739,0.0673242675847172,0.0625066783139196,-0.344614628497173,-0.450104405504313,"SK_N_SH","No change","No change"
"new_regions_new_batch_samples","new","new_batch","SE_45","10",33192197,33328451,0.121553834069046,0.116024977643439,0.133449252721036,-0.0665991298635084,0.133646117326945,"SK_N_SH","No change","No change"
"new_regions_new_batch_samples","new","new_batch","SE_46","10",62220397,62279801,0.110810700230591,0.0984633350467232,0.116491486414971,-0.16882154878885,0.0714979610154428,"SK_N_SH","No change","No change"
"new_regions_new_batch_samples","new","new_batch","SE_47","10",73993047,74146251,0.12054021466477,0.103574707393448,0.121615503346631,-0.216899783854177,0.0127076579770754,"SK_N_SH","No change","No change"
"new_regions_new_batch_samples","new","new_batch","SE_48","10",77149647,77204701,0.174451233157076,0.133463065023198,0.147873135296665,-0.383860147120862,-0.23698664994722,"SK_N_SH","No change","No change"
"new_regions_new_batch_samples","new","new_batch","SE_49","10",77385247,77437951,0.169199545905227,0.150025227772316,0.16371656596968,-0.172437625487226,-0.0472415299778212,"SK_N_SH","No change","No change"
"new_regions_new_batch_samples","new","new_batch","SE_50","10",77476897,77545051,0.203203907701277,0.164393223304998,0.190410927473376,-0.304110350442126,-0.0933372799780765,"SK_N_SH","No change","No change"
"new_regions_new_batch_samples","new","new_batch","SE_51","10",90910747,90944298,0.263521643515955,0.142647920007868,0.175710730191502,-0.880848667317388,-0.581996124841841,"SK_N_SH","Decreased","No change"
"new_regions_new_batch_samples","new","new_batch","SE_52","10",93432197,93479316,0.321499566147604,0.245389466561473,0.306093007665222,-0.388356639260663,-0.0706215563731613,"SK_N_SH","No change","No change"
"new_regions_new_batch_samples","new","new_batch","SE_53","10",99941997,100006952,0.141826111976821,0.126060137897102,0.155713803621245,-0.168748272114763,0.133872498357286,"SK_N_SH","No change","No change"
"new_regions_new_batch_samples","new","new_batch","SE_54","10",112953247,113100451,0.147786430896448,0.122883072948464,0.137059322910698,-0.264263885824995,-0.107954646828427,"SK_N_SH","No change","No change"
"new_regions_new_batch_samples","new","new_batch","SE_55","10",114603997,114719451,0.181375282169327,0.147656847327791,0.183166858204136,-0.294924293082557,0.0141032539482417,"SK_N_SH","No change","No change"
"new_regions_new_batch_samples","new","new_batch","SE_56","10",126194647,126282651,0.142552791539283,0.099417682826854,0.143393568403766,-0.515568045773264,0.00842509737153113,"SK_N_SH","No change","No change"
"new_regions_new_batch_samples","new","new_batch","SE_57","11",8688436,8790051,0.157186332515543,0.12422541828292,0.145262055269517,-0.337097524102423,-0.113069414670177,"SK_N_SH","No change","No change"
"new_regions_new_batch_samples","new","new_batch","SE_58","11",9750847,9817401,0.190455984606002,0.152076766137945,0.185829640918564,-0.322757428797497,-0.0352893973858504,"SK_N_SH","No change","No change"
"new_regions_new_batch_samples","new","new_batch","SE_59","11",12113573,12239701,0.185636893367364,0.127547308478501,0.155324389944539,-0.537934795137913,-0.255691311352931,"SK_N_SH","No change","No change"
"new_regions_new_batch_samples","new","new_batch","SE_60","11",13207347,13236401,0.260048158455929,0.167788936101891,0.195598793562403,-0.629095641004801,-0.409061512800241,"SK_N_SH","Decreased","No change"
"new_regions_new_batch_samples","new","new_batch","SE_61","11",14442997,14507351,0.101996650820813,0.0918647123782676,0.10789455276626,-0.149395028748095,0.0803343623685114,"SK_N_SH","No change","No change"
"new_regions_new_batch_samples","new","new_batch","SE_62","11",33043012,33086001,0.112399895452793,0.112506092351034,0.161831362255818,0.00135042491491205,0.521959287509097,"SK_N_SH","No change","No change"
"new_regions_new_batch_samples","new","new_batch","SE_63","11",33668347,33733101,0.161318296492137,0.124467883810899,0.152353657107495,-0.371507506632443,-0.081963057660511,"SK_N_SH","No change","No change"
"new_regions_new_batch_samples","new","new_batch","SE_64","11",35141867,35186351,0.0738720522645984,0.0619660637269625,0.0791188610175207,-0.24985281843298,0.0977146120358342,"SK_N_SH","No change","No change"
"new_regions_new_batch_samples","new","new_batch","SE_65","11",65470447,65508051,0.701680858713726,0.567430116933595,0.694298654875882,-0.305886605139685,-0.0152368010546903,"SK_N_SH","No change","No change"
"new_regions_new_batch_samples","new","new_batch","SE_66","11",66073350,66143451,0.169900324536283,0.146031579468993,0.17702222676115,-0.21702908602353,0.0589022418081072,"SK_N_SH","No change","No change"
"new_regions_new_batch_samples","new","new_batch","SE_67","11",74120547,74164051,0.147805945829646,0.102830855371777,0.156033170994665,-0.519196940779844,0.0776371665767576,"SK_N_SH","No change","No change"
"new_regions_new_batch_samples","new","new_batch","SE_68","11",85947547,86047801,0.0824009618033316,0.0596383465249179,0.0822838787185112,-0.459833606423533,-0.00202676155905028,"SK_N_SH","No change","No change"
"new_regions_new_batch_samples","new","new_batch","SE_69","11",86578797,86637051,0.101124801273438,0.0814001214501695,0.0919856429147559,-0.309614902084455,-0.135253386174696,"SK_N_SH","No change","No change"
"new_regions_new_batch_samples","new","new_batch","SE_70","11",86717797,86786451,0.164104555589257,0.113455909932393,0.141529920294398,-0.52858796946074,-0.21211512205613,"SK_N_SH","No change","No change"
"new_regions_new_batch_samples","new","new_batch","SE_71","11",86803237,86821251,0.144997912042464,0.123351724482428,0.142917408934332,-0.231521222190192,-0.0207066189734601,"SK_N_SH","No change","No change"
"new_regions_new_batch_samples","new","new_batch","SE_72","11",95983997,96338436,0.151385261377282,0.122301542989931,0.146458316367221,-0.30553251919536,-0.0474161829323594,"SK_N_SH","No change","No change"
"new_regions_new_batch_samples","new","new_batch","SE_73","11",108869497,108930201,0.0618639151977957,0.0571264535294154,0.0647650334516556,-0.113037238672093,0.0650885959056677,"SK_N_SH","No change","No change"
"new_regions_new_batch_samples","new","new_batch","SE_74","11",111517782,111567101,0.258000782795675,0.212365360400555,0.26256884024226,-0.279630482836584,0.0252233631907903,"SK_N_SH","No change","No change"
"new_regions_new_batch_samples","new","new_batch","SE_75","11",111718147,111751501,0.199356866694694,0.174496654025473,0.217392932431276,-0.191128430386757,0.124354213812372,"SK_N_SH","No change","No change"
"new_regions_new_batch_samples","new","new_batch","SE_76","11",118906947,118930051,0.772397635388301,0.588882928513004,0.645168117354562,-0.390781695980078,-0.259300785283913,"SK_N_SH","No change","No change"
"new_regions_new_batch_samples","new","new_batch","SE_77","11",120328847,120348451,0.244520936516299,0.214314241956881,0.227999878871324,-0.189402304250479,-0.100499218736791,"SK_N_SH","No change","No change"
"new_regions_new_batch_samples","new","new_batch","SE_78","11",122155306,122200061,0.116480644622077,0.109193037393204,0.115834453529072,-0.0923900176150622,-0.00795731095522846,"SK_N_SH","No change","No change"
"new_regions_new_batch_samples","new","new_batch","SE_79","12",27541147,27624851,0.0747200042730032,0.0638874274006893,0.0808669953047733,-0.222735523996872,0.112607453831282,"SK_N_SH","No change","No change"
"new_regions_new_batch_samples","new","new_batch","SE_80","12",29277047,29288851,0.209276462777164,0.157077106534729,0.224618872672437,-0.411658926551773,0.101600380471676,"SK_N_SH","No change","No change"
"new_regions_new_batch_samples","new","new_batch","SE_81","12",31482597,31533801,0.120449406132377,0.0935963958078971,0.11636797948479,-0.360498313464921,-0.0493165716313611,"SK_N_SH","No change","No change"
"new_regions_new_batch_samples","new","new_batch","SE_82","12",45212947,45314301,0.189245980319325,0.140623132683757,0.169320825122996,-0.42580903746752,-0.159611127461629,"SK_N_SH","No change","No change"
"new_regions_new_batch_samples","new","new_batch","SE_83","12",49186097,49246251,0.198895371453386,0.179825638548401,0.236901438000875,-0.144645820837064,0.251118925106468,"SK_N_SH","No change","No change"
"new_regions_new_batch_samples","new","new_batch","SE_84","12",49480847,49519451,0.184341639382555,0.132241678598441,0.154407796659267,-0.476141603246106,-0.254128153591741,"SK_N_SH","No change","No change"
"new_regions_new_batch_samples","new","new_batch","SE_85","12",50150597,50219704,0.154415086311886,0.138112390524203,0.178651069885338,-0.159875630317919,0.209070972598448,"SK_N_SH","No change","No change"
"new_regions_new_batch_samples","new","new_batch","SE_86","12",54220147,54286601,0.208823417390802,0.185887921827816,0.250432353608917,-0.167002365454487,0.260994604435383,"SK_N_SH","No change","No change"
"new_regions_new_batch_samples","new","new_batch","SE_87","12",65630447,65674151,0.0482274566905753,0.0513772474617298,0.0573828030760736,0.0894770394646583,0.246080273746584,"SK_N_SH","No change","No change"
"new_regions_new_batch_samples","new","new_batch","SE_88","12",67651729,67693001,0.140991289055698,0.148039918975277,0.162120365273498,0.069896369726972,0.200134485728351,"SK_N_SH","No change","No change"
"new_regions_new_batch_samples","new","new_batch","SE_89","12",68613836,68658601,0.077772568102919,0.0638429702590229,0.0575260155968124,-0.280743132657058,-0.428615245978073,"SK_N_SH","No change","No change"
"new_regions_new_batch_samples","new","new_batch","SE_90","12",69489747,69581721,0.109101453506489,0.0837234959230659,0.109870457170199,-0.377999489582121,0.0100414776477455,"SK_N_SH","No change","No change"
"new_regions_new_batch_samples","new","new_batch","SE_91","12",93395297,93439249,0.089535346769461,0.0723720772924402,0.0932671936594553,-0.303250027558349,0.0582746210727866,"SK_N_SH","No change","No change"
"new_regions_new_batch_samples","new","new_batch","SE_92","12",93766797,93826401,0.096541357210201,0.0896108091922309,0.118012259502801,-0.106330883192446,0.287024242232643,"SK_N_SH","No change","No change"
"new_regions_new_batch_samples","new","new_batch","SE_93","12",95198897,95263201,0.200172665475798,0.166088714483913,0.224562835598211,-0.26781999682728,0.165095093682017,"SK_N_SH","No change","No change"
"new_regions_new_batch_samples","new","new_batch","SE_94","12",96197379,96241451,0.168688612320332,0.172262670830428,0.160791132189568,0.0300711116906616,-0.068757214435005,"SK_N_SH","No change","No change"
"new_regions_new_batch_samples","new","new_batch","SE_95","12",103933497,103987201,0.175641168020507,0.185693337389045,0.233790112815262,0.0798488254373893,0.410550039851111,"SK_N_SH","No change","No change"
"new_regions_new_batch_samples","new","new_batch","SE_96","12",104279847,104337401,0.113427632884984,0.0979818323023484,0.121049369739108,-0.209199833521201,0.093029357547856,"SK_N_SH","No change","No change"
"new_regions_new_batch_samples","new","new_batch","SE_97","12",105307597,105385551,0.126557940605494,0.109698714039339,0.13446569413518,-0.204514248129838,0.0867748331694906,"SK_N_SH","No change","No change"
"new_regions_new_batch_samples","new","new_batch","SE_98","12",106027997,106148601,0.202993253877052,0.143561861872083,0.173392840368338,-0.496834450091915,-0.226180630558563,"SK_N_SH","No change","No change"
"new_regions_new_batch_samples","new","new_batch","SE_99","12",110265747,110341501,0.11590002824715,0.127497930717776,0.132493466099809,0.136469848513901,0.191493851781355,"SK_N_SH","No change","No change"
"new_regions_new_batch_samples","new","new_batch","SE_100","12",116120397,116165351,0.102216066939724,0.086460433630993,0.0951600666312947,-0.238965156251894,-0.102157761883827,"SK_N_SH","No change","No change"
"new_regions_new_batch_samples","new","new_batch","SE_101","12",120224447,120262770,0.459203387525596,0.326503195455417,0.356881104036259,-0.490762620056451,-0.362791231074217,"SK_N_SH","No change","No change"
"new_regions_new_batch_samples","new","new_batch","SE_102","12",121921554,121965951,0.110784776245486,0.066994906225541,0.0987778529731514,-0.717225146303845,-0.163932192905483,"SK_N_SH","Decreased","No change"
"new_regions_new_batch_samples","new","new_batch","SE_103","12",122071347,122131051,0.160626079717736,0.142374543838439,0.186003594655063,-0.172871111607535,0.210405994652532,"SK_N_SH","No change","No change"
"new_regions_new_batch_samples","new","new_batch","SE_104","13",32021847,32064001,0.128213436572245,0.121521608283293,0.149011082982871,-0.0767198902212888,0.215312992574595,"SK_N_SH","No change","No change"
"new_regions_new_batch_samples","new","new_batch","SE_105","13",45177147,45292701,0.0941682625409635,0.077465487485153,0.0953177211536115,-0.278422298630936,0.0173207263240059,"SK_N_SH","No change","No change"
"new_regions_new_batch_samples","new","new_batch","SE_106","13",45479047,45523351,0.0495634876388981,0.0492214513250102,0.0596513563117264,-0.00979225652892917,0.262443930398904,"SK_N_SH","No change","No change"
"new_regions_new_batch_samples","new","new_batch","SE_107","13",49061897,49143101,0.0534319869526339,0.0489803534016101,0.0587896291218744,-0.12309359781548,0.135440561515325,"SK_N_SH","No change","No change"
"new_regions_new_batch_samples","new","new_batch","SE_108","13",99279297,99337501,0.0643946095968637,0.0594391425470467,0.0800924782068511,-0.11368852785073,0.310396381480116,"SK_N_SH","No change","No change"
"new_regions_new_batch_samples","new","new_batch","SE_109","13",114096847,114129619,0.182048921626996,0.156328895346339,0.186896780582336,-0.218445611092829,0.0377110733769153,"SK_N_SH","No change","No change"
"new_regions_new_batch_samples","new","new_batch","SE_110","14",21214097,21266478,0.0832053984500072,0.0642647377737927,0.0986761943550411,-0.36760900712525,0.243336259049198,"SK_N_SH","No change","No change"
"new_regions_new_batch_samples","new","new_batch","SE_111","14",49970047,50024601,0.166313358052,0.138015303462515,0.15031554951523,-0.267308922231978,-0.144992382965726,"SK_N_SH","No change","No change"
"new_regions_new_batch_samples","new","new_batch","SE_112","14",50984347,51025351,0.175406981222292,0.144217181671784,0.219974881775789,-0.28069549710853,0.324974731735229,"SK_N_SH","No change","No change"
"new_regions_new_batch_samples","new","new_batch","SE_113","14",51506647,51556701,0.18740318357123,0.164002134306377,0.244099365929233,-0.191338657428769,0.37954340865125,"SK_N_SH","No change","No change"
"new_regions_new_batch_samples","new","new_batch","SE_114","14",51635547,51730301,0.104030137729266,0.0889606234515835,0.105562053772924,-0.223437794920099,0.0208904334325473,"SK_N_SH","No change","No change"
"new_regions_new_batch_samples","new","new_batch","SE_115","14",55571297,55650451,0.0987391635181268,0.0911805220021108,0.121229846921755,-0.113698166185103,0.293364606614417,"SK_N_SH","No change","No change"
"new_regions_new_batch_samples","new","new_batch","SE_116","14",64917597,64937951,0.0988486498853702,0.0848574927961912,0.108597310243048,-0.217798876306822,0.134397566498805,"SK_N_SH","No change","No change"
"new_regions_new_batch_samples","new","new_batch","SE_117","14",75820597,75887251,0.0979372372490768,0.0825652065622159,0.104443376166221,-0.243611230968809,0.0918829505511478,"SK_N_SH","No change","No change"
"new_regions_new_batch_samples","new","new_batch","SE_118","14",77562347,77613766,0.127613230354955,0.102162698775108,0.158985459445665,-0.318117639171071,0.314901729893648,"SK_N_SH","No change","No change"
"new_regions_new_batch_samples","new","new_batch","SE_119","14",101960747,102056851,0.11500875369173,0.103668505515805,0.102011066796899,-0.148406266801324,-0.171434332222149,"SK_N_SH","No change","No change"
"new_regions_new_batch_samples","new","new_batch","SE_120","14",103388361,103457151,0.0885213058848796,0.0872705756515439,0.104570761685216,-0.0202984754580092,0.237907342117842,"SK_N_SH","No change","No change"
"new_regions_new_batch_samples","new","new_batch","SE_121","15",32769247,33035351,0.069702824778416,0.0610603368371536,0.0743431608528759,-0.188096328721682,0.0917087036353441,"SK_N_SH","No change","No change"
"new_regions_new_batch_samples","new","new_batch","SE_122","15",40992297,41050501,0.0719547282980218,0.065776152613324,0.0961558309285978,-0.127668511035922,0.413299099297034,"SK_N_SH","No change","No change"
"new_regions_new_batch_samples","new","new_batch","SE_123","15",44028097,44164751,0.0811685362295467,0.069997957465571,0.0908085329012503,-0.210808546031386,0.160042180875081,"SK_N_SH","No change","No change"
"new_regions_new_batch_samples","new","new_batch","SE_124","15",48395247,48510951,0.056169142817679,0.0476415688153196,0.0594476521442506,-0.233046898816066,0.0804496456795167,"SK_N_SH","No change","No change"
"new_regions_new_batch_samples","new","new_batch","SE_125","15",48524197,48642787,0.12590766877691,0.0941712023102876,0.132685677877686,-0.415182248914013,0.0750656627438291,"SK_N_SH","No change","No change"
"new_regions_new_batch_samples","new","new_batch","SE_126","15",51835397,51889201,0.12912470334352,0.104188054546599,0.122903898114579,-0.306923997095104,-0.0706732979735367,"SK_N_SH","No change","No change"
"new_regions_new_batch_samples","new","new_batch","SE_127","15",60342847,60472801,0.240881805291686,0.188015545856537,0.243488638362067,-0.355797355874203,0.0154651714786513,"SK_N_SH","No change","No change"
"new_regions_new_batch_samples","new","new_batch","SE_128","15",71651697,71731001,0.173027581787471,0.138367283380289,0.16673024381724,-0.320424051487046,-0.0531731302830584,"SK_N_SH","No change","No change"
"new_regions_new_batch_samples","new","new_batch","SE_129","15",85393797,85445551,0.0682069651676862,0.0637907058970102,0.0691551308943181,-0.0951303656190225,0.0196313795144661,"SK_N_SH","No change","No change"
"new_regions_new_batch_samples","new","new_batch","SE_130","15",90391238,90424151,0.185744969160872,0.158490615896014,0.134927975129492,-0.227597836636497,-0.458226972344733,"SK_N_SH","No change","No change"
"new_regions_new_batch_samples","new","new_batch","SE_131","15",98716247,98765001,0.165922553467589,0.143372881411001,0.171377151944985,-0.209379119285286,0.0463896671119733,"SK_N_SH","No change","No change"
"new_regions_new_batch_samples","new","new_batch","SE_132","15",98841397,98928101,0.20566456473878,0.172906889138201,0.208302577685556,-0.248975956981757,0.0182990377469017,"SK_N_SH","No change","No change"
"new_regions_new_batch_samples","new","new_batch","SE_133","15",101640397,101717901,0.126626171833387,0.0879961598032975,0.123330654018412,-0.520109217606655,-0.0377421675091947,"SK_N_SH","No change","No change"
"new_regions_new_batch_samples","new","new_batch","SE_134","16",9094677,9130401,0.106007395191549,0.126607077146776,0.133380008433452,0.2539978403285,0.328608022401362,"SK_N_SH","No change","No change"
"new_regions_new_batch_samples","new","new_batch","SE_135","16",24970047,25012377,0.163252197235875,0.138279931070885,0.162296737509476,-0.237925275791462,-0.00841670219314032,"SK_N_SH","No change","No change"
"new_regions_new_batch_samples","new","new_batch","SE_136","16",50180847,50235851,0.13428532728646,0.107940956600991,0.139826768531776,-0.312458936121391,0.0579162127081555,"SK_N_SH","No change","No change"
"new_regions_new_batch_samples","new","new_batch","SE_137","16",57167697,57204351,0.22229449238148,0.184126363794714,0.269528439191702,-0.270437303494829,0.276832597612195,"SK_N_SH","No change","No change"
"new_regions_new_batch_samples","new","new_batch","SE_138","16",69431847,69497251,0.128398715454952,0.117230644331975,0.185420884049439,-0.130219278009811,0.526740193168398,"SK_N_SH","No change","No change"
"new_regions_new_batch_samples","new","new_batch","SE_139","16",75231497,75262947,0.534649336214416,0.396255845057356,0.452961930532682,-0.431220399889474,-0.238717529350393,"SK_N_SH","No change","No change"
"new_regions_new_batch_samples","new","new_batch","SE_140","17",667897,706401,0.108697760576682,0.0725690119806377,0.0963195587934797,-0.576363952714514,-0.17273238934227,"SK_N_SH","No change","No change"
"new_regions_new_batch_samples","new","new_batch","SE_141","17",4194597,4257901,0.133994372667121,0.107809684283671,0.128701564972893,-0.311092303696994,-0.0577033816145649,"SK_N_SH","No change","No change"
"new_regions_new_batch_samples","new","new_batch","SE_142","17",16002690,16048251,0.112630231464452,0.0920815339052924,0.137320701199327,-0.287779826270386,0.283670370950171,"SK_N_SH","No change","No change"
"new_regions_new_batch_samples","new","new_batch","SE_143","17",20165097,20227451,0.128817397776579,0.0974736868461695,0.119603535832229,-0.398673563745769,-0.106211537856641,"SK_N_SH","No change","No change"
"new_regions_new_batch_samples","new","new_batch","SE_144","17",31232597,31278401,0.122808477211079,0.0928697916984626,0.135346106757764,-0.399377236776626,0.139163406179246,"SK_N_SH","No change","No change"
"new_regions_new_batch_samples","new","new_batch","SE_145","17",31563897,31604151,0.366498076863723,0.302215346832401,0.37037733746764,-0.277393924867272,0.015149080212771,"SK_N_SH","No change","No change"
"new_regions_new_batch_samples","new","new_batch","SE_146","17",40280547,40348051,0.527558258730323,0.433962879711887,0.520344648144853,-0.281170212279707,-0.0198250789040272,"SK_N_SH","No change","No change"
"new_regions_new_batch_samples","new","new_batch","SE_147","17",45064296,45129532,0.189014371001334,0.161535554717817,0.19903388010936,-0.225353192553813,0.074135837294157,"SK_N_SH","No change","No change"
"new_regions_new_batch_samples","new","new_batch","SE_148","17",45287497,45322351,0.344994281494971,0.26863790177286,0.336519784923815,-0.359724889713398,-0.0357761202159982,"SK_N_SH","No change","No change"
"new_regions_new_batch_samples","new","new_batch","SE_149","17",50026997,50084801,0.476187149607719,0.352883968643146,0.400521537245765,-0.431278785083692,-0.249077817905315,"SK_N_SH","No change","No change"
"new_regions_new_batch_samples","new","new_batch","SE_150","17",59622686,59699401,0.0725212164322515,0.0570459760164838,0.0718875300926748,-0.340964579619342,-0.0124886233932944,"SK_N_SH","No change","No change"
"new_regions_new_batch_samples","new","new_batch","SE_151","17",59745197,59859951,0.256061090800333,0.193673975021513,0.261611793995426,-0.40105122759482,0.0308204517231433,"SK_N_SH","No change","No change"
"new_regions_new_batch_samples","new","new_batch","SE_152","17",64525147,64684501,0.103862805869698,0.0900662636524561,0.11537385802955,-0.203514456172776,0.150263956324642,"SK_N_SH","No change","No change"
"new_regions_new_batch_samples","new","new_batch","SE_153","17",75673497,75708901,0.34189091798928,0.235800207931412,0.279272769545986,-0.534079344928827,-0.290918109413993,"SK_N_SH","No change","No change"
"new_regions_new_batch_samples","new","new_batch","SE_154","18",9105627,9148201,0.195775483658405,0.164124048128952,0.227889765631222,-0.253000240919104,0.21810247110006,"SK_N_SH","No change","No change"
"new_regions_new_batch_samples","new","new_batch","SE_155","18",28027147,28097351,0.0802126749791719,0.0727302655976752,0.0918624900917829,-0.139447954493735,0.193391058567605,"SK_N_SH","No change","No change"
"new_regions_new_batch_samples","new","new_batch","SE_156","18",57727847,57849851,0.124662920912167,0.103658635625246,0.117610877266014,-0.263867663029026,-0.0833227006523427,"SK_N_SH","No change","No change"
"new_regions_new_batch_samples","new","new_batch","SE_157","18",77063747,77109201,0.207936112412326,0.12682576070514,0.164640299804765,-0.708883256953118,-0.335008149575716,"SK_N_SH","Decreased","No change"
"new_regions_new_batch_samples","new","new_batch","SE_158","2",33129797,33170001,0.140959127603148,0.103556515465058,0.128832924806302,-0.441192646961979,-0.128819325541095,"SK_N_SH","No change","No change"
"new_regions_new_batch_samples","new","new_batch","SE_159","2",36338247,36573801,0.162843334785897,0.130628242697444,0.145831211626104,-0.315847911775786,-0.158158312979088,"SK_N_SH","No change","No change"
"new_regions_new_batch_samples","new","new_batch","SE_160","2",55092947,55121751,0.152486942457014,0.123608175590277,0.150124471315949,-0.300717199663079,-0.0223786344538208,"SK_N_SH","No change","No change"
"new_regions_new_batch_samples","new","new_batch","SE_161","2",62709894,62829051,0.0680557788041677,0.0892746398590081,0.108864309948209,0.386558610927064,0.669888740735309,"SK_N_SH","No change","Increased"
"new_regions_new_batch_samples","new","new_batch","SE_162","2",63844877,63896501,0.0938615838118808,0.0644395754493728,0.0926383521725699,-0.535660567323662,-0.0187244094600733,"SK_N_SH","No change","No change"
"new_regions_new_batch_samples","new","new_batch","SE_163","2",68027447,68060026,0.131785574220001,0.1119465959995,0.130762980890231,-0.233457630056503,-0.0111533224806691,"SK_N_SH","No change","No change"
"new_regions_new_batch_samples","new","new_batch","SE_164","2",68166547,68259001,0.0844695934121918,0.0863945121803719,0.103474364708142,0.032131431147683,0.289665821429338,"SK_N_SH","No change","No change"
"new_regions_new_batch_samples","new","new_batch","SE_165","2",69016141,69255351,0.0945853949333958,0.0818625903102281,0.109721921274947,-0.206069276889122,0.212078780198411,"SK_N_SH","No change","No change"
"new_regions_new_batch_samples","new","new_batch","SE_166","2",69754597,69803851,0.180133524280781,0.154657605592327,0.189120296322443,-0.218677515592804,0.0698589696456712,"SK_N_SH","No change","No change"
"new_regions_new_batch_samples","new","new_batch","SE_167","2",70090450,70144501,0.164168686844826,0.14480538153881,0.193778939345586,-0.179896233243324,0.237897490705594,"SK_N_SH","No change","No change"
"new_regions_new_batch_samples","new","new_batch","SE_168","2",75586547,75607951,0.16239318594255,0.12161835694043,0.138210944807152,-0.414172841310185,-0.231075178624278,"SK_N_SH","No change","No change"
"new_regions_new_batch_samples","new","new_batch","SE_169","2",108537352,108599501,0.140379016119604,0.10148070442229,0.1150965127124,-0.464215709598544,-0.28424336966481,"SK_N_SH","No change","No change"
"new_regions_new_batch_samples","new","new_batch","SE_170","2",117930197,118011162,0.13015839913025,0.128228933188116,0.156400913712828,-0.0213810854077691,0.263133717757462,"SK_N_SH","No change","No change"
"new_regions_new_batch_samples","new","new_batch","SE_171","2",138018897,138053301,0.0987904204909267,0.0921904317504789,0.124671131168975,-0.0987194938749106,0.332680041864458,"SK_N_SH","No change","No change"
"new_regions_new_batch_samples","new","new_batch","SE_172","2",160204397,160252901,0.228337860691352,0.172020255359737,0.226671504230689,-0.406533601681959,-0.0105208122223198,"SK_N_SH","No change","No change"
"new_regions_new_batch_samples","new","new_batch","SE_173","2",177215723,177276301,0.180996629304105,0.159434646210974,0.191869066756775,-0.18192600244979,0.0837100447391107,"SK_N_SH","No change","No change"
"new_regions_new_batch_samples","new","new_batch","SE_174","2",189075647,189176878,0.0812568023730301,0.0711515708336239,0.0904192587750206,-0.189104185614125,0.152363131633737,"SK_N_SH","No change","No change"
"new_regions_new_batch_samples","new","new_batch","SE_175","2",189203447,189299101,0.115911681617496,0.0918061758515877,0.0952015484648098,-0.333126369914265,-0.281287067735724,"SK_N_SH","No change","No change"
"new_regions_new_batch_samples","new","new_batch","SE_176","2",189366697,189413601,0.114721539777404,0.0903589519335321,0.123155342333775,-0.341039419476009,0.101488916356592,"SK_N_SH","No change","No change"
"new_regions_new_batch_samples","new","new_batch","SE_177","2",190883818,190963751,0.0964929127680675,0.0841308223628186,0.0894604251543789,-0.195615779266704,-0.108010569686834,"SK_N_SH","No change","No change"
"new_regions_new_batch_samples","new","new_batch","SE_178","2",201627947,201656951,0.206256193620566,0.189471093629413,0.217966333850049,-0.121843148384736,0.0792938563125908,"SK_N_SH","No change","No change"
"new_regions_new_batch_samples","new","new_batch","SE_179","2",207219697,207261451,0.195338695557186,0.136008930322176,0.161125543419121,-0.519074603490464,-0.276233125277089,"SK_N_SH","No change","No change"
"new_regions_new_batch_samples","new","new_batch","SE_180","2",216443447,216512801,0.139379504192357,0.116422974800995,0.147296177490038,-0.257617601842707,0.0791490976643484,"SK_N_SH","No change","No change"
"new_regions_new_batch_samples","new","new_batch","SE_181","2",222904597,223003801,0.104895953041048,0.0890436977298215,0.122197758577425,-0.233950247054907,0.218328552500629,"SK_N_SH","No change","No change"
"new_regions_new_batch_samples","new","new_batch","SE_182","2",223026197,223111101,0.164696443641184,0.119521126575347,0.174500048038619,-0.459256574439072,0.0829287872422203,"SK_N_SH","No change","No change"
"new_regions_new_batch_samples","new","new_batch","SE_183","2",233402297,233502201,0.131865226374128,0.100866105931478,0.123312653838514,-0.383289469190295,-0.0959904139488821,"SK_N_SH","No change","No change"
"new_regions_new_batch_samples","new","new_batch","SE_184","2",234240697,234260551,0.162876390606404,0.121411354602903,0.146828572870496,-0.420870637384795,-0.148682876743677,"SK_N_SH","No change","No change"
"new_regions_new_batch_samples","new","new_batch","SE_185","20",31652097,31718505,0.137698429434917,0.102832290127085,0.127257401579209,-0.417696283458161,-0.11290936684003,"SK_N_SH","No change","No change"
"new_regions_new_batch_samples","new","new_batch","SE_186","20",35301597,35345051,0.210236566509387,0.163883680670068,0.181205181771947,-0.357410981413174,-0.21329560796117,"SK_N_SH","No change","No change"
"new_regions_new_batch_samples","new","new_batch","SE_187","20",35854497,35904351,0.236027071584782,0.166219445357411,0.252818614633275,-0.50330922006107,0.0987460347689039,"SK_N_SH","No change","No change"
"new_regions_new_batch_samples","new","new_batch","SE_188","20",45013747,45105201,0.145516086220461,0.120403785077862,0.165497134222611,-0.271245666937521,0.184438276602525,"SK_N_SH","No change","No change"
"new_regions_new_batch_samples","new","new_batch","SE_189","20",50894997,50936551,0.138038903974553,0.124547010543448,0.141641050336107,-0.147260938378546,0.0369006166528201,"SK_N_SH","No change","No change"
"new_regions_new_batch_samples","new","new_batch","SE_190","20",53734697,53754501,0.198840221498373,0.178401391154677,0.233217225479269,-0.155655903538486,0.229000201474162,"SK_N_SH","No change","No change"
"new_regions_new_batch_samples","new","new_batch","SE_191","20",53770647,53846251,0.133971105532631,0.106652428042916,0.138097202727514,-0.32626973065963,0.0434428175404239,"SK_N_SH","No change","No change"
"new_regions_new_batch_samples","new","new_batch","SE_192","20",58235547,58296451,0.132795944600861,0.114255474784203,0.13781703913279,-0.215199105916603,0.0531502746747337,"SK_N_SH","No change","No change"
"new_regions_new_batch_samples","new","new_batch","SE_193","21",25306247,25344901,0.0568951037065388,0.0527175174263711,0.0705471293872104,-0.108048710392716,0.305452542276677,"SK_N_SH","No change","No change"
"new_regions_new_batch_samples","new","new_batch","SE_194","21",29148556,29233751,0.114755679424558,0.101837375868523,0.130225797552798,-0.170718277379301,0.180968386401669,"SK_N_SH","No change","No change"
"new_regions_new_batch_samples","new","new_batch","SE_195","21",29308201,29352601,0.114549977494358,0.0921965564013055,0.101173854319616,-0.310168425199225,-0.177490912372395,"SK_N_SH","No change","No change"
"new_regions_new_batch_samples","new","new_batch","SE_196","22",24282697,24339106,0.114958288737423,0.0985633515318986,0.140737297548647,-0.219919247306438,0.289613499096032,"SK_N_SH","No change","No change"
"new_regions_new_batch_samples","new","new_batch","SE_197","22",31207297,31254601,0.224481782693886,0.19397062524212,0.20748822846133,-0.209754098472387,-0.113044949429315,"SK_N_SH","No change","No change"
"new_regions_new_batch_samples","new","new_batch","SE_198","22",31583547,31662751,0.172938308716137,0.13425275967944,0.184172243594251,-0.362917680388465,0.0902921506353112,"SK_N_SH","No change","No change"
"new_regions_new_batch_samples","new","new_batch","SE_199","22",36295897,36399251,0.229252696457819,0.162124505190839,0.207658948135646,-0.497244526089282,-0.142071261120927,"SK_N_SH","No change","No change"
"new_regions_new_batch_samples","new","new_batch","SE_200","22",40466438,40543951,0.08779006074328,0.0694176104230212,0.0799162757874413,-0.33446191765974,-0.133968268095037,"SK_N_SH","No change","No change"
"new_regions_new_batch_samples","new","new_batch","SE_201","22",42905297,43018201,0.0936101979400932,0.0781805407760839,0.103142338846683,-0.256849778107707,0.138489108762724,"SK_N_SH","No change","No change"
"new_regions_new_batch_samples","new","new_batch","SE_202","3",15629947,15648901,0.26202911023303,0.185719444544358,0.233388952104758,-0.494350301394776,-0.166317905705054,"SK_N_SH","No change","No change"
"new_regions_new_batch_samples","new","new_batch","SE_203","3",30333897,30359151,0.100221555077776,0.0969733111864851,0.102942961301785,-0.0470558391907368,0.0382755227145287,"SK_N_SH","No change","No change"
"new_regions_new_batch_samples","new","new_batch","SE_204","3",48011697,48086278,0.109628481686398,0.134260185295681,0.157483274484338,0.290014375015524,0.518607733492585,"SK_N_SH","No change","No change"
"new_regions_new_batch_samples","new","new_batch","SE_205","3",57998247,58175901,0.137574066222267,0.125828044533985,0.153612030275177,-0.12778349301094,0.157995292825809,"SK_N_SH","No change","No change"
"new_regions_new_batch_samples","new","new_batch","SE_206","3",71487847,71554851,0.12186248728797,0.0930586203174228,0.115010709643079,-0.385412419788976,-0.0827865000141229,"SK_N_SH","No change","No change"
"new_regions_new_batch_samples","new","new_batch","SE_207","3",81722147,81765851,0.184920906830602,0.130820224354782,0.154572973795718,-0.496117279599431,-0.257097554143396,"SK_N_SH","No change","No change"
"new_regions_new_batch_samples","new","new_batch","SE_208","3",98877097,98924851,0.181510699100437,0.153553388421415,0.198007841579689,-0.239875755687293,0.124844239125759,"SK_N_SH","No change","No change"
"new_regions_new_batch_samples","new","new_batch","SE_209","3",99842697,99936151,0.10669062931446,0.0849331903502032,0.101414012357505,-0.325605356931067,-0.0724796000325863,"SK_N_SH","No change","No change"
"new_regions_new_batch_samples","new","new_batch","SE_210","3",100001947,100049201,0.0955885354556268,0.0849782391673005,0.0886445992666013,-0.16788039475381,-0.107635289982726,"SK_N_SH","No change","No change"
"new_regions_new_batch_samples","new","new_batch","SE_211","3",107192747,107250501,0.200801322604634,0.164996139147401,0.213666418003175,-0.281785943122796,0.0891608865529473,"SK_N_SH","No change","No change"
"new_regions_new_batch_samples","new","new_batch","SE_212","3",111845697,111975874,0.124224663337295,0.102318473950879,0.143286722533211,-0.277420493331424,0.204419814154612,"SK_N_SH","No change","No change"
"new_regions_new_batch_samples","new","new_batch","SE_213","3",112604967,112699901,0.192209024018078,0.141670894027544,0.177142268205945,-0.437471434424485,-0.117132609775526,"SK_N_SH","No change","No change"
"new_regions_new_batch_samples","new","new_batch","SE_214","3",120403647,120448070,0.237906346610522,0.207737972843189,0.257569598756513,-0.194752105739435,0.11410748079975,"SK_N_SH","No change","No change"
"new_regions_new_batch_samples","new","new_batch","SE_215","3",123595047,123881301,0.134244125406894,0.113937634402255,0.141639465965853,-0.234714667479454,0.0768072775842247,"SK_N_SH","No change","No change"
"new_regions_new_batch_samples","new","new_batch","SE_216","3",128758647,128806351,0.0780543751130573,0.0807446071672886,0.102420844896359,0.0482782486817568,0.387609782974922,"SK_N_SH","No change","No change"
"new_regions_new_batch_samples","new","new_batch","SE_217","3",134457097,134482731,0.221292753892283,0.166368633666816,0.157022645604679,-0.409431741740957,-0.492329601223408,"SK_N_SH","No change","No change"
"new_regions_new_batch_samples","new","new_batch","SE_218","3",136136147,136186501,0.0545463941871555,0.0457690867247464,0.054595478991465,-0.248138004566636,0.00127430654782305,"SK_N_SH","No change","No change"
"new_regions_new_batch_samples","new","new_batch","SE_219","3",149369097,149408351,0.121555428638925,0.103852331211286,0.131100708516691,-0.225075452706454,0.108203814099736,"SK_N_SH","No change","No change"
"new_regions_new_batch_samples","new","new_batch","SE_220","3",152272624,152467151,0.0796932665308077,0.0672943964144498,0.0925284720085514,-0.240681082885369,0.212957325695596,"SK_N_SH","No change","No change"
"new_regions_new_batch_samples","new","new_batch","SE_221","3",156531797,156559251,0.18155976681116,0.150725189880543,0.171719646230441,-0.266908227826812,-0.0799366604397135,"SK_N_SH","No change","No change"
"new_regions_new_batch_samples","new","new_batch","SE_222","3",160394797,160446837,0.0862120111097426,0.0916393314230801,0.0906550251291359,0.087098000313066,0.0716871397911524,"SK_N_SH","No change","No change"
"new_regions_new_batch_samples","new","new_batch","SE_223","3",170688547,170768951,0.0944134262773638,0.073104967114545,0.0982764979004982,-0.364622045158121,0.0572599315134088,"SK_N_SH","No change","No change"
"new_regions_new_batch_samples","new","new_batch","SE_224","3",171256147,171331701,0.0888039761039928,0.0827944926563143,0.0958170225748435,-0.0999238954743232,0.108481405279757,"SK_N_SH","No change","No change"
"new_regions_new_batch_samples","new","new_batch","SE_225","3",171343347,171428051,0.0842852290658904,0.0809821347716474,0.0963709208984875,-0.0569863388256719,0.191195090176138,"SK_N_SH","No change","No change"
"new_regions_new_batch_samples","new","new_batch","SE_226","3",172044197,172186201,0.120989484016108,0.105196471616907,0.129471228701915,-0.200020953713168,0.0969749141235212,"SK_N_SH","No change","No change"
"new_regions_new_batch_samples","new","new_batch","SE_227","3",172243397,172368751,0.0998271811404083,0.0925197529496362,0.108221061330892,-0.108541591298904,0.115366465924286,"SK_N_SH","No change","No change"
"new_regions_new_batch_samples","new","new_batch","SE_228","3",172753682,172817751,0.125419509396522,0.098604747590296,0.130599668740887,-0.343932707159933,0.0579367363148762,"SK_N_SH","No change","No change"
"new_regions_new_batch_samples","new","new_batch","SE_229","3",179580247,179618651,0.179486004027961,0.15420767679358,0.202153055150643,-0.217687049136352,0.17068009475348,"SK_N_SH","No change","No change"
"new_regions_new_batch_samples","new","new_batch","SE_230","3",188185397,188301151,0.0928147791900699,0.0777931073737674,0.0783362812977169,-0.251745785014218,-0.241834440701636,"SK_N_SH","No change","No change"
"new_regions_new_batch_samples","new","new_batch","SE_231","3",192851647,192915160,0.193860551836977,0.15850338573494,0.170138065217787,-0.288855008571125,-0.187281371019692,"SK_N_SH","No change","No change"
"new_regions_new_batch_samples","new","new_batch","SE_232","3",194552997,194599901,0.225990833041367,0.211634504227728,0.289718032004625,-0.0942583137029586,0.356986522620705,"SK_N_SH","No change","No change"
"new_regions_new_batch_samples","new","new_batch","SE_233","3",196742854,196810951,0.112521475325276,0.0916798126161946,0.148987867617765,-0.29263821148105,0.401880563250621,"SK_N_SH","No change","No change"
"new_regions_new_batch_samples","new","new_batch","SE_234","4",24526247,24572351,0.0523783596405757,0.0499629567654822,0.0595176236132629,-0.0668059887869756,0.18110036638267,"SK_N_SH","No change","No change"
"new_regions_new_batch_samples","new","new_batch","SE_235","4",41119997,41209951,0.124541871147938,0.0941427107164914,0.0948829089956944,-0.400003582040238,-0.388823032196439,"SK_N_SH","No change","No change"
"new_regions_new_batch_samples","new","new_batch","SE_236","4",69746947,69803551,0.138214002380016,0.10358122448484,0.141143249175154,-0.412680460064037,0.0300412553753007,"SK_N_SH","No change","No change"
"new_regions_new_batch_samples","new","new_batch","SE_237","4",76579197,76609551,0.155230415351977,0.113433835042368,0.149534030375914,-0.449161666768648,-0.0535856827693711,"SK_N_SH","No change","No change"
"new_regions_new_batch_samples","new","new_batch","SE_238","4",76943147,77072971,0.104401665389483,0.0929159935188703,0.0962568472163193,-0.166454893206527,-0.11602593285118,"SK_N_SH","No change","No change"
"new_regions_new_batch_samples","new","new_batch","SE_239","4",79996847,80070322,0.0858485945347687,0.0895712025525572,0.0977435593755816,0.0605499108950547,0.185184148271637,"SK_N_SH","No change","No change"
"new_regions_new_batch_samples","new","new_batch","SE_240","4",88010644,88041951,0.106393075050916,0.0924814148805916,0.124584130168311,-0.200149492877986,0.225753196999433,"SK_N_SH","No change","No change"
"new_regions_new_batch_samples","new","new_batch","SE_241","4",88586847,88641951,0.170364461294658,0.127930790887878,0.154498143381079,-0.410471099539091,-0.140170589799206,"SK_N_SH","No change","No change"
"new_regions_new_batch_samples","new","new_batch","SE_242","4",94507447,94596301,0.0686313072171927,0.0675606540769232,0.076419983337175,-0.0223552349645862,0.152969889158538,"SK_N_SH","No change","No change"
"new_regions_new_batch_samples","new","new_batch","SE_243","4",102787947,102822859,0.0529111576580191,0.0580139313206117,0.125370901715579,0.130471679771685,1.2290085107783,"SK_N_SH","No change","Increased"
"new_regions_new_batch_samples","new","new_batch","SE_244","4",112883597,112910451,0.0962499969468752,0.0931164675309331,0.132651449291252,-0.0472510318345496,0.458705372061646,"SK_N_SH","No change","No change"
"new_regions_new_batch_samples","new","new_batch","SE_245","4",113435197,113476701,0.139528938807883,0.118051153421931,0.167430753598621,-0.239285653816481,0.261288330683785,"SK_N_SH","No change","No change"
"new_regions_new_batch_samples","new","new_batch","SE_246","4",113897397,113976721,0.0868026245705531,0.0771799478550555,0.0862185714029816,-0.167465442656463,-0.0096287050437979,"SK_N_SH","No change","No change"
"new_regions_new_batch_samples","new","new_batch","SE_247","4",114224047,114284551,0.125707700221709,0.0916725004457835,0.105653426477365,-0.451290998495168,-0.248573885744011,"SK_N_SH","No change","No change"
"new_regions_new_batch_samples","new","new_batch","SE_248","4",114316247,114367701,0.0613298412258738,0.0613428147607238,0.0920149871695352,0.000300255967282894,0.577540153454872,"SK_N_SH","No change","No change"
"new_regions_new_batch_samples","new","new_batch","SE_249","4",122757697,122799301,0.132041228420467,0.0966283590283385,0.121284699766433,-0.446501207767525,-0.121629489268904,"SK_N_SH","No change","No change"
"new_regions_new_batch_samples","new","new_batch","SE_250","4",122829705,122915251,0.0736138308433825,0.0590359948736191,0.0764899501550229,-0.313615346439653,0.0545661347572829,"SK_N_SH","No change","No change"
"new_regions_new_batch_samples","new","new_batch","SE_251","4",137509247,137529497,0.186582756974614,0.126084164757128,0.162028697210134,-0.561742942773837,-0.202401280257043,"SK_N_SH","No change","No change"
"new_regions_new_batch_samples","new","new_batch","SE_252","4",159262097,159310151,0.0867518241939886,0.0836874805149224,0.106354299655267,-0.0512804072069765,0.290878952108113,"SK_N_SH","No change","No change"
"new_regions_new_batch_samples","new","new_batch","SE_253","4",169200697,169268097,0.149871461011354,0.121527679867394,0.122322489009795,-0.300212229074845,-0.290884017438381,"SK_N_SH","No change","No change"
"new_regions_new_batch_samples","new","new_batch","SE_254","4",185180697,185403601,0.125235809869796,0.114417636639739,0.144148344712705,-0.129257529112645,0.201406895355306,"SK_N_SH","No change","No change"
"new_regions_new_batch_samples","new","new_batch","SE_255","5",9324147,9372201,0.103068656887797,0.0781888655583157,0.0962342847899567,-0.394166129247921,-0.0979986244876319,"SK_N_SH","No change","No change"
"new_regions_new_batch_samples","new","new_batch","SE_256","5",9426847,9508331,0.0805744087222964,0.084496821291234,0.102581008032572,0.0677541574232512,0.344570973362649,"SK_N_SH","No change","No change"
"new_regions_new_batch_samples","new","new_batch","SE_257","5",17220558,17262401,0.0925122655471826,0.0776857980779482,0.093240933279736,-0.249052340049996,0.0111982177539454,"SK_N_SH","No change","No change"
"new_regions_new_batch_samples","new","new_batch","SE_258","5",52994197,53046301,0.0828423239744452,0.0900787078044479,0.0971282305404339,0.119435116507288,0.226989538916081,"SK_N_SH","No change","No change"
"new_regions_new_batch_samples","new","new_batch","SE_259","5",61350847,61505451,0.107605455359867,0.0956122656203858,0.11483485233956,-0.168818306677597,0.0929728231269299,"SK_N_SH","No change","No change"
"new_regions_new_batch_samples","new","new_batch","SE_260","5",65100547,65248151,0.0647440487758742,0.052429828350439,0.0624759130138836,-0.299214923620157,-0.0506510647520649,"SK_N_SH","No change","No change"
"new_regions_new_batch_samples","new","new_batch","SE_261","5",69237792,69296951,0.0742902189138103,0.0645829958779619,0.0963049486636728,-0.199140647419529,0.370050724405066,"SK_N_SH","No change","No change"
"new_regions_new_batch_samples","new","new_batch","SE_262","5",76488247,76543601,0.159500372755783,0.118155184620807,0.157150163621132,-0.429734921234697,-0.0212815994947864,"SK_N_SH","No change","No change"
"new_regions_new_batch_samples","new","new_batch","SE_263","5",95710247,95802001,0.143323584517392,0.118622034900059,0.149508244876463,-0.270823911165006,0.0605354444246709,"SK_N_SH","No change","No change"
"new_regions_new_batch_samples","new","new_batch","SE_264","5",120599047,120624601,0.0919778341609641,0.0654448363512898,0.0698316711156795,-0.484729732663674,-0.392492240033868,"SK_N_SH","No change","No change"
"new_regions_new_batch_samples","new","new_batch","SE_265","5",122140947,122184251,0.101243544487967,0.0899399723420731,0.0958424766897471,-0.169023285906118,-0.0782978753249704,"SK_N_SH","No change","No change"
"new_regions_new_batch_samples","new","new_batch","SE_266","5",131504497,131547351,0.0879637424129511,0.0783007028000522,0.0866975742322077,-0.165883826961485,-0.0206805413810445,"SK_N_SH","No change","No change"
"new_regions_new_batch_samples","new","new_batch","SE_267","5",140280247,140343602,0.184304958427882,0.130628813119973,0.146770837256537,-0.493426160905782,-0.326539905748519,"SK_N_SH","No change","No change"
"new_regions_new_batch_samples","new","new_batch","SE_268","5",147471147,147507055,0.177933945475706,0.164816706880202,0.251974781754212,-0.109837733308897,0.499566468078912,"SK_N_SH","No change","No change"
"new_regions_new_batch_samples","new","new_batch","SE_269","5",150008297,150066101,0.141338861848154,0.115525118994606,0.137856979008484,-0.288688619085147,-0.0357299158113851,"SK_N_SH","No change","No change"
"new_regions_new_batch_samples","new","new_batch","SE_270","5",151658897,151703801,0.263514162099705,0.219404218882909,0.266712849844479,-0.263193126739866,0.017341421634038,"SK_N_SH","No change","No change"
"new_regions_new_batch_samples","new","new_batch","SE_271","5",154193732,154320951,0.13115473166724,0.111825217568597,0.121692105667254,-0.228138519548254,-0.107185654955045,"SK_N_SH","No change","No change"
"new_regions_new_batch_samples","new","new_batch","SE_272","5",154342197,154376051,0.137962037724961,0.107594214013257,0.132755293581118,-0.355743577604907,-0.0550948252240878,"SK_N_SH","No change","No change"
"new_regions_new_batch_samples","new","new_batch","SE_273","5",157495447,157572822,0.123884811589459,0.10693209604498,0.115792147030194,-0.210474081408489,-0.096654755649048,"SK_N_SH","No change","No change"
"new_regions_new_batch_samples","new","new_batch","SE_274","5",169548297,169606201,0.163019363315366,0.115320745937978,0.154020988901538,-0.495757716274904,-0.081402581462337,"SK_N_SH","No change","No change"
"new_regions_new_batch_samples","new","new_batch","SE_275","6",11160047,11236601,0.182681695330972,0.147918996833225,0.173842786729133,-0.302680059989754,-0.071149585069016,"SK_N_SH","No change","No change"
"new_regions_new_batch_samples","new","new_batch","SE_276","6",16657547,16771001,0.126697956432401,0.11500084973171,0.1263144698577,-0.138600064132593,-0.00433904029432397,"SK_N_SH","No change","No change"
"new_regions_new_batch_samples","new","new_batch","SE_277","6",30724546,30794251,0.238589166767445,0.178455677282638,0.23838853548494,-0.416935111730565,-0.00120861481394145,"SK_N_SH","No change","No change"
"new_regions_new_batch_samples","new","new_batch","SE_278","6",34629397,34684901,0.0933872348222282,0.0866497955829369,0.12352371065904,-0.106841032577847,0.399756809140777,"SK_N_SH","No change","No change"
"new_regions_new_batch_samples","new","new_batch","SE_279","6",37101147,37145951,0.294033284539644,0.236065858651365,0.303437282750948,-0.315589816882861,0.0452673254907389,"SK_N_SH","No change","No change"
"new_regions_new_batch_samples","new","new_batch","SE_280","6",42182047,42231451,0.266135792044123,0.213788821094664,0.249497605077352,-0.314654378907338,-0.0927764772673903,"SK_N_SH","No change","No change"
"new_regions_new_batch_samples","new","new_batch","SE_281","6",44654997,44669401,0.43156529045207,0.246494076991247,0.262848956235399,-0.805523907255043,-0.713205630036046,"SK_N_SH","Decreased","Decreased"
"new_regions_new_batch_samples","new","new_batch","SE_282","6",56638797,56774401,0.0832644189773689,0.0742330447434275,0.0809403213939476,-0.163557096795206,-0.0403500238993907,"SK_N_SH","No change","No change"
"new_regions_new_batch_samples","new","new_batch","SE_283","6",56795347,56840664,0.103375503849146,0.0792066620894669,0.101533008841804,-0.37998918263522,-0.0256947250736088,"SK_N_SH","No change","No change"
"new_regions_new_batch_samples","new","new_batch","SE_284","6",104995247,105073801,0.0758799816459624,0.0733461756442065,0.0987746982506186,-0.0483494595118638,0.376066018901403,"SK_N_SH","No change","No change"
"new_regions_new_batch_samples","new","new_batch","SE_285","6",113344347,113414701,0.121955534713152,0.0946449089817903,0.115025891883862,-0.362376594296178,-0.0836898903263714,"SK_N_SH","No change","No change"
"new_regions_new_batch_samples","new","new_batch","SE_286","6",129625997,129718001,0.115649151521015,0.0960839438011133,0.11686203794672,-0.264871192730508,0.014923303557275,"SK_N_SH","No change","No change"
"new_regions_new_batch_samples","new","new_batch","SE_287","6",140041947,140079801,0.119665244637759,0.0948935222270494,0.116006512619954,-0.331504927550687,-0.0444213617465536,"SK_N_SH","No change","No change"
"new_regions_new_batch_samples","new","new_batch","SE_288","6",142353347,142419951,0.122836121368434,0.101912495435855,0.116690285380616,-0.267014029007967,-0.0734369515485638,"SK_N_SH","No change","No change"
"new_regions_new_batch_samples","new","new_batch","SE_289","6",150853797,150900301,0.225152100993997,0.197127012085607,0.254242024612387,-0.190867812264951,0.174572483889433,"SK_N_SH","No change","No change"
"new_regions_new_batch_samples","new","new_batch","SE_290","6",151242996,151296801,0.113114669450853,0.100317689012932,0.104546452419393,-0.171598186470179,-0.112606173849792,"SK_N_SH","No change","No change"
"new_regions_new_batch_samples","new","new_batch","SE_291","6",152704947,152760451,0.0601248072734266,0.0607844122966276,0.0709809313369699,0.0154848925896104,0.235856757674228,"SK_N_SH","No change","No change"
"new_regions_new_batch_samples","new","new_batch","SE_292","6",157984853,158087051,0.214448889865769,0.169479457557326,0.203858923000665,-0.337747756975506,-0.0727149313778351,"SK_N_SH","No change","No change"
"new_regions_new_batch_samples","new","new_batch","SE_293","7",6226047,6284751,0.240878454293492,0.177118814809623,0.211282781211191,-0.441442347363251,-0.18829490931902,"SK_N_SH","No change","No change"
"new_regions_new_batch_samples","new","new_batch","SE_294","7",23426597,23479601,0.277201611939221,0.250976013546664,0.312190310000932,-0.142844373866096,0.170908797755462,"SK_N_SH","No change","No change"
"new_regions_new_batch_samples","new","new_batch","SE_295","7",80824647,80911651,0.099636729645406,0.0887262832207183,0.0880555388790125,-0.165554389355124,-0.176379696585849,"SK_N_SH","No change","No change"
"new_regions_new_batch_samples","new","new_batch","SE_296","7",101092897,101141301,0.371825506219351,0.268367351470186,0.306637230489182,-0.468925562588417,-0.277270452977074,"SK_N_SH","No change","No change"
"new_regions_new_batch_samples","new","new_batch","SE_297","7",102834447,102897801,0.17200100841133,0.130735432199948,0.126497487230465,-0.393137015225668,-0.44031163308425,"SK_N_SH","No change","No change"
"new_regions_new_batch_samples","new","new_batch","SE_298","7",130352297,130375251,0.413330167841384,0.235616070223967,0.356687867664229,-0.80823280803226,-0.21207968366702,"SK_N_SH","Decreased","No change"
"new_regions_new_batch_samples","new","new_batch","SE_299","7",130838297,131040951,0.165121360389004,0.128457825193289,0.154177101572379,-0.359755418479833,-0.0983219067843872,"SK_N_SH","No change","No change"
"new_regions_new_batch_samples","new","new_batch","SE_300","7",134689347,134969601,0.1473749156287,0.119608967591403,0.148534053658087,-0.298910030133032,0.0112268598679194,"SK_N_SH","No change","No change"
"new_regions_new_batch_samples","new","new_batch","SE_301","8",13075347,13130299,0.100851735865978,0.0729508116317042,0.0965557720046907,-0.46183268193955,-0.0621714292007817,"SK_N_SH","No change","No change"
"new_regions_new_batch_samples","new","new_batch","SE_302","8",25178147,25216001,0.202058619999184,0.156300335967501,0.184020133222851,-0.368374519994001,-0.134214003959941,"SK_N_SH","No change","No change"
"new_regions_new_batch_samples","new","new_batch","SE_303","8",32672597,32785351,0.0738814534827188,0.0700729822753073,0.094855214364337,-0.0753072014246726,0.356248475687118,"SK_N_SH","No change","No change"
"new_regions_new_batch_samples","new","new_batch","SE_304","8",38891897,38939851,0.263925637790506,0.182887589405765,0.240306611428276,-0.526763349778968,-0.134720021452666,"SK_N_SH","No change","No change"
"new_regions_new_batch_samples","new","new_batch","SE_305","8",38999983,39046151,0.158552154911535,0.144652851205619,0.162029220251892,-0.131494150773388,0.0311024727186864,"SK_N_SH","No change","No change"
"new_regions_new_batch_samples","new","new_batch","SE_306","8",40148697,40220751,0.152536405475196,0.115144931825921,0.126015512873853,-0.402654576721162,-0.273576068449615,"SK_N_SH","No change","No change"
"new_regions_new_batch_samples","new","new_batch","SE_307","8",53942447,53966801,0.105735577800536,0.0796286915111629,0.0852755837266815,-0.404675930343002,-0.307016910020356,"SK_N_SH","No change","No change"
"new_regions_new_batch_samples","new","new_batch","SE_308","8",58800197,58896151,0.0901234852656742,0.0714576337136189,0.0837788732030851,-0.330685236176082,-0.1041181362541,"SK_N_SH","No change","No change"
"new_regions_new_batch_samples","new","new_batch","SE_309","8",66505597,66563401,0.203297171409411,0.135044889984497,0.148145676555757,-0.586586461234118,-0.453947072072103,"SK_N_SH","Decreased","No change"
"new_regions_new_batch_samples","new","new_batch","SE_310","8",73542447,73633701,0.10320445969666,0.0804355704931003,0.0989832897235309,-0.355686026296504,-0.059658121240494,"SK_N_SH","No change","No change"
"new_regions_new_batch_samples","new","new_batch","SE_311","8",88101447,88148651,0.0627701548025472,0.0493551623229317,0.0656458641595242,-0.34074169497584,0.0636339654521617,"SK_N_SH","No change","No change"
"new_regions_new_batch_samples","new","new_batch","SE_312","8",97879097,97953601,0.142769534794555,0.105052767224715,0.120892265322504,-0.438975731195158,-0.238151414054777,"SK_N_SH","No change","No change"
"new_regions_new_batch_samples","new","new_batch","SE_313","8",100898947,100947570,0.136046868486854,0.111398663319539,0.132965629646936,-0.286044484365684,-0.0328064541359128,"SK_N_SH","No change","No change"
"new_regions_new_batch_samples","new","new_batch","SE_314","8",101125247,101202731,0.140242708957114,0.119454342755313,0.14970308978616,-0.229689988392489,0.0935325994871096,"SK_N_SH","No change","No change"
"new_regions_new_batch_samples","new","new_batch","SE_315","8",117825897,118120901,0.100159977677018,0.0842151918427489,0.0960628516289745,-0.247456067035235,-0.0596474726899961,"SK_N_SH","No change","No change"
"new_regions_new_batch_samples","new","new_batch","SE_316","8",140763497,140845851,0.0851721271562535,0.0741571068298158,0.0875607465225369,-0.197311765869306,0.0394460861627499,"SK_N_SH","No change","No change"
"new_regions_new_batch_samples","new","new_batch","SE_317","9",2800697,2841129,0.134930825294595,0.0890454876647672,0.142894681669537,-0.594146768824622,0.0821406152902684,"SK_N_SH","Decreased","No change"
"new_regions_new_batch_samples","new","new_batch","SE_318","9",12778010,12835101,0.12703996127256,0.134382616280073,0.146252041888149,0.0804483568201068,0.201693493865416,"SK_N_SH","No change","No change"
"new_regions_new_batch_samples","new","new_batch","SE_319","9",16499797,16547801,0.126709061018223,0.0998944256985234,0.132845256303299,-0.340014419169681,0.0677051198254709,"SK_N_SH","No change","No change"
"new_regions_new_batch_samples","new","new_batch","SE_320","9",16670397,16728801,0.165274655425186,0.142672158219155,0.175610579073823,-0.210787767704844,0.0870034826265022,"SK_N_SH","No change","No change"
"new_regions_new_batch_samples","new","new_batch","SE_321","9",33271497,33355551,0.162920971139803,0.127255106886467,0.17729273248363,-0.353984164161811,0.121247460800899,"SK_N_SH","No change","No change"
"new_regions_new_batch_samples","new","new_batch","SE_322","9",35507297,35534101,0.28532093634692,0.156237700582036,0.252493696871467,-0.864685995580989,-0.175683291859485,"SK_N_SH","Decreased","No change"
"new_regions_new_batch_samples","new","new_batch","SE_323","9",36089347,36114801,0.22761299625179,0.166280400285113,0.201190436973249,-0.450639001323258,-0.177192657066985,"SK_N_SH","No change","No change"
"new_regions_new_batch_samples","new","new_batch","SE_324","9",37921497,37979401,0.227192224021162,0.152856791562548,0.172227497846088,-0.568661501879793,-0.397581671287688,"SK_N_SH","No change","No change"
"new_regions_new_batch_samples","new","new_batch","SE_325","9",37992697,38066212,0.223460076323322,0.177432832778257,0.201692595731075,-0.331077757517613,-0.147165473513785,"SK_N_SH","No change","No change"
"new_regions_new_batch_samples","new","new_batch","SE_326","9",94767247,94813751,0.100407991478107,0.0967171145437224,0.122437132574616,-0.05348818022429,0.283605105121693,"SK_N_SH","No change","No change"
"new_regions_new_batch_samples","new","new_batch","SE_327","9",106859997,106898751,0.231043648230953,0.174264352642004,0.249031336674983,-0.404863613538918,0.107712713697685,"SK_N_SH","No change","No change"
"new_regions_new_batch_samples","new","new_batch","SE_328","9",110007397,110193301,0.100061155944638,0.0811255944944112,0.107494793549368,-0.299324772780109,0.102397225437632,"SK_N_SH","No change","No change"
"new_regions_new_batch_samples","new","new_batch","SE_329","9",112010897,112082301,0.148947775644233,0.0981378849018111,0.126573111068348,-0.596951736658601,-0.233135840748091,"SK_N_SH","Decreased","No change"
"new_regions_new_batch_samples","new","new_batch","SE_330","9",115664947,115693701,0.153929045171938,0.0940761149565286,0.103104368807417,-0.7044527797958,-0.573577023790329,"SK_N_SH","Decreased","No change"
"new_regions_new_batch_samples","new","new_batch","SE_331","9",122988147,123104301,0.0941092096190102,0.0759637598950954,0.0883103129218157,-0.305405766436712,-0.0907582697954526,"SK_N_SH","No change","No change"
"new_regions_new_batch_samples","new","new_batch","SE_332","9",124251597,124307001,0.16139407224005,0.127317587151042,0.160534936661757,-0.339780052656144,-0.00765274804351052,"SK_N_SH","No change","No change"
"new_regions_new_batch_samples","new","new_batch","SE_333","9",125509297,125559351,0.179720991315606,0.153214457984267,0.197477901299694,-0.228826061736614,0.135214295868432,"SK_N_SH","No change","No change"
"new_regions_new_batch_samples","new","new_batch","SE_334","9",125784147,125856501,0.0561390870430152,0.0545078652715941,0.0670099812052523,-0.0417857745430595,0.251268507743522,"SK_N_SH","No change","No change"
"new_regions_new_batch_samples","new","new_batch","SE_335","9",129931747,129999401,0.149973697904785,0.129710597070658,0.183445647525396,-0.207921121131673,0.288898514998843,"SK_N_SH","No change","No change"
"new_regions_new_batch_samples","new","new_batch","SE_336","9",130823247,130870501,0.193760527641463,0.161808756792437,0.202958078740923,-0.258523016108784,0.06657133889338,"SK_N_SH","No change","No change"
"new_regions_new_batch_samples","new","new_batch","SE_337","X",136155497,136215901,0.0884285657743608,0.0808349191175529,0.0941087272095997,-0.128019163476685,0.0888419905824671,"SK_N_SH","No change","No change"
"old_regions_new_batch_samples","old","new_batch","SE_1","1",15876747,15919451,0.10506671306883,0.101860389990069,0.132779721175815,-0.0442844373794035,0.334887477410864,"CLB_Ma","No change","No change"
"old_regions_new_batch_samples","old","new_batch","SE_2","1",36342397,36377001,0.30231563567228,0.290062714824227,0.331695917155697,-0.0594898277714633,0.13338429195059,"CLB_Ma","No change","No change"
"old_regions_new_batch_samples","old","new_batch","SE_3","1",39102947,39272851,0.130200802731938,0.115177782890728,0.171241294839184,-0.175442343707164,0.392654523355476,"CLB_Ma","No change","No change"
"old_regions_new_batch_samples","old","new_batch","SE_4","1",39375747,39427701,0.166375834598183,0.163953446504245,0.209888321418017,-0.0210323277830077,0.333387954337696,"CLB_Ma","No change","No change"
"old_regions_new_batch_samples","old","new_batch","SE_5","1",51619871,51673751,0.154079497176115,0.136175896765169,0.166559281217014,-0.176980955246215,0.111663638097944,"CLB_Ma","No change","No change"
"old_regions_new_batch_samples","old","new_batch","SE_6","1",85313097,85385301,0.128592173850909,0.104527453619853,0.141429467869985,-0.296360221832523,0.136269067184659,"CLB_Ma","No change","No change"
"old_regions_new_batch_samples","old","new_batch","SE_7","1",85427447,85462205,0.0559657649501667,0.0505492648636144,0.0691938792704704,-0.14414330112321,0.301250081834971,"CLB_Ma","No change","No change"
"old_regions_new_batch_samples","old","new_batch","SE_8","1",85548747,85585701,0.269421091615126,0.227342658509725,0.312760403431801,-0.24400727357311,0.214455615995548,"CLB_Ma","No change","No change"
"old_regions_new_batch_samples","old","new_batch","SE_9","1",115298747,115335151,0.170896218962371,0.131557271985016,0.161829984001358,-0.374921994111993,-0.0781714253178064,"CLB_Ma","No change","No change"
"old_regions_new_batch_samples","old","new_batch","SE_10","1",156086247,156141351,0.538487719437855,0.514564118529125,0.627144113316401,-0.0654382588440653,0.219505471033397,"CLB_Ma","No change","No change"
"old_regions_new_batch_samples","old","new_batch","SE_11","1",157996270,158050551,0.215737408178363,0.219584013988105,0.250482739611591,0.0253800612831325,0.214511205358333,"CLB_Ma","No change","No change"
"old_regions_new_batch_samples","old","new_batch","SE_12","1",162653747,162723901,0.140446480871834,0.132036560232879,0.178077933810393,-0.0884335113618765,0.340331294185277,"CLB_Ma","No change","No change"
"old_regions_new_batch_samples","old","new_batch","SE_13","1",163033097,163057701,0.273326335386723,0.223438961570346,0.331681956622938,-0.289569984962506,0.278250494301254,"CLB_Ma","No change","No change"
"old_regions_new_batch_samples","old","new_batch","SE_14","1",181092697,181117901,0.303628459303364,0.261377396647521,0.317139607293025,-0.215407289352514,0.0626092646425842,"CLB_Ma","No change","No change"
"old_regions_new_batch_samples","old","new_batch","SE_15","1",183026457,183071551,0.144566246759517,0.153214791596361,0.185708533118077,0.0832652800381789,0.359111995654283,"CLB_Ma","No change","No change"
"old_regions_new_batch_samples","old","new_batch","SE_16","1",198254597,198295951,0.0854401114713896,0.0731730541896367,0.106906116721669,-0.220805757242434,0.320003809379404,"CLB_Ma","No change","No change"
"old_regions_new_batch_samples","old","new_batch","SE_17","1",203506147,203560001,0.278515935616387,0.336511970335734,0.426238370815636,0.272008134686762,0.612110687512508,"CLB_Ma","No change","Increased"
"old_regions_new_batch_samples","old","new_batch","SE_18","1",203663097,203697401,0.255996964667992,0.239092402847259,0.278851297241213,-0.098161566541477,0.122909115132431,"CLB_Ma","No change","No change"
"old_regions_new_batch_samples","old","new_batch","SE_19","1",204408247,204440051,0.338927202484694,0.313090997272575,0.443913723519355,-0.114043225461751,0.388299782268091,"CLB_Ma","No change","No change"
"old_regions_new_batch_samples","old","new_batch","SE_20","1",218449847,218501301,0.277968566466727,0.21350376340478,0.294911546468066,-0.379099612066969,0.0850634199187552,"CLB_Ma","No change","No change"
"old_regions_new_batch_samples","old","new_batch","SE_21","1",223704647,223734151,0.406339060340146,0.408505451287976,0.427232049542558,0.00765249386043731,0.0721626101520025,"CLB_Ma","No change","No change"
"old_regions_new_batch_samples","old","new_batch","SE_22","1",223747397,223789651,0.136189997240252,0.12564613265181,0.157317031147598,-0.115372273302561,0.206641167544054,"CLB_Ma","No change","No change"
"old_regions_new_batch_samples","old","new_batch","SE_23","1",234956997,235001201,0.321671197207522,0.317353726271328,0.412302270707434,-0.0194341526215629,0.357132486567159,"CLB_Ma","No change","No change"
"old_regions_new_batch_samples","old","new_batch","SE_24","1",243246597,243291601,0.301041484131401,0.279944937673314,0.332555897922615,-0.104459306555899,0.143181839935733,"CLB_Ma","No change","No change"
"old_regions_new_batch_samples","old","new_batch","SE_25","2",36339747,36515551,0.152398265429202,0.135874015137712,0.167215308617437,-0.16443358547783,0.133026836130128,"CLB_Ma","No change","No change"
"old_regions_new_batch_samples","old","new_batch","SE_26","2",55096397,55115801,0.232526793202188,0.211191460108838,0.298512659190872,-0.138221489504621,0.359028897205245,"CLB_Ma","No change","No change"
"old_regions_new_batch_samples","old","new_batch","SE_27","2",62710647,62744101,0.0946531973376939,0.0679712855540243,0.148824688660399,-0.471817336029655,0.647390277427576,"CLB_Ma","No change","Increased"
"old_regions_new_batch_samples","old","new_batch","SE_28","2",68028247,68060026,0.119819494049426,0.101067884431627,0.149739120581805,-0.243324255272816,0.319200630882073,"CLB_Ma","No change","No change"
"old_regions_new_batch_samples","old","new_batch","SE_29","2",69116247,69192151,0.240196219522326,0.207596336095365,0.306185348656822,-0.209493477039421,0.348902112908239,"CLB_Ma","No change","No change"
"old_regions_new_batch_samples","old","new_batch","SE_30","2",117936997,117987701,0.148798956227179,0.157215950452153,0.189002534372153,0.0788674802466487,0.342991090863661,"CLB_Ma","No change","No change"
"old_regions_new_batch_samples","old","new_batch","SE_31","2",160204847,160243551,0.403058905116387,0.372242336910826,0.506179883944252,-0.114452988928037,0.327931896200569,"CLB_Ma","No change","No change"
"old_regions_new_batch_samples","old","new_batch","SE_32","2",160313747,160455451,0.0932733563963951,0.077403066752335,0.110533364235442,-0.265940006237414,0.242553346264844,"CLB_Ma","No change","No change"
"old_regions_new_batch_samples","old","new_batch","SE_33","2",177215997,177261130,0.152479567615065,0.167701835742948,0.179781919098612,0.136429066839031,0.236203788164698,"CLB_Ma","No change","No change"
"old_regions_new_batch_samples","old","new_batch","SE_34","2",189080997,189129951,0.0834430489771469,0.0855813218466391,0.106480253752307,0.0360771556252347,0.348021056564734,"CLB_Ma","No change","No change"
"old_regions_new_batch_samples","old","new_batch","SE_35","2",189247497,189288951,0.15780622260664,0.120125217115118,0.199452242881431,-0.390768191986965,0.335991116408338,"CLB_Ma","No change","No change"
"old_regions_new_batch_samples","old","new_batch","SE_36","2",189366697,189413251,0.128039612587735,0.120095014225806,0.141055620832748,-0.0916745452310802,0.138641904722904,"CLB_Ma","No change","No change"
"old_regions_new_batch_samples","old","new_batch","SE_37","2",207219797,207260201,0.389212790474437,0.289164157849808,0.323382245919385,-0.427391744292612,-0.26656620750564,"CLB_Ma","No change","No change"
"old_regions_new_batch_samples","old","new_batch","SE_38","2",223034497,223094701,0.260109347228274,0.205318969436088,0.263577454605651,-0.339777632378985,0.0190360263527377,"CLB_Ma","No change","No change"
"old_regions_new_batch_samples","old","new_batch","SE_39","2",233402847,233443401,0.204970653314571,0.165860684081926,0.249938815542651,-0.303794731779396,0.284896849000759,"CLB_Ma","No change","No change"
"old_regions_new_batch_samples","old","new_batch","SE_40","3",8442247,8465001,0.182483772827292,0.165715819036596,0.207798337871402,-0.138261475078073,0.186457749652753,"CLB_Ma","No change","No change"
"old_regions_new_batch_samples","old","new_batch","SE_41","3",8504804,8566501,0.106438155189026,0.0790823389261482,0.120125325445378,-0.423950421704578,0.172994104245437,"CLB_Ma","No change","No change"
"old_regions_new_batch_samples","old","new_batch","SE_42","3",8928147,8957701,0.144281998660295,0.114809648405203,0.173412011508763,-0.327100502153276,0.263643444714041,"CLB_Ma","No change","No change"
"old_regions_new_batch_samples","old","new_batch","SE_43","3",15766847,15817451,0.120503231543075,0.11291881406263,0.141355170695522,-0.0929886522694168,0.228500211550103,"CLB_Ma","No change","No change"
"old_regions_new_batch_samples","old","new_batch","SE_44","3",57998447,58082501,0.175630392177722,0.155643951988751,0.217466285867287,-0.17324453543059,0.306677053593324,"CLB_Ma","No change","No change"
"old_regions_new_batch_samples","old","new_batch","SE_45","3",71487997,71522851,0.167959429880481,0.128169451722744,0.18858671886226,-0.387411955410444,0.166181030779454,"CLB_Ma","No change","No change"
"old_regions_new_batch_samples","old","new_batch","SE_46","3",98954747,98983151,0.145084913836389,0.151512599992676,0.14996220730042,0.0621212384354341,0.047380223664753,"CLB_Ma","No change","No change"
"old_regions_new_batch_samples","old","new_batch","SE_47","3",100001947,100045201,0.148790444717011,0.126935709504877,0.141264166374887,-0.227526589285846,-0.0743732754573046,"CLB_Ma","No change","No change"
"old_regions_new_batch_samples","old","new_batch","SE_48","3",111850747,111917851,0.185158141717145,0.153665201675954,0.19266929878676,-0.267380075069639,0.0570665558764004,"CLB_Ma","No change","No change"
"old_regions_new_batch_samples","old","new_batch","SE_49","3",112629747,112658501,0.427269078836573,0.341003306468957,0.455327671940744,-0.324507244875141,0.0915526242437596,"CLB_Ma","No change","No change"
"old_regions_new_batch_samples","old","new_batch","SE_50","3",120406897,120448070,0.180991333511222,0.165915987617339,0.220458575433262,-0.124747604292486,0.283167112652349,"CLB_Ma","No change","No change"
"old_regions_new_batch_samples","old","new_batch","SE_51","3",123732947,123803701,0.249745527595793,0.195692570197394,0.29230646543753,-0.350281505800769,0.226184904638288,"CLB_Ma","No change","No change"
"old_regions_new_batch_samples","old","new_batch","SE_52","3",128758647,128806351,0.103114840107837,0.0797510993439735,0.107360942713272,-0.366621913328363,0.0576691305906017,"CLB_Ma","No change","No change"
"old_regions_new_batch_samples","old","new_batch","SE_53","3",134308647,134335151,0.416223549373349,0.286166208647498,0.359816237638942,-0.538934595589695,-0.209556325314309,"CLB_Ma","No change","No change"
"old_regions_new_batch_samples","old","new_batch","SE_54","3",134457747,134482731,0.187375209085421,0.203069653833822,0.213343622043482,0.115452549306176,0.186316376181161,"CLB_Ma","No change","No change"
"old_regions_new_batch_samples","old","new_batch","SE_55","3",136136147,136186501,0.0670940970060836,0.0489573053110861,0.0683735027769373,-0.446834077881838,0.026854992165114,"CLB_Ma","No change","No change"
"old_regions_new_batch_samples","old","new_batch","SE_56","3",159760747,159788351,0.366351818824343,0.372717553780972,0.362005097973358,0.0247859120477241,-0.017172608387763,"CLB_Ma","No change","No change"
"old_regions_new_batch_samples","old","new_batch","SE_57","3",160394897,160434051,0.113553327907142,0.107774002278616,0.119176397947902,-0.0746855872899375,0.0691342144579694,"CLB_Ma","No change","No change"
"old_regions_new_batch_samples","old","new_batch","SE_58","3",171345247,171395851,0.124881540845187,0.110741503151722,0.150275174560915,-0.171901610342504,0.265108506365486,"CLB_Ma","No change","No change"
"old_regions_new_batch_samples","old","new_batch","SE_59","3",172114947,172182951,0.19968777621524,0.168059130448078,0.23557860592428,-0.247424811018162,0.237366869406964,"CLB_Ma","No change","No change"
"old_regions_new_batch_samples","old","new_batch","SE_60","3",178168947,178207101,0.092520061765081,0.0966184751884474,0.139677720965055,0.0618783341548666,0.589046080225893,"CLB_Ma","No change","Increased"
"old_regions_new_batch_samples","old","new_batch","SE_61","3",188233597,188299051,0.243594578426011,0.198403966082875,0.262114184592586,-0.294698321309721,0.105296600789208,"CLB_Ma","No change","No change"
"old_regions_new_batch_samples","old","new_batch","SE_62","3",196773597,196808001,0.230662581497996,0.223776619595351,0.286959378616056,-0.0435330569236173,0.313840273606236,"CLB_Ma","No change","No change"
"old_regions_new_batch_samples","old","new_batch","SE_63","4",15676347,15693351,0.375625538123985,0.324368065032765,0.387558642841455,-0.211058172114888,0.0450015232851189,"CLB_Ma","No change","No change"
"old_regions_new_batch_samples","old","new_batch","SE_64","4",41142347,41206251,0.176298321451509,0.154827992574662,0.210973676467753,-0.186224458746743,0.257706239902122,"CLB_Ma","No change","No change"
"old_regions_new_batch_samples","old","new_batch","SE_65","4",48345947,48381151,0.168625730514885,0.0940282459496696,0.169587329382353,-0.835926723571231,0.00815546359194272,"CLB_Ma","Decreased","No change"
"old_regions_new_batch_samples","old","new_batch","SE_66","4",69763710,69800501,0.0712644935272686,0.0569831617821369,0.0945570004702135,-0.317652962036435,0.403074601620849,"CLB_Ma","No change","No change"
"old_regions_new_batch_samples","old","new_batch","SE_67","4",76579597,76591951,0.24176457582532,0.169382322108571,0.20954149939295,-0.510782261507808,-0.205453291170981,"CLB_Ma","No change","No change"
"old_regions_new_batch_samples","old","new_batch","SE_68","4",76687447,76709901,0.121727162555764,0.121308346801262,0.141655209132617,-0.0049317260346501,0.217077840249022,"CLB_Ma","No change","No change"
"old_regions_new_batch_samples","old","new_batch","SE_69","4",76722897,76784501,0.212571375831759,0.191185050271755,0.267806601873525,-0.152222185159116,0.331850270061132,"CLB_Ma","No change","No change"
"old_regions_new_batch_samples","old","new_batch","SE_70","4",76952711,77066251,0.186199430588723,0.166052987337739,0.207373119528657,-0.164270264623067,0.154593132982466,"CLB_Ma","No change","No change"
"old_regions_new_batch_samples","old","new_batch","SE_71","4",79996597,80039451,0.141795195009185,0.123609446670351,0.170636264950949,-0.196533990632205,0.265406977268532,"CLB_Ma","No change","No change"
"old_regions_new_batch_samples","old","new_batch","SE_72","4",113890697,113976721,0.089296073528892,0.0774713434479737,0.0917800344810681,-0.202497354640454,0.039151128022229,"CLB_Ma","No change","No change"
"old_regions_new_batch_samples","old","new_batch","SE_73","4",114242047,114284101,0.154160725711365,0.113228516994905,0.166412403527987,-0.441840566178462,0.10964299192093,"CLB_Ma","No change","No change"
"old_regions_new_batch_samples","old","new_batch","SE_74","4",122758547,122785001,0.227182487139907,0.177244011279573,0.233229762784591,-0.356334464769827,0.0377363359186591,"CLB_Ma","No change","No change"
"old_regions_new_batch_samples","old","new_batch","SE_75","4",122873447,122913301,0.0838890524084471,0.070359107973341,0.0872939830857837,-0.2504809298159,0.0567366160626584,"CLB_Ma","No change","No change"
"old_regions_new_batch_samples","old","new_batch","SE_76","4",150203097,150260401,0.160143893964298,0.130805518914445,0.177960645889497,-0.289938743458562,0.151292845281091,"CLB_Ma","No change","No change"
"old_regions_new_batch_samples","old","new_batch","SE_77","4",158802947,158826551,0.410833531794214,0.355052417817929,0.420739291007921,-0.209971650558035,0.0342901353604803,"CLB_Ma","No change","No change"
"old_regions_new_batch_samples","old","new_batch","SE_78","4",185340297,185363101,0.315317985405532,0.246310317816756,0.4044332797024,-0.355053157445654,0.358088928418774,"CLB_Ma","No change","No change"
"old_regions_new_batch_samples","old","new_batch","SE_79","5",9426847,9485051,0.170064983265795,0.163724318592409,0.225247724977661,-0.0544909137875162,0.4033588126902,"CLB_Ma","No change","No change"
"old_regions_new_batch_samples","old","new_batch","SE_80","5",65184147,65209951,0.196413802449704,0.16239028554216,0.221232670235069,-0.272900651452459,0.170848060412427,"CLB_Ma","No change","No change"
"old_regions_new_batch_samples","old","new_batch","SE_81","5",76488897,76543601,0.0754453509790912,0.072618244858935,0.0956724100734732,-0.0543654121404994,0.338675442127666,"CLB_Ma","No change","No change"
"old_regions_new_batch_samples","old","new_batch","SE_82","5",83501697,83567351,0.0803420915752821,0.0714553454159417,0.0936664780566093,-0.166909958767321,0.218851561768592,"CLB_Ma","No change","No change"
"old_regions_new_batch_samples","old","new_batch","SE_83","5",95711147,95794501,0.174853873334945,0.140518177159478,0.214489257601378,-0.313389741462052,0.293238839094485,"CLB_Ma","No change","No change"
"old_regions_new_batch_samples","old","new_batch","SE_84","5",140240947,140263301,0.32394555534412,0.293508580728772,0.410549644361183,-0.141888346038414,0.340868455678185,"CLB_Ma","No change","No change"
"old_regions_new_batch_samples","old","new_batch","SE_85","5",140280247,140335801,0.226750322488573,0.200652723507142,0.270504345283651,-0.175580206037122,0.253522190938896,"CLB_Ma","No change","No change"
"old_regions_new_batch_samples","old","new_batch","SE_86","5",147471147,147506901,0.215622385039848,0.18390317086212,0.245674798561675,-0.22841236857617,0.187427996791445,"CLB_Ma","No change","No change"
"old_regions_new_batch_samples","old","new_batch","SE_87","5",151660847,151701051,0.32096641643341,0.298001401904161,0.387912431279641,-0.106757963340938,0.272535138090166,"CLB_Ma","No change","No change"
"old_regions_new_batch_samples","old","new_batch","SE_88","5",169586631,169604651,0.0863426761663094,0.0883394892897393,0.119556563466604,0.0326112717293154,0.464951556927402,"CLB_Ma","No change","No change"
"old_regions_new_batch_samples","old","new_batch","SE_89","6",11161397,11228301,0.141602851185971,0.114393508097532,0.148355947727518,-0.305440765211193,0.0667518633600759,"CLB_Ma","No change","No change"
"old_regions_new_batch_samples","old","new_batch","SE_90","6",30725347,30784151,0.410650636692268,0.374960891938209,0.467638849273264,-0.130837859249072,0.187056098367156,"CLB_Ma","No change","No change"
"old_regions_new_batch_samples","old","new_batch","SE_91","6",37126147,37146201,0.402586515949975,0.375365473189297,0.429299280093922,-0.10074368904033,0.0924624526023266,"CLB_Ma","No change","No change"
"old_regions_new_batch_samples","old","new_batch","SE_92","6",44655047,44669401,0.272575606256517,0.268491679399366,0.334414534805664,-0.0216988658651919,0.294005611718086,"CLB_Ma","No change","No change"
"old_regions_new_batch_samples","old","new_batch","SE_93","6",52503197,52574063,0.194650985795114,0.181207078658429,0.208179139970697,-0.102703371086645,0.0964566091487111,"CLB_Ma","No change","No change"
"old_regions_new_batch_samples","old","new_batch","SE_94","6",140043647,140073501,0.271143758593673,0.226301302470797,0.25802728469344,-0.259762998309079,-0.0712648768477595,"CLB_Ma","No change","No change"
"old_regions_new_batch_samples","old","new_batch","SE_95","6",151022147,151071401,0.428695133252928,0.347314298875177,0.472158596024537,-0.302923738027297,0.139010398289146,"CLB_Ma","No change","No change"
"old_regions_new_batch_samples","old","new_batch","SE_96","6",152704947,152754551,0.131461026652399,0.114346125094096,0.160400933978834,-0.199598405803134,0.285080981944783,"CLB_Ma","No change","No change"
"old_regions_new_batch_samples","old","new_batch","SE_97","6",158008197,158058551,0.332611044374142,0.328829052576922,0.42092293724524,-0.0164485684240137,0.338812468996623,"CLB_Ma","No change","No change"
"old_regions_new_batch_samples","old","new_batch","SE_98","7",18492447,18592001,0.103687036116459,0.103131559104057,0.142314554352017,-0.00767542584515137,0.453102332682783,"CLB_Ma","No change","No change"
"old_regions_new_batch_samples","old","new_batch","SE_99","7",23449697,23478301,0.317940247055092,0.30749435071273,0.363739040185199,-0.0480420923623283,0.193578465456858,"CLB_Ma","No change","No change"
"old_regions_new_batch_samples","old","new_batch","SE_100","7",130355747,130375151,0.469124954273891,0.40777901218203,0.533580664082484,-0.201723134624592,0.185363394937338,"CLB_Ma","No change","No change"
"old_regions_new_batch_samples","old","new_batch","SE_101","7",130880747,130926401,0.389316540513178,0.336173182901366,0.419906897933616,-0.211154805449184,0.108856551725155,"CLB_Ma","No change","No change"
"old_regions_new_batch_samples","old","new_batch","SE_102","7",134809197,134848151,0.0900846279010866,0.087856569327804,0.103028030909162,-0.0357291536819536,0.191692822582617,"CLB_Ma","No change","No change"
"old_regions_new_batch_samples","old","new_batch","SE_103","7",134879597,134946501,0.121107344792717,0.111095562191099,0.139824365059305,-0.123420817789041,0.205746985386262,"CLB_Ma","No change","No change"
"old_regions_new_batch_samples","old","new_batch","SE_104","8",32685847,32716151,0.0924305604769065,0.0871945195656172,0.121773173479569,-0.0832055134364142,0.394028931830886,"CLB_Ma","No change","No change"
"old_regions_new_batch_samples","old","new_batch","SE_105","8",66505747,66560201,0.296676816677335,0.244815400865297,0.326662709713198,-0.276171561139389,0.138464625891497,"CLB_Ma","No change","No change"
"old_regions_new_batch_samples","old","new_batch","SE_106","8",117927647,117958551,0.126233222714563,0.102067871017249,0.133255172960378,-0.303880754961995,0.0775022459594222,"CLB_Ma","No change","No change"
"old_regions_new_batch_samples","old","new_batch","SE_107","8",117977047,118057451,0.143621036088437,0.128856762008155,0.16622062846466,-0.155356275934713,0.209475413250771,"CLB_Ma","No change","No change"
"old_regions_new_batch_samples","old","new_batch","SE_108","8",127798959,127929451,0.292599726842172,0.241191661372205,0.320490529258732,-0.277701431852081,0.130925612108016,"CLB_Ma","No change","No change"
"old_regions_new_batch_samples","old","new_batch","SE_109","9",12778010,12823051,0.183356593604224,0.14289844335835,0.194350601567069,-0.357448030445927,0.0835666821441896,"CLB_Ma","No change","No change"
"old_regions_new_batch_samples","old","new_batch","SE_110","9",33148547,33163301,0.341412113574673,0.334001894299091,0.378478049528842,-0.0315644876771778,0.148282695896749,"CLB_Ma","No change","No change"
"old_regions_new_batch_samples","old","new_batch","SE_111","9",33305747,33338851,0.163594889087045,0.152035010421734,0.204701102254646,-0.105057796955256,0.321629985946092,"CLB_Ma","No change","No change"
"old_regions_new_batch_samples","old","new_batch","SE_112","9",33820797,33878851,0.0635029390942695,0.0623585050673267,0.0779599885385305,-0.0258266031465028,0.29175688154697,"CLB_Ma","No change","No change"
"old_regions_new_batch_samples","old","new_batch","SE_113","9",35510497,35534101,0.285334095148834,0.170830187263484,0.294159794585342,-0.73671595650629,0.0437967479283956,"CLB_Ma","Decreased","No change"
"old_regions_new_batch_samples","old","new_batch","SE_114","9",36089347,36114801,0.277676857787617,0.245315633197553,0.327371478929637,-0.178085005504448,0.236735624240946,"CLB_Ma","No change","No change"
"old_regions_new_batch_samples","old","new_batch","SE_115","9",37929397,37979101,0.255534902028241,0.218725821374406,0.26525537792242,-0.22345070043859,0.0536555453051201,"CLB_Ma","No change","No change"
"old_regions_new_batch_samples","old","new_batch","SE_116","9",38008247,38049251,0.312752023196254,0.286206452903344,0.374070171073787,-0.127536598417669,0.257535769423254,"CLB_Ma","No change","No change"
"old_regions_new_batch_samples","old","new_batch","SE_117","9",112031947,112082301,0.432754049600265,0.31475398695772,0.43235030759978,-0.458076276267675,-0.00134349832094621,"CLB_Ma","No change","No change"
"old_regions_new_batch_samples","old","new_batch","SE_118","9",123036640,123103201,0.119328757837927,0.0993276176780129,0.143204897309216,-0.262262680623901,0.26113868142123,"CLB_Ma","No change","No change"
"old_regions_new_batch_samples","old","new_batch","SE_119","9",129480397,129503501,0.389501164665753,0.353312316154492,0.417676061938344,-0.140305235737394,0.100507582261933,"CLB_Ma","No change","No change"
"old_regions_new_batch_samples","old","new_batch","SE_120","10",4765947,4781801,0.249656096237617,0.223089817317384,0.303863758325653,-0.161632228500699,0.282455332949275,"CLB_Ma","No change","No change"
"old_regions_new_batch_samples","old","new_batch","SE_121","10",17198947,17218401,0.278214993159038,0.245966422949385,0.282158072171442,-0.177061503535822,0.020231245451913,"CLB_Ma","No change","No change"
"old_regions_new_batch_samples","old","new_batch","SE_122","10",28539747,28607351,0.0488592227482844,0.0445348071280578,0.0640926762376769,-0.130890619641195,0.38463483785644,"CLB_Ma","No change","No change"
"old_regions_new_batch_samples","old","new_batch","SE_123","10",32938556,32963651,0.19647374459971,0.184063276890844,0.225827989443045,-0.093642208673833,0.199937822154211,"CLB_Ma","No change","No change"
"old_regions_new_batch_samples","old","new_batch","SE_124","10",33210847,33241751,0.149583667678701,0.136555471243451,0.158759655192197,-0.130551779906696,0.0853378205116518,"CLB_Ma","No change","No change"
"old_regions_new_batch_samples","old","new_batch","SE_125","10",52516047,52542901,0.127388179484626,0.108399768582023,0.110951229231249,-0.23090269537351,-0.197642012557077,"CLB_Ma","No change","No change"
"old_regions_new_batch_samples","old","new_batch","SE_126","10",62224097,62264501,0.162970700640292,0.106936697823411,0.148263105234655,-0.603252591860759,-0.135580442626963,"CLB_Ma","Decreased","No change"
"old_regions_new_batch_samples","old","new_batch","SE_127","10",71835247,71861901,0.448245992100503,0.331502025575828,0.433019112236083,-0.434142503521208,-0.0497470591205762,"CLB_Ma","No change","No change"
"old_regions_new_batch_samples","old","new_batch","SE_128","10",74049647,74090251,0.0852033477509885,0.0721677242124473,0.106246339245709,-0.236536511812926,0.31511260019562,"CLB_Ma","No change","No change"
"old_regions_new_batch_samples","old","new_batch","SE_129","10",77494247,77535201,0.324358862615234,0.278484250139586,0.334312812691444,-0.219264867839711,0.0434757586663838,"CLB_Ma","No change","No change"
"old_regions_new_batch_samples","old","new_batch","SE_130","10",90913547,90937551,0.369998673348482,0.220057534536728,0.322779272297331,-0.746992119908094,-0.196403397792251,"CLB_Ma","Decreased","No change"
"old_regions_new_batch_samples","old","new_batch","SE_131","10",93435197,93479316,0.447955520585099,0.441370610062101,0.533335081713721,-0.0213169798784477,0.251172220484577,"CLB_Ma","No change","No change"
"old_regions_new_batch_samples","old","new_batch","SE_132","10",99945397,100006952,0.180430264098338,0.191324218994111,0.246870941193843,0.0841253201013071,0.450174019343269,"CLB_Ma","No change","No change"
"old_regions_new_batch_samples","old","new_batch","SE_133","10",126198347,126264901,0.228924265005137,0.222741571594451,0.250229702940028,-0.0393253918966249,0.127848315863814,"CLB_Ma","No change","No change"
"old_regions_new_batch_samples","old","new_batch","SE_134","11",8704047,8734001,0.291130080274375,0.267619854852389,0.374301108796981,-0.121044973825032,0.36143763421152,"CLB_Ma","No change","No change"
"old_regions_new_batch_samples","old","new_batch","SE_135","11",9564747,9593851,0.381676051354489,0.359676288822706,0.443866263757076,-0.0854190348432395,0.21724807945832,"CLB_Ma","No change","No change"
"old_regions_new_batch_samples","old","new_batch","SE_136","11",12156847,12238251,0.310750925667405,0.267742509326477,0.357572827633223,-0.214169300837201,0.201872322265187,"CLB_Ma","No change","No change"
"old_regions_new_batch_samples","old","new_batch","SE_137","11",57764759,57800701,0.228691054910441,0.182340518528174,0.267743552888329,-0.325169014615531,0.226535471623873,"CLB_Ma","No change","No change"
"old_regions_new_batch_samples","old","new_batch","SE_138","11",65471697,65503201,0.761028200632446,0.72488096150126,0.860963448735186,-0.0701114114895361,0.177782304617999,"CLB_Ma","No change","No change"
"old_regions_new_batch_samples","old","new_batch","SE_139","11",66066197,66134001,0.168975769933198,0.141858841112845,0.173157175769269,-0.250738781481778,0.035060812608959,"CLB_Ma","No change","No change"
"old_regions_new_batch_samples","old","new_batch","SE_140","11",74121747,74163301,0.12459159961064,0.0859552966372598,0.147451076700713,-0.530394157525579,0.241247586528167,"CLB_Ma","No change","No change"
"old_regions_new_batch_samples","old","new_batch","SE_141","11",86717847,86763301,0.270989421035225,0.251458837452515,0.310564068315857,-0.107502358720436,0.195978322322315,"CLB_Ma","No change","No change"
"old_regions_new_batch_samples","old","new_batch","SE_142","11",96045247,96167601,0.152955817047666,0.117787112324314,0.161436393633457,-0.374138057990153,0.0773585234014229,"CLB_Ma","No change","No change"
"old_regions_new_batch_samples","old","new_batch","SE_143","11",96186547,96338436,0.165996760091471,0.144822732877884,0.213967940173498,-0.195604468619379,0.364301402415096,"CLB_Ma","No change","No change"
"old_regions_new_batch_samples","old","new_batch","SE_144","11",111530747,111564401,0.28328707371341,0.227572859740359,0.302443767710943,-0.314694391261925,0.0940806876707058,"CLB_Ma","No change","No change"
"old_regions_new_batch_samples","old","new_batch","SE_145","11",120329347,120348301,0.264215880589794,0.23597921340003,0.330975296677265,-0.16240664482323,0.323908726410671,"CLB_Ma","No change","No change"
"old_regions_new_batch_samples","old","new_batch","SE_146","11",122156497,122199001,0.161373182130116,0.134002480024311,0.164272402378855,-0.266327463750633,0.0255324658375442,"CLB_Ma","No change","No change"
"old_regions_new_batch_samples","old","new_batch","SE_147","12",12816343,12845951,0.231420582364194,0.180102030573246,0.290974474051855,-0.359935112158907,0.329104412119576,"CLB_Ma","No change","No change"
"old_regions_new_batch_samples","old","new_batch","SE_148","12",29276997,29287551,0.115586472225818,0.103728784123502,0.115432089503894,-0.154742385829806,-0.0019116693387306,"CLB_Ma","No change","No change"
"old_regions_new_batch_samples","old","new_batch","SE_149","12",45223347,45314051,0.236125404234615,0.198783630457019,0.27689227267082,-0.247211854247144,0.228875485142231,"CLB_Ma","No change","No change"
"old_regions_new_batch_samples","old","new_batch","SE_150","12",67651729,67681601,0.246251468491275,0.161410295733511,0.27445676096966,-0.606335996853011,0.155846784123188,"CLB_Ma","Decreased","No change"
"old_regions_new_batch_samples","old","new_batch","SE_151","12",93775547,93788151,0.243935752673151,0.209059325144983,0.23140387689481,-0.221606543262715,-0.0757692403736957,"CLB_Ma","No change","No change"
"old_regions_new_batch_samples","old","new_batch","SE_152","12",121923247,121950951,0.146922444645803,0.154897636212554,0.166258166392187,0.0757580806295926,0.177235679471906,"CLB_Ma","No change","No change"
"old_regions_new_batch_samples","old","new_batch","SE_153","12",122068297,122123151,0.178945383350959,0.162537323772724,0.2211933695529,-0.137939152693565,0.304256676878809,"CLB_Ma","No change","No change"
"old_regions_new_batch_samples","old","new_batch","SE_154","13",33212947,33264201,0.117136132132951,0.0982100493965265,0.139601767992297,-0.251892113232182,0.251164452734986,"CLB_Ma","No change","No change"
"old_regions_new_batch_samples","old","new_batch","SE_155","13",45189747,45243251,0.136149201296491,0.113466171555394,0.190985622453004,-0.260824922108716,0.485252052969051,"CLB_Ma","No change","No change"
"old_regions_new_batch_samples","old","new_batch","SE_156","14",32444647,32524351,0.146266661794594,0.112981946905642,0.163704459990125,-0.369625529819335,0.161448751721933,"CLB_Ma","No change","No change"
"old_regions_new_batch_samples","old","new_batch","SE_157","14",51003797,51024851,0.310619599264683,0.262828701324652,0.379508139555097,-0.240184453685373,0.288141340822233,"CLB_Ma","No change","No change"
"old_regions_new_batch_samples","old","new_batch","SE_158","14",51521947,51555551,0.234099259898278,0.213776470461836,0.254922451024853,-0.130434047810117,0.122436717298563,"CLB_Ma","No change","No change"
"old_regions_new_batch_samples","old","new_batch","SE_159","14",52852497,52948096,0.106895484770865,0.0758770760799811,0.111075530847275,-0.489009120704115,0.0548368408149092,"CLB_Ma","No change","No change"
"old_regions_new_batch_samples","old","new_batch","SE_160","14",64917647,64937951,0.0908659412305698,0.0993667715303876,0.0681360092563641,0.127679719814943,-0.410092760552477,"CLB_Ma","No change","No change"
"old_regions_new_batch_samples","old","new_batch","SE_161","15",32818747,32879001,0.196020565335217,0.175788394691366,0.223182468083301,-0.156322656615784,0.186327229891048,"CLB_Ma","No change","No change"
"old_regions_new_batch_samples","old","new_batch","SE_162","15",33126697,33165451,0.210800120387069,0.220594821602651,0.310079849598856,0.0652207584218691,0.55458153702449,"CLB_Ma","No change","No change"
"old_regions_new_batch_samples","old","new_batch","SE_163","15",44028097,44116051,0.105208727338425,0.0916319539197978,0.121396081874688,-0.197320469216126,0.204655055891965,"CLB_Ma","No change","No change"
"old_regions_new_batch_samples","old","new_batch","SE_164","15",48532697,48575601,0.123249547404451,0.114249905426901,0.15496715176435,-0.108475029796287,0.328001618546141,"CLB_Ma","No change","No change"
"old_regions_new_batch_samples","old","new_batch","SE_165","15",60358047,60443901,0.294013264329868,0.283570476615835,0.347123291267609,-0.0519938280233202,0.238818519018226,"CLB_Ma","No change","No change"
"old_regions_new_batch_samples","old","new_batch","SE_166","15",67068854,67159051,0.325261501158382,0.293088691609069,0.385199337414124,-0.149777449199084,0.243316929592978,"CLB_Ma","No change","No change"
"old_regions_new_batch_samples","old","new_batch","SE_167","15",90399947,90424101,0.161872007779883,0.149585543721226,0.161254528458971,-0.113155397118473,-0.00547993058643174,"CLB_Ma","No change","No change"
"old_regions_new_batch_samples","old","new_batch","SE_168","15",90550547,90564101,0.543278821103192,0.480430360478625,0.585107208515647,-0.177018773753669,0.106818681890792,"CLB_Ma","No change","No change"
"old_regions_new_batch_samples","old","new_batch","SE_169","15",98718197,98736951,0.209054786691628,0.177325549569228,0.219381868628999,-0.23625224236986,0.0692398725588554,"CLB_Ma","No change","No change"
"old_regions_new_batch_samples","old","new_batch","SE_170","15",98842147,98928101,0.256934254146149,0.223716735191316,0.30442199795559,-0.198895808960848,0.243800597265175,"CLB_Ma","No change","No change"
"old_regions_new_batch_samples","old","new_batch","SE_171","16",24970997,25011251,0.162618490236745,0.129813131223944,0.18874444257583,-0.322828425853111,0.213721837258268,"CLB_Ma","No change","No change"
"old_regions_new_batch_samples","old","new_batch","SE_172","16",50183447,50211701,0.148175093155109,0.131447543740304,0.157196115592249,-0.171585588852072,0.0847074979510634,"CLB_Ma","No change","No change"
"old_regions_new_batch_samples","old","new_batch","SE_173","16",57168997,57204301,0.290542851473625,0.255819771754899,0.331630285916962,-0.182951673491888,0.190211582854278,"CLB_Ma","No change","No change"
"old_regions_new_batch_samples","old","new_batch","SE_174","16",75242947,75261051,0.670960784921911,0.511255801097852,0.647393769530589,-0.391512623676438,-0.051506813020113,"CLB_Ma","No change","No change"
"old_regions_new_batch_samples","old","new_batch","SE_175","17",40298047,40352151,0.454465870236183,0.437959073761445,0.478478200017197,-0.0532565148114688,0.0741222715468156,"CLB_Ma","No change","No change"
"old_regions_new_batch_samples","old","new_batch","SE_176","17",45287497,45322051,0.439325775522948,0.475225837835481,0.488537338438497,0.113074598411869,0.152847604224831,"CLB_Ma","No change","No change"
"old_regions_new_batch_samples","old","new_batch","SE_177","17",59745197,59860001,0.492759813086517,0.415045412839519,0.684766697816574,-0.247068408620424,0.4739084249708,"CLB_Ma","No change","No change"
"old_regions_new_batch_samples","old","new_batch","SE_178","19",13839657,13866051,0.666437054769251,0.65974216023246,0.719572370546254,-0.0145443820276898,0.110511550188951,"CLB_Ma","No change","No change"
"old_regions_new_batch_samples","old","new_batch","SE_179","19",17078947,17138251,0.242045066862247,0.226382405354834,0.287826879065631,-0.096103227623848,0.248981158116938,"CLB_Ma","No change","No change"
"old_regions_new_batch_samples","old","new_batch","SE_180","19",47094147,47123101,0.266051071494857,0.24338647290987,0.258667064930176,-0.127951240366691,-0.0404526325022622,"CLB_Ma","No change","No change"
"old_regions_new_batch_samples","old","new_batch","SE_181","20",35304047,35339601,0.391697164675594,0.2783234014881,0.388967688442919,-0.491480735094774,-0.0100625900689231,"CLB_Ma","No change","No change"
"old_regions_new_batch_samples","old","new_batch","SE_182","20",35864297,35902101,0.417894891784369,0.308035757160992,0.513660367403983,-0.438814515708949,0.297032397437559,"CLB_Ma","No change","No change"
"old_regions_new_batch_samples","old","new_batch","SE_183","20",49676197,49705301,0.106498142767301,0.0972371081016437,0.135202121128416,-0.12997173828652,0.341437436415456,"CLB_Ma","No change","No change"
"old_regions_new_batch_samples","old","new_batch","SE_184","20",53735247,53753451,0.248956477994132,0.167809039976064,0.272932452473478,-0.566284752508358,0.13214327355262,"CLB_Ma","No change","No change"
"old_regions_new_batch_samples","old","new_batch","SE_185","22",24132747,24175251,0.189919754246364,0.185566175008551,0.214450220640168,-0.0332789393727818,0.174388191443117,"CLB_Ma","No change","No change"
"old_regions_new_batch_samples","old","new_batch","SE_186","22",24283397,24334101,0.0969269536412216,0.082390096852227,0.106851409779297,-0.231829941327275,0.139267124484735,"CLB_Ma","No change","No change"
"old_regions_new_batch_samples","old","new_batch","SE_187","22",31217497,31253901,0.243316430471755,0.232321346314147,0.312247645230859,-0.0664325852940977,0.358552775208617,"CLB_Ma","No change","No change"
"old_regions_new_batch_samples","old","new_batch","SE_188","22",36307297,36398351,0.322893412139337,0.312412095098301,0.356494809112588,-0.0474582676937273,0.142403169258345,"CLB_Ma","No change","No change"
"old_regions_new_batch_samples","old","new_batch","SE_189","22",40484997,40529101,0.217146233725215,0.177856207826134,0.219426609064924,-0.286495372985187,0.015002825168401,"CLB_Ma","No change","No change"
"old_regions_new_batch_samples","old","new_batch","SE_190","22",41828897,41887951,0.132407595001028,0.125282767570768,0.138123086468789,-0.0791830189119962,0.0605210418988621,"CLB_Ma","No change","No change"
"old_regions_new_batch_samples","old","new_batch","SE_191","22",42956547,43011451,0.222637064536064,0.198098246563659,0.249593267605596,-0.167678797906353,0.164188342626318,"CLB_Ma","No change","No change"
"old_regions_new_batch_samples","old","new_batch","SE_192","22",46057142,46082995,0.498032711293278,0.474469829668677,0.54725996300229,-0.06978058683475,0.13572573739789,"CLB_Ma","No change","No change"
"old_regions_new_batch_samples","old","new_batch","SE_1","1",15876747,15919451,0.0861435548168156,0.0903654746289368,0.115179865311524,0.0682551339187396,0.414894191516691,"SK_N_SH","No change","No change"
"old_regions_new_batch_samples","old","new_batch","SE_2","1",36342397,36377001,0.316945352436462,0.261766590378619,0.328024061087576,-0.274996965439711,0.0494142697655388,"SK_N_SH","No change","No change"
"old_regions_new_batch_samples","old","new_batch","SE_3","1",39102947,39272851,0.156216137495359,0.118135762641425,0.156028560020982,-0.400142758958923,-0.00172233375039465,"SK_N_SH","No change","No change"
"old_regions_new_batch_samples","old","new_batch","SE_4","1",39375747,39427701,0.201491453507291,0.152183439529808,0.194342415607584,-0.402600680173829,-0.0518557755830339,"SK_N_SH","No change","No change"
"old_regions_new_batch_samples","old","new_batch","SE_5","1",51619871,51673751,0.17286875084324,0.15289867056825,0.209322409867714,-0.176017893431039,0.274603914883457,"SK_N_SH","No change","No change"
"old_regions_new_batch_samples","old","new_batch","SE_6","1",85313097,85385301,0.158987457599985,0.0995232543822572,0.107832979113705,-0.67042952431001,-0.555843012309042,"SK_N_SH","Decreased","No change"
"old_regions_new_batch_samples","old","new_batch","SE_7","1",85427447,85462205,0.0808848199956385,0.0709011448976683,0.10108626014406,-0.187581283189601,0.318120774521945,"SK_N_SH","No change","No change"
"old_regions_new_batch_samples","old","new_batch","SE_8","1",85548747,85585701,0.352996780733011,0.259871624933056,0.322052092276492,-0.440396210000732,-0.131969421598395,"SK_N_SH","No change","No change"
"old_regions_new_batch_samples","old","new_batch","SE_9","1",115298747,115335151,0.141233690895555,0.107357972500147,0.148623938306865,-0.392457932169019,0.0730777735875912,"SK_N_SH","No change","No change"
"old_regions_new_batch_samples","old","new_batch","SE_10","1",156086247,156141351,0.729306144450095,0.608090165741087,0.682568986807162,-0.261845557658435,-0.0954144246509097,"SK_N_SH","No change","No change"
"old_regions_new_batch_samples","old","new_batch","SE_11","1",157996270,158050551,0.199298808141543,0.156692075621321,0.191148774705689,-0.345043673255607,-0.0599300599082241,"SK_N_SH","No change","No change"
"old_regions_new_batch_samples","old","new_batch","SE_12","1",162653747,162723901,0.143609927634134,0.125119865253597,0.150281840370706,-0.197371064565604,0.065072220825227,"SK_N_SH","No change","No change"
"old_regions_new_batch_samples","old","new_batch","SE_13","1",163033097,163057701,0.451230581744841,0.37830031715276,0.451884427411874,-0.253717978584348,0.00208437614198958,"SK_N_SH","No change","No change"
"old_regions_new_batch_samples","old","new_batch","SE_14","1",181092697,181117901,0.297173612372478,0.244563726876723,0.255056009839789,-0.280055117682718,-0.219693167632961,"SK_N_SH","No change","No change"
"old_regions_new_batch_samples","old","new_batch","SE_15","1",183026457,183071551,0.0725943188127587,0.08365377501353,0.0690781191873003,0.201980004178673,-0.0706303450368365,"SK_N_SH","No change","No change"
"old_regions_new_batch_samples","old","new_batch","SE_16","1",198254597,198295951,0.123591589740395,0.0951387611735409,0.109274545052931,-0.374016567539198,-0.176106877462896,"SK_N_SH","No change","No change"
"old_regions_new_batch_samples","old","new_batch","SE_17","1",203506147,203560001,0.263132887612487,0.187185356744146,0.220886789598614,-0.489109572887628,-0.251440168151142,"SK_N_SH","No change","No change"
"old_regions_new_batch_samples","old","new_batch","SE_18","1",203663097,203697401,0.229689385974141,0.223840009162035,0.290576569250915,-0.0370528482899249,0.337923163947463,"SK_N_SH","No change","No change"
"old_regions_new_batch_samples","old","new_batch","SE_19","1",204408247,204440051,0.336206761035598,0.276623638474456,0.274794168254745,-0.280503050271479,-0.290041511794833,"SK_N_SH","No change","No change"
"old_regions_new_batch_samples","old","new_batch","SE_20","1",218449847,218501301,0.158253201448519,0.113266952744913,0.146792399363004,-0.47891415444429,-0.107750298333919,"SK_N_SH","No change","No change"
"old_regions_new_batch_samples","old","new_batch","SE_21","1",223704647,223734151,0.317513909071925,0.265695390706533,0.298628496129868,-0.256163483377784,-0.0881815367504836,"SK_N_SH","No change","No change"
"old_regions_new_batch_samples","old","new_batch","SE_22","1",223747397,223789651,0.119819141759828,0.0872118204491115,0.102670718219211,-0.453805147471985,-0.220840580860095,"SK_N_SH","No change","No change"
"old_regions_new_batch_samples","old","new_batch","SE_23","1",234956997,235001201,0.251092852497017,0.207525607390355,0.278064001699552,-0.273730653949962,0.146640819153029,"SK_N_SH","No change","No change"
"old_regions_new_batch_samples","old","new_batch","SE_24","1",243246597,243291601,0.276914331693174,0.224544983469752,0.347716794819712,-0.30122503617383,0.327415614112568,"SK_N_SH","No change","No change"
"old_regions_new_batch_samples","old","new_batch","SE_25","2",36339747,36515551,0.185054429507312,0.148709947900855,0.164496544249671,-0.313554649429288,-0.168923645678772,"SK_N_SH","No change","No change"
"old_regions_new_batch_samples","old","new_batch","SE_26","2",55096397,55115801,0.172134263796513,0.140816863612505,0.167913076288733,-0.287862171322401,-0.035610248990265,"SK_N_SH","No change","No change"
"old_regions_new_batch_samples","old","new_batch","SE_27","2",62710647,62744101,0.0625498659172459,0.14882723082502,0.21177115303691,1.23733886838198,1.74334158080273,"SK_N_SH","Increased","Increased"
"old_regions_new_batch_samples","old","new_batch","SE_28","2",68028247,68060026,0.132908718172185,0.113082308964336,0.131637195528937,-0.231174804307742,-0.0137644828349103,"SK_N_SH","No change","No change"
"old_regions_new_batch_samples","old","new_batch","SE_29","2",69116247,69192151,0.118403923230359,0.103739747873884,0.124963555913361,-0.189041202622786,0.0771561502903712,"SK_N_SH","No change","No change"
"old_regions_new_batch_samples","old","new_batch","SE_30","2",117936997,117987701,0.141420766520282,0.127400752999855,0.146255706943388,-0.149505859409979,0.0481640247517493,"SK_N_SH","No change","No change"
"old_regions_new_batch_samples","old","new_batch","SE_31","2",160204847,160243551,0.258034525284533,0.188002903865148,0.248015688090452,-0.454735999229437,-0.0569077640642799,"SK_N_SH","No change","No change"
"old_regions_new_batch_samples","old","new_batch","SE_32","2",160313747,160455451,0.091447607190412,0.0837335132481139,0.0927636214519368,-0.125703291232949,0.020392313326613,"SK_N_SH","No change","No change"
"old_regions_new_batch_samples","old","new_batch","SE_33","2",177215997,177261130,0.126226224005829,0.123450374380751,0.167454350562748,-0.0318255007770786,0.404961617379039,"SK_N_SH","No change","No change"
"old_regions_new_batch_samples","old","new_batch","SE_34","2",189080997,189129951,0.0911697496493178,0.0762025977500733,0.0927187310208181,-0.25564393928251,0.0240440877301625,"SK_N_SH","No change","No change"
"old_regions_new_batch_samples","old","new_batch","SE_35","2",189247497,189288951,0.154159161197837,0.121778458648093,0.109963513322678,-0.337691418107347,-0.483663509629887,"SK_N_SH","No change","No change"
"old_regions_new_batch_samples","old","new_batch","SE_36","2",189366697,189413251,0.114824177062862,0.089748581173305,0.123424995706602,-0.351989439684575,0.103339905253316,"SK_N_SH","No change","No change"
"old_regions_new_batch_samples","old","new_batch","SE_37","2",207219797,207260201,0.18919932461859,0.134432834536562,0.159967508440218,-0.4899345728849,-0.240742615993042,"SK_N_SH","No change","No change"
"old_regions_new_batch_samples","old","new_batch","SE_38","2",223034497,223094701,0.179013175160186,0.139988173716521,0.191051522189472,-0.352528348797337,0.0933908973969747,"SK_N_SH","No change","No change"
"old_regions_new_batch_samples","old","new_batch","SE_39","2",233402847,233443401,0.189790771751234,0.140916221194894,0.155071401163696,-0.426951891543844,-0.289785192943205,"SK_N_SH","No change","No change"
"old_regions_new_batch_samples","old","new_batch","SE_40","3",8442247,8465001,0.167899484131995,0.16227274463883,0.20016578718886,-0.0488809419591579,0.252220041209586,"SK_N_SH","No change","No change"
"old_regions_new_batch_samples","old","new_batch","SE_41","3",8504804,8566501,0.0982970903222049,0.0867843673074957,0.0951987105983402,-0.177787396801013,-0.0457338865128792,"SK_N_SH","No change","No change"
"old_regions_new_batch_samples","old","new_batch","SE_42","3",8928147,8957701,0.0895256007764051,0.0725992027543721,0.0928767440281561,-0.298635707510187,0.0524419588185332,"SK_N_SH","No change","No change"
"old_regions_new_batch_samples","old","new_batch","SE_43","3",15766847,15817451,0.0908726537809624,0.079066220122341,0.0993217492935863,-0.198441803098827,0.126927002241536,"SK_N_SH","No change","No change"
"old_regions_new_batch_samples","old","new_batch","SE_44","3",57998447,58082501,0.182789073291513,0.172988376218182,0.19845661429568,-0.0790600714371087,0.118023968820611,"SK_N_SH","No change","No change"
"old_regions_new_batch_samples","old","new_batch","SE_45","3",71487997,71522851,0.0875031230418183,0.0628899275067938,0.0752688057851423,-0.470139862329165,-0.214635254741827,"SK_N_SH","No change","No change"
"old_regions_new_batch_samples","old","new_batch","SE_46","3",98954747,98983151,0.107090358323996,0.0760218239942622,0.0777372557544731,-0.488898646329005,-0.457119504256711,"SK_N_SH","No change","No change"
"old_regions_new_batch_samples","old","new_batch","SE_47","3",100001947,100045201,0.0961948962100385,0.0845470970361183,0.0882049623366929,-0.184161659642239,-0.123756591313638,"SK_N_SH","No change","No change"
"old_regions_new_batch_samples","old","new_batch","SE_48","3",111850747,111917851,0.160522301080405,0.130820936252705,0.162414946803012,-0.293153846550254,0.0168065772422877,"SK_N_SH","No change","No change"
"old_regions_new_batch_samples","old","new_batch","SE_49","3",112629747,112658501,0.270127650939348,0.218845574646479,0.255920113750051,-0.302481761560773,-0.0776524135542414,"SK_N_SH","No change","No change"
"old_regions_new_batch_samples","old","new_batch","SE_50","3",120406897,120448070,0.247994057356949,0.216673168930534,0.26568287391484,-0.193947723047251,0.0990138690813185,"SK_N_SH","No change","No change"
"old_regions_new_batch_samples","old","new_batch","SE_51","3",123732947,123803701,0.181415762162778,0.151300550219864,0.19771775714196,-0.260309241242639,0.123490400430647,"SK_N_SH","No change","No change"
"old_regions_new_batch_samples","old","new_batch","SE_52","3",128758647,128806351,0.0780543751130573,0.0807446071672886,0.102420844896359,0.0482782486817568,0.387609782974922,"SK_N_SH","No change","No change"
"old_regions_new_batch_samples","old","new_batch","SE_53","3",134308647,134335151,0.330366157348932,0.161185865954474,0.185584386864265,-1.03077816846979,-0.828597998237487,"SK_N_SH","Decreased","Decreased"
"old_regions_new_batch_samples","old","new_batch","SE_54","3",134457747,134482731,0.224053860318871,0.168538070590144,0.158158915558355,-0.408661037431959,-0.499802337028507,"SK_N_SH","No change","No change"
"old_regions_new_batch_samples","old","new_batch","SE_55","3",136136147,136186501,0.0545463941871555,0.0457690867247464,0.054595478991465,-0.248138004566636,0.00127430654782305,"SK_N_SH","No change","No change"
"old_regions_new_batch_samples","old","new_batch","SE_56","3",159760747,159788351,0.249485986517925,0.206103753386086,0.258359409738262,-0.274376193783768,0.050222818768796,"SK_N_SH","No change","No change"
"old_regions_new_batch_samples","old","new_batch","SE_57","3",160394897,160434051,0.0826264459995145,0.0801871636703053,0.0906787146222879,-0.042707607864458,0.132627565126883,"SK_N_SH","No change","No change"
"old_regions_new_batch_samples","old","new_batch","SE_58","3",171345247,171395851,0.1005561684713,0.0918071043121821,0.111250077327872,-0.12997071899245,0.144438567947253,"SK_N_SH","No change","No change"
"old_regions_new_batch_samples","old","new_batch","SE_59","3",172114947,172182951,0.158261785621582,0.13208342378899,0.155007315814822,-0.259069250621627,-0.0297864536378889,"SK_N_SH","No change","No change"
"old_regions_new_batch_samples","old","new_batch","SE_60","3",178168947,178207101,0.171734881115028,0.146768463254126,0.178194052829934,-0.225221039691366,0.052963315353552,"SK_N_SH","No change","No change"
"old_regions_new_batch_samples","old","new_batch","SE_61","3",188233597,188299051,0.129464400677244,0.0965938374939853,0.0982166444064292,-0.418794240169054,-0.39500212784602,"SK_N_SH","No change","No change"
"old_regions_new_batch_samples","old","new_batch","SE_62","3",196773597,196808001,0.145295269901462,0.124722767214644,0.201222630303952,-0.218637192261365,0.467061330978544,"SK_N_SH","No change","No change"
"old_regions_new_batch_samples","old","new_batch","SE_63","4",15676347,15693351,0.292863622880224,0.22729743696612,0.347668971062407,-0.364232117185486,0.246711200639901,"SK_N_SH","No change","No change"
"old_regions_new_batch_samples","old","new_batch","SE_64","4",41142347,41206251,0.11299902345175,0.089521530926769,0.0982340121582343,-0.332688576697626,-0.200114876047644,"SK_N_SH","No change","No change"
"old_regions_new_batch_samples","old","new_batch","SE_65","4",48345947,48381151,0.103002681657055,0.0994882697835842,0.105925812190805,-0.049593625742617,0.039989437714082,"SK_N_SH","No change","No change"
"old_regions_new_batch_samples","old","new_batch","SE_66","4",69763710,69800501,0.168748918522909,0.12565576094489,0.172584002505084,-0.422489683418591,0.0322316121579459,"SK_N_SH","No change","No change"
"old_regions_new_batch_samples","old","new_batch","SE_67","4",76579597,76591951,0.279766582975467,0.189542235138408,0.235366914427887,-0.55926041782685,-0.248343127623684,"SK_N_SH","No change","No change"
"old_regions_new_batch_samples","old","new_batch","SE_68","4",76687447,76709901,0.118541126613159,0.113817563803886,0.129472255500784,-0.0581636946129011,0.126236010424778,"SK_N_SH","No change","No change"
"old_regions_new_batch_samples","old","new_batch","SE_69","4",76722897,76784501,0.098546430542772,0.0729278000703634,0.0906036034801176,-0.429252603327516,-0.119965234032037,"SK_N_SH","No change","No change"
"old_regions_new_batch_samples","old","new_batch","SE_70","4",76952711,77066251,0.0970810716448334,0.0890084228063619,0.0878265020447017,-0.123914729916608,-0.142984562613312,"SK_N_SH","No change","No change"
"old_regions_new_batch_samples","old","new_batch","SE_71","4",79996597,80039451,0.0656604042343492,0.0729500043738792,0.093338141827209,0.149720166554749,0.501011118368745,"SK_N_SH","No change","No change"
"old_regions_new_batch_samples","old","new_batch","SE_72","4",113890697,113976721,0.0843710227051298,0.0753714650120843,0.0881207231925337,-0.160712763397413,0.0620144776469,"SK_N_SH","No change","No change"
"old_regions_new_batch_samples","old","new_batch","SE_73","4",114242047,114284101,0.13653088295305,0.0970420136469471,0.123949290092022,-0.488283595736538,-0.138412911636035,"SK_N_SH","No change","No change"
"old_regions_new_batch_samples","old","new_batch","SE_74","4",122758547,122785001,0.13223477686256,0.0831515786675744,0.121580695553493,-0.662908461363532,-0.120238906828933,"SK_N_SH","Decreased","No change"
"old_regions_new_batch_samples","old","new_batch","SE_75","4",122873447,122913301,0.0745222220528252,0.0498460157625234,0.0556824425963187,-0.570766482497512,-0.413999283884519,"SK_N_SH","No change","No change"
"old_regions_new_batch_samples","old","new_batch","SE_76","4",150203097,150260401,0.122724034251102,0.102337809209506,0.102481059625811,-0.259757577387712,-0.257759048922486,"SK_N_SH","No change","No change"
"old_regions_new_batch_samples","old","new_batch","SE_77","4",158802947,158826551,0.171445260747133,0.157146488449951,0.211046456869818,-0.124876958246225,0.298241896572083,"SK_N_SH","No change","No change"
"old_regions_new_batch_samples","old","new_batch","SE_78","4",185340297,185363101,0.248228748899182,0.200959960724669,0.29861723991004,-0.303401192995583,0.265650143605039,"SK_N_SH","No change","No change"
"old_regions_new_batch_samples","old","new_batch","SE_79","5",9426847,9485051,0.0976309617291533,0.0986267220599017,0.118393335942441,0.0144921552956191,0.275609807100811,"SK_N_SH","No change","No change"
"old_regions_new_batch_samples","old","new_batch","SE_80","5",65184147,65209951,0.0925213600181302,0.0680905286995971,0.0796236240659861,-0.436807958373438,-0.214093275765558,"SK_N_SH","No change","No change"
"old_regions_new_batch_samples","old","new_batch","SE_81","5",76488897,76543601,0.158976857694944,0.117883619040405,0.157161676623856,-0.428313279464201,-0.0164631496331765,"SK_N_SH","No change","No change"
"old_regions_new_batch_samples","old","new_batch","SE_82","5",83501697,83567351,0.043972495126881,0.0407095012949178,0.0540915646323855,-0.10866686608456,0.29278850821694,"SK_N_SH","No change","No change"
"old_regions_new_batch_samples","old","new_batch","SE_83","5",95711147,95794501,0.147156123644858,0.120463975049168,0.153649617331956,-0.286589768609643,0.0618850060508537,"SK_N_SH","No change","No change"
"old_regions_new_batch_samples","old","new_batch","SE_84","5",140240947,140263301,0.23456791486924,0.24976976923199,0.288608313093586,0.0902203863147986,0.29795996231056,"SK_N_SH","No change","No change"
"old_regions_new_batch_samples","old","new_batch","SE_85","5",140280247,140335801,0.189060925050664,0.133340525496449,0.156008949725589,-0.500567378951998,-0.275615159283362,"SK_N_SH","No change","No change"
"old_regions_new_batch_samples","old","new_batch","SE_86","5",147471147,147506901,0.177741061196916,0.164320380790152,0.251718814871806,-0.112606502962047,0.499661981858179,"SK_N_SH","No change","No change"
"old_regions_new_batch_samples","old","new_batch","SE_87","5",151660847,151701051,0.267071767849571,0.222612207716769,0.273589225964447,-0.261620337226067,0.0346557307196042,"SK_N_SH","No change","No change"
"old_regions_new_batch_samples","old","new_batch","SE_88","5",169586631,169604651,0.12681604225832,0.0957019662166821,0.135274457780702,-0.402451791991106,0.0924462589402013,"SK_N_SH","No change","No change"
"old_regions_new_batch_samples","old","new_batch","SE_89","6",11161397,11228301,0.163675090376721,0.121841169176048,0.146899716007055,-0.422828193146405,-0.155003059685347,"SK_N_SH","No change","No change"
"old_regions_new_batch_samples","old","new_batch","SE_90","6",30725347,30784151,0.247073989683443,0.189363015787467,0.252126185780637,-0.382017262592176,0.0290862832803498,"SK_N_SH","No change","No change"
"old_regions_new_batch_samples","old","new_batch","SE_91","6",37126147,37146201,0.391257307492509,0.272722061462022,0.357773243076223,-0.519088606108359,-0.128728024272026,"SK_N_SH","No change","No change"
"old_regions_new_batch_samples","old","new_batch","SE_92","6",44655047,44669401,0.432646135385685,0.24705021630591,0.263532273053435,-0.805886037131604,-0.713074509923342,"SK_N_SH","Decreased","Decreased"
"old_regions_new_batch_samples","old","new_batch","SE_93","6",52503197,52574063,0.215992703035938,0.18287560943883,0.200502725786725,-0.238916405810795,-0.106847174333111,"SK_N_SH","No change","No change"
"old_regions_new_batch_samples","old","new_batch","SE_94","6",140043647,140073501,0.120507851003151,0.0973058396562699,0.116191337329333,-0.305700509335324,-0.0521836028168431,"SK_N_SH","No change","No change"
"old_regions_new_batch_samples","old","new_batch","SE_95","6",151022147,151071401,0.199203031750922,0.142636528416997,0.166663791928091,-0.479041131899716,-0.255892658335035,"SK_N_SH","No change","No change"
"old_regions_new_batch_samples","old","new_batch","SE_96","6",152704947,152754551,0.0613787906701375,0.0627746267506793,0.0708667103257466,0.0319269666578533,0.204268065061484,"SK_N_SH","No change","No change"
"old_regions_new_batch_samples","old","new_batch","SE_97","6",158008197,158058551,0.278119114345179,0.221424413610467,0.252832591045126,-0.327565775979415,-0.137003607836937,"SK_N_SH","No change","No change"
"old_regions_new_batch_samples","old","new_batch","SE_98","7",18492447,18592001,0.179515097164362,0.148793059856891,0.159587951685397,-0.269148717171,-0.168755843341865,"SK_N_SH","No change","No change"
"old_regions_new_batch_samples","old","new_batch","SE_99","7",23449697,23478301,0.419635945069706,0.3814564140285,0.484018216067115,-0.137276796581937,0.205466792766628,"SK_N_SH","No change","No change"
"old_regions_new_batch_samples","old","new_batch","SE_100","7",130355747,130375151,0.418486361598308,0.330503615483975,0.435402169104059,-0.33959930140115,0.0570343661699467,"SK_N_SH","No change","No change"
"old_regions_new_batch_samples","old","new_batch","SE_101","7",130880747,130926401,0.322282799723074,0.240687492919101,0.265673009785415,-0.419653933806409,-0.277724935028713,"SK_N_SH","No change","No change"
"old_regions_new_batch_samples","old","new_batch","SE_102","7",134809197,134848151,0.178158244350091,0.132796443537883,0.154396920517123,-0.421194665767624,-0.205276519469089,"SK_N_SH","No change","No change"
"old_regions_new_batch_samples","old","new_batch","SE_103","7",134879597,134946501,0.161973578568173,0.128158647954539,0.188258388152254,-0.335493848449454,0.215719151233929,"SK_N_SH","No change","No change"
"old_regions_new_batch_samples","old","new_batch","SE_104","8",32685847,32716151,0.0778657959652227,0.0621543657370925,0.0765933129442381,-0.320517272026017,-0.0234674150367165,"SK_N_SH","No change","No change"
"old_regions_new_batch_samples","old","new_batch","SE_105","8",66505747,66560201,0.209872651044014,0.138299438744441,0.152132368273478,-0.598182552965932,-0.461592734136956,"SK_N_SH","Decreased","No change"
"old_regions_new_batch_samples","old","new_batch","SE_106","8",117927647,117958551,0.110784901418714,0.0957005757783359,0.124798804657453,-0.209128954179466,0.170392874596797,"SK_N_SH","No change","No change"
"old_regions_new_batch_samples","old","new_batch","SE_107","8",117977047,118057451,0.0966863394469389,0.0754446500481293,0.0812171100427937,-0.353741289800519,-0.248718166806023,"SK_N_SH","No change","No change"
"old_regions_new_batch_samples","old","new_batch","SE_108","8",127798959,127929451,0.272920235017797,0.194943389521922,0.247793620873054,-0.483318942624075,-0.138806349751592,"SK_N_SH","No change","No change"
"old_regions_new_batch_samples","old","new_batch","SE_109","9",12778010,12823051,0.138943316168715,0.146727520066475,0.158474483053147,0.0780960258746389,0.188483017922377,"SK_N_SH","No change","No change"
"old_regions_new_batch_samples","old","new_batch","SE_110","9",33148547,33163301,0.302886031308624,0.255021975632897,0.269976553691178,-0.24726271100733,-0.16536233274292,"SK_N_SH","No change","No change"
"old_regions_new_batch_samples","old","new_batch","SE_111","9",33305747,33338851,0.219867664234333,0.171342284778161,0.249807341397191,-0.357905503534813,0.183397359205882,"SK_N_SH","No change","No change"
"old_regions_new_batch_samples","old","new_batch","SE_112","9",33820797,33878851,0.062872264071658,0.0495251981842109,0.077190281619346,-0.338186514874862,0.29179971363174,"SK_N_SH","No change","No change"
"old_regions_new_batch_samples","old","new_batch","SE_113","9",35510497,35534101,0.28170439247012,0.151096174358689,0.255218932103894,-0.894310433234786,-0.141917218120842,"SK_N_SH","Decreased","No change"
"old_regions_new_batch_samples","old","new_batch","SE_114","9",36089347,36114801,0.22761299625179,0.166280400285113,0.201190436973249,-0.450639001323258,-0.177192657066985,"SK_N_SH","No change","No change"
"old_regions_new_batch_samples","old","new_batch","SE_115","9",37929397,37979101,0.251294270319362,0.165475667414284,0.184313434014633,-0.599796118590588,-0.445139971505348,"SK_N_SH","Decreased","No change"
"old_regions_new_batch_samples","old","new_batch","SE_116","9",38008247,38049251,0.287779739104981,0.204450202054096,0.250872703491591,-0.491180776396041,-0.197274746159112,"SK_N_SH","No change","No change"
"old_regions_new_batch_samples","old","new_batch","SE_117","9",112031947,112082301,0.158652985265127,0.103365823591393,0.13820015944933,-0.613290175737962,-0.197778665588639,"SK_N_SH","Decreased","No change"
"old_regions_new_batch_samples","old","new_batch","SE_118","9",123036640,123103201,0.108194886730956,0.0833009069635964,0.096527188606381,-0.373285242949293,-0.163028926531142,"SK_N_SH","No change","No change"
"old_regions_new_batch_samples","old","new_batch","SE_119","9",129480397,129503501,0.480278304156508,0.392114736481775,0.441795749953696,-0.291920942310426,-0.120230013726247,"SK_N_SH","No change","No change"
"old_regions_new_batch_samples","old","new_batch","SE_120","10",4765947,4781801,0.11331996344354,0.115451897963577,0.134838626041873,0.0266567929513375,0.248816411532335,"SK_N_SH","No change","No change"
"old_regions_new_batch_samples","old","new_batch","SE_121","10",17198947,17218401,0.247395774780863,0.20966470238205,0.247926743397097,-0.237692027749788,0.00308060082771464,"SK_N_SH","No change","No change"
"old_regions_new_batch_samples","old","new_batch","SE_122","10",28539747,28607351,0.050164967372318,0.0518955716951658,0.0633569128668839,0.0479906123600242,0.330938787491985,"SK_N_SH","No change","No change"
"old_regions_new_batch_samples","old","new_batch","SE_123","10",32938556,32963651,0.165173346875872,0.159265880386478,0.169069098958779,-0.0522216844203554,0.0334320297229274,"SK_N_SH","No change","No change"
"old_regions_new_batch_samples","old","new_batch","SE_124","10",33210847,33241751,0.0961470884629091,0.0772008096458241,0.0895219882524626,-0.312987213873625,-0.10190248556605,"SK_N_SH","No change","No change"
"old_regions_new_batch_samples","old","new_batch","SE_125","10",52516047,52542901,0.109554881805088,0.0669457516102452,0.091313881011916,-0.702307479393999,-0.260143228267708,"SK_N_SH","Decreased","No change"
"old_regions_new_batch_samples","old","new_batch","SE_126","10",62224097,62264501,0.0851938374880925,0.0736000777765242,0.0933171793115924,-0.208407591516186,0.129935847008788,"SK_N_SH","No change","No change"
"old_regions_new_batch_samples","old","new_batch","SE_127","10",71835247,71861901,0.266479105946975,0.213666658976803,0.321026901897785,-0.317328064271143,0.267755014880263,"SK_N_SH","No change","No change"
"old_regions_new_batch_samples","old","new_batch","SE_128","10",74049647,74090251,0.0899192842669095,0.0734369024864434,0.0837122222298392,-0.28856830469891,-0.102016191272584,"SK_N_SH","No change","No change"
"old_regions_new_batch_samples","old","new_batch","SE_129","10",77494247,77535201,0.269931859107328,0.206113155575594,0.241430575830228,-0.387510856547679,-0.160358385373015,"SK_N_SH","No change","No change"
"old_regions_new_batch_samples","old","new_batch","SE_130","10",90913547,90937551,0.304672379081188,0.172501909111092,0.191414055586291,-0.817034657035954,-0.667772004601883,"SK_N_SH","Decreased","Decreased"
"old_regions_new_batch_samples","old","new_batch","SE_131","10",93435197,93479316,0.320869066096435,0.244123428395134,0.309847678605178,-0.392965549605371,-0.0502661252950864,"SK_N_SH","No change","No change"
"old_regions_new_batch_samples","old","new_batch","SE_132","10",99945397,100006952,0.143764940937962,0.127257808894422,0.159109755045536,-0.174665587878119,0.145348956012945,"SK_N_SH","No change","No change"
"old_regions_new_batch_samples","old","new_batch","SE_133","10",126198347,126264901,0.145169581060859,0.097030250911455,0.155782427264265,-0.576344186609336,0.101120758757716,"SK_N_SH","No change","No change"
"old_regions_new_batch_samples","old","new_batch","SE_134","11",8704047,8734001,0.213943257241373,0.17246723542499,0.197688938237761,-0.309292662163322,-0.113444299212274,"SK_N_SH","No change","No change"
"old_regions_new_batch_samples","old","new_batch","SE_135","11",9564747,9593851,0.286999243006454,0.275811301610057,0.33209411941942,-0.0571621732985433,0.209864864694387,"SK_N_SH","No change","No change"
"old_regions_new_batch_samples","old","new_batch","SE_136","11",12156847,12238251,0.209202968078098,0.141631339514276,0.174510851366664,-0.559492029187131,-0.26022280911722,"SK_N_SH","No change","No change"
"old_regions_new_batch_samples","old","new_batch","SE_137","11",57764759,57800701,0.175446293060526,0.136832996415526,0.211221749616562,-0.356307818856942,0.266343397885444,"SK_N_SH","No change","No change"
"old_regions_new_batch_samples","old","new_batch","SE_138","11",65471697,65503201,0.69544724823482,0.558644329472429,0.692258816803782,-0.315503838318139,-0.00662002188913222,"SK_N_SH","No change","No change"
"old_regions_new_batch_samples","old","new_batch","SE_139","11",66066197,66134001,0.190426926870308,0.16483696480338,0.194961925657575,-0.207028162125972,0.0337795944224349,"SK_N_SH","No change","No change"
"old_regions_new_batch_samples","old","new_batch","SE_140","11",74121747,74163301,0.152163945065054,0.105141439497054,0.157735572073503,-0.529088705558166,0.051548741722219,"SK_N_SH","No change","No change"
"old_regions_new_batch_samples","old","new_batch","SE_141","11",86717847,86763301,0.20443980407918,0.143473792032877,0.183535370714746,-0.507907924351725,-0.154818361163423,"SK_N_SH","No change","No change"
"old_regions_new_batch_samples","old","new_batch","SE_142","11",96045247,96167601,0.149269684204576,0.117406142356414,0.134602946712071,-0.343810062400132,-0.148165456356916,"SK_N_SH","No change","No change"
"old_regions_new_batch_samples","old","new_batch","SE_143","11",96186547,96338436,0.175702097956926,0.147133148847073,0.178595527255536,-0.254424649625799,0.0234322519779983,"SK_N_SH","No change","No change"
"old_regions_new_batch_samples","old","new_batch","SE_144","11",111530747,111564401,0.320488667465157,0.256237886751599,0.322458101270924,-0.321664740504555,0.00881096349070717,"SK_N_SH","No change","No change"
"old_regions_new_batch_samples","old","new_batch","SE_145","11",120329347,120348301,0.245148019320256,0.216087539039889,0.233303840599178,-0.181249213947797,-0.0711455283040095,"SK_N_SH","No change","No change"
"old_regions_new_batch_samples","old","new_batch","SE_146","11",122156497,122199001,0.110315402284394,0.103494758345688,0.110229804141896,-0.0912226508447276,-0.00110981515857449,"SK_N_SH","No change","No change"
"old_regions_new_batch_samples","old","new_batch","SE_147","12",12816343,12845951,0.158365227013304,0.0891164533217399,0.120356211973855,-0.822474431973188,-0.393088913229205,"SK_N_SH","Decreased","No change"
"old_regions_new_batch_samples","old","new_batch","SE_148","12",29276997,29287551,0.219692453664899,0.160455359370289,0.236787408236139,-0.45090196834045,0.107635021723602,"SK_N_SH","No change","No change"
"old_regions_new_batch_samples","old","new_batch","SE_149","12",45223347,45314051,0.180983450079892,0.138336597651297,0.167923174347775,-0.385233014145475,-0.10743999181707,"SK_N_SH","No change","No change"
"old_regions_new_batch_samples","old","new_batch","SE_150","12",67651729,67681601,0.152798943987621,0.161627939510912,0.178419193452633,0.080529536469186,0.222288633974284,"SK_N_SH","No change","No change"
"old_regions_new_batch_samples","old","new_batch","SE_151","12",93775547,93788151,0.162860326125305,0.141282806920371,0.175136867799237,-0.20370525035622,0.104230324836783,"SK_N_SH","No change","No change"
"old_regions_new_batch_samples","old","new_batch","SE_152","12",121923247,121950951,0.0963922148601971,0.0680136469507093,0.0847161214435189,-0.496924781074056,-0.184239882518852,"SK_N_SH","No change","No change"
"old_regions_new_batch_samples","old","new_batch","SE_153","12",122068297,122123151,0.178995053766843,0.152214424618079,0.213741974083363,-0.232405133589079,0.254646949990717,"SK_N_SH","No change","No change"
"old_regions_new_batch_samples","old","new_batch","SE_154","13",33212947,33264201,0.159840517644724,0.115431481351317,0.133290976923187,-0.466149689985284,-0.26026851175651,"SK_N_SH","No change","No change"
"old_regions_new_batch_samples","old","new_batch","SE_155","13",45189747,45243251,0.123239228994078,0.100203770934248,0.124330195763765,-0.295857734747956,0.012613262826739,"SK_N_SH","No change","No change"
"old_regions_new_batch_samples","old","new_batch","SE_156","14",32444647,32524351,0.156764931213788,0.129008836380993,0.15901139547503,-0.279166868422263,0.0203981012308064,"SK_N_SH","No change","No change"
"old_regions_new_batch_samples","old","new_batch","SE_157","14",51003797,51024851,0.255612763230546,0.184476743407064,0.319540479490295,-0.468354626725797,0.320913631259741,"SK_N_SH","No change","No change"
"old_regions_new_batch_samples","old","new_batch","SE_158","14",51521947,51555551,0.193049338314474,0.162523888271924,0.226841109897156,-0.246922107503838,0.231604565617303,"SK_N_SH","No change","No change"
"old_regions_new_batch_samples","old","new_batch","SE_159","14",52852497,52948096,0.0966336934877779,0.0742492677801,0.0989256695146188,-0.375701565590919,0.033476224662094,"SK_N_SH","No change","No change"
"old_regions_new_batch_samples","old","new_batch","SE_160","14",64917647,64937951,0.0989783015214277,0.0849708649316678,0.108660452741613,-0.217767197069904,0.133356411879075,"SK_N_SH","No change","No change"
"old_regions_new_batch_samples","old","new_batch","SE_161","15",32818747,32879001,0.0865089687108071,0.0748594949355916,0.0860606287098925,-0.206101118607616,-0.0074104463508153,"SK_N_SH","No change","No change"
"old_regions_new_batch_samples","old","new_batch","SE_162","15",33126697,33165451,0.255595160391344,0.229608809080059,0.319034436813133,-0.154046336307696,0.318733192248661,"SK_N_SH","No change","No change"
"old_regions_new_batch_samples","old","new_batch","SE_163","15",44028097,44116051,0.0946317231274329,0.0804783270438096,0.0872008450207324,-0.231072912568752,-0.116696793203611,"SK_N_SH","No change","No change"
"old_regions_new_batch_samples","old","new_batch","SE_164","15",48532697,48575601,0.123468341680228,0.115416125792928,0.155417661977978,-0.0964879297069344,0.329624582649867,"SK_N_SH","No change","No change"
"old_regions_new_batch_samples","old","new_batch","SE_165","15",60358047,60443901,0.286730639695336,0.220244834361725,0.278542873843306,-0.379075086685112,-0.0416492901424532,"SK_N_SH","No change","No change"
"old_regions_new_batch_samples","old","new_batch","SE_166","15",67068854,67159051,0.304424152069172,0.229102745233546,0.271870420338701,-0.408535955154577,-0.162598138585852,"SK_N_SH","No change","No change"
"old_regions_new_batch_samples","old","new_batch","SE_167","15",90399947,90424101,0.151909116373211,0.126398749167149,0.139476711595291,-0.263323309174464,-0.122343443613445,"SK_N_SH","No change","No change"
"old_regions_new_batch_samples","old","new_batch","SE_168","15",90550547,90564101,0.43267916529066,0.342532858084724,0.550709098935869,-0.336180039335593,0.347279638724147,"SK_N_SH","No change","No change"
"old_regions_new_batch_samples","old","new_batch","SE_169","15",98718197,98736951,0.242112740453498,0.200132159720577,0.235509254721127,-0.273481722939748,-0.0397288625333292,"SK_N_SH","No change","No change"
"old_regions_new_batch_samples","old","new_batch","SE_170","15",98842147,98928101,0.205946518259679,0.173732375605614,0.208577030779241,-0.244111030974639,0.0182226326981764,"SK_N_SH","No change","No change"
"old_regions_new_batch_samples","old","new_batch","SE_171","16",24970997,25011251,0.164592836045099,0.137875883185043,0.162207435781433,-0.253844173135327,-0.0209334711974716,"SK_N_SH","No change","No change"
"old_regions_new_batch_samples","old","new_batch","SE_172","16",50183447,50211701,0.174533421505933,0.125592825006259,0.155066446326072,-0.471550106940653,-0.169585348468481,"SK_N_SH","No change","No change"
"old_regions_new_batch_samples","old","new_batch","SE_173","16",57168997,57204301,0.227586625356025,0.188436802932558,0.275329123284068,-0.271024355320661,0.273646627115154,"SK_N_SH","No change","No change"
"old_regions_new_batch_samples","old","new_batch","SE_174","16",75242947,75261051,0.715069759806022,0.499148188285748,0.55221593547315,-0.517744529723981,-0.372257428123871,"SK_N_SH","No change","No change"
"old_regions_new_batch_samples","old","new_batch","SE_175","17",40298047,40352151,0.578124191394448,0.478664636595685,0.570207491632952,-0.271846682508332,-0.0198578618288881,"SK_N_SH","No change","No change"
"old_regions_new_batch_samples","old","new_batch","SE_176","17",45287497,45322051,0.342715122283019,0.268320895304579,0.336667555084087,-0.351887160818992,-0.0256097626244924,"SK_N_SH","No change","No change"
"old_regions_new_batch_samples","old","new_batch","SE_177","17",59745197,59860001,0.256166401659312,0.193740767876891,0.261645351037547,-0.4011472336809,0.0304138788557299,"SK_N_SH","No change","No change"
"old_regions_new_batch_samples","old","new_batch","SE_178","19",13839657,13866051,0.610806719700044,0.513179652967609,0.62053399978598,-0.250803431426685,0.0227573605724555,"SK_N_SH","No change","No change"
"old_regions_new_batch_samples","old","new_batch","SE_179","19",17078947,17138251,0.1960381633785,0.147908081839887,0.216658317254563,-0.404053028539688,0.143590064630374,"SK_N_SH","No change","No change"
"old_regions_new_batch_samples","old","new_batch","SE_180","19",47094147,47123101,0.217900600096701,0.20018449462234,0.247623962720273,-0.121756789260238,0.183689442483016,"SK_N_SH","No change","No change"
"old_regions_new_batch_samples","old","new_batch","SE_181","20",35304047,35339601,0.19907548602585,0.168009650485767,0.177360335927595,-0.243438786800412,-0.165749591874023,"SK_N_SH","No change","No change"
"old_regions_new_batch_samples","old","new_batch","SE_182","20",35864297,35902101,0.270547428823102,0.195039964398988,0.290512909395346,-0.470056413143267,0.102355570324997,"SK_N_SH","No change","No change"
"old_regions_new_batch_samples","old","new_batch","SE_183","20",49676197,49705301,0.0985069306790018,0.0835499563285239,0.0912904325028505,-0.23499300371477,-0.108615917806957,"SK_N_SH","No change","No change"
"old_regions_new_batch_samples","old","new_batch","SE_184","20",53735247,53753451,0.224632565536673,0.201322144368191,0.239391816739955,-0.157321073862032,0.0914124787434229,"SK_N_SH","No change","No change"
"old_regions_new_batch_samples","old","new_batch","SE_185","22",24132747,24175251,0.179242706478558,0.162840252259203,0.175023499178187,-0.137651040269572,-0.034172840145611,"SK_N_SH","No change","No change"
"old_regions_new_batch_samples","old","new_batch","SE_186","22",24283397,24334101,0.119210163539502,0.103328501490074,0.151383301337957,-0.204425536934694,0.342145937924338,"SK_N_SH","No change","No change"
"old_regions_new_batch_samples","old","new_batch","SE_187","22",31217497,31253901,0.227671841987976,0.203776637594154,0.220597146764494,-0.159227595648426,-0.0453394215612417,"SK_N_SH","No change","No change"
"old_regions_new_batch_samples","old","new_batch","SE_188","22",36307297,36398351,0.249104255363966,0.166833828424686,0.222593219953326,-0.575496070952207,-0.161653162448727,"SK_N_SH","No change","No change"
"old_regions_new_batch_samples","old","new_batch","SE_189","22",40484997,40529101,0.110285401045337,0.0750539470989463,0.0867162529125474,-0.549169316447979,-0.343348256422098,"SK_N_SH","No change","No change"
"old_regions_new_batch_samples","old","new_batch","SE_190","22",41828897,41887951,0.0771013015229375,0.0789244274469897,0.106153937383796,0.0332899136081704,0.456266367442341,"SK_N_SH","No change","No change"
"old_regions_new_batch_samples","old","new_batch","SE_191","22",42956547,43011451,0.102129294506488,0.0794626952536292,0.106172572991286,-0.358062227519151,0.0554815492746714,"SK_N_SH","No change","No change"
"old_regions_new_batch_samples","old","new_batch","SE_192","22",46057142,46082995,0.483188551444651,0.410151185978231,0.437737780657052,-0.235899977074023,-0.142210022173401,"SK_N_SH","No change","No change"
