Plate,Metadata_Well,Drug,Concentration,Metadata_row,Metadata_column,NumberOfCells,NumberOfCells_ADR,NumberOfCells_MES
2214036,A01,IPI-549,1.0,1,1,5181.0,3922.0,1259.0
2214036,A02,Perifosine,10.0,1,2,1904.0,1468.0,436.0
2214036,A03,Alvespimycin (17-DMAG),1.0,1,3,1433.0,727.0,706.0
2214036,A04,Apratastat (TMI-005),1.0,1,4,6042.0,4402.0,1640.0
2214036,A05,TAK-243 (MLN7243),10.0,1,5,69.0,49.0,20.0
2214036,A06,GSK481,10.0,1,6,5887.0,4241.0,1646.0
2214036,A07,Sitravatinib,0.01,1,7,6048.0,4248.0,1800.0
2214036,A08,GM6001 (Ilomastat ),0.1,1,8,6069.0,4480.0,1589.0
2214036,A09,MIM1,1.0,1,9,5880.0,4312.0,1568.0
2214036,A10,6-Aminonicotinamide,0.1,1,10,5841.0,4516.0,1325.0
2214036,A11,TAK-243 (MLN7243),0.01,1,11,6073.0,4404.0,1669.0
2214036,A12,GSK1070916,0.1,1,12,1568.0,1270.0,298.0
2214036,A13,DMSO,0.0,1,13,5706.0,4423.0,1283.0
2214036,A14,Pladienolide B,1.0,1,14,1671.0,1213.0,458.0
2214036,A15,Valemetostat,0.1,1,15,6130.0,4797.0,1333.0
2214036,A16,Salubrinal,0.01,1,16,6077.0,4942.0,1135.0
2214036,A17,CEP-37440,0.1,1,17,6192.0,4929.0,1263.0
2214036,A18,IPI-549,0.01,1,18,5538.0,4353.0,1185.0
2214036,A19,CPI-455,10.0,1,19,5551.0,4632.0,919.0
2214036,A20,GI254023X,0.1,1,20,6493.0,5187.0,1306.0
2214036,A21,Fluvastatin,1.0,1,21,6013.0,5166.0,847.0
2214036,A22,Spautin 1,10.0,1,22,6562.0,5819.0,743.0
2214036,A23,CPI-455,0.01,1,23,5726.0,4538.0,1188.0
2214036,A24,Salubrinal,10.0,1,24,4783.0,4265.0,518.0
2214036,B01,CEP-37440,0.1,2,1,5621.0,4164.0,1457.0
2214036,B02,Ezatiostat,1.0,2,2,5556.0,3685.0,1871.0
2214036,B03,MAK-683,0.1,2,3,5282.0,3702.0,1580.0
2214036,B04,Brequinar,0.01,2,4,5575.0,3955.0,1620.0
2214036,B05,BMS493,10.0,2,5,3919.0,2677.0,1242.0
2214036,B06,ML-210,0.01,2,6,5870.0,4190.0,1680.0
2214036,B07,MAK-683,1.0,2,7,6130.0,4497.0,1633.0
2214036,B08,"10,12-Tricosadiynoic acid",10.0,2,8,6099.0,4631.0,1468.0
2214036,B09,MAK-683,10.0,2,9,4908.0,3916.0,992.0
2214036,B10,6-Aminonicotinamide,10.0,2,10,6744.0,4887.0,1857.0
2214036,B11,GSK481,0.1,2,11,6289.0,4824.0,1465.0
2214036,B12,GSK1070916,10.0,2,12,633.0,598.0,35.0
2214036,B13,Salinomycin (sodium salt),0.01,2,13,5662.0,4412.0,1250.0
2214036,B14,DMSO,0.0,2,14,6216.0,4924.0,1292.0
2214036,B15,BMS 345541 (trifluoroacetate salt),0.1,2,15,6571.0,4844.0,1727.0
2214036,B16,SGI-7079,10.0,2,16,391.0,360.0,31.0
2214036,B17,Brequinar,10.0,2,17,3201.0,2564.0,637.0
2214036,B18,IPI-549,10.0,2,18,3580.0,3203.0,377.0
2214036,B19,GSK481,1.0,2,19,6069.0,4706.0,1363.0
2214036,B20,XAV939,0.1,2,20,5850.0,4605.0,1245.0
2214036,B21,R428,10.0,2,21,284.0,240.0,44.0
2214036,B22,Alvespimycin (17-DMAG),0.1,2,22,5139.0,4106.0,1033.0
2214036,B23,IPI-549,0.01,2,23,6543.0,5188.0,1355.0
2214036,B24,C188-9,0.01,2,24,5497.0,4513.0,984.0
2214036,C01,Salinomycin (sodium salt),10.0,3,1,600.0,461.0,139.0
2214036,C02,Valemetostat,0.01,3,2,6260.0,4635.0,1625.0
2214036,C03,GSK481,0.01,3,3,6567.0,4681.0,1886.0
2214036,C04,RD162,0.1,3,4,6336.0,4514.0,1822.0
2214036,C05,ML-210,10.0,3,5,2091.0,1582.0,509.0
2214036,C06,Brusatol,0.1,3,6,2263.0,1599.0,664.0
2214036,C07,Apratastat (TMI-005),0.1,3,7,6612.0,5036.0,1576.0
2214036,C08,Forskolin,10.0,3,8,7152.0,5474.0,1678.0
2214036,C09,GI254023X,10.0,3,9,6780.0,5131.0,1649.0
2214036,C10,HX531,0.1,3,10,5780.0,4443.0,1337.0
2214036,C11,DMSO,0.0,3,11,5999.0,4613.0,1386.0
2214036,C12,Salubrinal,0.1,3,12,6478.0,5003.0,1475.0
2214036,C13,BMS493,10.0,3,13,3760.0,2684.0,1076.0
2214036,C14,(-)-DHMEQ,10.0,3,14,5747.0,4460.0,1287.0
2214036,C15,DMSO,0.0,3,15,6518.0,5104.0,1414.0
2214036,C16,CPI-455,1.0,3,16,6835.0,5666.0,1169.0
2214036,C17,Fluvastatin,1.0,3,17,6145.0,4823.0,1322.0
2214036,C18,Crenigacestat,0.01,3,18,5980.0,4441.0,1539.0
2214036,C19,Sitravatinib,0.1,3,19,4119.0,3609.0,510.0
2214036,C20,MIM1,10.0,3,20,3227.0,2709.0,518.0
2214036,C21,HX531,1.0,3,21,4945.0,3573.0,1372.0
2214036,C22,R428,0.01,3,22,6116.0,4776.0,1340.0
2214036,C23,10058-F4,10.0,3,23,5468.0,4458.0,1010.0
2214036,C24,R428,0.01,3,24,5816.0,4906.0,910.0
2214036,D01,ML-210,1.0,4,1,4213.0,2917.0,1296.0
2214036,D02,Salubrinal,1.0,4,2,6134.0,4310.0,1824.0
2214036,D03,Perifosine,0.1,4,3,5878.0,3973.0,1905.0
2214036,D04,CPI-455,0.1,4,4,5912.0,4017.0,1895.0
2214036,D05,XAV939,1.0,4,5,5993.0,4336.0,1657.0
2214036,D06,LY2109761,0.005,4,6,6402.0,4769.0,1633.0
2214036,D07,XAV939,10.0,4,7,5544.0,4340.0,1204.0
2214036,D08,HX531,10.0,4,8,3295.0,2100.0,1195.0
2214036,D09,CEP-37440,1.0,4,9,2969.0,2628.0,341.0
2214036,D10,XAV939,0.1,4,10,6126.0,4614.0,1512.0
2214036,D11,BIBR 1532,0.01,4,11,5947.0,4355.0,1592.0
2214036,D12,DMSO,0.0,4,12,5943.0,4536.0,1407.0
2214036,D13,Forskolin,1.0,4,13,6803.0,4905.0,1898.0
2214036,D14,Spautin 1,0.01,4,14,6471.0,4903.0,1568.0
2214036,D15,Apratastat (TMI-005),10.0,4,15,6770.0,5143.0,1627.0
2214036,D16,DMSO,0.0,4,16,6800.0,5304.0,1496.0
2214036,D17,Valemetostat,10.0,4,17,6910.0,5501.0,1409.0
2214036,D18,Sitravatinib,0.1,4,18,4280.0,3767.0,513.0
2214036,D19,C188-9,10.0,4,19,4187.0,3230.0,957.0
2214036,D20,SGI-7079,10.0,4,20,276.0,257.0,19.0
2214036,D21,IPI-549,0.1,4,21,6088.0,4864.0,1224.0
2214036,D22,Pladienolide B,0.1,4,22,1764.0,1277.0,487.0
2214036,D23,HX531,0.1,4,23,6108.0,4587.0,1521.0
2214036,D24,RD162,0.01,4,24,6537.0,5332.0,1205.0
2214036,E01,Forskolin,1.0,5,1,6781.0,4781.0,2000.0
2214036,E02,DMSO,0.0,5,2,6076.0,4093.0,1983.0
2214036,E03,Crenigacestat,0.01,5,3,6044.0,3992.0,2052.0
2214036,E04,BMS 345541 (trifluoroacetate salt),1.0,5,4,5609.0,3967.0,1642.0
2214036,E05,LGK974,0.1,5,5,5735.0,4241.0,1494.0
2214036,E06,MIM1,0.01,5,6,6024.0,4367.0,1657.0
2214036,E07,MAK-683,0.01,5,7,6499.0,4547.0,1952.0
2214036,E08,GI254023X,0.1,5,8,5776.0,3782.0,1994.0
2214036,E09,DMSO,0.0,5,9,6197.0,4478.0,1719.0
2214036,E10,Forskolin,10.0,5,10,7172.0,5158.0,2014.0
2214036,E11,Alvespimycin (17-DMAG),10.0,5,11,764.0,658.0,106.0
2214036,E12,GM6001 (Ilomastat ),0.01,5,12,6447.0,4890.0,1557.0
2214036,E13,MIM1,1.0,5,13,5434.0,4065.0,1369.0
2214036,E14,LY2109761,0.5,5,14,5131.0,3697.0,1434.0
2214036,E15,MAK-683,0.1,5,15,6105.0,4708.0,1397.0
2214036,E16,XAV939,0.01,5,16,6081.0,4491.0,1590.0
2214036,E17,DMSO,0.0,5,17,6224.0,4660.0,1564.0
2214036,E18,VLX600,0.01,5,18,6238.0,4755.0,1483.0
2214036,E19,GSK481,0.1,5,19,6436.0,4799.0,1637.0
2214036,E20,SGI-7079,1.0,5,20,772.0,530.0,242.0
2214036,E21,ML-210,0.1,5,21,5830.0,4483.0,1347.0
2214036,E22,LOXO-292,10.0,5,22,5202.0,4011.0,1191.0
2214036,E23,HX531,0.01,5,23,6593.0,4963.0,1630.0
2214036,E24,GI254023X,0.01,5,24,5704.0,4567.0,1137.0
2214036,F01,DMSO,0.0,6,1,6653.0,4655.0,1998.0
2214036,F02,HX531,10.0,6,2,3082.0,1812.0,1270.0
2214036,F03,Valemetostat,1.0,6,3,6236.0,4246.0,1990.0
2214036,F04,Sitravatinib,1.0,6,4,2736.0,2396.0,340.0
2214036,F05,"10,12-Tricosadiynoic acid",10.0,6,5,7285.0,5378.0,1907.0
2214036,F06,IPI-549,0.1,6,6,6321.0,4455.0,1866.0
2214036,F07,XAV939,1.0,6,7,5633.0,4180.0,1453.0
2214036,F08,VLX600,0.1,6,8,6135.0,4420.0,1715.0
2214036,F09,(-)-DHMEQ,0.01,6,9,6823.0,5012.0,1811.0
2214036,F10,DMSO,0.0,6,10,6592.0,4788.0,1804.0
2214036,F11,IPI-549,10.0,6,11,3709.0,3268.0,441.0
2214036,F12,Perifosine,1.0,6,12,6686.0,4875.0,1811.0
2214036,F13,Perifosine,1.0,6,13,6425.0,4683.0,1742.0
2214036,F14,RD162,0.1,6,14,6629.0,5028.0,1601.0
2214036,F15,RD162,1.0,6,15,6393.0,4812.0,1581.0
2214036,F16,LY2109761,0.5,6,16,5457.0,4030.0,1427.0
2214036,F17,GI254023X,1.0,6,17,6371.0,4890.0,1481.0
2214036,F18,DMSO,0.0,6,18,6326.0,4656.0,1670.0
2214036,F19,Apratastat (TMI-005),0.01,6,19,5828.0,4524.0,1304.0
2214036,F20,Brequinar,0.1,6,20,5878.0,4388.0,1490.0
2214036,F21,BMS 345541 (trifluoroacetate salt),0.1,6,21,6774.0,5131.0,1643.0
2214036,F22,BMS493,0.1,6,22,4091.0,2743.0,1348.0
2214036,F23,CEP-37440,0.01,6,23,6896.0,5595.0,1301.0
2214036,F24,Salubrinal,0.1,6,24,5570.0,4326.0,1244.0
2214036,G01,Sitravatinib,0.01,7,1,6317.0,4497.0,1820.0
2214036,G02,Perifosine,10.0,7,2,3753.0,2289.0,1464.0
2214036,G03,Salubrinal,1.0,7,3,6426.0,4572.0,1854.0
2214036,G04,DMSO,0.0,7,4,6497.0,4605.0,1892.0
2214036,G05,VLX600,0.1,7,5,6433.0,4419.0,2014.0
2214036,G06,BMS493,0.01,7,6,5227.0,3412.0,1815.0
2214036,G07,Piperlongumine,0.01,7,7,6692.0,4668.0,2024.0
2214036,G08,6-Aminonicotinamide,10.0,7,8,7733.0,5365.0,2368.0
2214036,G09,VLX600,0.01,7,9,6491.0,4974.0,1517.0
2214036,G10,GM6001 (Ilomastat ),10.0,7,10,7522.0,5789.0,1733.0
2214036,G11,C188-9,0.1,7,11,6567.0,4804.0,1763.0
2214036,G12,BMS 345541 (trifluoroacetate salt),1.0,7,12,6562.0,4957.0,1605.0
2214036,G13,SGI-7079,0.01,7,13,6147.0,4547.0,1600.0
2214036,G14,R428,0.1,7,14,6427.0,4888.0,1539.0
2214036,G15,Piperlongumine,1.0,7,15,6815.0,5113.0,1702.0
2214036,G16,CPI-455,10.0,7,16,7008.0,5339.0,1669.0
2214036,G17,6-Aminonicotinamide,0.1,7,17,6704.0,5129.0,1575.0
2214036,G18,MAK-683,10.0,7,18,5889.0,4778.0,1111.0
2214036,G19,DMSO,0.0,7,19,7083.0,5520.0,1563.0
2214036,G20,BMS 345541 (trifluoroacetate salt),0.01,7,20,6966.0,5406.0,1560.0
2214036,G21,BIBR 1532,0.01,7,21,7323.0,5613.0,1710.0
2214036,G22,Pladienolide B,10.0,7,22,1431.0,1073.0,358.0
2214036,G23,(-)-DHMEQ,1.0,7,23,6200.0,4539.0,1661.0
2214036,G24,Salubrinal,10.0,7,24,4688.0,4042.0,646.0
2214036,H01,LGK974,0.01,8,1,6156.0,4466.0,1690.0
2214036,H02,6-Aminonicotinamide,1.0,8,2,5760.0,3945.0,1815.0
2214036,H03,DMSO,0.0,8,3,6000.0,4264.0,1736.0
2214036,H04,MAK-683,0.01,8,4,5992.0,4024.0,1968.0
2214036,H05,GSK481,0.01,8,5,6385.0,4631.0,1754.0
2214036,H06,"10,12-Tricosadiynoic acid",0.1,8,6,6556.0,4761.0,1795.0
2214036,H07,Fluvastatin,10.0,8,7,5067.0,3889.0,1178.0
2214036,H08,TAK-243 (MLN7243),1.0,8,8,69.0,54.0,15.0
2214036,H09,Fluvastatin,10.0,8,9,4792.0,3853.0,939.0
2214036,H10,Fluvastatin,0.01,8,10,6056.0,4393.0,1663.0
2214036,H11,BIBR 1532,0.1,8,11,6527.0,4873.0,1654.0
2214036,H12,LY2109761,0.05,8,12,6597.0,4953.0,1644.0
2214036,H13,GM6001 (Ilomastat ),1.0,8,13,6764.0,5279.0,1485.0
2214036,H14,LGK974,1.0,8,14,6011.0,4470.0,1541.0
2214036,H15,BMS 345541 (trifluoroacetate salt),0.01,8,15,6360.0,4628.0,1732.0
2214036,H16,Salinomycin (sodium salt),0.1,8,16,6048.0,4643.0,1405.0
2214036,H17,RD162,1.0,8,17,6698.0,5143.0,1555.0
2214036,H18,CPI-455,0.1,8,18,6760.0,5450.0,1310.0
2214036,H19,Sitravatinib,1.0,8,19,2703.0,2437.0,266.0
2214036,H20,DMSO,0.0,8,20,6412.0,4842.0,1570.0
2214036,H21,C188-9,1.0,8,21,6702.0,5181.0,1521.0
2214036,H22,LY2109761,5.0,8,22,3805.0,3150.0,655.0
2214036,H23,Spautin 1,10.0,8,23,7573.0,6549.0,1024.0
2214036,H24,(-)-DHMEQ,0.01,8,24,6696.0,5230.0,1466.0
2214036,I01,Piperlongumine,0.01,9,1,5796.0,4138.0,1658.0
2214036,I02,6-Aminonicotinamide,0.01,9,2,5943.0,4046.0,1897.0
2214036,I03,LY2109761,0.005,9,3,6021.0,4113.0,1908.0
2214036,I04,Pladienolide B,1.0,9,4,1498.0,912.0,586.0
2214036,I05,C188-9,1.0,9,5,6189.0,4605.0,1584.0
2214036,I06,DMSO,0.0,9,6,6262.0,4257.0,2005.0
2214036,I07,Spautin 1,0.01,9,7,4785.0,3088.0,1697.0
2214036,I08,Brequinar,1.0,9,8,2899.0,2097.0,802.0
2214036,I09,CEP-37440,1.0,9,9,2571.0,2363.0,208.0
2214036,I10,10058-F4,1.0,9,10,5770.0,4204.0,1566.0
2214036,I11,LOXO-292,0.01,9,11,6471.0,4854.0,1617.0
2214036,I12,Pladienolide B,0.01,9,12,880.0,692.0,188.0
2214036,I13,TAK-243 (MLN7243),0.01,9,13,5845.0,4118.0,1727.0
2214036,I14,Salinomycin (sodium salt),1.0,9,14,1928.0,1630.0,298.0
2214036,I15,Salubrinal,0.01,9,15,6685.0,5111.0,1574.0
2214036,I16,"10,12-Tricosadiynoic acid",0.01,9,16,6286.0,4581.0,1705.0
2214036,I17,"10,12-Tricosadiynoic acid",1.0,9,17,5560.0,4115.0,1445.0
2214036,I18,(-)-DHMEQ,0.1,9,18,6026.0,4585.0,1441.0
2214036,I19,CEP-37440,10.0,9,19,751.0,723.0,28.0
2214036,I20,10058-F4,0.1,9,20,6571.0,5001.0,1570.0
2214036,I21,DMSO,0.0,9,21,6357.0,4796.0,1561.0
2214036,I22,TAK-243 (MLN7243),10.0,9,22,59.0,51.0,8.0
2214036,I23,LOXO-292,10.0,9,23,5761.0,4275.0,1486.0
2214036,I24,Brusatol,10.0,9,24,1446.0,1292.0,154.0
2214036,J01,Apratastat (TMI-005),0.1,10,1,5699.0,4032.0,1667.0
2214036,J02,Ezatiostat,10.0,10,2,6003.0,4161.0,1842.0
2214036,J03,LGK974,10.0,10,3,4160.0,3024.0,1136.0
2214036,J04,6-Aminonicotinamide,1.0,10,4,6320.0,4362.0,1958.0
2214036,J05,DMSO,0.0,10,5,5835.0,4113.0,1722.0
2214036,J06,LOXO-292,1.0,10,6,6342.0,4718.0,1624.0
2214036,J07,Alvespimycin (17-DMAG),0.01,10,7,6136.0,4261.0,1875.0
2214036,J08,Ezatiostat,10.0,10,8,6062.0,4364.0,1698.0
2214036,J09,Pladienolide B,10.0,10,9,1195.0,848.0,347.0
2214036,J10,Forskolin,0.01,10,10,5996.0,4340.0,1656.0
2214036,J11,LGK974,10.0,10,11,4068.0,3062.0,1006.0
2214036,J12,Salinomycin (sodium salt),0.1,10,12,5732.0,4521.0,1211.0
2214036,J13,Alvespimycin (17-DMAG),0.1,10,13,4927.0,3513.0,1414.0
2214036,J14,(-)-DHMEQ,10.0,10,14,6574.0,4743.0,1831.0
2214036,J15,GSK1070916,0.01,10,15,3013.0,2075.0,938.0
2214036,J16,Fluvastatin,0.1,10,16,5682.0,4315.0,1367.0
2214036,J17,XAV939,0.01,10,17,6200.0,4744.0,1456.0
2214036,J18,MIM1,0.01,10,18,6477.0,4834.0,1643.0
2214036,J19,10058-F4,0.01,10,19,5758.0,4352.0,1406.0
2214036,J20,CEP-37440,10.0,10,20,892.0,849.0,43.0
2214036,J21,R428,1.0,10,21,4479.0,3927.0,552.0
2214036,J22,DMSO,0.0,10,22,6888.0,5086.0,1802.0
2214036,J23,IPI-549,1.0,10,23,5504.0,4658.0,846.0
2214036,J24,TAK-243 (MLN7243),1.0,10,24,85.0,76.0,9.0
2214036,K01,Brusatol,0.01,11,1,5165.0,3769.0,1396.0
2214036,K02,"10,12-Tricosadiynoic acid",0.01,11,2,5964.0,4174.0,1790.0
2214036,K03,6-Aminonicotinamide,0.01,11,3,5788.0,3959.0,1829.0
2214036,K04,Valemetostat,0.01,11,4,6259.0,4275.0,1984.0
2214036,K05,Crenigacestat,10.0,11,5,6083.0,4100.0,1983.0
2214036,K06,Piperlongumine,1.0,11,6,6055.0,4417.0,1638.0
2214036,K07,Pladienolide B,0.01,11,7,863.0,623.0,240.0
2214036,K08,DMSO,0.0,11,8,6310.0,4418.0,1892.0
2214036,K09,Valemetostat,1.0,11,9,6335.0,4772.0,1563.0
2214036,K10,GM6001 (Ilomastat ),0.01,11,10,6299.0,4515.0,1784.0
2214036,K11,Brequinar,0.01,11,11,6596.0,4942.0,1654.0
2214036,K12,Salinomycin (sodium salt),0.01,11,12,6282.0,4749.0,1533.0
2214036,K13,Sitravatinib,10.0,11,13,166.0,115.0,51.0
2214036,K14,SGI-7079,0.01,11,14,5231.0,3721.0,1510.0
2214036,K15,Perifosine,0.01,11,15,6217.0,4562.0,1655.0
2214036,K16,DMSO,0.0,11,16,6325.0,4692.0,1633.0
2214036,K17,Fluvastatin,0.01,11,17,6252.0,4527.0,1725.0
2214036,K18,BIBR 1532,1.0,11,18,6616.0,4858.0,1758.0
2214036,K19,Crenigacestat,1.0,11,19,6346.0,4389.0,1957.0
2214036,K20,Perifosine,0.01,11,20,6184.0,4681.0,1503.0
2214036,K21,RD162,10.0,11,21,6416.0,4961.0,1455.0
2214036,K22,Salinomycin (sodium salt),10.0,11,22,459.0,365.0,94.0
2214036,K23,DMSO,0.0,11,23,6490.0,4849.0,1641.0
2214036,K24,BMS493,1.0,11,24,3879.0,2693.0,1186.0
2214036,L01,Brusatol,1.0,12,1,1819.0,1324.0,495.0
2214036,L02,(-)-DHMEQ,0.1,12,2,5972.0,4258.0,1714.0
2214036,L03,GI254023X,10.0,12,3,6138.0,4150.0,1988.0
2214036,L04,CPI-455,1.0,12,4,6161.0,4209.0,1952.0
2214036,L05,LGK974,0.1,12,5,6165.0,4299.0,1866.0
2214036,L06,SGI-7079,1.0,12,6,788.0,517.0,271.0
2214036,L07,DMSO,0.0,12,7,6291.0,4510.0,1781.0
2214036,L08,Salinomycin (sodium salt),1.0,12,8,1893.0,1758.0,135.0
2214036,L09,Alvespimycin (17-DMAG),1.0,12,9,1210.0,755.0,455.0
2214036,L10,C188-9,0.01,12,10,6040.0,4447.0,1593.0
2214036,L11,(-)-DHMEQ,1.0,12,11,6280.0,4635.0,1645.0
2214036,L12,ML-210,0.1,12,12,6688.0,5054.0,1634.0
2214036,L13,BMS493,0.1,12,13,4382.0,2971.0,1411.0
2214036,L14,LOXO-292,0.1,12,14,6187.0,4709.0,1478.0
2214036,L15,DMSO,0.0,12,15,6463.0,4783.0,1680.0
2214036,L16,BIBR 1532,0.1,12,16,6395.0,4999.0,1396.0
2214036,L17,BMS 345541 (trifluoroacetate salt),10.0,12,17,845.0,687.0,158.0
2214036,L18,MAK-683,1.0,12,18,6731.0,5179.0,1552.0
2214036,L19,10058-F4,0.1,12,19,6123.0,4495.0,1628.0
2214036,L20,SGI-7079,0.1,12,20,4160.0,3170.0,990.0
2214036,L21,GSK1070916,1.0,12,21,1381.0,1148.0,233.0
2214036,L22,Piperlongumine,0.1,12,22,6623.0,5144.0,1479.0
2214036,L23,Apratastat (TMI-005),1.0,12,23,6477.0,4867.0,1610.0
2214036,L24,DMSO,0.0,12,24,6106.0,4666.0,1440.0
2214036,M01,CEP-37440,0.01,13,1,5719.0,3909.0,1810.0
2214036,M03,GI254023X,1.0,13,3,4412.0,2813.0,1599.0
2214036,M04,C188-9,10.0,13,4,3469.0,2606.0,863.0
2214036,M05,MIM1,0.1,13,5,6011.0,4434.0,1577.0
2214036,M06,RD162,0.01,13,6,5455.0,3953.0,1502.0
2214036,M07,Forskolin,0.1,13,7,6449.0,4455.0,1994.0
2214036,M08,ML-210,0.01,13,8,5583.0,4147.0,1436.0
2214036,M09,Spautin 1,1.0,13,9,6949.0,5477.0,1472.0
2214036,M10,DMSO,0.0,13,10,6090.0,4575.0,1515.0
2214036,M11,"10,12-Tricosadiynoic acid",0.1,13,11,5998.0,4589.0,1409.0
2214036,M12,MIM1,0.1,13,12,5813.0,4333.0,1480.0
2214036,M13,Alvespimycin (17-DMAG),10.0,13,13,575.0,522.0,53.0
2214036,M14,DMSO,0.0,13,14,5809.0,4200.0,1609.0
2214036,M15,Piperlongumine,0.1,13,15,6320.0,5145.0,1175.0
2214036,M16,Ezatiostat,0.1,13,16,6276.0,4649.0,1627.0
2214036,M17,BIBR 1532,10.0,13,17,6008.0,4745.0,1263.0
2214036,M18,CPI-455,0.01,13,18,6037.0,4692.0,1345.0
2214036,M19,XAV939,10.0,13,19,5443.0,4452.0,991.0
2214036,M20,SGI-7079,0.1,13,20,4068.0,3308.0,760.0
2214036,M21,Apratastat (TMI-005),0.01,13,21,5257.0,3886.0,1371.0
2214036,M22,TAK-243 (MLN7243),0.1,13,22,139.0,126.0,13.0
2214036,M23,Forskolin,0.01,13,23,5632.0,4277.0,1355.0
2214036,M24,Spautin 1,1.0,13,24,6536.0,5114.0,1422.0
2214036,N01,Brusatol,0.1,14,1,2194.0,1364.0,830.0
2214036,N02,LGK974,1.0,14,2,5557.0,3881.0,1676.0
2214036,N03,Spautin 1,0.1,14,3,5203.0,3281.0,1922.0
2214036,N04,10058-F4,1.0,14,4,5712.0,3953.0,1759.0
2214036,N05,LY2109761,0.05,14,5,5529.0,3923.0,1606.0
2214036,N06,Crenigacestat,0.1,14,6,6422.0,4094.0,2328.0
2214036,N07,LOXO-292,0.1,14,7,5965.0,4315.0,1650.0
2214036,N08,Spautin 1,0.1,14,8,6131.0,4406.0,1725.0
2214036,N09,DMSO,0.0,14,9,5963.0,4719.0,1244.0
2214036,N10,C188-9,0.1,14,10,6821.0,5144.0,1677.0
2214036,N12,Brusatol,1.0,14,12,1740.0,1426.0,314.0
2214036,N13,DMSO,0.0,14,13,5734.0,4321.0,1413.0
2214036,N14,Brequinar,1.0,14,14,2813.0,2096.0,717.0
2214036,N15,GI254023X,0.01,14,15,5991.0,4483.0,1508.0
2214036,N16,BIBR 1532,10.0,14,16,6223.0,4668.0,1555.0
2214036,N17,Ezatiostat,1.0,14,17,6413.0,4830.0,1583.0
2214036,N18,LGK974,0.01,14,18,6386.0,4793.0,1593.0
2214036,N19,GSK1070916,10.0,14,19,604.0,575.0,29.0
2214036,N20,Piperlongumine,10.0,14,20,264.0,229.0,35.0
2214036,N21,R428,0.1,14,21,5634.0,4358.0,1276.0
2214036,N22,10058-F4,0.01,14,22,5654.0,4237.0,1417.0
2214036,N23,Ezatiostat,0.1,14,23,6127.0,4604.0,1523.0
2214036,N24,BMS493,0.01,14,24,4644.0,3236.0,1408.0
2214036,O01,LOXO-292,1.0,15,1,4905.0,3504.0,1401.0
2214036,O02,GM6001 (Ilomastat ),0.1,15,2,5485.0,3533.0,1952.0
2214036,O03,VLX600,1.0,15,3,599.0,324.0,275.0
2214036,O04,Valemetostat,0.1,15,4,5605.0,3899.0,1706.0
2214036,O05,GSK481,10.0,15,5,5293.0,3725.0,1568.0
2214036,O06,BMS493,1.0,15,6,4042.0,2616.0,1426.0
2214036,O07,ML-210,10.0,15,7,1777.0,1342.0,435.0
2214036,O08,HX531,1.0,15,8,3956.0,2803.0,1153.0
2214036,O09,VLX600,10.0,15,9,623.0,429.0,194.0
2214036,O10,RD162,10.0,15,10,5254.0,4121.0,1133.0
2214036,O11,Brusatol,0.01,15,11,5029.0,3917.0,1112.0
2214036,O12,DMSO,0.0,15,12,5500.0,4183.0,1317.0
2214036,O13,Alvespimycin (17-DMAG),0.01,15,13,5676.0,4171.0,1505.0
2214036,O14,BIBR 1532,1.0,15,14,6191.0,4684.0,1507.0
2214036,O15,Crenigacestat,0.1,15,15,6163.0,4328.0,1835.0
2214036,O16,ML-210,1.0,15,16,4362.0,3361.0,1001.0
2214036,O17,Ezatiostat,0.01,15,17,6070.0,4837.0,1233.0
2214036,O18,GSK1070916,0.01,15,18,2801.0,2030.0,771.0
2214036,O19,Crenigacestat,1.0,15,19,5921.0,4315.0,1606.0
2214036,O20,Crenigacestat,10.0,15,20,5911.0,4494.0,1417.0
2214036,O21,Brequinar,10.0,15,21,2489.0,1919.0,570.0
2214036,O22,Valemetostat,10.0,15,22,6054.0,4939.0,1115.0
2214036,O23,10058-F4,10.0,15,23,5806.0,4398.0,1408.0
2214036,O24,MIM1,10.0,15,24,2524.0,1964.0,560.0
2214036,P01,Fluvastatin,0.1,16,1,5196.0,3588.0,1608.0
2214036,P02,GSK1070916,0.1,16,2,1138.0,933.0,205.0
2214036,P03,VLX600,1.0,16,3,687.0,415.0,272.0
2214036,P04,Piperlongumine,10.0,16,4,284.0,215.0,69.0
2214036,P05,GSK481,1.0,16,5,5197.0,3695.0,1502.0
2214036,P06,Pladienolide B,0.1,16,6,1278.0,950.0,328.0
2214036,P07,Brusatol,10.0,16,7,1297.0,1099.0,198.0
2214036,P08,"10,12-Tricosadiynoic acid",1.0,16,8,5599.0,4347.0,1252.0
2214036,P09,Forskolin,0.1,16,9,5279.0,3870.0,1409.0
2214036,P10,TAK-243 (MLN7243),0.1,16,10,137.0,120.0,17.0
2214036,P11,DMSO,0.0,16,11,5730.0,4382.0,1348.0
2214036,P12,LY2109761,5.0,16,12,2683.0,1900.0,783.0
2214036,P13,Apratastat (TMI-005),10.0,16,13,5469.0,4149.0,1320.0
2214036,P14,R428,10.0,16,14,3311.0,2774.0,537.0
2214036,P15,Perifosine,0.1,16,15,5597.0,4255.0,1342.0
2214036,P16,Ezatiostat,0.01,16,16,5249.0,4195.0,1054.0
2214036,P17,GSK1070916,1.0,16,17,1073.0,897.0,176.0
2214036,P18,LOXO-292,0.01,16,18,5538.0,4495.0,1043.0
2214036,P19,BMS 345541 (trifluoroacetate salt),10.0,16,19,676.0,580.0,96.0
2214036,P20,GM6001 (Ilomastat ),1.0,16,20,5298.0,4279.0,1019.0
2214036,P21,R428,1.0,16,21,3799.0,3179.0,620.0
2214036,P22,GM6001 (Ilomastat ),10.0,16,22,6123.0,4978.0,1145.0
2214036,P23,Brequinar,0.1,16,23,4471.0,3270.0,1201.0
2214036,P24,HX531,0.01,16,24,5389.0,4262.0,1127.0
2214037,A01,Ritlecitinib,1.0,1,1,5396.0,4532.0,864.0
2214037,A02,Daidzin,10.0,1,2,5999.0,5131.0,868.0
2214037,A03,AM-0902,1.0,1,3,5427.0,4221.0,1206.0
2214037,A04,AZD0156,1.0,1,4,5373.0,4291.0,1082.0
2214037,A05,K-975,10.0,1,5,1428.0,1021.0,407.0
2214037,A07,Verteporfin,0.001,1,7,5773.0,4706.0,1067.0
2214037,A08,PF-3758309,0.1,1,8,2935.0,2598.0,337.0
2214037,A10,6-thio-dG,0.1,1,10,5626.0,4766.0,860.0
2214037,A11,K-975,0.01,1,11,5697.0,4766.0,931.0
2214037,A12,Pictilisib,0.1,1,12,5089.0,4356.0,733.0
2214037,A13,DMSO,0.0,1,13,6177.0,5289.0,888.0
2214037,A14,4-Diethylaminobenzaldehyde,1.0,1,14,5979.0,5118.0,861.0
2214037,A15,Navitoclax,0.1,1,15,3881.0,2938.0,943.0
2214037,A16,IKK inhibitor VII,0.01,1,16,5846.0,5054.0,792.0
2214037,A17,Halofuginone,0.1,1,17,4253.0,3499.0,754.0
2214037,A18,Ritlecitinib,0.01,1,18,5994.0,5131.0,863.0
2214037,A19,Isotretinoin,10.0,1,19,7393.0,7207.0,186.0
2214037,A20,Nirogacestat,0.1,1,20,6206.0,5323.0,883.0
2214037,A21,MLN120B,1.0,1,21,6146.0,5121.0,1025.0
2214037,A22,A-1331852,10.0,1,22,512.0,406.0,106.0
2214037,A23,Isotretinoin,0.01,1,23,5797.0,4896.0,901.0
2214037,A24,IKK inhibitor VII,10.0,1,24,165.0,120.0,45.0
2214037,B01,Halofuginone,0.1,2,1,4765.0,3725.0,1040.0
2214037,B02,ML385,1.0,2,2,4440.0,3738.0,702.0
2214037,B03,Vistusertib,0.1,2,3,3692.0,3000.0,692.0
2214037,B04,Erdafitinib,0.01,2,4,5365.0,4466.0,899.0
2214037,B05,"DL-Buthionine-(S,R)-sulfoximine",3.0,2,5,6287.0,5002.0,1285.0
2214037,B06,2-DG,0.01,2,6,5499.0,4551.0,948.0
2214037,B07,Vistusertib,1.0,2,7,2706.0,2368.0,338.0
2214037,B08,Idasanutlin,10.0,2,8,276.0,195.0,81.0
2214037,B09,Vistusertib,10.0,2,9,1637.0,1557.0,80.0
2214037,B10,6-thio-dG,10.0,2,10,2239.0,1553.0,686.0
2214037,B11,Pralsetinib,0.1,2,11,5989.0,5045.0,944.0
2214037,B12,Pictilisib,10.0,2,12,3746.0,3417.0,329.0
2214037,B13,Doxycycline hyclate,0.01,2,13,5536.0,4715.0,821.0
2214037,B14,DMSO,0.0,2,14,5405.0,4417.0,988.0
2214037,B15,CYC065 (Fadraciclib),0.1,2,15,5656.0,4893.0,763.0
2214037,B16,RSL3,10.0,2,16,123.0,109.0,14.0
2214037,B17,Erdafitinib,10.0,2,17,2941.0,2780.0,161.0
2214037,B18,Ritlecitinib,10.0,2,18,5541.0,4960.0,581.0
2214037,B19,Pralsetinib,1.0,2,19,4054.0,3599.0,455.0
2214037,B20,Indisulam,0.1,2,20,3811.0,2867.0,944.0
2214037,B21,Ascorbic acid,10.0,2,21,6140.0,5110.0,1030.0
2214037,B22,AM-0902,0.1,2,22,6337.0,5317.0,1020.0
2214037,B23,Ritlecitinib,0.01,2,23,6437.0,5265.0,1172.0
2214037,B24,GKT136901,0.01,2,24,6305.0,5228.0,1077.0
2214037,C01,Doxycycline hyclate,10.0,3,1,5624.0,4555.0,1069.0
2214037,C02,Navitoclax,0.01,3,2,5615.0,4524.0,1091.0
2214037,C03,Pralsetinib,0.01,3,3,5179.0,4070.0,1109.0
2214037,C04,Bafilomycin A1,0.0,3,4,5841.0,4374.0,1467.0
2214037,C05,2-DG,10.0,3,5,5762.0,4715.0,1047.0
2214037,C06,Galunisertib,0.1,3,6,6397.0,5270.0,1127.0
2214037,C07,AZD0156,0.1,3,7,6314.0,4890.0,1424.0
2214037,C08,Napabucasin,10.0,3,8,199.0,193.0,6.0
2214037,C09,Nirogacestat,10.0,3,9,3896.0,3421.0,475.0
2214037,C10,Ravoxertinib,0.1,3,10,5690.0,4840.0,850.0
2214037,C11,DMSO,0.0,3,11,6331.0,5313.0,1018.0
2214037,C12,IKK inhibitor VII,0.1,3,12,5665.0,4875.0,790.0
2214037,C13,"DL-Buthionine-(S,R)-sulfoximine",3.0,3,13,6122.0,5112.0,1010.0
2214037,C14,CPI-613,10.0,3,14,5464.0,4673.0,791.0
2214037,C15,DMSO,0.0,3,15,6223.0,5069.0,1154.0
2214037,C16,Isotretinoin,1.0,3,16,7860.0,7617.0,243.0
2214037,C17,MLN120B,1.0,3,17,6291.0,5268.0,1023.0
2214037,C18,Lorlatinib,0.01,3,18,5768.0,5015.0,753.0
2214037,C19,Verteporfin,0.01,3,19,6347.0,5234.0,1113.0
2214037,C20,Withaferin A,10.0,3,20,167.0,127.0,40.0
2214037,C21,Ravoxertinib,1.0,3,21,6241.0,5053.0,1188.0
2214037,C22,Ascorbic acid,0.01,3,22,5757.0,4556.0,1201.0
2214037,C23,Palifosfamide,10.0,3,23,5579.0,4362.0,1217.0
2214037,C24,Ascorbic acid,0.01,3,24,6139.0,4940.0,1199.0
2214037,D01,2-DG,1.0,4,1,5702.0,4630.0,1072.0
2214037,D02,IKK inhibitor VII,1.0,4,2,5264.0,4506.0,758.0
2214037,D03,Daidzin,0.1,4,3,5980.0,4789.0,1191.0
2214037,D04,Isotretinoin,0.1,4,4,7921.0,7572.0,349.0
2214037,D05,Indisulam,1.0,4,5,744.0,618.0,126.0
2214037,D06,Vactosertib,0.01,4,6,6393.0,5329.0,1064.0
2214037,D07,Indisulam,10.0,4,7,593.0,481.0,112.0
2214037,D08,Ravoxertinib,10.0,4,8,3193.0,2508.0,685.0
2214037,D09,Halofuginone,1.0,4,9,1584.0,1320.0,264.0
2214037,D10,Indisulam,0.1,4,10,3951.0,3122.0,829.0
2214037,D11,CB-103,0.01,4,11,6094.0,5132.0,962.0
2214037,D12,DMSO,0.0,4,12,6204.0,5440.0,764.0
2214037,D13,Napabucasin,1.0,4,13,3309.0,2616.0,693.0
2214037,D14,A-1331852,0.01,4,14,5754.0,4760.0,994.0
2214037,D15,AZD0156,10.0,4,15,4004.0,3622.0,382.0
2214037,D16,DMSO,0.0,4,16,6660.0,5594.0,1066.0
2214037,D17,Navitoclax,10.0,4,17,119.0,111.0,8.0
2214037,D18,Verteporfin,0.01,4,18,6775.0,5745.0,1030.0
2214037,D19,GKT136901,10.0,4,19,6512.0,5424.0,1088.0
2214037,D20,RSL3,10.0,4,20,128.0,110.0,18.0
2214037,D21,Ritlecitinib,0.1,4,21,5954.0,4910.0,1044.0
2214037,D22,4-Diethylaminobenzaldehyde,0.1,4,22,6481.0,5369.0,1112.0
2214037,D23,Ravoxertinib,0.1,4,23,5550.0,4623.0,927.0
2214037,D24,Bafilomycin A1,0.0,4,24,6172.0,5246.0,926.0
2214037,E01,Napabucasin,1.0,5,1,3303.0,2372.0,931.0
2214037,E02,DMSO,0.0,5,2,6100.0,4777.0,1323.0
2214037,E03,Lorlatinib,0.01,5,3,5446.0,4482.0,964.0
2214037,E04,CYC065 (Fadraciclib),1.0,5,4,965.0,846.0,119.0
2214037,E05,Sulfopin,0.1,5,5,6248.0,4970.0,1278.0
2214037,E06,Withaferin A,0.01,5,6,6387.0,5213.0,1174.0
2214037,E07,Vistusertib,0.01,5,7,5949.0,4996.0,953.0
2214037,E08,Nirogacestat,0.1,5,8,6671.0,5021.0,1650.0
2214037,E09,DMSO,0.0,5,9,6080.0,5027.0,1053.0
2214037,E10,Napabucasin,10.0,5,10,1788.0,1381.0,407.0
2214037,E11,AM-0902,10.0,5,11,6036.0,5027.0,1009.0
2214037,E12,PF-3758309,0.01,5,12,3946.0,3570.0,376.0
2214037,E13,Withaferin A,1.0,5,13,159.0,149.0,10.0
2214037,E14,Vactosertib,1.0,5,14,4094.0,3214.0,880.0
2214037,E15,Vistusertib,0.1,5,15,5633.0,4818.0,815.0
2214037,E16,Indisulam,0.01,5,16,5645.0,4666.0,979.0
2214037,E17,DMSO,0.0,5,17,5802.0,4792.0,1010.0
2214037,E18,Obatoclax,0.01,5,18,6456.0,5525.0,931.0
2214037,E19,Pralsetinib,0.1,5,19,5781.0,4859.0,922.0
2214037,E20,RSL3,1.0,5,20,4047.0,3553.0,494.0
2214037,E21,2-DG,0.1,5,21,6551.0,5335.0,1216.0
2214037,E22,Tomivosertib,10.0,5,22,6063.0,5034.0,1029.0
2214037,E23,Ravoxertinib,0.01,5,23,6274.0,5044.0,1230.0
2214037,E24,Nirogacestat,0.01,5,24,6267.0,5246.0,1021.0
2214037,F01,DMSO,0.0,6,1,5763.0,4474.0,1289.0
2214037,F02,Ravoxertinib,10.0,6,2,2806.0,2088.0,718.0
2214037,F04,Verteporfin,0.1,6,4,6409.0,5214.0,1195.0
2214037,F06,Ritlecitinib,0.1,6,6,6517.0,5447.0,1070.0
2214037,F07,Indisulam,1.0,6,7,802.0,629.0,173.0
2214037,F08,Obatoclax,0.1,6,8,4886.0,4439.0,447.0
2214037,F09,CPI-613,0.01,6,9,6288.0,5184.0,1104.0
2214037,F10,DMSO,0.0,6,10,5949.0,5016.0,933.0
2214037,F11,Ritlecitinib,10.0,6,11,5702.0,4982.0,720.0
2214037,F12,Daidzin,1.0,6,12,6028.0,5157.0,871.0
2214037,F13,Daidzin,1.0,6,13,6301.0,5424.0,877.0
2214037,F14,Bafilomycin A1,0.0,6,14,6263.0,5402.0,861.0
2214037,F15,Bafilomycin A1,0.0,6,15,3836.0,3346.0,490.0
2214037,F16,Vactosertib,1.0,6,16,4669.0,3779.0,890.0
2214037,F17,Nirogacestat,1.0,6,17,5988.0,4811.0,1177.0
2214037,F18,DMSO,0.0,6,18,5959.0,4897.0,1062.0
2214037,F19,AZD0156,0.01,6,19,6151.0,5081.0,1070.0
2214037,F20,Erdafitinib,0.1,6,20,5864.0,5041.0,823.0
2214037,F21,CYC065 (Fadraciclib),0.1,6,21,5771.0,4858.0,913.0
2214037,F22,"DL-Buthionine-(S,R)-sulfoximine",0.03,6,22,5744.0,4630.0,1114.0
2214037,F23,Halofuginone,0.01,6,23,6477.0,5320.0,1157.0
2214037,F24,IKK inhibitor VII,0.1,6,24,5807.0,4803.0,1004.0
2214037,G01,Verteporfin,0.001,7,1,6271.0,5213.0,1058.0
2214037,G02,Daidzin,10.0,7,2,5881.0,4747.0,1134.0
2214037,G03,IKK inhibitor VII,1.0,7,3,4867.0,4197.0,670.0
2214037,G04,DMSO,0.0,7,4,6352.0,5145.0,1207.0
2214037,G05,Obatoclax,0.1,7,5,4810.0,4415.0,395.0
2214037,G06,"DL-Buthionine-(S,R)-sulfoximine",0.003,7,6,6644.0,5479.0,1165.0
2214037,G07,LCL-161,0.01,7,7,5931.0,4910.0,1021.0
2214037,G08,6-thio-dG,10.0,7,8,2218.0,1564.0,654.0
2214037,G09,Obatoclax,0.01,7,9,6170.0,5202.0,968.0
2214037,G10,PF-3758309,10.0,7,10,1018.0,929.0,89.0
2214037,G11,GKT136901,0.1,7,11,6347.0,5287.0,1060.0
2214037,G12,CYC065 (Fadraciclib),1.0,7,12,1111.0,974.0,137.0
2214037,G13,RSL3,0.01,7,13,6053.0,5338.0,715.0
2214037,G14,Ascorbic acid,0.1,7,14,5955.0,5070.0,885.0
2214037,G15,LCL-161,1.0,7,15,6085.0,4992.0,1093.0
2214037,G16,Isotretinoin,10.0,7,16,6451.0,6229.0,222.0
2214037,G17,6-thio-dG,0.1,7,17,6390.0,5439.0,951.0
2214037,G18,Vistusertib,10.0,7,18,2041.0,1883.0,158.0
2214037,G19,DMSO,0.0,7,19,6141.0,5103.0,1038.0
2214037,G20,CYC065 (Fadraciclib),0.01,7,20,6119.0,5114.0,1005.0
2214037,G21,CB-103,0.01,7,21,5638.0,4643.0,995.0
2214037,G22,4-Diethylaminobenzaldehyde,10.0,7,22,6370.0,5082.0,1288.0
2214037,G23,CPI-613,1.0,7,23,6473.0,5265.0,1208.0
2214037,G24,IKK inhibitor VII,10.0,7,24,191.0,144.0,47.0
2214037,H01,Sulfopin,0.01,8,1,5965.0,4889.0,1076.0
2214037,H02,6-thio-dG,1.0,8,2,5686.0,4255.0,1431.0
2214037,H03,DMSO,0.0,8,3,6413.0,5158.0,1255.0
2214037,H04,Vistusertib,0.01,8,4,6128.0,5019.0,1109.0
2214037,H05,Pralsetinib,0.01,8,5,6367.0,5146.0,1221.0
2214037,H06,Idasanutlin,0.1,8,6,3831.0,3194.0,637.0
2214037,H07,MLN120B,10.0,8,7,6755.0,5561.0,1194.0
2214037,H08,K-975,1.0,8,8,5365.0,4473.0,892.0
2214037,H09,MLN120B,10.0,8,9,6329.0,5495.0,834.0
2214037,H10,MLN120B,0.01,8,10,6163.0,5316.0,847.0
2214037,H11,CB-103,0.1,8,11,5806.0,4812.0,994.0
2214037,H12,Vactosertib,0.1,8,12,5748.0,4559.0,1189.0
2214037,H13,PF-3758309,1.0,8,13,1795.0,1484.0,311.0
2214037,H14,Sulfopin,1.0,8,14,6079.0,5244.0,835.0
2214037,H15,CYC065 (Fadraciclib),0.01,8,15,6232.0,5250.0,982.0
2214037,H16,Doxycycline hyclate,0.1,8,16,6152.0,5172.0,980.0
2214037,H17,Bafilomycin A1,0.0,8,17,3895.0,3392.0,503.0
2214037,H18,Isotretinoin,0.1,8,18,7841.0,7593.0,248.0
2214037,H19,Verteporfin,0.1,8,19,6695.0,5465.0,1230.0
2214037,H20,DMSO,0.0,8,20,6091.0,5282.0,809.0
2214037,H21,GKT136901,1.0,8,21,6533.0,5380.0,1153.0
2214037,H22,Vactosertib,10.0,8,22,2331.0,1859.0,472.0
2214037,H23,A-1331852,10.0,8,23,596.0,432.0,164.0
2214037,H24,CPI-613,0.01,8,24,6223.0,5011.0,1212.0
2214037,I01,LCL-161,0.01,9,1,5719.0,4603.0,1116.0
2214037,I02,6-thio-dG,0.01,9,2,5459.0,4388.0,1071.0
2214037,I03,Vactosertib,0.01,9,3,5765.0,4350.0,1415.0
2214037,I04,4-Diethylaminobenzaldehyde,1.0,9,4,5468.0,4275.0,1193.0
2214037,I05,GKT136901,1.0,9,5,5838.0,4748.0,1090.0
2214037,I06,DMSO,0.0,9,6,5734.0,4624.0,1110.0
2214037,I07,A-1331852,0.01,9,7,5689.0,4643.0,1046.0
2214037,I08,Erdafitinib,1.0,9,8,4826.0,4269.0,557.0
2214037,I09,Halofuginone,1.0,9,9,1585.0,1364.0,221.0
2214037,I10,Palifosfamide,1.0,9,10,6229.0,5166.0,1063.0
2214037,I11,Tomivosertib,0.01,9,11,6491.0,5473.0,1018.0
2214037,I12,4-Diethylaminobenzaldehyde,0.01,9,12,6319.0,5485.0,834.0
2214037,I13,K-975,0.01,9,13,5932.0,4843.0,1089.0
2214037,I14,Doxycycline hyclate,1.0,9,14,5967.0,5112.0,855.0
2214037,I15,IKK inhibitor VII,0.01,9,15,6208.0,5201.0,1007.0
2214037,I16,Idasanutlin,0.01,9,16,5455.0,4448.0,1007.0
2214037,I17,Idasanutlin,1.0,9,17,866.0,706.0,160.0
2214037,I18,CPI-613,0.1,9,18,5953.0,5047.0,906.0
2214037,I19,Halofuginone,10.0,9,19,1101.0,1010.0,91.0
2214037,I20,Palifosfamide,0.1,9,20,5958.0,5041.0,917.0
2214037,I21,DMSO,0.0,9,21,5807.0,4704.0,1103.0
2214037,I22,K-975,10.0,9,22,1476.0,1009.0,467.0
2214037,I23,Tomivosertib,10.0,9,23,5629.0,4595.0,1034.0
2214037,I24,Galunisertib,10.0,9,24,4392.0,3520.0,872.0
2214037,J01,AZD0156,0.1,10,1,5776.0,4544.0,1232.0
2214037,J02,ML385,10.0,10,2,3047.0,2600.0,447.0
2214037,J03,Sulfopin,10.0,10,3,5164.0,4404.0,760.0
2214037,J04,6-thio-dG,1.0,10,4,5123.0,3783.0,1340.0
2214037,J05,DMSO,0.0,10,5,5985.0,4944.0,1041.0
2214037,J06,Tomivosertib,1.0,10,6,6510.0,5067.0,1443.0
2214037,J07,AM-0902,0.01,10,7,5645.0,4698.0,947.0
2214037,J08,ML385,10.0,10,8,2979.0,2639.0,340.0
2214037,J09,4-Diethylaminobenzaldehyde,10.0,10,9,5614.0,4599.0,1015.0
2214037,J10,Napabucasin,0.01,10,10,5864.0,4865.0,999.0
2214037,J11,Sulfopin,10.0,10,11,5377.0,4815.0,562.0
2214037,J12,Doxycycline hyclate,0.1,10,12,5819.0,4750.0,1069.0
2214037,J13,AM-0902,0.1,10,13,5814.0,4849.0,965.0
2214037,J14,CPI-613,10.0,10,14,5428.0,4392.0,1036.0
2214037,J15,Pictilisib,0.01,10,15,5420.0,4474.0,946.0
2214037,J16,MLN120B,0.1,10,16,5612.0,4667.0,945.0
2214037,J17,Indisulam,0.01,10,17,5694.0,4826.0,868.0
2214037,J18,Withaferin A,0.01,10,18,6010.0,4902.0,1108.0
2214037,J19,Palifosfamide,0.01,10,19,6252.0,5255.0,997.0
2214037,J20,Halofuginone,10.0,10,20,1206.0,1095.0,111.0
2214037,J21,Ascorbic acid,1.0,10,21,6411.0,5405.0,1006.0
2214037,J22,DMSO,0.0,10,22,5748.0,4510.0,1238.0
2214037,J23,Ritlecitinib,1.0,10,23,6250.0,5169.0,1081.0
2214037,J24,K-975,1.0,10,24,4756.0,3832.0,924.0
2214037,K01,Galunisertib,0.01,11,1,5565.0,4526.0,1039.0
2214037,K02,Idasanutlin,0.01,11,2,5011.0,3945.0,1066.0
2214037,K03,6-thio-dG,0.01,11,3,6286.0,5033.0,1253.0
2214037,K04,Navitoclax,0.01,11,4,5645.0,4433.0,1212.0
2214037,K05,Lorlatinib,10.0,11,5,2838.0,2518.0,320.0
2214037,K06,LCL-161,1.0,11,6,6056.0,4896.0,1160.0
2214037,K07,4-Diethylaminobenzaldehyde,0.01,11,7,5689.0,4565.0,1124.0
2214037,K08,DMSO,0.0,11,8,5971.0,4835.0,1136.0
2214037,K09,Navitoclax,1.0,11,9,130.0,91.0,39.0
2214037,K10,PF-3758309,0.01,11,10,4070.0,3612.0,458.0
2214037,K11,Erdafitinib,0.01,11,11,5825.0,4882.0,943.0
2214037,K12,Doxycycline hyclate,0.01,11,12,5870.0,4912.0,958.0
2214037,K13,Verteporfin,1.0,11,13,6137.0,5097.0,1040.0
2214037,K14,RSL3,0.01,11,14,6426.0,5257.0,1169.0
2214037,K15,Daidzin,0.01,11,15,5879.0,4955.0,924.0
2214037,K16,DMSO,0.0,11,16,6246.0,5202.0,1044.0
2214037,K17,MLN120B,0.01,11,17,5845.0,4899.0,946.0
2214037,K18,CB-103,1.0,11,18,4825.0,4291.0,534.0
2214037,K19,Lorlatinib,1.0,11,19,3471.0,3183.0,288.0
2214037,K20,Daidzin,0.01,11,20,6407.0,5259.0,1148.0
2214037,K21,Bafilomycin A1,0.0,11,21,1932.0,1759.0,173.0
2214037,K22,Doxycycline hyclate,10.0,11,22,6399.0,5191.0,1208.0
2214037,K23,DMSO,0.0,11,23,6511.0,5311.0,1200.0
2214037,K24,"DL-Buthionine-(S,R)-sulfoximine",0.3,11,24,6365.0,5283.0,1082.0
2214037,L01,Galunisertib,1.0,12,1,4690.0,3557.0,1133.0
2214037,L02,CPI-613,0.1,12,2,6205.0,4821.0,1384.0
2214037,L03,Nirogacestat,10.0,12,3,3910.0,3252.0,658.0
2214037,L04,Isotretinoin,1.0,12,4,7674.0,7433.0,241.0
2214037,L05,Sulfopin,0.1,12,5,5873.0,4838.0,1035.0
2214037,L06,RSL3,1.0,12,6,3877.0,3266.0,611.0
2214037,L07,DMSO,0.0,12,7,5519.0,4562.0,957.0
2214037,L08,Doxycycline hyclate,1.0,12,8,5712.0,4725.0,987.0
2214037,L09,AM-0902,1.0,12,9,6175.0,5117.0,1058.0
2214037,L10,GKT136901,0.01,12,10,5833.0,4905.0,928.0
2214037,L11,CPI-613,1.0,12,11,5994.0,5029.0,965.0
2214037,L12,2-DG,0.1,12,12,6087.0,5184.0,903.0
2214037,L13,"DL-Buthionine-(S,R)-sulfoximine",0.03,12,13,6437.0,5432.0,1005.0
2214037,L14,Tomivosertib,0.1,12,14,6117.0,5124.0,993.0
2214037,L15,DMSO,0.0,12,15,6126.0,5025.0,1101.0
2214037,L16,CB-103,0.1,12,16,6405.0,5410.0,995.0
2214037,L17,CYC065 (Fadraciclib),10.0,12,17,1401.0,1245.0,156.0
2214037,L18,Vistusertib,1.0,12,18,3075.0,2714.0,361.0
2214037,L19,Palifosfamide,0.1,12,19,6221.0,5158.0,1063.0
2214037,L20,RSL3,0.1,12,20,5755.0,4762.0,993.0
2214037,L21,Pictilisib,1.0,12,21,4827.0,4254.0,573.0
2214037,L22,LCL-161,0.1,12,22,6006.0,4916.0,1090.0
2214037,L23,AZD0156,1.0,12,23,6536.0,5253.0,1283.0
2214037,L24,DMSO,0.0,12,24,6493.0,5515.0,978.0
2214037,M01,Halofuginone,0.01,13,1,5848.0,4560.0,1288.0
2214037,M03,Nirogacestat,1.0,13,3,4647.0,3556.0,1091.0
2214037,M04,GKT136901,10.0,13,4,4607.0,3684.0,923.0
2214037,M05,Withaferin A,0.1,13,5,5234.0,4604.0,630.0
2214037,M06,Bafilomycin A1,0.0,13,6,5669.0,4577.0,1092.0
2214037,M07,Napabucasin,0.1,13,7,5980.0,4837.0,1143.0
2214037,M08,2-DG,0.01,13,8,5629.0,4540.0,1089.0
2214037,M09,A-1331852,1.0,13,9,3771.0,2939.0,832.0
2214037,M10,DMSO,0.0,13,10,6187.0,5242.0,945.0
2214037,M11,Idasanutlin,0.1,13,11,3422.0,2736.0,686.0
2214037,M12,Withaferin A,0.1,13,12,5743.0,5128.0,615.0
2214037,M13,AM-0902,10.0,13,13,5839.0,4944.0,895.0
2214037,M14,DMSO,0.0,13,14,6237.0,5041.0,1196.0
2214037,M15,LCL-161,0.1,13,15,6327.0,5385.0,942.0
2214037,M16,ML385,0.1,13,16,6186.0,4932.0,1254.0
2214037,M17,CB-103,10.0,13,17,1235.0,1016.0,219.0
2214037,M18,Isotretinoin,0.01,13,18,7759.0,7393.0,366.0
2214037,M19,Indisulam,10.0,13,19,491.0,390.0,101.0
2214037,M20,RSL3,0.1,13,20,5684.0,4763.0,921.0
2214037,M21,AZD0156,0.01,13,21,6017.0,4917.0,1100.0
2214037,M22,K-975,0.1,13,22,5863.0,4745.0,1118.0
2214037,M23,Napabucasin,0.01,13,23,6079.0,4841.0,1238.0
2214037,M24,A-1331852,1.0,13,24,3744.0,2812.0,932.0
2214037,N01,Galunisertib,0.1,14,1,5548.0,4430.0,1118.0
2214037,N02,Sulfopin,1.0,14,2,5252.0,4297.0,955.0
2214037,N03,A-1331852,0.1,14,3,4498.0,3240.0,1258.0
2214037,N04,Palifosfamide,1.0,14,4,5287.0,4236.0,1051.0
2214037,N05,Vactosertib,0.1,14,5,5179.0,3798.0,1381.0
2214037,N06,Lorlatinib,0.1,14,6,4123.0,3757.0,366.0
2214037,N07,Tomivosertib,0.1,14,7,6259.0,5066.0,1193.0
2214037,N08,A-1331852,0.1,14,8,5151.0,4035.0,1116.0
2214037,N09,DMSO,0.0,14,9,6239.0,5163.0,1076.0
2214037,N10,GKT136901,0.1,14,10,6402.0,5294.0,1108.0
2214037,N11,Verteporfin,1.0,14,11,5527.0,4350.0,1177.0
2214037,N12,Galunisertib,1.0,14,12,4855.0,3787.0,1068.0
2214037,N13,DMSO,0.0,14,13,5383.0,4565.0,818.0
2214037,N14,Erdafitinib,1.0,14,14,4985.0,4251.0,734.0
2214037,N15,Nirogacestat,0.01,14,15,6357.0,5158.0,1199.0
2214037,N16,CB-103,10.0,14,16,1211.0,1073.0,138.0
2214037,N17,ML385,1.0,14,17,4434.0,3766.0,668.0
2214037,N18,Sulfopin,0.01,14,18,5826.0,4634.0,1192.0
2214037,N19,Pictilisib,10.0,14,19,4091.0,3695.0,396.0
2214037,N20,LCL-161,10.0,14,20,5972.0,4944.0,1028.0
2214037,N21,Ascorbic acid,0.1,14,21,6098.0,5070.0,1028.0
2214037,N22,Palifosfamide,0.01,14,22,4614.0,3570.0,1044.0
2214037,N23,ML385,0.1,14,23,6280.0,5092.0,1188.0
2214037,N24,"DL-Buthionine-(S,R)-sulfoximine",0.003,14,24,6284.0,5263.0,1021.0
2214037,O01,Tomivosertib,1.0,15,1,5169.0,4128.0,1041.0
2214037,O02,PF-3758309,0.1,15,2,2851.0,2405.0,446.0
2214037,O04,Navitoclax,0.1,15,4,3348.0,2566.0,782.0
2214037,O06,"DL-Buthionine-(S,R)-sulfoximine",0.3,15,6,6121.0,4928.0,1193.0
2214037,O07,2-DG,10.0,15,7,5544.0,4528.0,1016.0
2214037,O08,Ravoxertinib,1.0,15,8,6024.0,4822.0,1202.0
2214037,O11,Galunisertib,0.01,15,11,5581.0,4584.0,997.0
2214037,O12,DMSO,0.0,15,12,5123.0,4207.0,916.0
2214037,O13,AM-0902,0.01,15,13,5466.0,4526.0,940.0
2214037,O14,CB-103,1.0,15,14,4441.0,3926.0,515.0
2214037,O15,Lorlatinib,0.1,15,15,3873.0,3570.0,303.0
2214037,O16,2-DG,1.0,15,16,5745.0,4840.0,905.0
2214037,O17,ML385,0.01,15,17,6095.0,5088.0,1007.0
2214037,O18,Pictilisib,0.01,15,18,5661.0,4675.0,986.0
2214037,O19,Lorlatinib,1.0,15,19,3759.0,3481.0,278.0
2214037,O20,Lorlatinib,10.0,15,20,2754.0,2512.0,242.0
2214037,O21,Erdafitinib,10.0,15,21,2482.0,2285.0,197.0
2214037,O23,Palifosfamide,10.0,15,23,5445.0,4189.0,1256.0
2214037,O24,Withaferin A,10.0,15,24,170.0,101.0,69.0
2214037,P01,MLN120B,0.1,16,1,5367.0,4367.0,1000.0
2214037,P02,Pictilisib,0.1,16,2,4961.0,4095.0,866.0
2214037,P04,LCL-161,10.0,16,4,5237.0,4394.0,843.0
2214037,P05,Pralsetinib,1.0,16,5,3897.0,3308.0,589.0
2214037,P06,4-Diethylaminobenzaldehyde,0.1,16,6,5698.0,4694.0,1004.0
2214037,P07,Galunisertib,10.0,16,7,3084.0,2362.0,722.0
2214037,P08,Idasanutlin,1.0,16,8,1520.0,1223.0,297.0
2214037,P09,Napabucasin,0.1,16,9,5348.0,4482.0,866.0
2214037,P10,K-975,0.1,16,10,5593.0,4855.0,738.0
2214037,P11,DMSO,0.0,16,11,5768.0,4933.0,835.0
2214037,P12,Vactosertib,10.0,16,12,2354.0,1949.0,405.0
2214037,P13,AZD0156,10.0,16,13,3214.0,2888.0,326.0
2214037,P14,Ascorbic acid,10.0,16,14,5164.0,4391.0,773.0
2214037,P15,Daidzin,0.1,16,15,5840.0,4953.0,887.0
2214037,P16,ML385,0.01,16,16,5556.0,4678.0,878.0
2214037,P17,Pictilisib,1.0,16,17,3435.0,3126.0,309.0
2214037,P18,Tomivosertib,0.01,16,18,5758.0,4694.0,1064.0
2214037,P19,CYC065 (Fadraciclib),10.0,16,19,1329.0,1193.0,136.0
2214037,P20,PF-3758309,1.0,16,20,1644.0,1323.0,321.0
2214037,P21,Ascorbic acid,1.0,16,21,5987.0,4944.0,1043.0
2214037,P22,PF-3758309,10.0,16,22,1018.0,927.0,91.0
2214037,P23,Erdafitinib,0.1,16,23,5361.0,4654.0,707.0
2214037,P24,Ravoxertinib,0.01,16,24,5898.0,4976.0,922.0
2214038,A01,Alisertib,1.0,1,1,1467.0,1176.0,291.0
2214038,A02,Vismodegib,20.0,1,2,4482.0,3662.0,820.0
2214038,A03,Thioguanine,1.0,1,3,3878.0,2476.0,1402.0
2214038,A04,Seclidemstat,1.0,1,4,1681.0,1237.0,444.0
2214038,A05,Vincristine,20.0,1,5,1404.0,1113.0,291.0
2214038,A06,JQ1-(+),9.0,1,6,4096.0,3114.0,982.0
2214038,A07,I-BET762,0.01,1,7,5054.0,3978.0,1076.0
2214038,A08,Cediranib,0.1,1,8,5324.0,4331.0,993.0
2214038,A10,Telaglenastat,0.1,1,10,5295.0,4453.0,842.0
2214038,A11,Vincristine,0.02,1,11,5462.0,4396.0,1066.0
2214038,A12,Semaxanib,0.1,1,12,5540.0,4523.0,1017.0
2214038,A13,DMSO,0.0,1,13,5043.0,4307.0,736.0
2214038,A14,Cisplatin,2.0,1,14,5469.0,4491.0,978.0
2214038,A15,Vemurafenib,0.2,1,15,5993.0,4809.0,1184.0
2214038,A16,ORY1001,0.01,1,16,4630.0,4017.0,613.0
2214038,A17,Veliparib,0.1,1,17,5575.0,4749.0,826.0
2214038,A18,Alisertib,0.01,1,18,5161.0,4147.0,1014.0
2214038,A19,Ceritinib,10.0,1,19,1052.0,947.0,105.0
2214038,A20,Temsirolimus,0.2,1,20,4191.0,3494.0,697.0
2214038,A21,Erlotinib,2.0,1,21,5102.0,3951.0,1151.0
2214038,A22,EPZ-5676,10.0,1,22,5111.0,4172.0,939.0
2214038,A23,Ceritinib,0.01,1,23,5746.0,4805.0,941.0
2214038,A24,ORY1001,10.0,1,24,4917.0,4489.0,428.0
2214038,B01,Veliparib,0.1,2,1,5369.0,4529.0,840.0
2214038,B02,Masitinib,1.0,2,2,5233.0,4331.0,902.0
2214038,B03,Pacritinib,0.1,2,3,5162.0,4240.0,922.0
2214038,B04,Carfilzomib,0.0,2,4,5446.0,4484.0,962.0
2214038,B05,trametinib,10.0,2,5,4719.0,3620.0,1099.0
2214038,B06,Vandetanib,0.02,2,6,5355.0,4263.0,1092.0
2214038,B07,Pacritinib,1.0,2,7,3988.0,3363.0,625.0
2214038,B08,6-Mercaptopurine,20.0,2,8,4474.0,3391.0,1083.0
2214038,B09,Pacritinib,10.0,2,9,1659.0,1458.0,201.0
2214038,B10,Telaglenastat,10.0,2,10,5217.0,4418.0,799.0
2214038,B11,JQ1-(+),0.09,2,11,5314.0,4246.0,1068.0
2214038,B12,Semaxanib,10.0,2,12,6039.0,5333.0,706.0
2214038,B13,Lestaurtinib,0.01,2,13,5073.0,4378.0,695.0
2214038,B14,DMSO,0.0,2,14,6063.0,5027.0,1036.0
2214038,B15,A-485,0.1,2,15,4253.0,3494.0,759.0
2214038,B16,Alitretinoin,20.0,2,16,6287.0,5697.0,590.0
2214038,B17,Carfilzomib,0.0,2,17,5620.0,4820.0,800.0
2214038,B18,Alisertib,10.0,2,18,1493.0,1155.0,338.0
2214038,B19,JQ1-(+),0.9,2,19,5117.0,4203.0,914.0
2214038,B20,Bexarotene,0.2,2,20,5945.0,5009.0,936.0
2214038,B21,Regorafenib,20.0,2,21,4600.0,3896.0,704.0
2214038,B22,Thioguanine,0.1,2,22,5034.0,4180.0,854.0
2214038,B23,Alisertib,0.01,2,23,5697.0,4769.0,928.0
2214038,B24,Olaparib,0.01,2,24,6048.0,5169.0,879.0
2214038,C01,Lestaurtinib,10.0,3,1,839.0,784.0,55.0
2214038,C02,Vemurafenib,0.02,3,2,5669.0,4488.0,1181.0
2214038,C03,JQ1-(+),0.009,3,3,4315.0,3303.0,1012.0
2214038,C04,Neratinib,0.1,3,4,5727.0,4666.0,1061.0
2214038,C05,Vandetanib,20.0,3,5,2089.0,1788.0,301.0
2214038,C06,Idelalisib,0.1,3,6,5585.0,4484.0,1101.0
2214038,C07,Seclidemstat,0.1,3,7,5187.0,4084.0,1103.0
2214038,C08,Ruxolitinib,20.0,3,8,3437.0,2653.0,784.0
2214038,C09,Temsirolimus,20.0,3,9,3079.0,2779.0,300.0
2214038,C10,Ixazomib,0.1,3,10,2212.0,1945.0,267.0
2214038,C11,DMSO,0.0,3,11,4987.0,4052.0,935.0
2214038,C12,ORY1001,0.1,3,12,4527.0,3990.0,537.0
2214038,C13,trametinib,10.0,3,13,5136.0,4533.0,603.0
2214038,C14,Chloroquine,18.0,3,14,5647.0,4795.0,852.0
2214038,C15,DMSO,0.0,3,15,6113.0,5007.0,1106.0
2214038,C16,Ceritinib,1.0,3,16,2936.0,2746.0,190.0
2214038,C17,Erlotinib,2.0,3,17,5344.0,4454.0,890.0
2214038,C18,Afatinib,0.01,3,18,5936.0,4732.0,1204.0
2214038,C19,I-BET762,0.1,3,19,5954.0,4895.0,1059.0
2214038,C20,MLN0128,10.0,3,20,1376.0,1316.0,60.0
2214038,C22,Regorafenib,0.02,3,22,5462.0,4485.0,977.0
2214038,C24,Regorafenib,0.02,3,24,5229.0,4336.0,893.0
2214038,D01,Vandetanib,2.0,4,1,4506.0,3727.0,779.0
2214038,D02,ORY1001,1.0,4,2,5530.0,4809.0,721.0
2214038,D03,Vismodegib,0.2,4,3,5364.0,4274.0,1090.0
2214038,D04,Ceritinib,0.1,4,4,4888.0,4089.0,799.0
2214038,D05,Bexarotene,2.0,4,5,5471.0,4398.0,1073.0
2214038,D06,TAK-733,0.01,4,6,5667.0,4481.0,1186.0
2214038,D07,Bexarotene,20.0,4,7,6131.0,5025.0,1106.0
2214038,D08,Ixazomib,10.0,4,8,213.0,198.0,15.0
2214038,D09,Veliparib,1.0,4,9,5723.0,4643.0,1080.0
2214038,D10,Bexarotene,0.2,4,10,5640.0,4713.0,927.0
2214038,D11,Dicumarol (Bishydroxycoumarin),0.01,4,11,5905.0,4861.0,1044.0
2214038,D12,DMSO,0.0,4,12,5075.0,4204.0,871.0
2214038,D13,Ruxolitinib,2.0,4,13,4594.0,3804.0,790.0
2214038,D14,EPZ-5676,0.01,4,14,5416.0,4577.0,839.0
2214038,D15,Seclidemstat,10.0,4,15,398.0,302.0,96.0
2214038,D16,DMSO,0.0,4,16,5772.0,4831.0,941.0
2214038,D17,Vemurafenib,20.0,4,17,5705.0,4811.0,894.0
2214038,D18,I-BET762,0.1,4,18,6382.0,5161.0,1221.0
2214038,D19,Olaparib,10.0,4,19,1964.0,1606.0,358.0
2214038,D20,Alitretinoin,20.0,4,20,7150.0,6653.0,497.0
2214038,D21,Alisertib,0.1,4,21,1410.0,1196.0,214.0
2214038,D22,Cisplatin,0.2,4,22,5345.0,4445.0,900.0
2214038,D23,Ixazomib,0.1,4,23,2229.0,1951.0,278.0
2214038,D24,Neratinib,0.01,4,24,6350.0,5307.0,1043.0
2214038,E01,Ruxolitinib,2.0,5,1,5267.0,4330.0,937.0
2214038,E02,DMSO,0.0,5,2,6157.0,4953.0,1204.0
2214038,E03,Afatinib,0.01,5,3,5718.0,4507.0,1211.0
2214038,E05,Motesanib,0.1,5,5,5837.0,4682.0,1155.0
2214038,E06,MLN0128,0.01,5,6,5576.0,4516.0,1060.0
2214038,E07,Pacritinib,0.01,5,7,5999.0,4822.0,1177.0
2214038,E08,Temsirolimus,0.2,5,8,4904.0,3976.0,928.0
2214038,E09,DMSO,0.0,5,9,6040.0,5022.0,1018.0
2214038,E10,Ruxolitinib,20.0,5,10,4174.0,3242.0,932.0
2214038,E11,Thioguanine,10.0,5,11,628.0,448.0,180.0
2214038,E12,Cediranib,0.01,5,12,6479.0,5371.0,1108.0
2214038,E13,MLN0128,1.0,5,13,1829.0,1677.0,152.0
2214038,E14,TAK-733,1.0,5,14,4232.0,4066.0,166.0
2214038,E15,Pacritinib,0.1,5,15,6063.0,5123.0,940.0
2214038,E16,Bexarotene,0.02,5,16,6329.0,5379.0,950.0
2214038,E17,DMSO,0.0,5,17,6083.0,5179.0,904.0
2214038,E18,Tretinoin,0.02,5,18,6131.0,4870.0,1261.0
2214038,E19,JQ1-(+),0.09,5,19,6976.0,5498.0,1478.0
2214038,E20,Alitretinoin,2.0,5,20,6279.0,5246.0,1033.0
2214038,E21,Vandetanib,0.2,5,21,6359.0,5163.0,1196.0
2214038,E22,Crizotinib,20.0,5,22,225.0,200.0,25.0
2214038,E23,Ixazomib,0.01,5,23,6339.0,5267.0,1072.0
2214038,E24,Temsirolimus,0.02,5,24,5520.0,4615.0,905.0
2214038,F01,DMSO,0.0,6,1,5442.0,4374.0,1068.0
2214038,F03,Vemurafenib,2.0,6,3,5500.0,4093.0,1407.0
2214038,F04,I-BET762,1.0,6,4,6991.0,5152.0,1839.0
2214038,F05,6-Mercaptopurine,20.0,6,5,4488.0,3134.0,1354.0
2214038,F06,Alisertib,0.1,6,6,1422.0,1115.0,307.0
2214038,F07,Bexarotene,2.0,6,7,6520.0,5457.0,1063.0
2214038,F08,Tretinoin,0.2,6,8,6644.0,5673.0,971.0
2214038,F09,Chloroquine,0.009,6,9,6110.0,5031.0,1079.0
2214038,F10,DMSO,0.0,6,10,6576.0,5531.0,1045.0
2214038,F11,Alisertib,10.0,6,11,1637.0,1265.0,372.0
2214038,F12,Vismodegib,2.0,6,12,6215.0,5105.0,1110.0
2214038,F13,Vismodegib,2.0,6,13,5551.0,4595.0,956.0
2214038,F14,Neratinib,0.1,6,14,6049.0,5080.0,969.0
2214038,F15,Neratinib,1.0,6,15,6182.0,5227.0,955.0
2214038,F16,TAK-733,1.0,6,16,4271.0,4127.0,144.0
2214038,F17,Temsirolimus,2.0,6,17,5275.0,4806.0,469.0
2214038,F18,DMSO,0.0,6,18,6132.0,5135.0,997.0
2214038,F19,Seclidemstat,0.01,6,19,6295.0,5278.0,1017.0
2214038,F20,Carfilzomib,0.0,6,20,7247.0,6083.0,1164.0
2214038,F21,A-485,0.1,6,21,5014.0,4205.0,809.0
2214038,F22,trametinib,0.1,6,22,6514.0,5344.0,1170.0
2214038,F23,Veliparib,0.01,6,23,6167.0,4905.0,1262.0
2214038,F24,ORY1001,0.1,6,24,5310.0,4701.0,609.0
2214038,G01,I-BET762,0.01,7,1,5196.0,4097.0,1099.0
2214038,G02,Vismodegib,20.0,7,2,4217.0,3185.0,1032.0
2214038,G03,ORY1001,1.0,7,3,5329.0,4381.0,948.0
2214038,G04,DMSO,0.0,7,4,6319.0,5051.0,1268.0
2214038,G05,Tretinoin,0.2,7,5,6926.0,5451.0,1475.0
2214038,G06,trametinib,0.01,7,6,6347.0,5084.0,1263.0
2214038,G07,Cabozantinib,0.02,7,7,6250.0,5103.0,1147.0
2214038,G08,Telaglenastat,10.0,7,8,5956.0,4958.0,998.0
2214038,G09,Tretinoin,0.02,7,9,6226.0,4968.0,1258.0
2214038,G10,Cediranib,10.0,7,10,2253.0,2083.0,170.0
2214038,G11,Olaparib,0.1,7,11,6439.0,5321.0,1118.0
2214038,G12,A-485,1.0,7,12,1579.0,1307.0,272.0
2214038,G13,Alitretinoin,0.02,7,13,6494.0,5355.0,1139.0
2214038,G14,Regorafenib,0.2,7,14,6272.0,5085.0,1187.0
2214038,G15,Cabozantinib,2.0,7,15,3852.0,3463.0,389.0
2214038,G16,Ceritinib,10.0,7,16,861.0,803.0,58.0
2214038,G17,Telaglenastat,0.1,7,17,6290.0,5326.0,964.0
2214038,G18,Pacritinib,10.0,7,18,1691.0,1477.0,214.0
2214038,G19,DMSO,0.0,7,19,6426.0,5337.0,1089.0
2214038,G20,A-485,0.01,7,20,5686.0,4748.0,938.0
2214038,G21,Dicumarol (Bishydroxycoumarin),0.01,7,21,5980.0,4850.0,1130.0
2214038,G22,Cisplatin,20.0,7,22,4710.0,3836.0,874.0
2214038,G23,Chloroquine,1.8,7,23,5897.0,4892.0,1005.0
2214038,G24,ORY1001,10.0,7,24,5289.0,4773.0,516.0
2214038,H01,Motesanib,0.01,8,1,5086.0,4176.0,910.0
2214038,H02,Telaglenastat,1.0,8,2,5953.0,4505.0,1448.0
2214038,H03,DMSO,0.0,8,3,5304.0,4118.0,1186.0
2214038,H04,Pacritinib,0.01,8,4,5681.0,4478.0,1203.0
2214038,H05,JQ1-(+),0.009,8,5,5861.0,4624.0,1237.0
2214038,H06,6-Mercaptopurine,0.1,8,6,6358.0,5085.0,1273.0
2214038,H07,Erlotinib,20.0,8,7,3761.0,3023.0,738.0
2214038,H08,Vincristine,2.0,8,8,1680.0,1320.0,360.0
2214038,H09,Erlotinib,20.0,8,9,3643.0,3035.0,608.0
2214038,H10,Erlotinib,0.02,8,10,6557.0,5297.0,1260.0
2214038,H11,Dicumarol (Bishydroxycoumarin),0.1,8,11,6490.0,5380.0,1110.0
2214038,H12,TAK-733,0.1,8,12,6552.0,5613.0,939.0
2214038,H13,Cediranib,1.0,8,13,5413.0,4797.0,616.0
2214038,H14,Motesanib,1.0,8,14,6298.0,5445.0,853.0
2214038,H15,A-485,0.01,8,15,5857.0,4991.0,866.0
2214038,H16,Lestaurtinib,0.1,8,16,5827.0,4931.0,896.0
2214038,H17,Neratinib,1.0,8,17,5514.0,4496.0,1018.0
2214038,H18,Ceritinib,0.1,8,18,5623.0,4833.0,790.0
2214038,H19,I-BET762,1.0,8,19,7065.0,5354.0,1711.0
2214038,H20,DMSO,0.0,8,20,5975.0,5053.0,922.0
2214038,H21,Olaparib,1.0,8,21,5841.0,4625.0,1216.0
2214038,H22,TAK-733,10.0,8,22,3373.0,3270.0,103.0
2214038,H23,EPZ-5676,10.0,8,23,5589.0,4514.0,1075.0
2214038,H24,Chloroquine,0.009,8,24,5457.0,4411.0,1046.0
2214038,I01,Cabozantinib,0.02,9,1,5649.0,4557.0,1092.0
2214038,I02,Telaglenastat,0.01,9,2,5604.0,4394.0,1210.0
2214038,I03,TAK-733,0.01,9,3,6273.0,4727.0,1546.0
2214038,I04,Cisplatin,2.0,9,4,5881.0,4539.0,1342.0
2214038,I05,Olaparib,1.0,9,5,6054.0,4685.0,1369.0
2214038,I06,DMSO,0.0,9,6,6405.0,5271.0,1134.0
2214038,I07,EPZ-5676,0.01,9,7,6213.0,4936.0,1277.0
2214038,I08,Carfilzomib,0.0,9,8,5863.0,4702.0,1161.0
2214038,I09,Veliparib,1.0,9,9,6020.0,4938.0,1082.0
2214038,I10,Cerivastatin,2.0,9,10,3259.0,2986.0,273.0
2214038,I11,Crizotinib,0.02,9,11,6184.0,5100.0,1084.0
2214038,I12,Cisplatin,0.02,9,12,6515.0,5605.0,910.0
2214038,I13,Vincristine,0.02,9,13,1762.0,1551.0,211.0
2214038,I14,Lestaurtinib,1.0,9,14,2112.0,1790.0,322.0
2214038,I15,ORY1001,0.01,9,15,5813.0,4860.0,953.0
2214038,I16,6-Mercaptopurine,0.01,9,16,6483.0,5523.0,960.0
2214038,I17,6-Mercaptopurine,2.0,9,17,5915.0,4708.0,1207.0
2214038,I18,Chloroquine,0.09,9,18,6309.0,5383.0,926.0
2214038,I19,Veliparib,10.0,9,19,6247.0,5129.0,1118.0
2214038,I20,Cerivastatin,0.1,9,20,5523.0,4737.0,786.0
2214038,I21,DMSO,0.0,9,21,6404.0,5265.0,1139.0
2214038,I22,Vincristine,20.0,9,22,1693.0,1399.0,294.0
2214038,I24,Idelalisib,10.0,9,24,5304.0,4560.0,744.0
2214038,J01,Seclidemstat,0.1,10,1,5389.0,4364.0,1025.0
2214038,J02,Masitinib,10.0,10,2,4577.0,3859.0,718.0
2214038,J03,Motesanib,10.0,10,3,6215.0,5076.0,1139.0
2214038,J04,Telaglenastat,1.0,10,4,6170.0,5040.0,1130.0
2214038,J05,DMSO,0.0,10,5,6316.0,5114.0,1202.0
2214038,J06,Crizotinib,2.0,10,6,1130.0,983.0,147.0
2214038,J07,Thioguanine,0.01,10,7,5935.0,4719.0,1216.0
2214038,J08,Masitinib,10.0,10,8,4833.0,4315.0,518.0
2214038,J09,Cisplatin,20.0,10,9,5226.0,4598.0,628.0
2214038,J10,Ruxolitinib,0.02,10,10,6680.0,5714.0,966.0
2214038,J11,Motesanib,10.0,10,11,5598.0,4713.0,885.0
2214038,J12,Lestaurtinib,0.1,10,12,6232.0,5207.0,1025.0
2214038,J13,Thioguanine,0.1,10,13,6042.0,5015.0,1027.0
2214038,J14,Chloroquine,18.0,10,14,5660.0,5033.0,627.0
2214038,J15,Semaxanib,0.01,10,15,7180.0,6109.0,1071.0
2214038,J16,Erlotinib,0.2,10,16,6580.0,5695.0,885.0
2214038,J17,Bexarotene,0.02,10,17,6635.0,5533.0,1102.0
2214038,J18,MLN0128,0.01,10,18,6289.0,5132.0,1157.0
2214038,J19,Cerivastatin,0.01,10,19,6358.0,5353.0,1005.0
2214038,J20,Veliparib,10.0,10,20,5998.0,4955.0,1043.0
2214038,J21,Regorafenib,2.0,10,21,5816.0,4730.0,1086.0
2214038,J22,DMSO,0.0,10,22,5801.0,4751.0,1050.0
2214038,J23,Alisertib,1.0,10,23,1496.0,1206.0,290.0
2214038,J24,Vincristine,2.0,10,24,1860.0,1482.0,378.0
2214038,K01,Idelalisib,0.01,11,1,5418.0,4370.0,1048.0
2214038,K02,6-Mercaptopurine,0.01,11,2,5891.0,4753.0,1138.0
2214038,K03,Telaglenastat,0.01,11,3,5485.0,4097.0,1388.0
2214038,K04,Vemurafenib,0.02,11,4,6189.0,4960.0,1229.0
2214038,K05,Afatinib,10.0,11,5,732.0,645.0,87.0
2214038,K06,Cabozantinib,2.0,11,6,3525.0,3072.0,453.0
2214038,K07,Cisplatin,0.02,11,7,5799.0,4658.0,1141.0
2214038,K08,DMSO,0.0,11,8,6332.0,5287.0,1045.0
2214038,K09,Vemurafenib,2.0,11,9,6128.0,5140.0,988.0
2214038,K10,Cediranib,0.01,11,10,5701.0,4682.0,1019.0
2214038,K11,Carfilzomib,0.0,11,11,5452.0,4516.0,936.0
2214038,K12,Lestaurtinib,0.01,11,12,6257.0,5239.0,1018.0
2214038,K13,I-BET762,10.0,11,13,5346.0,4222.0,1124.0
2214038,K14,Alitretinoin,0.02,11,14,5694.0,4494.0,1200.0
2214038,K15,Vismodegib,0.02,11,15,6162.0,5070.0,1092.0
2214038,K16,DMSO,0.0,11,16,6065.0,4966.0,1099.0
2214038,K17,Erlotinib,0.02,11,17,5528.0,4425.0,1103.0
2214038,K18,Dicumarol (Bishydroxycoumarin),1.0,11,18,5322.0,4278.0,1044.0
2214038,K19,Afatinib,1.0,11,19,5087.0,4083.0,1004.0
2214038,K20,Vismodegib,0.02,11,20,5840.0,4826.0,1014.0
2214038,K21,Neratinib,10.0,11,21,3545.0,2945.0,600.0
2214038,K23,DMSO,0.0,11,23,5994.0,4600.0,1394.0
2214038,K24,trametinib,1.0,11,24,6427.0,5413.0,1014.0
2214038,L01,Idelalisib,1.0,12,1,5397.0,4506.0,891.0
2214038,L02,Chloroquine,0.09,12,2,5062.0,3867.0,1195.0
2214038,L03,Temsirolimus,20.0,12,3,3445.0,3093.0,352.0
2214038,L04,Ceritinib,1.0,12,4,2870.0,2676.0,194.0
2214038,L05,Motesanib,0.1,12,5,5530.0,4474.0,1056.0
2214038,L06,Alitretinoin,2.0,12,6,6383.0,5308.0,1075.0
2214038,L07,DMSO,0.0,12,7,5516.0,4563.0,953.0
2214038,L08,Lestaurtinib,1.0,12,8,1911.0,1520.0,391.0
2214038,L09,Thioguanine,1.0,12,9,3643.0,2420.0,1223.0
2214038,L10,Olaparib,0.01,12,10,5744.0,4667.0,1077.0
2214038,L11,Chloroquine,1.8,12,11,5776.0,4879.0,897.0
2214038,L12,Vandetanib,0.2,12,12,5543.0,4544.0,999.0
2214038,L13,trametinib,0.1,12,13,5978.0,5044.0,934.0
2214038,L14,Crizotinib,0.2,12,14,4757.0,4216.0,541.0
2214038,L15,DMSO,0.0,12,15,6211.0,5266.0,945.0
2214038,L16,Dicumarol (Bishydroxycoumarin),0.1,12,16,6184.0,5198.0,986.0
2214038,L17,A-485,10.0,12,17,865.0,774.0,91.0
2214038,L18,Pacritinib,1.0,12,18,4759.0,4223.0,536.0
2214038,L19,Cerivastatin,0.1,12,19,5349.0,4503.0,846.0
2214038,L20,Alitretinoin,0.2,12,20,6349.0,5317.0,1032.0
2214038,L21,Semaxanib,1.0,12,21,6820.0,5519.0,1301.0
2214038,L22,Cabozantinib,0.2,12,22,5716.0,4819.0,897.0
2214038,L23,Seclidemstat,1.0,12,23,1991.0,1627.0,364.0
2214038,L24,DMSO,0.0,12,24,5616.0,4678.0,938.0
2214038,M01,Veliparib,0.01,13,1,6031.0,5001.0,1030.0
2214038,M02,Tretinoin,20.0,13,2,7268.0,6996.0,272.0
2214038,M03,Temsirolimus,2.0,13,3,4097.0,3607.0,490.0
2214038,M04,Olaparib,10.0,13,4,1882.0,1467.0,415.0
2214038,M05,MLN0128,0.1,13,5,4252.0,3654.0,598.0
2214038,M06,Neratinib,0.01,13,6,5774.0,4630.0,1144.0
2214038,M07,Ruxolitinib,0.2,13,7,6028.0,4837.0,1191.0
2214038,M08,Vandetanib,0.02,13,8,5642.0,4433.0,1209.0
2214038,M09,EPZ-5676,1.0,13,9,6143.0,4951.0,1192.0
2214038,M10,DMSO,0.0,13,10,6059.0,4906.0,1153.0
2214038,M11,6-Mercaptopurine,0.1,13,11,6332.0,5236.0,1096.0
2214038,M12,MLN0128,0.1,13,12,4135.0,3548.0,587.0
2214038,M13,Thioguanine,10.0,13,13,617.0,488.0,129.0
2214038,M14,DMSO,0.0,13,14,6194.0,5088.0,1106.0
2214038,M15,Cabozantinib,0.2,13,15,5602.0,4656.0,946.0
2214038,M16,Masitinib,0.1,13,16,5902.0,5022.0,880.0
2214038,M17,Dicumarol (Bishydroxycoumarin),10.0,13,17,5344.0,4320.0,1024.0
2214038,M18,Ceritinib,0.01,13,18,6045.0,4989.0,1056.0
2214038,M19,Bexarotene,20.0,13,19,5900.0,4883.0,1017.0
2214038,M20,Alitretinoin,0.2,13,20,5739.0,4748.0,991.0
2214038,M21,Seclidemstat,0.01,13,21,5097.0,4140.0,957.0
2214038,M22,Vincristine,0.2,13,22,1705.0,1343.0,362.0
2214038,M23,Ruxolitinib,0.02,13,23,6361.0,5139.0,1222.0
2214038,M24,EPZ-5676,1.0,13,24,6086.0,4900.0,1186.0
2214038,N01,Idelalisib,0.1,14,1,5845.0,4914.0,931.0
2214038,N02,Motesanib,1.0,14,2,5901.0,4764.0,1137.0
2214038,N03,EPZ-5676,0.1,14,3,4522.0,3417.0,1105.0
2214038,N04,Cerivastatin,2.0,14,4,2881.0,2627.0,254.0
2214038,N05,TAK-733,0.1,14,5,5566.0,4706.0,860.0
2214038,N06,Afatinib,0.1,14,6,5818.0,4772.0,1046.0
2214038,N07,Crizotinib,0.2,14,7,4069.0,3397.0,672.0
2214038,N08,EPZ-5676,0.1,14,8,5787.0,4649.0,1138.0
2214038,N09,DMSO,0.0,14,9,6033.0,4807.0,1226.0
2214038,N10,Olaparib,0.1,14,10,5954.0,4871.0,1083.0
2214038,N11,I-BET762,10.0,14,11,5668.0,4219.0,1449.0
2214038,N12,Idelalisib,1.0,14,12,5584.0,4550.0,1034.0
2214038,N13,DMSO,0.0,14,13,5751.0,4624.0,1127.0
2214038,N14,Carfilzomib,0.0,14,14,6396.0,5065.0,1331.0
2214038,N15,Temsirolimus,0.02,14,15,5266.0,4407.0,859.0
2214038,N16,Dicumarol (Bishydroxycoumarin),10.0,14,16,5132.0,4157.0,975.0
2214038,N17,Masitinib,1.0,14,17,5963.0,5067.0,896.0
2214038,N18,Motesanib,0.01,14,18,6237.0,5103.0,1134.0
2214038,N19,Semaxanib,10.0,14,19,6098.0,5319.0,779.0
2214038,N20,Cabozantinib,20.0,14,20,1060.0,972.0,88.0
2214038,N21,Regorafenib,0.2,14,21,5938.0,4856.0,1082.0
2214038,N22,Cerivastatin,0.01,14,22,5338.0,4465.0,873.0
2214038,N23,Masitinib,0.1,14,23,6090.0,5095.0,995.0
2214038,N24,trametinib,0.01,14,24,5970.0,4951.0,1019.0
2214038,O01,Crizotinib,2.0,15,1,1195.0,995.0,200.0
2214038,O02,Cediranib,0.1,15,2,5210.0,4245.0,965.0
2214038,O03,Tretinoin,2.0,15,3,6778.0,5955.0,823.0
2214038,O04,Vemurafenib,0.2,15,4,5306.0,4303.0,1003.0
2214038,O05,JQ1-(+),9.0,15,5,3820.0,2945.0,875.0
2214038,O06,trametinib,1.0,15,6,6075.0,4950.0,1125.0
2214038,O07,Vandetanib,20.0,15,7,3574.0,2986.0,588.0
2214038,O09,Tretinoin,20.0,15,9,7513.0,7312.0,201.0
2214038,O10,Neratinib,10.0,15,10,4143.0,3441.0,702.0
2214038,O11,Idelalisib,0.01,15,11,5345.0,4271.0,1074.0
2214038,O12,DMSO,0.0,15,12,5157.0,4344.0,813.0
2214038,O13,Thioguanine,0.01,15,13,5132.0,4364.0,768.0
2214038,O14,Dicumarol (Bishydroxycoumarin),1.0,15,14,5250.0,4297.0,953.0
2214038,O15,Afatinib,0.1,15,15,6324.0,5286.0,1038.0
2214038,O16,Vandetanib,2.0,15,16,5301.0,4397.0,904.0
2214038,O17,Masitinib,0.01,15,17,5564.0,4631.0,933.0
2214038,O18,Semaxanib,0.01,15,18,5965.0,4959.0,1006.0
2214038,O19,Afatinib,1.0,15,19,5890.0,4997.0,893.0
2214038,O20,Afatinib,10.0,15,20,970.0,853.0,117.0
2214038,O21,Carfilzomib,0.0,15,21,4834.0,3996.0,838.0
2214038,O22,Vemurafenib,20.0,15,22,5248.0,4313.0,935.0
2214038,O24,MLN0128,10.0,15,24,1482.0,1389.0,93.0
2214038,P01,Erlotinib,0.2,16,1,5604.0,4767.0,837.0
2214038,P02,Semaxanib,0.1,16,2,6033.0,5264.0,769.0
2214038,P03,Tretinoin,2.0,16,3,6065.0,5061.0,1004.0
2214038,P04,Cabozantinib,20.0,16,4,886.0,808.0,78.0
2214038,P05,JQ1-(+),0.9,16,5,5070.0,4005.0,1065.0
2214038,P06,Cisplatin,0.2,16,6,5182.0,4423.0,759.0
2214038,P07,Idelalisib,10.0,16,7,4415.0,3668.0,747.0
2214038,P08,6-Mercaptopurine,2.0,16,8,5283.0,4186.0,1097.0
2214038,P09,Ruxolitinib,0.2,16,9,5399.0,4498.0,901.0
2214038,P10,Vincristine,0.2,16,10,1591.0,1367.0,224.0
2214038,P11,DMSO,0.0,16,11,5229.0,4319.0,910.0
2214038,P12,TAK-733,10.0,16,12,3243.0,3158.0,85.0
2214038,P13,Seclidemstat,10.0,16,13,398.0,329.0,69.0
2214038,P14,Regorafenib,20.0,16,14,4891.0,4017.0,874.0
2214038,P15,Vismodegib,0.2,16,15,5556.0,4534.0,1022.0
2214038,P16,Masitinib,0.01,16,16,5018.0,3999.0,1019.0
2214038,P17,Semaxanib,1.0,16,17,5682.0,4804.0,878.0
2214038,P18,Crizotinib,0.02,16,18,5690.0,4777.0,913.0
2214038,P19,A-485,10.0,16,19,1020.0,880.0,140.0
2214038,P20,Cediranib,1.0,16,20,5097.0,4238.0,859.0
2214038,P21,Regorafenib,2.0,16,21,5391.0,4343.0,1048.0
2214038,P22,Cediranib,10.0,16,22,2246.0,2080.0,166.0
2214038,P23,Carfilzomib,0.0,16,23,5689.0,4713.0,976.0
2214038,P24,Ixazomib,0.01,16,24,5915.0,4978.0,937.0
2214039,A01,Hydroxyurea,2.0,1,1,5305.0,4163.0,1142.0
2214039,A02,Entinostat,50.0,1,2,4126.0,3036.0,1090.0
2214039,A03,Vorinostat,2.0,1,3,1789.0,549.0,1240.0
2214039,A04,Imatinib,2.0,1,4,5236.0,3496.0,1740.0
2214039,A05,Trichostatin A,20.0,1,5,5256.0,3490.0,1766.0
2214039,A06,Sunitinib,20.0,1,6,2965.0,2034.0,931.0
2214039,A07,I-BRD9,0.01,1,7,5439.0,3738.0,1701.0
2214039,A08,Temozolomide,0.1,1,8,5480.0,3727.0,1753.0
2214039,A10,Everolimus,0.1,1,10,4906.0,3547.0,1359.0
2214039,A11,Trichostatin A,0.02,1,11,5087.0,3641.0,1446.0
2214039,A12,Meclofenamate (sodium),0.1,1,12,5308.0,3738.0,1570.0
2214039,A13,DMSO,0.0,1,13,4639.0,3341.0,1298.0
2214039,A14,GSK-J4,5.0,1,14,585.0,429.0,156.0
2214039,A15,C646,0.2,1,15,5313.0,3656.0,1657.0
2214039,A16,5-Carboxy-8-hydroxyquinoline (IOX1),0.05,1,16,5460.0,3816.0,1644.0
2214039,A17,Fenoprofen,0.1,1,17,5415.0,3967.0,1448.0
2214039,A18,Hydroxyurea,0.01,1,18,5189.0,3719.0,1470.0
2214039,A19,Metformin,20.0,1,19,5773.0,4004.0,1769.0
2214039,A20,Tamoxifen,0.09,1,20,5422.0,3871.0,1551.0
2214039,A22,I-CBP112,20.0,1,22,5504.0,3460.0,2044.0
2214039,A23,Metformin,0.01,1,23,6126.0,4704.0,1422.0
2214039,A24,5-Carboxy-8-hydroxyquinoline (IOX1),50.0,1,24,5230.0,4137.0,1093.0
2214039,B01,Fenoprofen,0.1,2,1,5145.0,3918.0,1227.0
2214039,B02,Carboplatin,2.0,2,2,5154.0,3443.0,1711.0
2214039,B03,MK-1775,0.2,2,3,4615.0,3445.0,1170.0
2214039,B04,Eflornithine,0.01,2,4,5055.0,3672.0,1383.0
2214039,B05,Gefitinib,20.0,2,5,4804.0,3390.0,1414.0
2214039,B06,AT9283,0.02,2,6,3389.0,2141.0,1248.0
2214039,B07,MK-1775,2.0,2,7,5124.0,3553.0,1571.0
2214039,B08,Venetoclax,10.0,2,8,2450.0,1665.0,785.0
2214039,B09,MK-1775,20.0,2,9,5927.0,4339.0,1588.0
2214039,B10,Everolimus,20.0,2,10,3613.0,3255.0,358.0
2214039,B11,Sunitinib,0.1,2,11,5249.0,3802.0,1447.0
2214039,B12,Meclofenamate (sodium),20.0,2,12,5129.0,3891.0,1238.0
2214039,B13,Romidepsin,0.02,2,13,1244.0,728.0,516.0
2214039,B14,DMSO,0.0,2,14,5360.0,3719.0,1641.0
2214039,B15,Bortezomib,0.1,2,15,149.0,144.0,5.0
2214039,B16,SGC-CBP30,50.0,2,16,2868.0,2147.0,721.0
2214039,B17,Eflornithine,20.0,2,17,5361.0,3831.0,1530.0
2214039,B18,Hydroxyurea,20.0,2,18,5435.0,3875.0,1560.0
2214039,B19,Sunitinib,2.0,2,19,5118.0,3853.0,1265.0
2214039,B20,Melphalan,0.1,2,20,4907.0,3268.0,1639.0
2214039,B21,Panobinostat,50.0,2,21,1030.0,803.0,227.0
2214039,B22,Vorinostat,0.1,2,22,5890.0,4493.0,1397.0
2214039,B23,Hydroxyurea,0.01,2,23,4874.0,3653.0,1221.0
2214039,B24,Busulfan,0.01,2,24,5184.0,4082.0,1102.0
2214039,C02,C646,0.02,3,2,6084.0,4373.0,1711.0
2214039,C03,Sunitinib,0.01,3,3,5104.0,3548.0,1556.0
2214039,C04,EX-527,0.5,3,4,5519.0,4072.0,1447.0
2214039,C05,AT9283,20.0,3,5,5980.0,4077.0,1903.0
2214039,C06,Sorafenib,0.1,3,6,5559.0,4020.0,1539.0
2214039,C07,Imatinib,0.1,3,7,5179.0,3368.0,1811.0
2214039,C09,Tamoxifen,18.0,3,9,5489.0,3978.0,1511.0
2214039,C10,Auranofin,0.1,3,10,5511.0,3892.0,1619.0
2214039,C11,DMSO,0.0,3,11,6144.0,4567.0,1577.0
2214039,C12,5-Carboxy-8-hydroxyquinoline (IOX1),0.5,3,12,5895.0,4299.0,1596.0
2214039,C13,Gefitinib,20.0,3,13,4480.0,3544.0,936.0
2214039,C14,Duvelisib,10.0,3,14,4214.0,3327.0,887.0
2214039,C15,DMSO,0.0,3,15,5693.0,3996.0,1697.0
2214039,C16,Metformin,2.0,3,16,6146.0,4693.0,1453.0
2214039,C17,Disulfiram,2.0,3,17,447.0,298.0,149.0
2214039,C18,Doxorubicin,0.01,3,18,5674.0,3812.0,1862.0
2214039,C19,I-BRD9,0.1,3,19,6486.0,4944.0,1542.0
2214039,C20,Staurosporine,20.0,3,20,311.0,301.0,10.0
2214039,C21,Auranofin,2.0,3,21,609.0,348.0,261.0
2214039,C22,Panobinostat,0.05,3,22,2041.0,1177.0,864.0
2214039,C23,Topotecan,10.0,3,23,507.0,389.0,118.0
2214039,C24,Panobinostat,0.05,3,24,4380.0,3544.0,836.0
2214039,D01,AT9283,2.0,4,1,6246.0,4948.0,1298.0
2214039,D02,5-Carboxy-8-hydroxyquinoline (IOX1),5.0,4,2,4823.0,3171.0,1652.0
2214039,D03,Entinostat,0.5,4,3,6209.0,3749.0,2460.0
2214039,D04,Metformin,0.1,4,4,5653.0,4063.0,1590.0
2214039,D05,Melphalan,1.0,4,5,4578.0,2878.0,1700.0
2214039,D06,Etoposide,0.02,4,6,5926.0,4151.0,1775.0
2214039,D07,Melphalan,10.0,4,7,1023.0,757.0,266.0
2214039,D08,Auranofin,20.0,4,8,76.0,50.0,26.0
2214039,D09,Fenoprofen,2.0,4,9,6347.0,4731.0,1616.0
2214039,D10,Melphalan,0.1,4,10,6285.0,4597.0,1688.0
2214039,D11,Irinotecan,0.01,4,11,5782.0,4130.0,1652.0
2214039,D12,DMSO,0.0,4,12,5627.0,4287.0,1340.0
2214039,D13,Mitoxantrone,2.0,4,13,369.0,240.0,129.0
2214039,D14,I-CBP112,0.02,4,14,6165.0,4623.0,1542.0
2214039,D15,Imatinib,20.0,4,15,4488.0,3691.0,797.0
2214039,D16,DMSO,0.0,4,16,5905.0,4339.0,1566.0
2214039,D17,C646,20.0,4,17,6283.0,4818.0,1465.0
2214039,D18,I-BRD9,0.1,4,18,6298.0,4757.0,1541.0
2214039,D19,Busulfan,20.0,4,19,5614.0,4311.0,1303.0
2214039,D20,SGC-CBP30,50.0,4,20,3007.0,2423.0,584.0
2214039,D21,Hydroxyurea,0.1,4,21,5978.0,4297.0,1681.0
2214039,D22,GSK-J4,0.5,4,22,5897.0,4456.0,1441.0
2214039,D23,Auranofin,0.1,4,23,5999.0,4422.0,1577.0
2214039,D24,EX-527,0.05,4,24,6043.0,4671.0,1372.0
2214039,E01,Mitoxantrone,2.0,5,1,464.0,284.0,180.0
2214039,E02,DMSO,0.0,5,2,5305.0,3297.0,2008.0
2214039,E03,Doxorubicin,0.01,5,3,4816.0,3098.0,1718.0
2214039,E04,Bortezomib,2.0,5,4,172.0,160.0,12.0
2214039,E05,Methotrexate,0.1,5,5,5932.0,4095.0,1837.0
2214039,E06,Staurosporine,0.02,5,6,6062.0,4753.0,1309.0
2214039,E07,MK-1775,0.02,5,7,5866.0,3933.0,1933.0
2214039,E08,Tamoxifen,0.09,5,8,6419.0,4611.0,1808.0
2214039,E09,DMSO,0.0,5,9,6372.0,4365.0,2007.0
2214039,E11,Vorinostat,20.0,5,11,1152.0,609.0,543.0
2214039,E12,Temozolomide,0.01,5,12,6104.0,4468.0,1636.0
2214039,E13,Staurosporine,2.0,5,13,412.0,390.0,22.0
2214039,E14,Etoposide,2.0,5,14,5544.0,3538.0,2006.0
2214039,E15,MK-1775,0.2,5,15,5438.0,3757.0,1681.0
2214039,E16,Melphalan,0.01,5,16,5715.0,4076.0,1639.0
2214039,E17,DMSO,0.0,5,17,6044.0,4501.0,1543.0
2214039,E18,Glasdegib,0.01,5,18,5954.0,3845.0,2109.0
2214039,E19,Sunitinib,0.1,5,19,6299.0,4774.0,1525.0
2214039,E20,SGC-CBP30,5.0,5,20,6224.0,4010.0,2214.0
2214039,E21,AT9283,0.2,5,21,1421.0,1013.0,408.0
2214039,E22,5-Fluorouracil,10.0,5,22,4552.0,3470.0,1082.0
2214039,E23,Auranofin,0.01,5,23,6155.0,4492.0,1663.0
2214039,E24,Tamoxifen,0.009,5,24,5600.0,4249.0,1351.0
2214039,F01,DMSO,0.0,6,1,4896.0,3753.0,1143.0
2214039,F02,Auranofin,20.0,6,2,244.0,213.0,31.0
2214039,F03,C646,2.0,6,3,5822.0,3827.0,1995.0
2214039,F04,I-BRD9,1.0,6,4,5658.0,4010.0,1648.0
2214039,F05,Venetoclax,10.0,6,5,2103.0,1187.0,916.0
2214039,F06,Hydroxyurea,0.1,6,6,6204.0,4299.0,1905.0
2214039,F07,Melphalan,1.0,6,7,4827.0,3312.0,1515.0
2214039,F08,Glasdegib,0.1,6,8,5999.0,4187.0,1812.0
2214039,F09,Duvelisib,0.01,6,9,6285.0,4651.0,1634.0
2214039,F10,DMSO,0.0,6,10,6143.0,4347.0,1796.0
2214039,F11,Hydroxyurea,20.0,6,11,5989.0,4309.0,1680.0
2214039,F12,Entinostat,5.0,6,12,5886.0,4300.0,1586.0
2214039,F13,Entinostat,5.0,6,13,6204.0,4785.0,1419.0
2214039,F14,EX-527,0.5,6,14,6367.0,4520.0,1847.0
2214039,F15,EX-527,5.0,6,15,6114.0,4554.0,1560.0
2214039,F16,Etoposide,2.0,6,16,6213.0,4497.0,1716.0
2214039,F17,Tamoxifen,1.8,6,17,5918.0,4472.0,1446.0
2214039,F18,DMSO,0.0,6,18,5983.0,4431.0,1552.0
2214039,F19,Imatinib,0.01,6,19,6655.0,5003.0,1652.0
2214039,F20,Eflornithine,0.1,6,20,6381.0,4974.0,1407.0
2214039,F21,Bortezomib,0.1,6,21,185.0,167.0,18.0
2214039,F22,Gefitinib,0.1,6,22,5923.0,4440.0,1483.0
2214039,F23,Fenoprofen,0.01,6,23,5726.0,4137.0,1589.0
2214039,F24,5-Carboxy-8-hydroxyquinoline (IOX1),0.5,6,24,5887.0,4613.0,1274.0
2214039,G01,I-BRD9,0.01,7,1,5307.0,3633.0,1674.0
2214039,G02,Entinostat,50.0,7,2,5046.0,3601.0,1445.0
2214039,G03,5-Carboxy-8-hydroxyquinoline (IOX1),5.0,7,3,6606.0,4461.0,2145.0
2214039,G04,DMSO,0.0,7,4,5782.0,3854.0,1928.0
2214039,G05,Glasdegib,0.1,7,5,6068.0,4345.0,1723.0
2214039,G06,Gefitinib,0.01,7,6,6322.0,4670.0,1652.0
2214039,G07,PBIT,0.02,7,7,6655.0,4590.0,2065.0
2214039,G08,Everolimus,20.0,7,8,4258.0,3877.0,381.0
2214039,G09,Glasdegib,0.01,7,9,6965.0,5024.0,1941.0
2214039,G10,Temozolomide,20.0,7,10,6403.0,4663.0,1740.0
2214039,G11,Busulfan,0.1,7,11,6933.0,5098.0,1835.0
2214039,G12,Bortezomib,2.0,7,12,137.0,128.0,9.0
2214039,G13,SGC-CBP30,0.05,7,13,7123.0,5258.0,1865.0
2214039,G14,Panobinostat,0.5,7,14,1034.0,664.0,370.0
2214039,G15,PBIT,2.0,7,15,6543.0,5122.0,1421.0
2214039,G16,Metformin,20.0,7,16,6144.0,4378.0,1766.0
2214039,G17,Everolimus,0.1,7,17,5164.0,3782.0,1382.0
2214039,G18,MK-1775,20.0,7,18,5898.0,4388.0,1510.0
2214039,G19,DMSO,0.0,7,19,7079.0,5344.0,1735.0
2214039,G20,Bortezomib,0.01,7,20,541.0,414.0,127.0
2214039,G21,Irinotecan,0.01,7,21,6657.0,4703.0,1954.0
2214039,G22,GSK-J4,50.0,7,22,124.0,120.0,4.0
2214039,G23,Duvelisib,1.0,7,23,5983.0,4483.0,1500.0
2214039,G24,5-Carboxy-8-hydroxyquinoline (IOX1),50.0,7,24,6615.0,5179.0,1436.0
2214039,H01,Methotrexate,0.01,8,1,5338.0,3950.0,1388.0
2214039,H02,Everolimus,2.0,8,2,4254.0,3641.0,613.0
2214039,H03,DMSO,0.0,8,3,5330.0,3729.0,1601.0
2214039,H04,MK-1775,0.02,8,4,6238.0,4662.0,1576.0
2214039,H05,Sunitinib,0.01,8,5,6207.0,4537.0,1670.0
2214039,H06,Venetoclax,0.1,8,6,5547.0,3650.0,1897.0
2214039,H07,Disulfiram,20.0,8,7,200.0,158.0,42.0
2214039,H08,Trichostatin A,2.0,8,8,6258.0,4886.0,1372.0
2214039,H09,Disulfiram,20.0,8,9,119.0,86.0,33.0
2214039,H10,Disulfiram,0.01,8,10,6041.0,4261.0,1780.0
2214039,H11,Irinotecan,0.1,8,11,6140.0,4261.0,1879.0
2214039,H12,Etoposide,0.2,8,12,3651.0,2684.0,967.0
2214039,H13,Temozolomide,2.0,8,13,6604.0,5066.0,1538.0
2214039,H14,Methotrexate,2.0,8,14,3136.0,1687.0,1449.0
2214039,H15,Bortezomib,0.01,8,15,511.0,405.0,106.0
2214039,H16,Romidepsin,0.2,8,16,869.0,622.0,247.0
2214039,H17,EX-527,5.0,8,17,6729.0,5035.0,1694.0
2214039,H18,Metformin,0.1,8,18,6327.0,4573.0,1754.0
2214039,H19,I-BRD9,1.0,8,19,6438.0,4963.0,1475.0
2214039,H20,DMSO,0.0,8,20,6134.0,4787.0,1347.0
2214039,H21,Busulfan,2.0,8,21,6117.0,4414.0,1703.0
2214039,H22,Etoposide,20.0,8,22,5571.0,3909.0,1662.0
2214039,H23,I-CBP112,20.0,8,23,5758.0,4316.0,1442.0
2214039,H24,Duvelisib,0.01,8,24,5441.0,4264.0,1177.0
2214039,I01,PBIT,0.02,9,1,5304.0,4148.0,1156.0
2214039,I02,Everolimus,0.01,9,2,4242.0,2991.0,1251.0
2214039,I03,Etoposide,0.02,9,3,5671.0,3837.0,1834.0
2214039,I04,GSK-J4,5.0,9,4,511.0,375.0,136.0
2214039,I05,Busulfan,2.0,9,5,5893.0,4213.0,1680.0
2214039,I06,DMSO,0.0,9,6,5949.0,3887.0,2062.0
2214039,I07,I-CBP112,0.02,9,7,6071.0,4038.0,2033.0
2214039,I08,Eflornithine,2.0,9,8,6560.0,4870.0,1690.0
2214039,I09,Fenoprofen,2.0,9,9,6037.0,4265.0,1772.0
2214039,I10,Topotecan,1.0,9,10,1214.0,547.0,667.0
2214039,I11,5-Fluorouracil,0.01,9,11,6804.0,4837.0,1967.0
2214039,I12,GSK-J4,0.05,9,12,6268.0,4303.0,1965.0
2214039,I13,Trichostatin A,0.02,9,13,5723.0,4354.0,1369.0
2214039,I14,Romidepsin,2.0,9,14,852.0,663.0,189.0
2214039,I15,5-Carboxy-8-hydroxyquinoline (IOX1),0.05,9,15,5698.0,4692.0,1006.0
2214039,I16,Venetoclax,0.01,9,16,6006.0,4327.0,1679.0
2214039,I17,Venetoclax,1.0,9,17,4357.0,2856.0,1501.0
2214039,I18,Duvelisib,0.1,9,18,6061.0,4322.0,1739.0
2214039,I19,Fenoprofen,20.0,9,19,5816.0,4101.0,1715.0
2214039,I20,Topotecan,0.1,9,20,916.0,636.0,280.0
2214039,I21,DMSO,0.0,9,21,5681.0,4041.0,1640.0
2214039,I22,Trichostatin A,20.0,9,22,5284.0,3809.0,1475.0
2214039,I23,5-Fluorouracil,10.0,9,23,4415.0,3247.0,1168.0
2214039,I24,Sorafenib,20.0,9,24,6093.0,4401.0,1692.0
2214039,J01,Imatinib,0.1,10,1,4834.0,3590.0,1244.0
2214039,J02,Carboplatin,20.0,10,2,4147.0,2923.0,1224.0
2214039,J03,Methotrexate,20.0,10,3,2531.0,960.0,1571.0
2214039,J04,Everolimus,2.0,10,4,4311.0,3757.0,554.0
2214039,J05,DMSO,0.0,10,5,5844.0,4216.0,1628.0
2214039,J06,5-Fluorouracil,1.0,10,6,5969.0,3991.0,1978.0
2214039,J07,Vorinostat,0.01,10,7,5898.0,4200.0,1698.0
2214039,J08,Carboplatin,20.0,10,8,5319.0,4158.0,1161.0
2214039,J09,GSK-J4,50.0,10,9,87.0,86.0,1.0
2214039,J10,Mitoxantrone,0.01,10,10,4073.0,2861.0,1212.0
2214039,J11,Methotrexate,20.0,10,11,2803.0,1310.0,1493.0
2214039,J12,Romidepsin,0.2,10,12,745.0,500.0,245.0
2214039,J13,Vorinostat,0.1,10,13,6605.0,5123.0,1482.0
2214039,J14,Duvelisib,10.0,10,14,4747.0,3733.0,1014.0
2214039,J15,Meclofenamate (sodium),0.01,10,15,6063.0,4781.0,1282.0
2214039,J16,Disulfiram,0.1,10,16,2961.0,2016.0,945.0
2214039,J17,Melphalan,0.01,10,17,6285.0,4488.0,1797.0
2214039,J18,Staurosporine,0.02,10,18,6465.0,5260.0,1205.0
2214039,J19,Topotecan,0.01,10,19,3958.0,2478.0,1480.0
2214039,J20,Fenoprofen,20.0,10,20,6009.0,4437.0,1572.0
2214039,J21,Panobinostat,5.0,10,21,1157.0,858.0,299.0
2214039,J22,DMSO,0.0,10,22,6160.0,4215.0,1945.0
2214039,J23,Hydroxyurea,2.0,10,23,6063.0,4304.0,1759.0
2214039,J24,Trichostatin A,2.0,10,24,4747.0,3294.0,1453.0
2214039,K01,Sorafenib,0.01,11,1,5715.0,4408.0,1307.0
2214039,K02,Venetoclax,0.01,11,2,5471.0,3672.0,1799.0
2214039,K03,Everolimus,0.01,11,3,5003.0,3433.0,1570.0
2214039,K04,C646,0.02,11,4,6097.0,4412.0,1685.0
2214039,K06,PBIT,2.0,11,6,6121.0,4139.0,1982.0
2214039,K07,GSK-J4,0.05,11,7,5781.0,4132.0,1649.0
2214039,K08,DMSO,0.0,11,8,5823.0,4431.0,1392.0
2214039,K09,C646,2.0,11,9,6093.0,4248.0,1845.0
2214039,K10,Temozolomide,0.01,11,10,5660.0,4132.0,1528.0
2214039,K11,Eflornithine,0.01,11,11,6131.0,4466.0,1665.0
2214039,K12,Romidepsin,0.02,11,12,1463.0,908.0,555.0
2214039,K13,I-BRD9,10.0,11,13,5770.0,4156.0,1614.0
2214039,K14,SGC-CBP30,0.05,11,14,5795.0,4213.0,1582.0
2214039,K15,Entinostat,0.05,11,15,6165.0,4640.0,1525.0
2214039,K16,DMSO,0.0,11,16,5929.0,4162.0,1767.0
2214039,K17,Disulfiram,0.01,11,17,6566.0,4588.0,1978.0
2214039,K18,Irinotecan,2.0,11,18,1191.0,849.0,342.0
2214039,K20,Entinostat,0.05,11,20,6047.0,4682.0,1365.0
2214039,K21,EX-527,50.0,11,21,5896.0,4186.0,1710.0
2214039,K23,DMSO,0.0,11,23,5438.0,3701.0,1737.0
2214039,K24,Gefitinib,2.0,11,24,6072.0,4897.0,1175.0
2214039,L01,Sorafenib,2.0,12,1,5123.0,3813.0,1310.0
2214039,L02,Duvelisib,0.1,12,2,5056.0,3599.0,1457.0
2214039,L03,Tamoxifen,18.0,12,3,5157.0,3325.0,1832.0
2214039,L04,Metformin,2.0,12,4,5926.0,4323.0,1603.0
2214039,L05,Methotrexate,0.1,12,5,5931.0,4266.0,1665.0
2214039,L06,SGC-CBP30,5.0,12,6,6495.0,4179.0,2316.0
2214039,L07,DMSO,0.0,12,7,5787.0,4243.0,1544.0
2214039,L08,Romidepsin,2.0,12,8,757.0,592.0,165.0
2214039,L09,Vorinostat,2.0,12,9,2022.0,937.0,1085.0
2214039,L10,Busulfan,0.01,12,10,5895.0,4139.0,1756.0
2214039,L11,Duvelisib,1.0,12,11,6155.0,4652.0,1503.0
2214039,L12,AT9283,0.2,12,12,1513.0,1137.0,376.0
2214039,L13,Gefitinib,0.1,12,13,5923.0,4125.0,1798.0
2214039,L14,5-Fluorouracil,0.1,12,14,6157.0,4748.0,1409.0
2214039,L15,DMSO,0.0,12,15,6423.0,4745.0,1678.0
2214039,L16,Irinotecan,0.1,12,16,5805.0,4435.0,1370.0
2214039,L17,Bortezomib,20.0,12,17,92.0,84.0,8.0
2214039,L18,MK-1775,2.0,12,18,6135.0,4406.0,1729.0
2214039,L19,Topotecan,0.1,12,19,1059.0,718.0,341.0
2214039,L20,SGC-CBP30,0.5,12,20,6248.0,4521.0,1727.0
2214039,L21,Meclofenamate (sodium),2.0,12,21,6108.0,4322.0,1786.0
2214039,L22,PBIT,0.2,12,22,5674.0,4058.0,1616.0
2214039,L23,Imatinib,2.0,12,23,5490.0,4160.0,1330.0
2214039,L24,DMSO,0.0,12,24,6096.0,4764.0,1332.0
2214039,M01,Fenoprofen,0.01,13,1,4874.0,3672.0,1202.0
2214039,M02,Glasdegib,10.0,13,2,4420.0,3237.0,1183.0
2214039,M03,Tamoxifen,1.8,13,3,4973.0,3406.0,1567.0
2214039,M04,Busulfan,20.0,13,4,4600.0,3442.0,1158.0
2214039,M05,Staurosporine,0.2,13,5,2039.0,2001.0,38.0
2214039,M06,EX-527,0.05,13,6,5376.0,3962.0,1414.0
2214039,M07,Mitoxantrone,0.1,13,7,625.0,465.0,160.0
2214039,M08,AT9283,0.02,13,8,2658.0,1946.0,712.0
2214039,M09,I-CBP112,2.0,13,9,5734.0,4094.0,1640.0
2214039,M10,DMSO,0.0,13,10,5454.0,3970.0,1484.0
2214039,M11,Venetoclax,0.1,13,11,4927.0,3576.0,1351.0
2214039,M12,Staurosporine,0.2,13,12,2104.0,2046.0,58.0
2214039,M13,Vorinostat,20.0,13,13,925.0,546.0,379.0
2214039,M14,DMSO,0.0,13,14,5823.0,4282.0,1541.0
2214039,M15,PBIT,0.2,13,15,6059.0,4676.0,1383.0
2214039,M16,Carboplatin,0.1,13,16,6130.0,4608.0,1522.0
2214039,M17,Irinotecan,20.0,13,17,851.0,525.0,326.0
2214039,M18,Metformin,0.01,13,18,5761.0,4136.0,1625.0
2214039,M19,Melphalan,10.0,13,19,864.0,711.0,153.0
2214039,M20,SGC-CBP30,0.5,13,20,5878.0,4225.0,1653.0
2214039,M21,Imatinib,0.01,13,21,5901.0,4343.0,1558.0
2214039,M22,Trichostatin A,0.2,13,22,3494.0,2572.0,922.0
2214039,M23,Mitoxantrone,0.01,13,23,5803.0,4250.0,1553.0
2214039,M24,I-CBP112,2.0,13,24,5644.0,4281.0,1363.0
2214039,N01,Sorafenib,0.1,14,1,4416.0,3287.0,1129.0
2214039,N02,Methotrexate,2.0,14,2,2735.0,1253.0,1482.0
2214039,N03,I-CBP112,0.2,14,3,4764.0,3164.0,1600.0
2214039,N04,Topotecan,1.0,14,4,868.0,398.0,470.0
2214039,N05,Etoposide,0.2,14,5,3096.0,2086.0,1010.0
2214039,N06,Doxorubicin,0.1,14,6,685.0,530.0,155.0
2214039,N07,5-Fluorouracil,0.1,14,7,5580.0,3983.0,1597.0
2214039,N08,I-CBP112,0.2,14,8,6096.0,4295.0,1801.0
2214039,N09,DMSO,0.0,14,9,4884.0,3258.0,1626.0
2214039,N10,Busulfan,0.1,14,10,4582.0,3155.0,1427.0
2214039,N11,I-BRD9,10.0,14,11,4642.0,3382.0,1260.0
2214039,N12,Sorafenib,2.0,14,12,4794.0,3510.0,1284.0
2214039,N13,DMSO,0.0,14,13,4032.0,2912.0,1120.0
2214039,N14,Eflornithine,2.0,14,14,5263.0,3531.0,1732.0
2214039,N15,Tamoxifen,0.009,14,15,5521.0,4099.0,1422.0
2214039,N16,Irinotecan,20.0,14,16,876.0,563.0,313.0
2214039,N17,Carboplatin,2.0,14,17,5228.0,4003.0,1225.0
2214039,N18,Methotrexate,0.01,14,18,6084.0,4484.0,1600.0
2214039,N19,Meclofenamate (sodium),20.0,14,19,5273.0,3876.0,1397.0
2214039,N20,PBIT,20.0,14,20,5186.0,3768.0,1418.0
2214039,N21,Panobinostat,0.5,14,21,1008.0,577.0,431.0
2214039,N22,Topotecan,0.01,14,22,3841.0,2673.0,1168.0
2214039,N23,Carboplatin,0.1,14,23,5955.0,4660.0,1295.0
2214039,N24,Gefitinib,0.01,14,24,5375.0,3897.0,1478.0
2214039,O01,5-Fluorouracil,1.0,15,1,4646.0,3492.0,1154.0
2214039,O02,Temozolomide,0.1,15,2,4807.0,3674.0,1133.0
2214039,O03,Glasdegib,1.0,15,3,5498.0,4018.0,1480.0
2214039,O04,C646,0.2,15,4,5011.0,3611.0,1400.0
2214039,O05,Sunitinib,20.0,15,5,3090.0,2286.0,804.0
2214039,O06,Gefitinib,2.0,15,6,5052.0,3641.0,1411.0
2214039,O07,AT9283,20.0,15,7,5038.0,3782.0,1256.0
2214039,O08,Auranofin,2.0,15,8,324.0,228.0,96.0
2214039,O09,Glasdegib,10.0,15,9,3648.0,2530.0,1118.0
2214039,O10,EX-527,50.0,15,10,4892.0,3674.0,1218.0
2214039,O11,Sorafenib,0.01,15,11,4913.0,3324.0,1589.0
2214039,O12,DMSO,0.0,15,12,5301.0,3867.0,1434.0
2214039,O13,Vorinostat,0.01,15,13,4928.0,3941.0,987.0
2214039,O14,Irinotecan,2.0,15,14,888.0,669.0,219.0
2214039,O15,Doxorubicin,0.1,15,15,696.0,595.0,101.0
2214039,O16,AT9283,2.0,15,16,4722.0,3451.0,1271.0
2214039,O17,Carboplatin,0.01,15,17,5839.0,4282.0,1557.0
2214039,O18,Meclofenamate (sodium),0.01,15,18,5345.0,3858.0,1487.0
2214039,O21,Eflornithine,20.0,15,21,4885.0,3483.0,1402.0
2214039,O22,C646,20.0,15,22,5181.0,3672.0,1509.0
2214039,O23,Topotecan,10.0,15,23,365.0,289.0,76.0
2214039,O24,Staurosporine,20.0,15,24,145.0,124.0,21.0
2214039,P01,Disulfiram,0.1,16,1,4834.0,3865.0,969.0
2214039,P02,Meclofenamate (sodium),0.1,16,2,5134.0,4042.0,1092.0
2214039,P03,Glasdegib,1.0,16,3,5309.0,3900.0,1409.0
2214039,P04,PBIT,20.0,16,4,5393.0,4199.0,1194.0
2214039,P05,Sunitinib,2.0,16,5,5112.0,4027.0,1085.0
2214039,P06,GSK-J4,0.5,16,6,5025.0,3730.0,1295.0
2214039,P07,Sorafenib,20.0,16,7,4691.0,3437.0,1254.0
2214039,P08,Venetoclax,1.0,16,8,3604.0,2464.0,1140.0
2214039,P09,Mitoxantrone,0.1,16,9,4429.0,3420.0,1009.0
2214039,P10,Trichostatin A,0.2,16,10,2891.0,1935.0,956.0
2214039,P11,DMSO,0.0,16,11,4409.0,3223.0,1186.0
2214039,P12,Etoposide,20.0,16,12,5263.0,4054.0,1209.0
2214039,P13,Imatinib,20.0,16,13,4275.0,3590.0,685.0
2214039,P14,Panobinostat,50.0,16,14,1052.0,866.0,186.0
2214039,P15,Entinostat,0.5,16,15,5250.0,3225.0,2025.0
2214039,P16,Carboplatin,0.01,16,16,4987.0,3650.0,1337.0
2214039,P17,Meclofenamate (sodium),2.0,16,17,5803.0,4463.0,1340.0
2214039,P18,5-Fluorouracil,0.01,16,18,5331.0,4008.0,1323.0
2214039,P19,Bortezomib,20.0,16,19,152.0,142.0,10.0
2214039,P20,Temozolomide,2.0,16,20,5181.0,3979.0,1202.0
2214039,P21,Panobinostat,5.0,16,21,1070.0,844.0,226.0
2214039,P22,Temozolomide,20.0,16,22,5384.0,3993.0,1391.0
2214039,P23,Eflornithine,0.1,16,23,4945.0,3826.0,1119.0
2214039,P24,Auranofin,0.01,16,24,5583.0,4442.0,1141.0
2214040,A01,cobimetinib,1.0,1,1,4353.0,4121.0,232.0
2214040,A03,Tofacitinib,1.0,1,3,5668.0,4356.0,1312.0
2214040,A04,Dabrafenib,1.0,1,4,4917.0,3797.0,1120.0
2214040,A05,AZD6738,10.0,1,5,1272.0,971.0,301.0
2214040,A06,OSI-906 (Linsitinib),10.0,1,6,1617.0,1473.0,144.0
2214040,A08,Bardoxolone methyl,0.1,1,8,2848.0,2073.0,775.0
2214040,A09,GSK-2256098,1.0,1,9,6372.0,4843.0,1529.0
2214040,A10,Ribociclib,0.1,1,10,5810.0,4857.0,953.0
2214040,A11,AZD6738,0.01,1,11,5386.0,4290.0,1096.0
2214040,A12,Fasudil,0.1,1,12,5530.0,4496.0,1034.0
2214040,A13,DMSO,0.0,1,13,5240.0,4139.0,1101.0
2214040,A14,MK-2206 dihydrochloride,1.0,1,14,4650.0,3904.0,746.0
2214040,A15,Vinorelbine bitatrate,0.1,1,15,4563.0,3435.0,1128.0
2214040,A16,3-Methyladenine,0.01,1,16,5280.0,4404.0,876.0
2214040,A17,THZ1,0.1,1,17,3632.0,3291.0,341.0
2214040,A18,cobimetinib,0.01,1,18,5250.0,4236.0,1014.0
2214040,A19,Rapamycin (Sirolimus),10.0,1,19,4360.0,4089.0,271.0
2214040,A20,Genistein,0.1,1,20,6251.0,5342.0,909.0
2214040,A21,Palbociclib,1.0,1,21,5185.0,4186.0,999.0
2214040,A22,NVP-AEW541 (hydrochloride),10.0,1,22,1421.0,1373.0,48.0
2214040,A23,Rapamycin (Sirolimus),0.01,1,23,5061.0,4131.0,930.0
2214040,A24,3-Methyladenine,10.0,1,24,5657.0,4910.0,747.0
2214040,B01,THZ1,0.1,2,1,3152.0,2850.0,302.0
2214040,B02,Afuresertib,1.0,2,2,4824.0,3818.0,1006.0
2214040,B03,MK-8776 (SCH 900776),0.1,2,3,4628.0,3639.0,989.0
2214040,B04,Selumetinib,0.01,2,4,4950.0,4020.0,930.0
2214040,B05,Lenvatinib,10.0,2,5,2804.0,2507.0,297.0
2214040,B06,"BKM120 (NVP-BKM120, Buparlisib)",0.01,2,6,5488.0,4224.0,1264.0
2214040,B07,MK-8776 (SCH 900776),1.0,2,7,4560.0,3699.0,861.0
2214040,B08,,0.0,2,8,5101.0,4376.0,725.0
2214040,B09,MK-8776 (SCH 900776),10.0,2,9,4199.0,3399.0,800.0
2214040,B10,Ribociclib,10.0,2,10,3249.0,2389.0,860.0
2214040,B11,OSI-906 (Linsitinib),0.1,2,11,4781.0,3813.0,968.0
2214040,B12,Fasudil,10.0,2,12,5292.0,4664.0,628.0
2214040,B13,BGJ398 (NVP-BGJ398),0.01,2,13,4663.0,3790.0,873.0
2214040,B14,DMSO,0.0,2,14,4945.0,3988.0,957.0
2214040,B15,Decitabine,0.1,2,15,4454.0,3675.0,779.0
2214040,B16,FRAX597,10.0,2,16,2924.0,2586.0,338.0
2214040,B17,Selumetinib,10.0,2,17,4246.0,3954.0,292.0
2214040,B18,cobimetinib,10.0,2,18,2920.0,2837.0,83.0
2214040,B19,OSI-906 (Linsitinib),1.0,2,19,3032.0,2772.0,260.0
2214040,B20,Etomoxir,0.1,2,20,5383.0,4363.0,1020.0
2214040,B21,(S)-H-1152 (hydrochloride),10.0,2,21,1432.0,1295.0,137.0
2214040,B22,Tofacitinib,0.1,2,22,4798.0,4085.0,713.0
2214040,B23,cobimetinib,0.01,2,23,6088.0,5064.0,1024.0
2214040,B24,Entrectinib,0.01,2,24,5702.0,4895.0,807.0
2214040,C01,BGJ398 (NVP-BGJ398),10.0,3,1,5431.0,4724.0,707.0
2214040,C02,Vinorelbine bitatrate,0.01,3,2,5503.0,4282.0,1221.0
2214040,C03,OSI-906 (Linsitinib),0.01,3,3,5445.0,4050.0,1395.0
2214040,C04,Alectinib,0.1,3,4,6067.0,4899.0,1168.0
2214040,C05,"BKM120 (NVP-BKM120, Buparlisib)",10.0,3,5,1938.0,1706.0,232.0
2214040,C06,Arsenic trioxide,0.1,3,6,6163.0,4937.0,1226.0
2214040,C07,Dabrafenib,0.1,3,7,6047.0,4609.0,1438.0
2214040,C08,Y-27632 dihydrochloride,10.0,3,8,6254.0,5143.0,1111.0
2214040,C09,Genistein,10.0,3,9,4330.0,3553.0,777.0
2214040,C10,"Defactinib (VS-6063, PF-04554878)",0.1,3,10,5962.0,4580.0,1382.0
2214040,C11,DMSO,0.0,3,11,5352.0,4426.0,926.0
2214040,C12,3-Methyladenine,0.1,3,12,5109.0,3962.0,1147.0
2214040,C13,Lenvatinib,10.0,3,13,3390.0,2917.0,473.0
2214040,C14,Rotenone,10.0,3,14,1655.0,1362.0,293.0
2214040,C15,DMSO,0.0,3,15,6222.0,5206.0,1016.0
2214040,C16,Rapamycin (Sirolimus),1.0,3,16,4791.0,4418.0,373.0
2214040,C17,Palbociclib,1.0,3,17,4730.0,3727.0,1003.0
2214040,C18,Dinaciclib (SCH727965),0.01,3,18,6050.0,5227.0,823.0
2214040,C19,CGP 57380,0.1,3,19,6365.0,5326.0,1039.0
2214040,C20,GSK-2256098,10.0,3,20,4179.0,3438.0,741.0
2214040,C21,"Defactinib (VS-6063, PF-04554878)",1.0,3,21,6558.0,5404.0,1154.0
2214040,C22,(S)-H-1152 (hydrochloride),0.01,3,22,6187.0,5159.0,1028.0
2214040,C23,,0.0,3,23,6137.0,4968.0,1169.0
2214040,C24,(S)-H-1152 (hydrochloride),0.01,3,24,6180.0,5295.0,885.0
2214040,D01,"BKM120 (NVP-BKM120, Buparlisib)",1.0,4,1,5135.0,4289.0,846.0
2214040,D02,3-Methyladenine,1.0,4,2,6037.0,4652.0,1385.0
2214040,D03,Dasatinib,0.1,4,3,2741.0,2237.0,504.0
2214040,D04,Rapamycin (Sirolimus),0.1,4,4,4447.0,3875.0,572.0
2214040,D05,Etomoxir,1.0,4,5,5957.0,4669.0,1288.0
2214040,D06,GSK-2636771,0.01,4,6,5995.0,4761.0,1234.0
2214040,D07,Etomoxir,10.0,4,7,5558.0,4407.0,1151.0
2214040,D08,"Defactinib (VS-6063, PF-04554878)",10.0,4,8,4443.0,3612.0,831.0
2214040,D10,Etomoxir,0.1,4,10,5867.0,5028.0,839.0
2214040,D11,Tazemetostat,0.01,4,11,6247.0,4915.0,1332.0
2214040,D12,DMSO,0.0,4,12,5117.0,4281.0,836.0
2214040,D13,Y-27632 dihydrochloride,1.0,4,13,4903.0,3964.0,939.0
2214040,D14,NVP-AEW541 (hydrochloride),0.01,4,14,6124.0,5242.0,882.0
2214040,D15,Dabrafenib,10.0,4,15,7108.0,5119.0,1989.0
2214040,D16,DMSO,0.0,4,16,6195.0,5031.0,1164.0
2214040,D17,Vinorelbine bitatrate,10.0,4,17,1525.0,1245.0,280.0
2214040,D18,CGP 57380,0.1,4,18,6576.0,5392.0,1184.0
2214040,D19,Entrectinib,10.0,4,19,1401.0,1331.0,70.0
2214040,D20,FRAX597,10.0,4,20,3308.0,3022.0,286.0
2214040,D21,cobimetinib,0.1,4,21,6039.0,4914.0,1125.0
2214040,D22,MK-2206 dihydrochloride,0.1,4,22,5430.0,4546.0,884.0
2214040,D23,"Defactinib (VS-6063, PF-04554878)",0.1,4,23,6966.0,5545.0,1421.0
2214040,D24,Alectinib,0.01,4,24,6352.0,5435.0,917.0
2214040,E01,Y-27632 dihydrochloride,1.0,5,1,6164.0,4949.0,1215.0
2214040,E02,DMSO,0.0,5,2,5264.0,3977.0,1287.0
2214040,E03,Dinaciclib (SCH727965),0.01,5,3,6306.0,5261.0,1045.0
2214040,E04,Decitabine,1.0,5,4,3729.0,3031.0,698.0
2214040,E05,LY2835219,0.1,5,5,5470.0,4310.0,1160.0
2214040,E06,GSK-2256098,0.01,5,6,6215.0,4912.0,1303.0
2214040,E07,MK-8776 (SCH 900776),0.01,5,7,6049.0,4781.0,1268.0
2214040,E08,Genistein,0.1,5,8,6717.0,5230.0,1487.0
2214040,E09,DMSO,0.0,5,9,6164.0,4899.0,1265.0
2214040,E10,Y-27632 dihydrochloride,10.0,5,10,6540.0,5127.0,1413.0
2214040,E11,Tofacitinib,10.0,5,11,6936.0,5623.0,1313.0
2214040,E12,Bardoxolone methyl,0.01,5,12,5557.0,4438.0,1119.0
2214040,E13,GSK-2256098,1.0,5,13,7084.0,5458.0,1626.0
2214040,E14,GSK-2636771,1.0,5,14,6280.0,5018.0,1262.0
2214040,E15,MK-8776 (SCH 900776),0.1,5,15,6298.0,5137.0,1161.0
2214040,E16,Etomoxir,0.01,5,16,5583.0,4646.0,937.0
2214040,E17,DMSO,0.0,5,17,6042.0,5072.0,970.0
2214040,E18,Indomethacin,0.01,5,18,6529.0,5097.0,1432.0
2214040,E19,OSI-906 (Linsitinib),0.1,5,19,5658.0,4661.0,997.0
2214040,E20,FRAX597,1.0,5,20,4532.0,3790.0,742.0
2214040,E21,"BKM120 (NVP-BKM120, Buparlisib)",0.1,5,21,6239.0,4952.0,1287.0
2214040,E22,ISRIB,10.0,5,22,5769.0,4719.0,1050.0
2214040,E23,"Defactinib (VS-6063, PF-04554878)",0.01,5,23,6049.0,4634.0,1415.0
2214040,E24,Genistein,0.01,5,24,5727.0,4766.0,961.0
2214040,F01,DMSO,0.0,6,1,5320.0,4094.0,1226.0
2214040,F02,"Defactinib (VS-6063, PF-04554878)",10.0,6,2,3570.0,2741.0,829.0
2214040,F03,Vinorelbine bitatrate,1.0,6,3,1466.0,1197.0,269.0
2214040,F04,CGP 57380,1.0,6,4,6538.0,5255.0,1283.0
2214040,F05,,0.0,6,5,5775.0,4486.0,1289.0
2214040,F06,cobimetinib,0.1,6,6,6092.0,4546.0,1546.0
2214040,F07,Etomoxir,1.0,6,7,6032.0,4740.0,1292.0
2214040,F08,Indomethacin,0.1,6,8,6414.0,5095.0,1319.0
2214040,F09,Rotenone,0.01,6,9,5824.0,4654.0,1170.0
2214040,F10,DMSO,0.0,6,10,6380.0,5092.0,1288.0
2214040,F11,cobimetinib,10.0,6,11,3193.0,3097.0,96.0
2214040,F12,Dasatinib,1.0,6,12,1527.0,1465.0,62.0
2214040,F13,Dasatinib,1.0,6,13,1494.0,1394.0,100.0
2214040,F14,Alectinib,0.1,6,14,6198.0,5034.0,1164.0
2214040,F15,Alectinib,1.0,6,15,3954.0,3575.0,379.0
2214040,F16,GSK-2636771,1.0,6,16,6155.0,5068.0,1087.0
2214040,F17,Genistein,1.0,6,17,6094.0,5015.0,1079.0
2214040,F18,DMSO,0.0,6,18,6162.0,5007.0,1155.0
2214040,F19,Dabrafenib,0.01,6,19,6247.0,5096.0,1151.0
2214040,F20,Selumetinib,0.1,6,20,5922.0,4790.0,1132.0
2214040,F21,Decitabine,0.1,6,21,4880.0,3912.0,968.0
2214040,F22,Lenvatinib,0.1,6,22,6179.0,5055.0,1124.0
2214040,F23,THZ1,0.01,6,23,6259.0,5251.0,1008.0
2214040,F24,3-Methyladenine,0.1,6,24,6157.0,5000.0,1157.0
2214040,G01,CGP 57380,0.01,7,1,6062.0,4665.0,1397.0
2214040,G03,3-Methyladenine,1.0,7,3,6520.0,4869.0,1651.0
2214040,G04,DMSO,0.0,7,4,6066.0,4682.0,1384.0
2214040,G05,Indomethacin,0.1,7,5,6099.0,4391.0,1708.0
2214040,G06,Lenvatinib,0.01,7,6,6689.0,5368.0,1321.0
2214040,G07,AZD4547,0.01,7,7,6492.0,5116.0,1376.0
2214040,G08,Ribociclib,10.0,7,8,3383.0,2577.0,806.0
2214040,G09,Indomethacin,0.01,7,9,6959.0,5572.0,1387.0
2214040,G10,Bardoxolone methyl,10.0,7,10,123.0,115.0,8.0
2214040,G11,Entrectinib,0.1,7,11,5838.0,5055.0,783.0
2214040,G12,Decitabine,1.0,7,12,4023.0,3301.0,722.0
2214040,G13,FRAX597,0.01,7,13,6831.0,5545.0,1286.0
2214040,G14,(S)-H-1152 (hydrochloride),0.1,7,14,6515.0,5343.0,1172.0
2214040,G15,AZD4547,1.0,7,15,5762.0,5110.0,652.0
2214040,G16,Rapamycin (Sirolimus),10.0,7,16,4386.0,4044.0,342.0
2214040,G17,Ribociclib,0.1,7,17,6229.0,5130.0,1099.0
2214040,G18,MK-8776 (SCH 900776),10.0,7,18,4699.0,3871.0,828.0
2214040,G19,DMSO,0.0,7,19,6242.0,5224.0,1018.0
2214040,G20,Decitabine,0.01,7,20,5466.0,4339.0,1127.0
2214040,G21,Tazemetostat,0.01,7,21,6474.0,5432.0,1042.0
2214040,G22,MK-2206 dihydrochloride,10.0,7,22,3121.0,2756.0,365.0
2214040,G23,Rotenone,1.0,7,23,2279.0,1816.0,463.0
2214040,G24,3-Methyladenine,10.0,7,24,6312.0,5180.0,1132.0
2214040,H01,LY2835219,0.01,8,1,5254.0,4196.0,1058.0
2214040,H02,Ribociclib,1.0,8,2,4893.0,3705.0,1188.0
2214040,H03,DMSO,0.0,8,3,6242.0,4950.0,1292.0
2214040,H04,MK-8776 (SCH 900776),0.01,8,4,6587.0,5405.0,1182.0
2214040,H05,OSI-906 (Linsitinib),0.01,8,5,5888.0,4517.0,1371.0
2214040,H06,,0.0,8,6,6660.0,5368.0,1292.0
2214040,H07,Palbociclib,10.0,8,7,2486.0,1487.0,999.0
2214040,H08,AZD6738,1.0,8,8,5530.0,4545.0,985.0
2214040,H09,Palbociclib,10.0,8,9,2499.0,1617.0,882.0
2214040,H10,Palbociclib,0.01,8,10,6299.0,5080.0,1219.0
2214040,H11,Tazemetostat,0.1,8,11,6680.0,5395.0,1285.0
2214040,H12,GSK-2636771,0.1,8,12,6347.0,5407.0,940.0
2214040,H13,Bardoxolone methyl,1.0,8,13,2177.0,1524.0,653.0
2214040,H14,LY2835219,1.0,8,14,3548.0,2833.0,715.0
2214040,H15,Decitabine,0.01,8,15,5925.0,4841.0,1084.0
2214040,H16,BGJ398 (NVP-BGJ398),0.1,8,16,6252.0,5310.0,942.0
2214040,H17,Alectinib,1.0,8,17,4081.0,3636.0,445.0
2214040,H18,Rapamycin (Sirolimus),0.1,8,18,5020.0,4449.0,571.0
2214040,H19,CGP 57380,1.0,8,19,6036.0,4928.0,1108.0
2214040,H20,DMSO,0.0,8,20,6196.0,5131.0,1065.0
2214040,H21,Entrectinib,1.0,8,21,2346.0,2137.0,209.0
2214040,H22,GSK-2636771,10.0,8,22,6001.0,4799.0,1202.0
2214040,H24,Rotenone,0.01,8,24,5541.0,4499.0,1042.0
2214040,I01,AZD4547,0.01,9,1,5371.0,4376.0,995.0
2214040,I02,Ribociclib,0.01,9,2,5217.0,3916.0,1301.0
2214040,I03,GSK-2636771,0.01,9,3,5580.0,4091.0,1489.0
2214040,I04,MK-2206 dihydrochloride,1.0,9,4,5515.0,4364.0,1151.0
2214040,I05,Entrectinib,1.0,9,5,1884.0,1692.0,192.0
2214040,I06,DMSO,0.0,9,6,6189.0,4939.0,1250.0
2214040,I07,NVP-AEW541 (hydrochloride),0.01,9,7,6181.0,4748.0,1433.0
2214040,I08,Selumetinib,1.0,9,8,6490.0,4972.0,1518.0
2214040,I09,THZ1,1.0,9,9,791.0,735.0,56.0
2214040,I10,,0.0,9,10,5953.0,4826.0,1127.0
2214040,I11,ISRIB,0.01,9,11,5803.0,4717.0,1086.0
2214040,I12,MK-2206 dihydrochloride,0.01,9,12,6443.0,5188.0,1255.0
2214040,I13,AZD6738,0.01,9,13,6227.0,4950.0,1277.0
2214040,I14,BGJ398 (NVP-BGJ398),1.0,9,14,6065.0,5209.0,856.0
2214040,I15,3-Methyladenine,0.01,9,15,6028.0,5036.0,992.0
2214040,I16,,0.0,9,16,5248.0,4196.0,1052.0
2214040,I17,,0.0,9,17,5956.0,4841.0,1115.0
2214040,I18,Rotenone,0.1,9,18,4540.0,3809.0,731.0
2214040,I19,THZ1,10.0,9,19,504.0,469.0,35.0
2214040,I20,,0.0,9,20,5166.0,4087.0,1079.0
2214040,I21,DMSO,0.0,9,21,6288.0,4871.0,1417.0
2214040,I22,AZD6738,10.0,9,22,1356.0,977.0,379.0
2214040,I23,ISRIB,10.0,9,23,5392.0,4111.0,1281.0
2214040,I24,Arsenic trioxide,10.0,9,24,5674.0,4383.0,1291.0
2214040,J01,Dabrafenib,0.1,10,1,4535.0,3613.0,922.0
2214040,J02,Afuresertib,10.0,10,2,2616.0,2266.0,350.0
2214040,J04,Ribociclib,1.0,10,4,5038.0,3826.0,1212.0
2214040,J05,DMSO,0.0,10,5,6017.0,4630.0,1387.0
2214040,J06,ISRIB,1.0,10,6,5702.0,4356.0,1346.0
2214040,J07,Tofacitinib,0.01,10,7,6285.0,5016.0,1269.0
2214040,J08,Afuresertib,10.0,10,8,3011.0,2721.0,290.0
2214040,J09,MK-2206 dihydrochloride,10.0,10,9,2822.0,2516.0,306.0
2214040,J10,Y-27632 dihydrochloride,0.01,10,10,5803.0,4517.0,1286.0
2214040,J11,LY2835219,10.0,10,11,1875.0,1595.0,280.0
2214040,J12,BGJ398 (NVP-BGJ398),0.1,10,12,6022.0,4945.0,1077.0
2214040,J13,Tofacitinib,0.1,10,13,6133.0,4891.0,1242.0
2214040,J14,Rotenone,10.0,10,14,1827.0,1482.0,345.0
2214040,J15,Fasudil,0.01,10,15,5615.0,4639.0,976.0
2214040,J16,Palbociclib,0.1,10,16,5727.0,4662.0,1065.0
2214040,J17,Etomoxir,0.01,10,17,6518.0,5242.0,1276.0
2214040,J18,GSK-2256098,0.01,10,18,6367.0,5042.0,1325.0
2214040,J19,,0.0,10,19,6440.0,5336.0,1104.0
2214040,J20,THZ1,10.0,10,20,618.0,570.0,48.0
2214040,J21,(S)-H-1152 (hydrochloride),1.0,10,21,5747.0,4620.0,1127.0
2214040,J22,DMSO,0.0,10,22,5875.0,4640.0,1235.0
2214040,J23,cobimetinib,1.0,10,23,3978.0,3693.0,285.0
2214040,J24,AZD6738,1.0,10,24,4657.0,3784.0,873.0
2214040,K01,Arsenic trioxide,0.01,11,1,5794.0,4716.0,1078.0
2214040,K02,,0.0,11,2,5814.0,4519.0,1295.0
2214040,K03,Ribociclib,0.01,11,3,5716.0,4108.0,1608.0
2214040,K04,Vinorelbine bitatrate,0.01,11,4,6241.0,4886.0,1355.0
2214040,K05,Dinaciclib (SCH727965),10.0,11,5,1271.0,1031.0,240.0
2214040,K06,AZD4547,1.0,11,6,5538.0,4538.0,1000.0
2214040,K07,MK-2206 dihydrochloride,0.01,11,7,5899.0,4844.0,1055.0
2214040,K08,DMSO,0.0,11,8,5903.0,4699.0,1204.0
2214040,K09,Vinorelbine bitatrate,1.0,11,9,1396.0,1182.0,214.0
2214040,K10,Bardoxolone methyl,0.01,11,10,5187.0,4018.0,1169.0
2214040,K11,Selumetinib,0.01,11,11,5610.0,4838.0,772.0
2214040,K12,BGJ398 (NVP-BGJ398),0.01,11,12,5945.0,4857.0,1088.0
2214040,K13,CGP 57380,10.0,11,13,5123.0,4238.0,885.0
2214040,K14,FRAX597,0.01,11,14,5749.0,4749.0,1000.0
2214040,K15,Dasatinib,0.01,11,15,3965.0,3430.0,535.0
2214040,K16,DMSO,0.0,11,16,5790.0,4710.0,1080.0
2214040,K17,Palbociclib,0.01,11,17,5565.0,4780.0,785.0
2214040,K18,Tazemetostat,1.0,11,18,6409.0,5269.0,1140.0
2214040,K19,Dinaciclib (SCH727965),1.0,11,19,1408.0,1232.0,176.0
2214040,K20,Dasatinib,0.01,11,20,4724.0,3991.0,733.0
2214040,K21,Alectinib,10.0,11,21,2512.0,2238.0,274.0
2214040,K22,BGJ398 (NVP-BGJ398),10.0,11,22,6041.0,5186.0,855.0
2214040,K23,DMSO,0.0,11,23,6276.0,4814.0,1462.0
2214040,K24,Lenvatinib,1.0,11,24,5211.0,4526.0,685.0
2214040,L01,Arsenic trioxide,1.0,12,1,5419.0,4167.0,1252.0
2214040,L02,Rotenone,0.1,12,2,3750.0,2746.0,1004.0
2214040,L03,Genistein,10.0,12,3,4652.0,3594.0,1058.0
2214040,L04,Rapamycin (Sirolimus),1.0,12,4,4711.0,4386.0,325.0
2214040,L05,LY2835219,0.1,12,5,5506.0,4189.0,1317.0
2214040,L06,FRAX597,1.0,12,6,4554.0,3870.0,684.0
2214040,L07,DMSO,0.0,12,7,5883.0,4587.0,1296.0
2214040,L08,BGJ398 (NVP-BGJ398),1.0,12,8,5677.0,4552.0,1125.0
2214040,L09,Tofacitinib,1.0,12,9,6550.0,5332.0,1218.0
2214040,L10,Entrectinib,0.01,12,10,5540.0,4564.0,976.0
2214040,L11,Rotenone,1.0,12,11,2171.0,1811.0,360.0
2214040,L12,"BKM120 (NVP-BKM120, Buparlisib)",0.1,12,12,5999.0,4872.0,1127.0
2214040,L13,Lenvatinib,0.1,12,13,6193.0,5031.0,1162.0
2214040,L14,ISRIB,0.1,12,14,5991.0,4948.0,1043.0
2214040,L15,DMSO,0.0,12,15,6470.0,5435.0,1035.0
2214040,L16,Tazemetostat,0.1,12,16,6439.0,5412.0,1027.0
2214040,L17,Decitabine,10.0,12,17,3893.0,3365.0,528.0
2214040,L18,MK-8776 (SCH 900776),1.0,12,18,6093.0,5129.0,964.0
2214040,L19,,0.0,12,19,6018.0,4766.0,1252.0
2214040,L20,FRAX597,0.1,12,20,6625.0,5538.0,1087.0
2214040,L21,Fasudil,1.0,12,21,6570.0,5400.0,1170.0
2214040,L22,AZD4547,0.1,12,22,6043.0,4861.0,1182.0
2214040,L23,Dabrafenib,1.0,12,23,5370.0,4288.0,1082.0
2214040,L24,DMSO,0.0,12,24,6319.0,5218.0,1101.0
2214040,M01,THZ1,0.01,13,1,5354.0,4231.0,1123.0
2214040,M02,Indomethacin,10.0,13,2,5099.0,3789.0,1310.0
2214040,M03,Genistein,1.0,13,3,4716.0,3572.0,1144.0
2214040,M05,GSK-2256098,0.1,13,5,6240.0,4703.0,1537.0
2214040,M06,Alectinib,0.01,13,6,5829.0,4453.0,1376.0
2214040,M07,Y-27632 dihydrochloride,0.1,13,7,5865.0,4580.0,1285.0
2214040,M08,"BKM120 (NVP-BKM120, Buparlisib)",0.01,13,8,4922.0,3741.0,1181.0
2214040,M09,NVP-AEW541 (hydrochloride),1.0,13,9,1838.0,1758.0,80.0
2214040,M10,DMSO,0.0,13,10,5319.0,4090.0,1229.0
2214040,M11,,0.0,13,11,5587.0,4413.0,1174.0
2214040,M12,GSK-2256098,0.1,13,12,5772.0,4374.0,1398.0
2214040,M13,Tofacitinib,10.0,13,13,5378.0,4275.0,1103.0
2214040,M14,DMSO,0.0,13,14,5185.0,3817.0,1368.0
2214040,M15,AZD4547,0.1,13,15,5718.0,4752.0,966.0
2214040,M16,Afuresertib,0.1,13,16,5728.0,4671.0,1057.0
2214040,M17,Tazemetostat,10.0,13,17,6013.0,5113.0,900.0
2214040,M18,Rapamycin (Sirolimus),0.01,13,18,4756.0,3718.0,1038.0
2214040,M19,Etomoxir,10.0,13,19,4832.0,3874.0,958.0
2214040,M20,FRAX597,0.1,13,20,6093.0,5105.0,988.0
2214040,M21,Dabrafenib,0.01,13,21,4542.0,3397.0,1145.0
2214040,M22,AZD6738,0.1,13,22,4886.0,3883.0,1003.0
2214040,M23,Y-27632 dihydrochloride,0.01,13,23,5250.0,4071.0,1179.0
2214040,M24,NVP-AEW541 (hydrochloride),1.0,13,24,2223.0,2068.0,155.0
2214040,N01,Arsenic trioxide,0.1,14,1,4958.0,3919.0,1039.0
2214040,N02,LY2835219,1.0,14,2,2857.0,2008.0,849.0
2214040,N03,NVP-AEW541 (hydrochloride),0.1,14,3,4139.0,3295.0,844.0
2214040,N04,,0.0,14,4,5482.0,4344.0,1138.0
2214040,N05,GSK-2636771,0.1,14,5,5839.0,4595.0,1244.0
2214040,N07,ISRIB,0.1,14,7,5356.0,4155.0,1201.0
2214040,N08,NVP-AEW541 (hydrochloride),0.1,14,8,4747.0,3971.0,776.0
2214040,N09,DMSO,0.0,14,9,5192.0,4092.0,1100.0
2214040,N10,Entrectinib,0.1,14,10,4660.0,3878.0,782.0
2214040,N11,CGP 57380,10.0,14,11,3723.0,3033.0,690.0
2214040,N12,Arsenic trioxide,1.0,14,12,5148.0,3981.0,1167.0
2214040,N13,DMSO,0.0,14,13,5485.0,4407.0,1078.0
2214040,N14,Selumetinib,1.0,14,14,4984.0,3612.0,1372.0
2214040,N15,Genistein,0.01,14,15,5843.0,4707.0,1136.0
2214040,N16,Tazemetostat,10.0,14,16,5663.0,4732.0,931.0
2214040,N17,Afuresertib,1.0,14,17,5358.0,4469.0,889.0
2214040,N18,LY2835219,0.01,14,18,5420.0,4462.0,958.0
2214040,N19,Fasudil,10.0,14,19,6281.0,5231.0,1050.0
2214040,N20,AZD4547,10.0,14,20,1624.0,1481.0,143.0
2214040,N21,(S)-H-1152 (hydrochloride),0.1,14,21,5051.0,3802.0,1249.0
2214040,N22,,0.0,14,22,4043.0,2979.0,1064.0
2214040,N23,Afuresertib,0.1,14,23,5783.0,4644.0,1139.0
2214040,N24,Lenvatinib,0.01,14,24,5352.0,4367.0,985.0
2214040,O01,ISRIB,1.0,15,1,4885.0,3951.0,934.0
2214040,O02,Bardoxolone methyl,0.1,15,2,3130.0,2179.0,951.0
2214040,O03,Indomethacin,1.0,15,3,5680.0,4496.0,1184.0
2214040,O04,Vinorelbine bitatrate,0.1,15,4,3918.0,2888.0,1030.0
2214040,O06,Lenvatinib,1.0,15,6,4544.0,3794.0,750.0
2214040,O07,"BKM120 (NVP-BKM120, Buparlisib)",10.0,15,7,1857.0,1623.0,234.0
2214040,O08,"Defactinib (VS-6063, PF-04554878)",1.0,15,8,4444.0,3568.0,876.0
2214040,O09,Indomethacin,10.0,15,9,4604.0,3472.0,1132.0
2214040,O10,Alectinib,10.0,15,10,3265.0,2784.0,481.0
2214040,O11,Arsenic trioxide,0.01,15,11,5017.0,3777.0,1240.0
2214040,O12,DMSO,0.0,15,12,5294.0,4135.0,1159.0
2214040,O13,Tofacitinib,0.01,15,13,4862.0,4123.0,739.0
2214040,O14,Tazemetostat,1.0,15,14,5145.0,4113.0,1032.0
2214040,O15,Dinaciclib (SCH727965),0.1,15,15,516.0,464.0,52.0
2214040,O16,"BKM120 (NVP-BKM120, Buparlisib)",1.0,15,16,3935.0,3256.0,679.0
2214040,O17,Afuresertib,0.01,15,17,5536.0,4617.0,919.0
2214040,O18,Fasudil,0.01,15,18,4721.0,3774.0,947.0
2214040,O19,Dinaciclib (SCH727965),1.0,15,19,1123.0,995.0,128.0
2214040,O20,Dinaciclib (SCH727965),10.0,15,20,1184.0,1051.0,133.0
2214040,O21,Selumetinib,10.0,15,21,4682.0,3965.0,717.0
2214040,O22,Vinorelbine bitatrate,10.0,15,22,1532.0,1251.0,281.0
2214040,O23,,0.0,15,23,5870.0,4703.0,1167.0
2214040,O24,GSK-2256098,10.0,15,24,3666.0,3092.0,574.0
2214040,P01,Palbociclib,0.1,16,1,4720.0,3949.0,771.0
2214040,P02,Fasudil,0.1,16,2,5257.0,4399.0,858.0
2214040,P03,Indomethacin,1.0,16,3,4260.0,3224.0,1036.0
2214040,P04,AZD4547,10.0,16,4,1572.0,1475.0,97.0
2214040,P05,OSI-906 (Linsitinib),1.0,16,5,2860.0,2637.0,223.0
2214040,P06,MK-2206 dihydrochloride,0.1,16,6,4941.0,4054.0,887.0
2214040,P07,Arsenic trioxide,10.0,16,7,5259.0,3799.0,1460.0
2214040,P08,,0.0,16,8,4604.0,3730.0,874.0
2214040,P09,Y-27632 dihydrochloride,0.1,16,9,4864.0,4043.0,821.0
2214040,P10,AZD6738,0.1,16,10,5134.0,4130.0,1004.0
2214040,P11,DMSO,0.0,16,11,5230.0,4243.0,987.0
2214040,P12,GSK-2636771,10.0,16,12,4976.0,4079.0,897.0
2214040,P13,Dabrafenib,10.0,16,13,5962.0,4407.0,1555.0
2214040,P14,(S)-H-1152 (hydrochloride),10.0,16,14,1299.0,1161.0,138.0
2214040,P15,Dasatinib,0.1,16,15,2853.0,2223.0,630.0
2214040,P16,Afuresertib,0.01,16,16,4393.0,3539.0,854.0
2214040,P17,Fasudil,1.0,16,17,5437.0,4482.0,955.0
2214040,P18,ISRIB,0.01,16,18,5457.0,4478.0,979.0
2214040,P19,Decitabine,10.0,16,19,2857.0,2429.0,428.0
2214040,P20,Bardoxolone methyl,1.0,16,20,1799.0,1320.0,479.0
2214040,P21,(S)-H-1152 (hydrochloride),1.0,16,21,5754.0,4609.0,1145.0
2214040,P22,Bardoxolone methyl,10.0,16,22,183.0,155.0,28.0
2214040,P23,Selumetinib,0.1,16,23,5518.0,4453.0,1065.0
2214040,P24,"Defactinib (VS-6063, PF-04554878)",0.01,16,24,5217.0,4395.0,822.0
