Plate,Metadata_Well,Drug,Concentration,Metadata_row,Metadata_column,NumberOfCells,NumberOfCells_ADR,NumberOfCells_MES
2214056,A01,IPI-549,1.0,1,1,1850.0,1557.0,293.0
2214056,A02,Perifosine,10.0,1,2,329.0,206.0,123.0
2214056,A03,Alvespimycin (17-DMAG),1.0,1,3,1200.0,1108.0,92.0
2214056,A04,Apratastat (TMI-005),1.0,1,4,2321.0,2001.0,320.0
2214056,A05,TAK-243 (MLN7243),10.0,1,5,142.0,121.0,21.0
2214056,A06,GSK481,10.0,1,6,2471.0,2119.0,352.0
2214056,A07,Sitravatinib,0.01,1,7,2319.0,2065.0,254.0
2214056,A08,GM6001 (Ilomastat ),0.1,1,8,2468.0,2222.0,246.0
2214056,A09,MIM1,1.0,1,9,2664.0,2464.0,200.0
2214056,A10,6-Aminonicotinamide,0.1,1,10,2772.0,2468.0,304.0
2214056,A11,TAK-243 (MLN7243),0.01,1,11,3073.0,2732.0,341.0
2214056,A12,GSK1070916,0.1,1,12,2634.0,2341.0,293.0
2214056,A13,DMSO,0.0,1,13,2589.0,2319.0,270.0
2214056,A14,Pladienolide B,1.0,1,14,522.0,489.0,33.0
2214056,A15,Valemetostat,0.1,1,15,2748.0,2478.0,270.0
2214056,A16,Salubrinal,0.01,1,16,2327.0,2046.0,281.0
2214056,A17,CEP-37440,0.1,1,17,2260.0,2010.0,250.0
2214056,A18,IPI-549,0.01,1,18,2800.0,2525.0,275.0
2214056,A19,CPI-455,10.0,1,19,2541.0,2261.0,280.0
2214056,A20,GI254023X,0.1,1,20,2724.0,2486.0,238.0
2214056,A21,Fluvastatin,1.0,1,21,2134.0,1924.0,210.0
2214056,A22,Spautin 1,10.0,1,22,2295.0,1964.0,331.0
2214056,A23,CPI-455,0.01,1,23,2478.0,2179.0,299.0
2214056,A24,Salubrinal,10.0,1,24,1568.0,1388.0,180.0
2214056,B01,CEP-37440,0.1,2,1,2375.0,1958.0,417.0
2214056,B02,Ezatiostat,1.0,2,2,3063.0,2755.0,308.0
2214056,B03,MAK-683,0.1,2,3,3135.0,2770.0,365.0
2214056,B04,Brequinar,0.01,2,4,2743.0,2430.0,313.0
2214056,B05,BMS493,10.0,2,5,1688.0,1525.0,163.0
2214056,B06,ML-210,0.01,2,6,2980.0,2655.0,325.0
2214056,B07,MAK-683,1.0,2,7,3413.0,3026.0,387.0
2214056,B08,"10,12-Tricosadiynoic acid",10.0,2,8,2416.0,2058.0,358.0
2214056,B09,MAK-683,10.0,2,9,2790.0,2436.0,354.0
2214056,B10,6-Aminonicotinamide,10.0,2,10,1988.0,1782.0,206.0
2214056,B11,GSK481,0.1,2,11,2940.0,2653.0,287.0
2214056,B12,GSK1070916,10.0,2,12,108.0,102.0,6.0
2214056,B13,Salinomycin (sodium salt),0.01,2,13,2655.0,2387.0,268.0
2214056,B14,DMSO,0.0,2,14,3279.0,3017.0,262.0
2214056,B15,BMS 345541 (trifluoroacetate salt),0.1,2,15,2826.0,2590.0,236.0
2214056,B16,SGI-7079,10.0,2,16,93.0,77.0,16.0
2214056,B17,Brequinar,10.0,2,17,2085.0,1812.0,273.0
2214056,B18,IPI-549,10.0,2,18,1543.0,1316.0,227.0
2214056,B19,GSK481,1.0,2,19,2915.0,2642.0,273.0
2214056,B20,XAV939,0.1,2,20,2754.0,2476.0,278.0
2214056,B21,R428,10.0,2,21,122.0,99.0,23.0
2214056,B22,Alvespimycin (17-DMAG),0.1,2,22,2862.0,2764.0,98.0
2214056,B23,IPI-549,0.01,2,23,2501.0,2310.0,191.0
2214056,B24,C188-9,0.01,2,24,2639.0,2369.0,270.0
2214056,C02,Valemetostat,0.01,3,2,3290.0,2900.0,390.0
2214056,C03,GSK481,0.01,3,3,2492.0,2206.0,286.0
2214056,C04,RD162,0.1,3,4,2604.0,2321.0,283.0
2214056,C05,ML-210,10.0,3,5,2038.0,1875.0,163.0
2214056,C06,Brusatol,0.1,3,6,989.0,835.0,154.0
2214056,C07,Apratastat (TMI-005),0.1,3,7,3097.0,2824.0,273.0
2214056,C08,Forskolin,10.0,3,8,3275.0,3063.0,212.0
2214056,C09,GI254023X,10.0,3,9,2244.0,2005.0,239.0
2214056,C10,HX531,0.1,3,10,2583.0,2366.0,217.0
2214056,C11,DMSO,0.0,3,11,3047.0,2803.0,244.0
2214056,C12,Salubrinal,0.1,3,12,3228.0,2939.0,289.0
2214056,C13,BMS493,10.0,3,13,1459.0,1222.0,237.0
2214056,C14,(-)-DHMEQ,10.0,3,14,2418.0,2184.0,234.0
2214056,C15,DMSO,0.0,3,15,2751.0,2481.0,270.0
2214056,C16,CPI-455,1.0,3,16,2809.0,2531.0,278.0
2214056,C17,Fluvastatin,1.0,3,17,1948.0,1825.0,123.0
2214056,C18,Crenigacestat,0.01,3,18,3309.0,3024.0,285.0
2214056,C19,Sitravatinib,0.1,3,19,2560.0,2364.0,196.0
2214056,C20,MIM1,10.0,3,20,1540.0,1369.0,171.0
2214056,C21,HX531,1.0,3,21,2090.0,1863.0,227.0
2214056,C22,R428,0.01,3,22,2700.0,2468.0,232.0
2214056,C23,10058-F4,10.0,3,23,2751.0,2544.0,207.0
2214056,C24,R428,0.01,3,24,2807.0,2474.0,333.0
2214056,D01,ML-210,1.0,4,1,1779.0,1585.0,194.0
2214056,D02,Salubrinal,1.0,4,2,2581.0,2307.0,274.0
2214056,D03,Perifosine,0.1,4,3,2774.0,2475.0,299.0
2214056,D04,CPI-455,0.1,4,4,3209.0,2888.0,321.0
2214056,D05,XAV939,1.0,4,5,2259.0,2032.0,227.0
2214056,D06,LY2109761,0.005,4,6,2935.0,2641.0,294.0
2214056,D07,XAV939,10.0,4,7,2182.0,1997.0,185.0
2214056,D08,HX531,10.0,4,8,1313.0,1144.0,169.0
2214056,D09,CEP-37440,1.0,4,9,1253.0,1094.0,159.0
2214056,D10,XAV939,0.1,4,10,2819.0,2570.0,249.0
2214056,D11,BIBR 1532,0.01,4,11,3050.0,2760.0,290.0
2214056,D12,DMSO,0.0,4,12,2710.0,2482.0,228.0
2214056,D13,Forskolin,1.0,4,13,3461.0,3174.0,287.0
2214056,D14,Spautin 1,0.01,4,14,3063.0,2798.0,265.0
2214056,D15,Apratastat (TMI-005),10.0,4,15,2579.0,2390.0,189.0
2214056,D16,DMSO,0.0,4,16,2624.0,2417.0,207.0
2214056,D17,Valemetostat,10.0,4,17,3506.0,3058.0,448.0
2214056,D18,Sitravatinib,0.1,4,18,2626.0,2439.0,187.0
2214056,D19,C188-9,10.0,4,19,1641.0,1466.0,175.0
2214056,D20,SGI-7079,10.0,4,20,80.0,68.0,12.0
2214056,D21,IPI-549,0.1,4,21,2822.0,2595.0,227.0
2214056,D22,Pladienolide B,0.1,4,22,354.0,320.0,34.0
2214056,D23,HX531,0.1,4,23,2825.0,2590.0,235.0
2214056,D24,RD162,0.01,4,24,2809.0,2547.0,262.0
2214056,E01,Forskolin,1.0,5,1,3028.0,2593.0,435.0
2214056,E02,DMSO,0.0,5,2,3043.0,2636.0,407.0
2214056,E03,Crenigacestat,0.01,5,3,2851.0,2635.0,216.0
2214056,E04,BMS 345541 (trifluoroacetate salt),1.0,5,4,2899.0,2524.0,375.0
2214056,E05,LGK974,0.1,5,5,2713.0,2459.0,254.0
2214056,E06,MIM1,0.01,5,6,3053.0,2778.0,275.0
2214056,E07,MAK-683,0.01,5,7,3293.0,2986.0,307.0
2214056,E08,GI254023X,0.1,5,8,2720.0,2511.0,209.0
2214056,E09,DMSO,0.0,5,9,2748.0,2492.0,256.0
2214056,E10,Forskolin,10.0,5,10,3649.0,3363.0,286.0
2214056,E11,Alvespimycin (17-DMAG),10.0,5,11,102.0,91.0,11.0
2214056,E12,GM6001 (Ilomastat ),0.01,5,12,2913.0,2597.0,316.0
2214056,E13,MIM1,1.0,5,13,3047.0,2753.0,294.0
2214056,E14,LY2109761,0.5,5,14,2332.0,2133.0,199.0
2214056,E15,MAK-683,0.1,5,15,3355.0,2993.0,362.0
2214056,E16,XAV939,0.01,5,16,3075.0,2852.0,223.0
2214056,E17,DMSO,0.0,5,17,3395.0,3111.0,284.0
2214056,E18,VLX600,0.01,5,18,3113.0,2838.0,275.0
2214056,E19,GSK481,0.1,5,19,2967.0,2646.0,321.0
2214056,E20,SGI-7079,1.0,5,20,260.0,145.0,115.0
2214056,E21,ML-210,0.1,5,21,2851.0,2567.0,284.0
2214056,E22,LOXO-292,10.0,5,22,2199.0,2077.0,122.0
2214056,E23,HX531,0.01,5,23,2892.0,2557.0,335.0
2214056,E24,GI254023X,0.01,5,24,2711.0,2481.0,230.0
2214056,F01,DMSO,0.0,6,1,2522.0,2246.0,276.0
2214056,F02,HX531,10.0,6,2,1629.0,1338.0,291.0
2214056,F03,Valemetostat,1.0,6,3,3395.0,3060.0,335.0
2214056,F04,Sitravatinib,1.0,6,4,1641.0,1517.0,124.0
2214056,F05,"10,12-Tricosadiynoic acid",10.0,6,5,2624.0,2335.0,289.0
2214056,F06,IPI-549,0.1,6,6,2564.0,2305.0,259.0
2214056,F07,XAV939,1.0,6,7,2758.0,2532.0,226.0
2214056,F08,VLX600,0.1,6,8,3105.0,2859.0,246.0
2214056,F09,(-)-DHMEQ,0.01,6,9,2983.0,2657.0,326.0
2214056,F10,DMSO,0.0,6,10,2593.0,2319.0,274.0
2214056,F11,IPI-549,10.0,6,11,1691.0,1478.0,213.0
2214056,F12,Perifosine,1.0,6,12,3022.0,2704.0,318.0
2214056,F13,Perifosine,1.0,6,13,2996.0,2725.0,271.0
2214056,F14,RD162,0.1,6,14,3078.0,2831.0,247.0
2214056,F15,RD162,1.0,6,15,2945.0,2722.0,223.0
2214056,F16,LY2109761,0.5,6,16,2312.0,2102.0,210.0
2214056,F17,GI254023X,1.0,6,17,2799.0,2615.0,184.0
2214056,F18,DMSO,0.0,6,18,2819.0,2565.0,254.0
2214056,F19,Apratastat (TMI-005),0.01,6,19,2825.0,2648.0,177.0
2214056,F20,Brequinar,0.1,6,20,2274.0,1964.0,310.0
2214056,F21,BMS 345541 (trifluoroacetate salt),0.1,6,21,3349.0,3014.0,335.0
2214056,F22,BMS493,0.1,6,22,1738.0,1571.0,167.0
2214056,F23,CEP-37440,0.01,6,23,3206.0,2962.0,244.0
2214056,F24,Salubrinal,0.1,6,24,3050.0,2815.0,235.0
2214056,G01,Sitravatinib,0.01,7,1,2862.0,2541.0,321.0
2214056,G02,Perifosine,10.0,7,2,491.0,301.0,190.0
2214056,G03,Salubrinal,1.0,7,3,2744.0,2428.0,316.0
2214056,G04,DMSO,0.0,7,4,2823.0,2542.0,281.0
2214056,G05,VLX600,0.1,7,5,3024.0,2814.0,210.0
2214056,G06,BMS493,0.01,7,6,2144.0,1905.0,239.0
2214056,G07,Piperlongumine,0.01,7,7,3039.0,2768.0,271.0
2214056,G08,6-Aminonicotinamide,10.0,7,8,2069.0,1767.0,302.0
2214056,G09,VLX600,0.01,7,9,2669.0,2451.0,218.0
2214056,G10,GM6001 (Ilomastat ),10.0,7,10,2399.0,2182.0,217.0
2214056,G11,C188-9,0.1,7,11,2997.0,2778.0,219.0
2214056,G12,BMS 345541 (trifluoroacetate salt),1.0,7,12,2773.0,2588.0,185.0
2214056,G13,SGI-7079,0.01,7,13,2815.0,2565.0,250.0
2214056,G14,R428,0.1,7,14,3033.0,2729.0,304.0
2214056,G15,Piperlongumine,1.0,7,15,2064.0,1763.0,301.0
2214056,G16,CPI-455,10.0,7,16,3091.0,2770.0,321.0
2214056,G17,6-Aminonicotinamide,0.1,7,17,2525.0,2284.0,241.0
2214056,G18,MAK-683,10.0,7,18,3221.0,2871.0,350.0
2214056,G19,DMSO,0.0,7,19,3067.0,2851.0,216.0
2214056,G20,BMS 345541 (trifluoroacetate salt),0.01,7,20,2905.0,2612.0,293.0
2214056,G21,BIBR 1532,0.01,7,21,3138.0,2881.0,257.0
2214056,G22,Pladienolide B,10.0,7,22,200.0,182.0,18.0
2214056,G23,(-)-DHMEQ,1.0,7,23,3031.0,2824.0,207.0
2214056,G24,Salubrinal,10.0,7,24,2792.0,2646.0,146.0
2214056,H01,LGK974,0.01,8,1,3004.0,2621.0,383.0
2214056,H02,6-Aminonicotinamide,1.0,8,2,2457.0,2191.0,266.0
2214056,H03,DMSO,0.0,8,3,2605.0,2261.0,344.0
2214056,H04,MAK-683,0.01,8,4,2679.0,2339.0,340.0
2214056,H05,GSK481,0.01,8,5,2798.0,2563.0,235.0
2214056,H06,"10,12-Tricosadiynoic acid",0.1,8,6,2571.0,2341.0,230.0
2214056,H07,Fluvastatin,10.0,8,7,331.0,306.0,25.0
2214056,H08,TAK-243 (MLN7243),1.0,8,8,69.0,66.0,3.0
2214056,H09,Fluvastatin,10.0,8,9,289.0,274.0,15.0
2214056,H10,Fluvastatin,0.01,8,10,2316.0,1971.0,345.0
2214056,H11,BIBR 1532,0.1,8,11,2872.0,2641.0,231.0
2214056,H12,LY2109761,0.05,8,12,2836.0,2602.0,234.0
2214056,H13,GM6001 (Ilomastat ),1.0,8,13,2984.0,2758.0,226.0
2214056,H14,LGK974,1.0,8,14,2925.0,2700.0,225.0
2214056,H15,BMS 345541 (trifluoroacetate salt),0.01,8,15,3234.0,3046.0,188.0
2214056,H16,Salinomycin (sodium salt),0.1,8,16,2589.0,2312.0,277.0
2214056,H17,RD162,1.0,8,17,2827.0,2629.0,198.0
2214056,H18,CPI-455,0.1,8,18,3082.0,2802.0,280.0
2214056,H19,Sitravatinib,1.0,8,19,1750.0,1666.0,84.0
2214056,H20,DMSO,0.0,8,20,3358.0,3073.0,285.0
2214056,H21,C188-9,1.0,8,21,2919.0,2760.0,159.0
2214056,H22,LY2109761,5.0,8,22,1494.0,1294.0,200.0
2214056,H23,Spautin 1,10.0,8,23,3037.0,2709.0,328.0
2214056,H24,(-)-DHMEQ,0.01,8,24,2808.0,2517.0,291.0
2214056,I01,Piperlongumine,0.01,9,1,2405.0,2051.0,354.0
2214056,I02,6-Aminonicotinamide,0.01,9,2,2888.0,2619.0,269.0
2214056,I03,LY2109761,0.005,9,3,2708.0,2508.0,200.0
2214056,I04,Pladienolide B,1.0,9,4,508.0,441.0,67.0
2214056,I05,C188-9,1.0,9,5,2544.0,2336.0,208.0
2214056,I06,DMSO,0.0,9,6,2638.0,2406.0,232.0
2214056,I07,Spautin 1,0.01,9,7,2799.0,2532.0,267.0
2214056,I08,Brequinar,1.0,9,8,2129.0,1826.0,303.0
2214056,I09,CEP-37440,1.0,9,9,1361.0,1215.0,146.0
2214056,I10,10058-F4,1.0,9,10,2888.0,2668.0,220.0
2214056,I11,LOXO-292,0.01,9,11,3150.0,2854.0,296.0
2214056,I12,Pladienolide B,0.01,9,12,197.0,125.0,72.0
2214056,I13,TAK-243 (MLN7243),0.01,9,13,3062.0,2844.0,218.0
2214056,I14,Salinomycin (sodium salt),1.0,9,14,624.0,504.0,120.0
2214056,I15,Salubrinal,0.01,9,15,2636.0,2386.0,250.0
2214056,I16,"10,12-Tricosadiynoic acid",0.01,9,16,2977.0,2791.0,186.0
2214056,I17,"10,12-Tricosadiynoic acid",1.0,9,17,3036.0,2794.0,242.0
2214056,I18,(-)-DHMEQ,0.1,9,18,2912.0,2640.0,272.0
2214056,I19,CEP-37440,10.0,9,19,129.0,118.0,11.0
2214056,I20,10058-F4,0.1,9,20,2892.0,2668.0,224.0
2214056,I21,DMSO,0.0,9,21,3053.0,2651.0,402.0
2214056,I22,TAK-243 (MLN7243),10.0,9,22,73.0,66.0,7.0
2214056,I23,LOXO-292,10.0,9,23,2158.0,2002.0,156.0
2214056,J01,Apratastat (TMI-005),0.1,10,1,2602.0,2272.0,330.0
2214056,J02,Ezatiostat,10.0,10,2,2841.0,2601.0,240.0
2214056,J03,LGK974,10.0,10,3,2624.0,2428.0,196.0
2214056,J04,6-Aminonicotinamide,1.0,10,4,2679.0,2403.0,276.0
2214056,J05,DMSO,0.0,10,5,2742.0,2505.0,237.0
2214056,J06,LOXO-292,1.0,10,6,2702.0,2459.0,243.0
2214056,J07,Alvespimycin (17-DMAG),0.01,10,7,2952.0,2622.0,330.0
2214056,J08,Ezatiostat,10.0,10,8,2670.0,2459.0,211.0
2214056,J09,Pladienolide B,10.0,10,9,190.0,157.0,33.0
2214056,J10,Forskolin,0.01,10,10,2862.0,2581.0,281.0
2214056,J11,LGK974,10.0,10,11,2573.0,2396.0,177.0
2214056,J12,Salinomycin (sodium salt),0.1,10,12,2695.0,2401.0,294.0
2214056,J13,Alvespimycin (17-DMAG),0.1,10,13,2897.0,2782.0,115.0
2214056,J14,(-)-DHMEQ,10.0,10,14,1980.0,1771.0,209.0
2214056,J15,GSK1070916,0.01,10,15,2809.0,2536.0,273.0
2214056,J16,Fluvastatin,0.1,10,16,2555.0,2330.0,225.0
2214056,J17,XAV939,0.01,10,17,2740.0,2539.0,201.0
2214056,J18,MIM1,0.01,10,18,3128.0,2924.0,204.0
2214056,J19,10058-F4,0.01,10,19,3066.0,2785.0,281.0
2214056,J20,CEP-37440,10.0,10,20,114.0,108.0,6.0
2214056,J21,R428,1.0,10,21,2457.0,2256.0,201.0
2214056,J22,DMSO,0.0,10,22,2836.0,2615.0,221.0
2214056,J23,IPI-549,1.0,10,23,2175.0,1982.0,193.0
2214056,J24,TAK-243 (MLN7243),1.0,10,24,88.0,75.0,13.0
2214056,K01,Brusatol,0.01,11,1,2199.0,1845.0,354.0
2214056,K02,"10,12-Tricosadiynoic acid",0.01,11,2,2702.0,2329.0,373.0
2214056,K03,6-Aminonicotinamide,0.01,11,3,3033.0,2780.0,253.0
2214056,K04,Valemetostat,0.01,11,4,2687.0,2384.0,303.0
2214056,K05,Crenigacestat,10.0,11,5,3286.0,2940.0,346.0
2214056,K06,Piperlongumine,1.0,11,6,2230.0,1914.0,316.0
2214056,K07,Pladienolide B,0.01,11,7,207.0,122.0,85.0
2214056,K08,DMSO,0.0,11,8,2951.0,2580.0,371.0
2214056,K09,Valemetostat,1.0,11,9,3887.0,3553.0,334.0
2214056,K10,GM6001 (Ilomastat ),0.01,11,10,2889.0,2608.0,281.0
2214056,K11,Brequinar,0.01,11,11,2886.0,2511.0,375.0
2214056,K12,Salinomycin (sodium salt),0.01,11,12,3041.0,2802.0,239.0
2214056,K13,Sitravatinib,10.0,11,13,39.0,34.0,5.0
2214056,K14,SGI-7079,0.01,11,14,2754.0,2539.0,215.0
2214056,K15,Perifosine,0.01,11,15,3226.0,3017.0,209.0
2214056,K16,DMSO,0.0,11,16,3098.0,2754.0,344.0
2214056,K17,Fluvastatin,0.01,11,17,3018.0,2798.0,220.0
2214056,K18,BIBR 1532,1.0,11,18,2799.0,2484.0,315.0
2214056,K19,Crenigacestat,1.0,11,19,3278.0,3082.0,196.0
2214056,K20,Perifosine,0.01,11,20,3056.0,2845.0,211.0
2214056,K21,RD162,10.0,11,21,3029.0,2783.0,246.0
2214056,K22,Salinomycin (sodium salt),10.0,11,22,79.0,65.0,14.0
2214056,K23,DMSO,0.0,11,23,3083.0,2739.0,344.0
2214056,K24,BMS493,1.0,11,24,1863.0,1613.0,250.0
2214056,L01,Brusatol,1.0,12,1,432.0,367.0,65.0
2214056,L02,(-)-DHMEQ,0.1,12,2,2986.0,2675.0,311.0
2214056,L03,GI254023X,10.0,12,3,2520.0,2289.0,231.0
2214056,L04,CPI-455,1.0,12,4,2745.0,2412.0,333.0
2214056,L05,LGK974,0.1,12,5,3209.0,2895.0,314.0
2214056,L06,SGI-7079,1.0,12,6,175.0,107.0,68.0
2214056,L07,DMSO,0.0,12,7,2933.0,2629.0,304.0
2214056,L08,Salinomycin (sodium salt),1.0,12,8,552.0,436.0,116.0
2214056,L09,Alvespimycin (17-DMAG),1.0,12,9,879.0,817.0,62.0
2214056,L10,C188-9,0.01,12,10,3144.0,2819.0,325.0
2214056,L11,(-)-DHMEQ,1.0,12,11,2769.0,2499.0,270.0
2214056,L12,ML-210,0.1,12,12,2913.0,2721.0,192.0
2214056,L13,BMS493,0.1,12,13,2000.0,1776.0,224.0
2214056,L14,LOXO-292,0.1,12,14,2475.0,2285.0,190.0
2214056,L15,DMSO,0.0,12,15,2776.0,2496.0,280.0
2214056,L16,BIBR 1532,0.1,12,16,3089.0,2825.0,264.0
2214056,L18,MAK-683,1.0,12,18,3526.0,3139.0,387.0
2214056,L19,10058-F4,0.1,12,19,3081.0,2760.0,321.0
2214056,L20,SGI-7079,0.1,12,20,1795.0,1576.0,219.0
2214056,L21,GSK1070916,1.0,12,21,368.0,244.0,124.0
2214056,L22,Piperlongumine,0.1,12,22,3224.0,2853.0,371.0
2214056,L23,Apratastat (TMI-005),1.0,12,23,2586.0,2343.0,243.0
2214056,L24,DMSO,0.0,12,24,2504.0,2192.0,312.0
2214056,M01,CEP-37440,0.01,13,1,2607.0,2193.0,414.0
2214056,M02,VLX600,10.0,13,2,314.0,207.0,107.0
2214056,M03,GI254023X,1.0,13,3,2555.0,2272.0,283.0
2214056,M04,C188-9,10.0,13,4,1894.0,1701.0,193.0
2214056,M05,MIM1,0.1,13,5,2957.0,2635.0,322.0
2214056,M06,RD162,0.01,13,6,2983.0,2739.0,244.0
2214056,M07,Forskolin,0.1,13,7,2995.0,2627.0,368.0
2214056,M08,ML-210,0.01,13,8,2728.0,2497.0,231.0
2214056,M09,Spautin 1,1.0,13,9,3228.0,2882.0,346.0
2214056,M10,DMSO,0.0,13,10,2932.0,2737.0,195.0
2214056,M11,"10,12-Tricosadiynoic acid",0.1,13,11,2609.0,2383.0,226.0
2214056,M12,MIM1,0.1,13,12,2590.0,2296.0,294.0
2214056,M13,Alvespimycin (17-DMAG),10.0,13,13,115.0,100.0,15.0
2214056,M14,DMSO,0.0,13,14,2744.0,2541.0,203.0
2214056,M15,Piperlongumine,0.1,13,15,2766.0,2507.0,259.0
2214056,M16,Ezatiostat,0.1,13,16,2631.0,2427.0,204.0
2214056,M17,BIBR 1532,10.0,13,17,3055.0,2711.0,344.0
2214056,M18,CPI-455,0.01,13,18,2920.0,2573.0,347.0
2214056,M19,XAV939,10.0,13,19,2411.0,2195.0,216.0
2214056,M20,SGI-7079,0.1,13,20,2021.0,1667.0,354.0
2214056,M21,Apratastat (TMI-005),0.01,13,21,3007.0,2747.0,260.0
2214056,M23,Forskolin,0.01,13,23,2766.0,2469.0,297.0
2214056,M24,Spautin 1,1.0,13,24,2815.0,2415.0,400.0
2214056,N01,Brusatol,0.1,14,1,838.0,665.0,173.0
2214056,N02,LGK974,1.0,14,2,2424.0,2128.0,296.0
2214056,N03,Spautin 1,0.1,14,3,2421.0,2157.0,264.0
2214056,N04,10058-F4,1.0,14,4,2606.0,2383.0,223.0
2214056,N05,LY2109761,0.05,14,5,2389.0,2127.0,262.0
2214056,N06,Crenigacestat,0.1,14,6,3092.0,2787.0,305.0
2214056,N07,LOXO-292,0.1,14,7,2889.0,2653.0,236.0
2214056,N08,Spautin 1,0.1,14,8,2848.0,2572.0,276.0
2214056,N09,DMSO,0.0,14,9,3081.0,2797.0,284.0
2214056,N10,C188-9,0.1,14,10,2829.0,2571.0,258.0
2214056,N11,Sitravatinib,10.0,14,11,58.0,45.0,13.0
2214056,N12,Brusatol,1.0,14,12,424.0,397.0,27.0
2214056,N13,DMSO,0.0,14,13,2487.0,2275.0,212.0
2214056,N14,Brequinar,1.0,14,14,2004.0,1838.0,166.0
2214056,N15,GI254023X,0.01,14,15,2619.0,2373.0,246.0
2214056,N16,BIBR 1532,10.0,14,16,2777.0,2557.0,220.0
2214056,N17,Ezatiostat,1.0,14,17,2963.0,2640.0,323.0
2214056,N18,LGK974,0.01,14,18,3041.0,2777.0,264.0
2214056,N19,GSK1070916,10.0,14,19,106.0,95.0,11.0
2214056,N20,Piperlongumine,10.0,14,20,74.0,67.0,7.0
2214056,N21,R428,0.1,14,21,2818.0,2602.0,216.0
2214056,N22,10058-F4,0.01,14,22,2432.0,2146.0,286.0
2214056,N23,Ezatiostat,0.1,14,23,3050.0,2779.0,271.0
2214056,N24,BMS493,0.01,14,24,2392.0,2206.0,186.0
2214056,O01,LOXO-292,1.0,15,1,2156.0,1852.0,304.0
2214056,O02,GM6001 (Ilomastat ),0.1,15,2,2717.0,2412.0,305.0
2214056,O03,VLX600,1.0,15,3,411.0,255.0,156.0
2214056,O04,Valemetostat,0.1,15,4,3050.0,2713.0,337.0
2214056,O05,GSK481,10.0,15,5,2752.0,2415.0,337.0
2214056,O06,BMS493,1.0,15,6,1672.0,1485.0,187.0
2214056,O07,ML-210,10.0,15,7,1141.0,1027.0,114.0
2214056,O08,HX531,1.0,15,8,2057.0,1808.0,249.0
2214056,O09,VLX600,10.0,15,9,244.0,171.0,73.0
2214056,O10,RD162,10.0,15,10,2310.0,2018.0,292.0
2214056,O11,Brusatol,0.01,15,11,2482.0,2251.0,231.0
2214056,O12,DMSO,0.0,15,12,2645.0,2353.0,292.0
2214056,O13,Alvespimycin (17-DMAG),0.01,15,13,2705.0,2447.0,258.0
2214056,O14,BIBR 1532,1.0,15,14,2740.0,2486.0,254.0
2214056,O15,Crenigacestat,0.1,15,15,3059.0,2830.0,229.0
2214056,O16,ML-210,1.0,15,16,1760.0,1617.0,143.0
2214056,O17,Ezatiostat,0.01,15,17,2905.0,2597.0,308.0
2214056,O18,GSK1070916,0.01,15,18,2762.0,2509.0,253.0
2214056,O19,Crenigacestat,1.0,15,19,3217.0,2951.0,266.0
2214056,O20,Crenigacestat,10.0,15,20,2954.0,2656.0,298.0
2214056,O21,Brequinar,10.0,15,21,1913.0,1567.0,346.0
2214056,O22,Valemetostat,10.0,15,22,3115.0,2583.0,532.0
2214056,O23,10058-F4,10.0,15,23,2505.0,2257.0,248.0
2214056,O24,MIM1,10.0,15,24,1303.0,1112.0,191.0
2214056,P01,Fluvastatin,0.1,16,1,2007.0,1588.0,419.0
2214056,P02,GSK1070916,0.1,16,2,2104.0,1891.0,213.0
2214056,P03,VLX600,1.0,16,3,272.0,163.0,109.0
2214056,P04,Piperlongumine,10.0,16,4,113.0,80.0,33.0
2214056,P05,GSK481,1.0,16,5,2384.0,2040.0,344.0
2214056,P08,"10,12-Tricosadiynoic acid",1.0,16,8,2518.0,2232.0,286.0
2214056,P09,Forskolin,0.1,16,9,2733.0,2435.0,298.0
2214056,P10,TAK-243 (MLN7243),0.1,16,10,383.0,286.0,97.0
2214056,P11,DMSO,0.0,16,11,2415.0,2092.0,323.0
2214056,P12,LY2109761,5.0,16,12,1414.0,1185.0,229.0
2214056,P13,Apratastat (TMI-005),10.0,16,13,2179.0,1973.0,206.0
2214056,P14,R428,10.0,16,14,1936.0,1778.0,158.0
2214056,P15,Perifosine,0.1,16,15,2584.0,2186.0,398.0
2214056,P16,Ezatiostat,0.01,16,16,2913.0,2546.0,367.0
2214056,P17,GSK1070916,1.0,16,17,334.0,202.0,132.0
2214056,P18,LOXO-292,0.01,16,18,2530.0,2254.0,276.0
2214056,P20,GM6001 (Ilomastat ),1.0,16,20,2619.0,2359.0,260.0
2214056,P21,R428,1.0,16,21,2241.0,2031.0,210.0
2214056,P22,GM6001 (Ilomastat ),10.0,16,22,2259.0,1999.0,260.0
2214056,P23,Brequinar,0.1,16,23,2144.0,1921.0,223.0
2214056,P24,HX531,0.01,16,24,2693.0,2406.0,287.0
2214057,A01,Ritlecitinib,1.0,1,1,2541.0,2269.0,272.0
2214057,A02,Daidzin,10.0,1,2,2416.0,2194.0,222.0
2214057,A03,AM-0902,1.0,1,3,2891.0,2686.0,205.0
2214057,A04,AZD0156,1.0,1,4,2303.0,2077.0,226.0
2214057,A05,K-975,10.0,1,5,1390.0,1298.0,92.0
2214057,A06,Pralsetinib,10.0,1,6,1660.0,1626.0,34.0
2214057,A07,Verteporfin,0.001,1,7,2684.0,2403.0,281.0
2214057,A08,PF-3758309,0.1,1,8,2330.0,2169.0,161.0
2214057,A09,Withaferin A,1.0,1,9,107.0,99.0,8.0
2214057,A10,6-thio-dG,0.1,1,10,3154.0,2933.0,221.0
2214057,A11,K-975,0.01,1,11,3151.0,2941.0,210.0
2214057,A12,Pictilisib,0.1,1,12,2228.0,2092.0,136.0
2214057,A13,DMSO,0.0,1,13,3087.0,2820.0,267.0
2214057,A14,4-Diethylaminobenzaldehyde,1.0,1,14,2898.0,2657.0,241.0
2214057,A15,Navitoclax,0.1,1,15,2943.0,2746.0,197.0
2214057,A16,IKK inhibitor VII,0.01,1,16,3168.0,2952.0,216.0
2214057,A17,Halofuginone,0.1,1,17,2208.0,2037.0,171.0
2214057,A18,Ritlecitinib,0.01,1,18,2937.0,2685.0,252.0
2214057,A19,Isotretinoin,10.0,1,19,3539.0,3094.0,445.0
2214057,A20,Nirogacestat,0.1,1,20,2747.0,2481.0,266.0
2214057,A21,MLN120B,1.0,1,21,2788.0,2543.0,245.0
2214057,A22,A-1331852,10.0,1,22,1395.0,1230.0,165.0
2214057,A23,Isotretinoin,0.01,1,23,3174.0,2905.0,269.0
2214057,B01,Halofuginone,0.1,2,1,2501.0,2244.0,257.0
2214057,B02,ML385,1.0,2,2,2775.0,2525.0,250.0
2214057,B03,Vistusertib,0.1,2,3,2517.0,2349.0,168.0
2214057,B04,Erdafitinib,0.01,2,4,2762.0,2628.0,134.0
2214057,B05,"DL-Buthionine-(S,R)-sulfoximine",3.0,2,5,3358.0,3146.0,212.0
2214057,B06,2-DG,0.01,2,6,2936.0,2774.0,162.0
2214057,B07,Vistusertib,1.0,2,7,1864.0,1685.0,179.0
2214057,B08,Idasanutlin,10.0,2,8,125.0,98.0,27.0
2214057,B09,Vistusertib,10.0,2,9,1517.0,1370.0,147.0
2214057,B10,6-thio-dG,10.0,2,10,1063.0,953.0,110.0
2214057,B11,Pralsetinib,0.1,2,11,2894.0,2709.0,185.0
2214057,B12,Pictilisib,10.0,2,12,1662.0,1564.0,98.0
2214057,B13,Doxycycline hyclate,0.01,2,13,3046.0,2796.0,250.0
2214057,B14,DMSO,0.0,2,14,3211.0,3028.0,183.0
2214057,B15,CYC065 (Fadraciclib),0.1,2,15,3147.0,2887.0,260.0
2214057,B16,RSL3,10.0,2,16,60.0,53.0,7.0
2214057,B17,Erdafitinib,10.0,2,17,1575.0,1475.0,100.0
2214057,B18,Ritlecitinib,10.0,2,18,2544.0,2394.0,150.0
2214057,B19,Pralsetinib,1.0,2,19,2391.0,2283.0,108.0
2214057,B20,Indisulam,0.1,2,20,2620.0,2352.0,268.0
2214057,B21,Ascorbic acid,10.0,2,21,2371.0,2184.0,187.0
2214057,B22,AM-0902,0.1,2,22,3128.0,2897.0,231.0
2214057,B23,Ritlecitinib,0.01,2,23,3245.0,3037.0,208.0
2214057,B24,GKT136901,0.01,2,24,2900.0,2648.0,252.0
2214057,C01,Doxycycline hyclate,10.0,3,1,2965.0,2730.0,235.0
2214057,C02,Navitoclax,0.01,3,2,3031.0,2828.0,203.0
2214057,C03,Pralsetinib,0.01,3,3,3142.0,2876.0,266.0
2214057,C04,Bafilomycin A1,0.0,3,4,3260.0,3081.0,179.0
2214057,C05,2-DG,10.0,3,5,3134.0,2944.0,190.0
2214057,C06,Galunisertib,0.1,3,6,3349.0,3058.0,291.0
2214057,C07,AZD0156,0.1,3,7,2679.0,2455.0,224.0
2214057,C08,Napabucasin,10.0,3,8,65.0,58.0,7.0
2214057,C09,Nirogacestat,10.0,3,9,2429.0,2305.0,124.0
2214057,C10,Ravoxertinib,0.1,3,10,2899.0,2770.0,129.0
2214057,C11,DMSO,0.0,3,11,3418.0,3213.0,205.0
2214057,C12,IKK inhibitor VII,0.1,3,12,2910.0,2689.0,221.0
2214057,C13,"DL-Buthionine-(S,R)-sulfoximine",3.0,3,13,2822.0,2592.0,230.0
2214057,C14,CPI-613,10.0,3,14,3184.0,2994.0,190.0
2214057,C15,DMSO,0.0,3,15,2897.0,2692.0,205.0
2214057,C16,Isotretinoin,1.0,3,16,3708.0,3427.0,281.0
2214057,C17,MLN120B,1.0,3,17,3562.0,3380.0,182.0
2214057,C18,Lorlatinib,0.01,3,18,2489.0,2224.0,265.0
2214057,C19,Verteporfin,0.01,3,19,3739.0,3533.0,206.0
2214057,C20,Withaferin A,10.0,3,20,94.0,75.0,19.0
2214057,C21,Ravoxertinib,1.0,3,21,2828.0,2598.0,230.0
2214057,C22,Ascorbic acid,0.01,3,22,2926.0,2753.0,173.0
2214057,C23,Palifosfamide,10.0,3,23,2052.0,1764.0,288.0
2214057,C24,Ascorbic acid,0.01,3,24,3448.0,3155.0,293.0
2214057,D01,2-DG,1.0,4,1,3005.0,2728.0,277.0
2214057,D02,IKK inhibitor VII,1.0,4,2,2815.0,2692.0,123.0
2214057,D03,Daidzin,0.1,4,3,3305.0,3047.0,258.0
2214057,D04,Isotretinoin,0.1,4,4,3869.0,3515.0,354.0
2214057,D05,Indisulam,1.0,4,5,427.0,281.0,146.0
2214057,D06,Vactosertib,0.01,4,6,2789.0,2574.0,215.0
2214057,D07,Indisulam,10.0,4,7,200.0,125.0,75.0
2214057,D08,Ravoxertinib,10.0,4,8,1318.0,1161.0,157.0
2214057,D09,Halofuginone,1.0,4,9,346.0,331.0,15.0
2214057,D10,Indisulam,0.1,4,10,2417.0,2145.0,272.0
2214057,D11,CB-103,0.01,4,11,3507.0,3292.0,215.0
2214057,D12,DMSO,0.0,4,12,3204.0,3029.0,175.0
2214057,D13,Napabucasin,1.0,4,13,259.0,244.0,15.0
2214057,D14,A-1331852,0.01,4,14,3323.0,3118.0,205.0
2214057,D15,AZD0156,10.0,4,15,621.0,505.0,116.0
2214057,D16,DMSO,0.0,4,16,3442.0,3163.0,279.0
2214057,D17,Navitoclax,10.0,4,17,1765.0,1606.0,159.0
2214057,D18,Verteporfin,0.01,4,18,3646.0,3412.0,234.0
2214057,D19,GKT136901,10.0,4,19,3519.0,3288.0,231.0
2214057,D20,RSL3,10.0,4,20,78.0,70.0,8.0
2214057,D21,Ritlecitinib,0.1,4,21,3247.0,3094.0,153.0
2214057,D22,4-Diethylaminobenzaldehyde,0.1,4,22,3184.0,2921.0,263.0
2214057,D23,Ravoxertinib,0.1,4,23,2958.0,2665.0,293.0
2214057,D24,Bafilomycin A1,0.0,4,24,2757.0,2562.0,195.0
2214057,E01,Napabucasin,1.0,5,1,359.0,323.0,36.0
2214057,E02,DMSO,0.0,5,2,2436.0,2265.0,171.0
2214057,E03,Lorlatinib,0.01,5,3,2240.0,1935.0,305.0
2214057,E04,CYC065 (Fadraciclib),1.0,5,4,237.0,187.0,50.0
2214057,E05,Sulfopin,0.1,5,5,3290.0,3117.0,173.0
2214057,E06,Withaferin A,0.01,5,6,3386.0,3165.0,221.0
2214057,E07,Vistusertib,0.01,5,7,2764.0,2564.0,200.0
2214057,E08,Nirogacestat,0.1,5,8,3671.0,3447.0,224.0
2214057,E09,DMSO,0.0,5,9,3260.0,3079.0,181.0
2214057,E10,Napabucasin,10.0,5,10,64.0,55.0,9.0
2214057,E11,AM-0902,10.0,5,11,2898.0,2719.0,179.0
2214057,E12,PF-3758309,0.01,5,12,3382.0,3226.0,156.0
2214057,E13,Withaferin A,1.0,5,13,64.0,58.0,6.0
2214057,E14,Vactosertib,1.0,5,14,2214.0,2044.0,170.0
2214057,E15,Vistusertib,0.1,5,15,2437.0,2255.0,182.0
2214057,E16,Indisulam,0.01,5,16,3145.0,2899.0,246.0
2214057,E17,DMSO,0.0,5,17,3194.0,3019.0,175.0
2214057,E18,Obatoclax,0.01,5,18,3215.0,2987.0,228.0
2214057,E19,Pralsetinib,0.1,5,19,2965.0,2772.0,193.0
2214057,E20,RSL3,1.0,5,20,1549.0,1438.0,111.0
2214057,E21,2-DG,0.1,5,21,2699.0,2476.0,223.0
2214057,E22,Tomivosertib,10.0,5,22,3181.0,2907.0,274.0
2214057,E23,Ravoxertinib,0.01,5,23,3108.0,2890.0,218.0
2214057,E24,Nirogacestat,0.01,5,24,3060.0,2833.0,227.0
2214057,F01,DMSO,0.0,6,1,2402.0,2168.0,234.0
2214057,F02,Ravoxertinib,10.0,6,2,1471.0,1326.0,145.0
2214057,F03,Navitoclax,1.0,6,3,2238.0,2103.0,135.0
2214057,F04,Verteporfin,0.1,6,4,3056.0,2813.0,243.0
2214057,F05,Idasanutlin,10.0,6,5,108.0,93.0,15.0
2214057,F06,Ritlecitinib,0.1,6,6,2842.0,2594.0,248.0
2214057,F07,Indisulam,1.0,6,7,310.0,217.0,93.0
2214057,F08,Obatoclax,0.1,6,8,2325.0,2266.0,59.0
2214057,F09,CPI-613,0.01,6,9,3142.0,2869.0,273.0
2214057,F10,DMSO,0.0,6,10,3164.0,2969.0,195.0
2214057,F11,Ritlecitinib,10.0,6,11,2229.0,2125.0,104.0
2214057,F12,Daidzin,1.0,6,12,2922.0,2752.0,170.0
2214057,F13,Daidzin,1.0,6,13,3307.0,3072.0,235.0
2214057,F14,Bafilomycin A1,0.0,6,14,3160.0,2997.0,163.0
2214057,F15,Bafilomycin A1,0.0,6,15,2317.0,2166.0,151.0
2214057,F16,Vactosertib,1.0,6,16,2017.0,1853.0,164.0
2214057,F17,Nirogacestat,1.0,6,17,3497.0,3309.0,188.0
2214057,F18,DMSO,0.0,6,18,3362.0,3162.0,200.0
2214057,F19,AZD0156,0.01,6,19,3680.0,3477.0,203.0
2214057,F20,Erdafitinib,0.1,6,20,2984.0,2851.0,133.0
2214057,F21,CYC065 (Fadraciclib),0.1,6,21,2913.0,2729.0,184.0
2214057,F22,"DL-Buthionine-(S,R)-sulfoximine",0.03,6,22,3403.0,3109.0,294.0
2214057,F23,Halofuginone,0.01,6,23,3265.0,3014.0,251.0
2214057,F24,IKK inhibitor VII,0.1,6,24,2967.0,2715.0,252.0
2214057,G01,Verteporfin,0.001,7,1,2725.0,2441.0,284.0
2214057,G02,Daidzin,10.0,7,2,2603.0,2372.0,231.0
2214057,G03,IKK inhibitor VII,1.0,7,3,2073.0,1868.0,205.0
2214057,G04,DMSO,0.0,7,4,3152.0,2975.0,177.0
2214057,G05,Obatoclax,0.1,7,5,2260.0,2163.0,97.0
2214057,G06,"DL-Buthionine-(S,R)-sulfoximine",0.003,7,6,3059.0,2889.0,170.0
2214057,G07,LCL-161,0.01,7,7,3111.0,2907.0,204.0
2214057,G08,6-thio-dG,10.0,7,8,911.0,826.0,85.0
2214057,G09,Obatoclax,0.01,7,9,3278.0,3059.0,219.0
2214057,G10,PF-3758309,10.0,7,10,776.0,741.0,35.0
2214057,G11,GKT136901,0.1,7,11,3289.0,3075.0,214.0
2214057,G12,CYC065 (Fadraciclib),1.0,7,12,184.0,153.0,31.0
2214057,G13,RSL3,0.01,7,13,2607.0,2422.0,185.0
2214057,G14,Ascorbic acid,0.1,7,14,3085.0,2920.0,165.0
2214057,G15,LCL-161,1.0,7,15,3048.0,2739.0,309.0
2214057,G16,Isotretinoin,10.0,7,16,3421.0,3098.0,323.0
2214057,G17,6-thio-dG,0.1,7,17,3043.0,2830.0,213.0
2214057,G18,Vistusertib,10.0,7,18,1314.0,1248.0,66.0
2214057,G19,DMSO,0.0,7,19,3135.0,2922.0,213.0
2214057,G20,CYC065 (Fadraciclib),0.01,7,20,3089.0,2877.0,212.0
2214057,G21,CB-103,0.01,7,21,3270.0,3032.0,238.0
2214057,G22,4-Diethylaminobenzaldehyde,10.0,7,22,2877.0,2639.0,238.0
2214057,G23,CPI-613,1.0,7,23,3115.0,2866.0,249.0
2214057,H01,Sulfopin,0.01,8,1,3243.0,3044.0,199.0
2214057,H02,6-thio-dG,1.0,8,2,2693.0,2476.0,217.0
2214057,H03,DMSO,0.0,8,3,3098.0,2895.0,203.0
2214057,H04,Vistusertib,0.01,8,4,2678.0,2518.0,160.0
2214057,H05,Pralsetinib,0.01,8,5,3169.0,2963.0,206.0
2214057,H06,Idasanutlin,0.1,8,6,1152.0,991.0,161.0
2214057,H07,MLN120B,10.0,8,7,2606.0,2373.0,233.0
2214057,H08,K-975,1.0,8,8,2657.0,2554.0,103.0
2214057,H09,MLN120B,10.0,8,9,2338.0,2157.0,181.0
2214057,H10,MLN120B,0.01,8,10,3218.0,3016.0,202.0
2214057,H11,CB-103,0.1,8,11,2942.0,2718.0,224.0
2214057,H12,Vactosertib,0.1,8,12,2179.0,1994.0,185.0
2214057,H13,PF-3758309,1.0,8,13,1886.0,1739.0,147.0
2214057,H14,Sulfopin,1.0,8,14,3004.0,2756.0,248.0
2214057,H15,CYC065 (Fadraciclib),0.01,8,15,3037.0,2868.0,169.0
2214057,H16,Doxycycline hyclate,0.1,8,16,2776.0,2634.0,142.0
2214057,H17,Bafilomycin A1,0.0,8,17,2012.0,1903.0,109.0
2214057,H18,Isotretinoin,0.1,8,18,3901.0,3610.0,291.0
2214057,H19,Verteporfin,0.1,8,19,3139.0,2888.0,251.0
2214057,H20,DMSO,0.0,8,20,3200.0,2977.0,223.0
2214057,H21,GKT136901,1.0,8,21,2822.0,2593.0,229.0
2214057,H22,Vactosertib,10.0,8,22,1848.0,1727.0,121.0
2214057,H23,A-1331852,10.0,8,23,1518.0,1239.0,279.0
2214057,H24,CPI-613,0.01,8,24,3069.0,2799.0,270.0
2214057,I01,LCL-161,0.01,9,1,3041.0,2798.0,243.0
2214057,I02,6-thio-dG,0.01,9,2,2606.0,2399.0,207.0
2214057,I03,Vactosertib,0.01,9,3,2678.0,2433.0,245.0
2214057,I04,4-Diethylaminobenzaldehyde,1.0,9,4,2998.0,2798.0,200.0
2214057,I05,GKT136901,1.0,9,5,3018.0,2705.0,313.0
2214057,I06,DMSO,0.0,9,6,3267.0,3014.0,253.0
2214057,I07,A-1331852,0.01,9,7,2616.0,2378.0,238.0
2214057,I08,Erdafitinib,1.0,9,8,2260.0,2145.0,115.0
2214057,I09,Halofuginone,1.0,9,9,315.0,304.0,11.0
2214057,I10,Palifosfamide,1.0,9,10,3156.0,2967.0,189.0
2214057,I11,Tomivosertib,0.01,9,11,3321.0,3142.0,179.0
2214057,I12,4-Diethylaminobenzaldehyde,0.01,9,12,3502.0,3234.0,268.0
2214057,I13,K-975,0.01,9,13,3209.0,3031.0,178.0
2214057,I14,Doxycycline hyclate,1.0,9,14,3409.0,3094.0,315.0
2214057,I15,IKK inhibitor VII,0.01,9,15,3114.0,2916.0,198.0
2214057,I16,Idasanutlin,0.01,9,16,2692.0,2518.0,174.0
2214057,I17,Idasanutlin,1.0,9,17,168.0,127.0,41.0
2214057,I18,CPI-613,0.1,9,18,2950.0,2699.0,251.0
2214057,I19,Halofuginone,10.0,9,19,122.0,117.0,5.0
2214057,I20,Palifosfamide,0.1,9,20,3053.0,2835.0,218.0
2214057,I21,DMSO,0.0,9,21,3454.0,3239.0,215.0
2214057,I22,K-975,10.0,9,22,1406.0,1268.0,138.0
2214057,I23,Tomivosertib,10.0,9,23,2959.0,2721.0,238.0
2214057,I24,Galunisertib,10.0,9,24,2032.0,1778.0,254.0
2214057,J01,AZD0156,0.1,10,1,2203.0,1976.0,227.0
2214057,J02,ML385,10.0,10,2,1975.0,1857.0,118.0
2214057,J03,Sulfopin,10.0,10,3,2303.0,2074.0,229.0
2214057,J04,6-thio-dG,1.0,10,4,2674.0,2457.0,217.0
2214057,J05,DMSO,0.0,10,5,3184.0,2896.0,288.0
2214057,J06,Tomivosertib,1.0,10,6,3249.0,3051.0,198.0
2214057,J07,AM-0902,0.01,10,7,2954.0,2722.0,232.0
2214057,J08,ML385,10.0,10,8,2343.0,2200.0,143.0
2214057,J09,4-Diethylaminobenzaldehyde,10.0,10,9,2885.0,2670.0,215.0
2214057,J10,Napabucasin,0.01,10,10,3043.0,2871.0,172.0
2214057,J11,Sulfopin,10.0,10,11,2428.0,2241.0,187.0
2214057,J12,Doxycycline hyclate,0.1,10,12,3035.0,2859.0,176.0
2214057,J13,AM-0902,0.1,10,13,2895.0,2659.0,236.0
2214057,J14,CPI-613,10.0,10,14,2921.0,2690.0,231.0
2214057,J15,Pictilisib,0.01,10,15,3203.0,2997.0,206.0
2214057,J16,MLN120B,0.1,10,16,3201.0,2972.0,229.0
2214057,J17,Indisulam,0.01,10,17,3538.0,3322.0,216.0
2214057,J18,Withaferin A,0.01,10,18,3037.0,2837.0,200.0
2214057,J19,Palifosfamide,0.01,10,19,3153.0,2880.0,273.0
2214057,J20,Halofuginone,10.0,10,20,96.0,91.0,5.0
2214057,J21,Ascorbic acid,1.0,10,21,3058.0,2832.0,226.0
2214057,J22,DMSO,0.0,10,22,3150.0,2879.0,271.0
2214057,J23,Ritlecitinib,1.0,10,23,3151.0,2930.0,221.0
2214057,J24,K-975,1.0,10,24,2899.0,2700.0,199.0
2214057,K01,Galunisertib,0.01,11,1,2749.0,2429.0,320.0
2214057,K02,Idasanutlin,0.01,11,2,2561.0,2338.0,223.0
2214057,K03,6-thio-dG,0.01,11,3,3108.0,2871.0,237.0
2214057,K04,Navitoclax,0.01,11,4,3447.0,3235.0,212.0
2214057,K05,Lorlatinib,10.0,11,5,1387.0,1214.0,173.0
2214057,K06,LCL-161,1.0,11,6,3021.0,2760.0,261.0
2214057,K07,4-Diethylaminobenzaldehyde,0.01,11,7,2783.0,2594.0,189.0
2214057,K08,DMSO,0.0,11,8,3092.0,2847.0,245.0
2214057,K09,Navitoclax,1.0,11,9,2091.0,1856.0,235.0
2214057,K10,PF-3758309,0.01,11,10,2973.0,2808.0,165.0
2214057,K11,Erdafitinib,0.01,11,11,3158.0,2994.0,164.0
2214057,K12,Doxycycline hyclate,0.01,11,12,3051.0,2841.0,210.0
2214057,K13,Verteporfin,1.0,11,13,3193.0,2966.0,227.0
2214057,K14,RSL3,0.01,11,14,3135.0,2984.0,151.0
2214057,K15,Daidzin,0.01,11,15,3270.0,2995.0,275.0
2214057,K16,DMSO,0.0,11,16,3216.0,2994.0,222.0
2214057,K17,MLN120B,0.01,11,17,3264.0,3055.0,209.0
2214057,K18,CB-103,1.0,11,18,2502.0,2263.0,239.0
2214057,K19,Lorlatinib,1.0,11,19,1577.0,1337.0,240.0
2214057,K20,Daidzin,0.01,11,20,3459.0,3205.0,254.0
2214057,K21,Bafilomycin A1,0.0,11,21,788.0,735.0,53.0
2214057,K22,Doxycycline hyclate,10.0,11,22,3111.0,2917.0,194.0
2214057,K23,DMSO,0.0,11,23,3169.0,2942.0,227.0
2214057,K24,"DL-Buthionine-(S,R)-sulfoximine",0.3,11,24,2955.0,2769.0,186.0
2214057,L01,Galunisertib,1.0,12,1,2246.0,2048.0,198.0
2214057,L02,CPI-613,0.1,12,2,3127.0,2910.0,217.0
2214057,L03,Nirogacestat,10.0,12,3,2597.0,2490.0,107.0
2214057,L04,Isotretinoin,1.0,12,4,3683.0,3308.0,375.0
2214057,L05,Sulfopin,0.1,12,5,3054.0,2873.0,181.0
2214057,L06,RSL3,1.0,12,6,1324.0,1226.0,98.0
2214057,L07,DMSO,0.0,12,7,2807.0,2599.0,208.0
2214057,L08,Doxycycline hyclate,1.0,12,8,2924.0,2712.0,212.0
2214057,L09,AM-0902,1.0,12,9,2806.0,2509.0,297.0
2214057,L10,GKT136901,0.01,12,10,2762.0,2615.0,147.0
2214057,L11,CPI-613,1.0,12,11,3509.0,3338.0,171.0
2214057,L12,2-DG,0.1,12,12,3204.0,3031.0,173.0
2214057,L13,"DL-Buthionine-(S,R)-sulfoximine",0.03,12,13,3141.0,2900.0,241.0
2214057,L14,Tomivosertib,0.1,12,14,3448.0,3213.0,235.0
2214057,L15,DMSO,0.0,12,15,2955.0,2818.0,137.0
2214057,L16,CB-103,0.1,12,16,3005.0,2793.0,212.0
2214057,L18,Vistusertib,1.0,12,18,1958.0,1732.0,226.0
2214057,L19,Palifosfamide,0.1,12,19,3454.0,3082.0,372.0
2214057,L20,RSL3,0.1,12,20,2629.0,2492.0,137.0
2214057,L21,Pictilisib,1.0,12,21,1683.0,1570.0,113.0
2214057,L22,LCL-161,0.1,12,22,3223.0,2972.0,251.0
2214057,L23,AZD0156,1.0,12,23,2275.0,2019.0,256.0
2214057,L24,DMSO,0.0,12,24,2663.0,2382.0,281.0
2214057,M01,Halofuginone,0.01,13,1,2826.0,2568.0,258.0
2214057,M03,Nirogacestat,1.0,13,3,3295.0,2995.0,300.0
2214057,M04,GKT136901,10.0,13,4,3060.0,2826.0,234.0
2214057,M05,Withaferin A,0.1,13,5,3349.0,3054.0,295.0
2214057,M06,Bafilomycin A1,0.0,13,6,2818.0,2594.0,224.0
2214057,M07,Napabucasin,0.1,13,7,2677.0,2447.0,230.0
2214057,M08,2-DG,0.01,13,8,2683.0,2445.0,238.0
2214057,M09,A-1331852,1.0,13,9,2263.0,2095.0,168.0
2214057,M10,DMSO,0.0,13,10,3088.0,2848.0,240.0
2214057,M11,Idasanutlin,0.1,13,11,985.0,831.0,154.0
2214057,M12,Withaferin A,0.1,13,12,3363.0,3108.0,255.0
2214057,M13,AM-0902,10.0,13,13,3221.0,2944.0,277.0
2214057,M14,DMSO,0.0,13,14,3169.0,3023.0,146.0
2214057,M15,LCL-161,0.1,13,15,2990.0,2849.0,141.0
2214057,M16,ML385,0.1,13,16,3042.0,2873.0,169.0
2214057,M17,CB-103,10.0,13,17,1278.0,1045.0,233.0
2214057,M18,Isotretinoin,0.01,13,18,4147.0,3881.0,266.0
2214057,M19,Indisulam,10.0,13,19,226.0,158.0,68.0
2214057,M20,RSL3,0.1,13,20,2772.0,2577.0,195.0
2214057,M21,AZD0156,0.01,13,21,3310.0,3076.0,234.0
2214057,M22,K-975,0.1,13,22,2947.0,2816.0,131.0
2214057,M23,Napabucasin,0.01,13,23,3038.0,2771.0,267.0
2214057,M24,A-1331852,1.0,13,24,2015.0,1756.0,259.0
2214057,N01,Galunisertib,0.1,14,1,2310.0,2062.0,248.0
2214057,N02,Sulfopin,1.0,14,2,2836.0,2607.0,229.0
2214057,N03,A-1331852,0.1,14,3,2511.0,2376.0,135.0
2214057,N04,Palifosfamide,1.0,14,4,2858.0,2601.0,257.0
2214057,N05,Vactosertib,0.1,14,5,2076.0,1935.0,141.0
2214057,N06,Lorlatinib,0.1,14,6,1416.0,1176.0,240.0
2214057,N07,Tomivosertib,0.1,14,7,3470.0,3235.0,235.0
2214057,N08,A-1331852,0.1,14,8,2965.0,2701.0,264.0
2214057,N09,DMSO,0.0,14,9,2918.0,2657.0,261.0
2214057,N10,GKT136901,0.1,14,10,3405.0,3187.0,218.0
2214057,N11,Verteporfin,1.0,14,11,2752.0,2546.0,206.0
2214057,N12,Galunisertib,1.0,14,12,2739.0,2519.0,220.0
2214057,N13,DMSO,0.0,14,13,3095.0,2793.0,302.0
2214057,N14,Erdafitinib,1.0,14,14,2730.0,2549.0,181.0
2214057,N15,Nirogacestat,0.01,14,15,3228.0,2940.0,288.0
2214057,N16,CB-103,10.0,14,16,1100.0,883.0,217.0
2214057,N17,ML385,1.0,14,17,2967.0,2795.0,172.0
2214057,N18,Sulfopin,0.01,14,18,3492.0,3248.0,244.0
2214057,N19,Pictilisib,10.0,14,19,1914.0,1736.0,178.0
2214057,N20,LCL-161,10.0,14,20,2827.0,2646.0,181.0
2214057,N21,Ascorbic acid,0.1,14,21,3336.0,3079.0,257.0
2214057,N22,Palifosfamide,0.01,14,22,2999.0,2720.0,279.0
2214057,N23,ML385,0.1,14,23,3138.0,2800.0,338.0
2214057,N24,"DL-Buthionine-(S,R)-sulfoximine",0.003,14,24,3134.0,2879.0,255.0
2214057,O01,Tomivosertib,1.0,15,1,2624.0,2231.0,393.0
2214057,O02,PF-3758309,0.1,15,2,2108.0,1957.0,151.0
2214057,O04,Navitoclax,0.1,15,4,2666.0,2438.0,228.0
2214057,O05,Pralsetinib,10.0,15,5,1541.0,1508.0,33.0
2214057,O06,"DL-Buthionine-(S,R)-sulfoximine",0.3,15,6,2920.0,2677.0,243.0
2214057,O07,2-DG,10.0,15,7,3005.0,2683.0,322.0
2214057,O08,Ravoxertinib,1.0,15,8,2251.0,2101.0,150.0
2214057,O10,Bafilomycin A1,0.0,15,10,787.0,711.0,76.0
2214057,O11,Galunisertib,0.01,15,11,2690.0,2459.0,231.0
2214057,O12,DMSO,0.0,15,12,2795.0,2593.0,202.0
2214057,O13,AM-0902,0.01,15,13,2919.0,2690.0,229.0
2214057,O14,CB-103,1.0,15,14,2351.0,2104.0,247.0
2214057,O15,Lorlatinib,0.1,15,15,1571.0,1253.0,318.0
2214057,O16,2-DG,1.0,15,16,2675.0,2467.0,208.0
2214057,O17,ML385,0.01,15,17,2994.0,2738.0,256.0
2214057,O18,Pictilisib,0.01,15,18,2930.0,2703.0,227.0
2214057,O19,Lorlatinib,1.0,15,19,1498.0,1289.0,209.0
2214057,O20,Lorlatinib,10.0,15,20,1075.0,879.0,196.0
2214057,O21,Erdafitinib,10.0,15,21,1469.0,1406.0,63.0
2214057,O22,Navitoclax,10.0,15,22,1858.0,1634.0,224.0
2214057,O23,Palifosfamide,10.0,15,23,2048.0,1733.0,315.0
2214057,O24,Withaferin A,10.0,15,24,88.0,72.0,16.0
2214057,P01,MLN120B,0.1,16,1,2188.0,1955.0,233.0
2214057,P02,Pictilisib,0.1,16,2,2022.0,1800.0,222.0
2214057,P04,LCL-161,10.0,16,4,2282.0,2049.0,233.0
2214057,P05,Pralsetinib,1.0,16,5,2173.0,2050.0,123.0
2214057,P06,4-Diethylaminobenzaldehyde,0.1,16,6,2611.0,2320.0,291.0
2214057,P07,Galunisertib,10.0,16,7,1659.0,1469.0,190.0
2214057,P08,Idasanutlin,1.0,16,8,514.0,425.0,89.0
2214057,P09,Napabucasin,0.1,16,9,2435.0,2199.0,236.0
2214057,P10,K-975,0.1,16,10,2327.0,2185.0,142.0
2214057,P11,DMSO,0.0,16,11,2806.0,2607.0,199.0
2214057,P12,Vactosertib,10.0,16,12,1399.0,1294.0,105.0
2214057,P14,Ascorbic acid,10.0,16,14,1926.0,1652.0,274.0
2214057,P15,Daidzin,0.1,16,15,2378.0,2183.0,195.0
2214057,P16,ML385,0.01,16,16,2763.0,2547.0,216.0
2214057,P17,Pictilisib,1.0,16,17,1362.0,1217.0,145.0
2214057,P18,Tomivosertib,0.01,16,18,2552.0,2284.0,268.0
2214057,P20,PF-3758309,1.0,16,20,1361.0,1277.0,84.0
2214057,P21,Ascorbic acid,1.0,16,21,2681.0,2354.0,327.0
2214057,P22,PF-3758309,10.0,16,22,623.0,591.0,32.0
2214057,P23,Erdafitinib,0.1,16,23,2354.0,2174.0,180.0
2214057,P24,Ravoxertinib,0.01,16,24,2687.0,2426.0,261.0
2214058,A01,Alisertib,1.0,1,1,651.0,500.0,151.0
2214058,A02,Vismodegib,20.0,1,2,2159.0,1963.0,196.0
2214058,A03,Thioguanine,1.0,1,3,1653.0,1435.0,218.0
2214058,A04,Seclidemstat,1.0,1,4,1067.0,912.0,155.0
2214058,A06,JQ1-(+),9.0,1,6,2396.0,2288.0,108.0
2214058,A07,I-BET762,0.01,1,7,2226.0,1993.0,233.0
2214058,A08,Cediranib,0.1,1,8,2645.0,2336.0,309.0
2214058,A09,MLN0128,1.0,1,9,1314.0,1199.0,115.0
2214058,A10,Telaglenastat,0.1,1,10,2206.0,2034.0,172.0
2214058,A11,Vincristine,0.02,1,11,2947.0,2662.0,285.0
2214058,A12,Semaxanib,0.1,1,12,2686.0,2485.0,201.0
2214058,A13,DMSO,0.0,1,13,2908.0,2525.0,383.0
2214058,A14,Cisplatin,2.0,1,14,2571.0,2356.0,215.0
2214058,A15,Vemurafenib,0.2,1,15,2548.0,2293.0,255.0
2214058,A16,ORY1001,0.01,1,16,2767.0,2541.0,226.0
2214058,A17,Veliparib,0.1,1,17,2229.0,1978.0,251.0
2214058,A18,Alisertib,0.01,1,18,2532.0,2312.0,220.0
2214058,A19,Ceritinib,10.0,1,19,333.0,287.0,46.0
2214058,A20,Temsirolimus,0.2,1,20,2701.0,2380.0,321.0
2214058,A21,Erlotinib,2.0,1,21,2369.0,2139.0,230.0
2214058,A22,EPZ-5676,10.0,1,22,2895.0,2680.0,215.0
2214058,A23,Ceritinib,0.01,1,23,2761.0,2485.0,276.0
2214058,A24,ORY1001,10.0,1,24,1837.0,1689.0,148.0
2214058,B01,Veliparib,0.1,2,1,2388.0,2189.0,199.0
2214058,B02,Masitinib,1.0,2,2,3059.0,2784.0,275.0
2214058,B03,Pacritinib,0.1,2,3,2448.0,2320.0,128.0
2214058,B04,Carfilzomib,0.0,2,4,2671.0,2496.0,175.0
2214058,B05,trametinib,10.0,2,5,2409.0,2227.0,182.0
2214058,B06,Vandetanib,0.02,2,6,2801.0,2596.0,205.0
2214058,B07,Pacritinib,1.0,2,7,2326.0,2173.0,153.0
2214058,B08,6-Mercaptopurine,20.0,2,8,2569.0,2375.0,194.0
2214058,B09,Pacritinib,10.0,2,9,335.0,301.0,34.0
2214058,B10,Telaglenastat,10.0,2,10,2732.0,2516.0,216.0
2214058,B11,JQ1-(+),0.09,2,11,2721.0,2537.0,184.0
2214058,B12,Semaxanib,10.0,2,12,2492.0,2366.0,126.0
2214058,B13,Lestaurtinib,0.01,2,13,3076.0,2880.0,196.0
2214058,B14,DMSO,0.0,2,14,2744.0,2512.0,232.0
2214058,B15,A-485,0.1,2,15,2612.0,2397.0,215.0
2214058,B16,Alitretinoin,20.0,2,16,3042.0,2829.0,213.0
2214058,B17,Carfilzomib,0.0,2,17,3096.0,2839.0,257.0
2214058,B18,Alisertib,10.0,2,18,598.0,503.0,95.0
2214058,B19,JQ1-(+),0.9,2,19,2577.0,2459.0,118.0
2214058,B20,Bexarotene,0.2,2,20,2788.0,2603.0,185.0
2214058,B21,Regorafenib,20.0,2,21,1802.0,1598.0,204.0
2214058,B22,Thioguanine,0.1,2,22,2628.0,2407.0,221.0
2214058,B23,Alisertib,0.01,2,23,2804.0,2530.0,274.0
2214058,B24,Olaparib,0.01,2,24,2882.0,2677.0,205.0
2214058,C01,Lestaurtinib,10.0,3,1,220.0,203.0,17.0
2214058,C02,Vemurafenib,0.02,3,2,2899.0,2588.0,311.0
2214058,C03,JQ1-(+),0.009,3,3,2661.0,2429.0,232.0
2214058,C04,Neratinib,0.1,3,4,2577.0,2391.0,186.0
2214058,C05,Vandetanib,20.0,3,5,2247.0,2122.0,125.0
2214058,C06,Idelalisib,0.1,3,6,2857.0,2670.0,187.0
2214058,C07,Seclidemstat,0.1,3,7,2634.0,2439.0,195.0
2214058,C08,Ruxolitinib,20.0,3,8,3046.0,2811.0,235.0
2214058,C09,Temsirolimus,20.0,3,9,2155.0,1982.0,173.0
2214058,C10,Ixazomib,0.1,3,10,2445.0,2225.0,220.0
2214058,C11,DMSO,0.0,3,11,3198.0,3010.0,188.0
2214058,C12,ORY1001,0.1,3,12,2465.0,2326.0,139.0
2214058,C13,trametinib,10.0,3,13,2084.0,1965.0,119.0
2214058,C14,Chloroquine,18.0,3,14,2879.0,2714.0,165.0
2214058,C15,DMSO,0.0,3,15,3032.0,2773.0,259.0
2214058,C16,Ceritinib,1.0,3,16,1294.0,1159.0,135.0
2214058,C17,Erlotinib,2.0,3,17,2385.0,2202.0,183.0
2214058,C18,Afatinib,0.01,3,18,2958.0,2726.0,232.0
2214058,C19,I-BET762,0.1,3,19,2780.0,2559.0,221.0
2214058,C20,MLN0128,10.0,3,20,1134.0,1070.0,64.0
2214058,C21,Ixazomib,1.0,3,21,138.0,109.0,29.0
2214058,C22,Regorafenib,0.02,3,22,2526.0,2334.0,192.0
2214058,C23,Cerivastatin,20.0,3,23,117.0,110.0,7.0
2214058,C24,Regorafenib,0.02,3,24,3119.0,2817.0,302.0
2214058,D01,Vandetanib,2.0,4,1,2489.0,2327.0,162.0
2214058,D02,ORY1001,1.0,4,2,2009.0,1834.0,175.0
2214058,D03,Vismodegib,0.2,4,3,2950.0,2668.0,282.0
2214058,D04,Ceritinib,0.1,4,4,2567.0,2311.0,256.0
2214058,D05,Bexarotene,2.0,4,5,2993.0,2788.0,205.0
2214058,D06,TAK-733,0.01,4,6,2626.0,2504.0,122.0
2214058,D07,Bexarotene,20.0,4,7,3222.0,3086.0,136.0
2214058,D08,Ixazomib,10.0,4,8,103.0,102.0,1.0
2214058,D09,Veliparib,1.0,4,9,2398.0,2199.0,199.0
2214058,D10,Bexarotene,0.2,4,10,2679.0,2445.0,234.0
2214058,D11,Dicumarol (Bishydroxycoumarin),0.01,4,11,3018.0,2730.0,288.0
2214058,D12,DMSO,0.0,4,12,2772.0,2617.0,155.0
2214058,D13,Ruxolitinib,2.0,4,13,2981.0,2734.0,247.0
2214058,D14,EPZ-5676,0.01,4,14,2832.0,2644.0,188.0
2214058,D15,Seclidemstat,10.0,4,15,356.0,245.0,111.0
2214058,D16,DMSO,0.0,4,16,2384.0,2151.0,233.0
2214058,D17,Vemurafenib,20.0,4,17,2818.0,2654.0,164.0
2214058,D18,I-BET762,0.1,4,18,2791.0,2631.0,160.0
2214058,D19,Olaparib,10.0,4,19,1447.0,1171.0,276.0
2214058,D20,Alitretinoin,20.0,4,20,3328.0,3012.0,316.0
2214058,D21,Alisertib,0.1,4,21,838.0,693.0,145.0
2214058,D22,Cisplatin,0.2,4,22,2649.0,2431.0,218.0
2214058,D23,Ixazomib,0.1,4,23,2730.0,2494.0,236.0
2214058,D24,Neratinib,0.01,4,24,2520.0,2213.0,307.0
2214058,E01,Ruxolitinib,2.0,5,1,3220.0,2981.0,239.0
2214058,E02,DMSO,0.0,5,2,2827.0,2615.0,212.0
2214058,E03,Afatinib,0.01,5,3,2678.0,2473.0,205.0
2214058,E04,A-485,1.0,5,4,1734.0,1606.0,128.0
2214058,E05,Motesanib,0.1,5,5,2913.0,2665.0,248.0
2214058,E06,MLN0128,0.01,5,6,2519.0,2297.0,222.0
2214058,E07,Pacritinib,0.01,5,7,2879.0,2679.0,200.0
2214058,E08,Temsirolimus,0.2,5,8,2620.0,2449.0,171.0
2214058,E09,DMSO,0.0,5,9,2959.0,2801.0,158.0
2214058,E10,Ruxolitinib,20.0,5,10,2786.0,2577.0,209.0
2214058,E11,Thioguanine,10.0,5,11,172.0,147.0,25.0
2214058,E12,Cediranib,0.01,5,12,3121.0,2915.0,206.0
2214058,E13,MLN0128,1.0,5,13,1396.0,1304.0,92.0
2214058,E14,TAK-733,1.0,5,14,1475.0,1295.0,180.0
2214058,E15,Pacritinib,0.1,5,15,2956.0,2801.0,155.0
2214058,E16,Bexarotene,0.02,5,16,2685.0,2518.0,167.0
2214058,E17,DMSO,0.0,5,17,2888.0,2741.0,147.0
2214058,E18,Tretinoin,0.02,5,18,2828.0,2606.0,222.0
2214058,E19,JQ1-(+),0.09,5,19,2484.0,2335.0,149.0
2214058,E20,Alitretinoin,2.0,5,20,2897.0,2732.0,165.0
2214058,E21,Vandetanib,0.2,5,21,2885.0,2691.0,194.0
2214058,E22,Crizotinib,20.0,5,22,74.0,67.0,7.0
2214058,E23,Ixazomib,0.01,5,23,3084.0,2809.0,275.0
2214058,E24,Temsirolimus,0.02,5,24,2698.0,2436.0,262.0
2214058,F01,DMSO,0.0,6,1,2749.0,2497.0,252.0
2214058,F03,Vemurafenib,2.0,6,3,2824.0,2611.0,213.0
2214058,F04,I-BET762,1.0,6,4,2933.0,2742.0,191.0
2214058,F05,6-Mercaptopurine,20.0,6,5,2215.0,1996.0,219.0
2214058,F06,Alisertib,0.1,6,6,957.0,780.0,177.0
2214058,F07,Bexarotene,2.0,6,7,3102.0,2939.0,163.0
2214058,F08,Tretinoin,0.2,6,8,3169.0,2980.0,189.0
2214058,F09,Chloroquine,0.009,6,9,2699.0,2511.0,188.0
2214058,F10,DMSO,0.0,6,10,2790.0,2631.0,159.0
2214058,F11,Alisertib,10.0,6,11,559.0,493.0,66.0
2214058,F12,Vismodegib,2.0,6,12,3012.0,2785.0,227.0
2214058,F13,Vismodegib,2.0,6,13,3089.0,2931.0,158.0
2214058,F14,Neratinib,0.1,6,14,3054.0,2882.0,172.0
2214058,F15,Neratinib,1.0,6,15,2347.0,2199.0,148.0
2214058,F16,TAK-733,1.0,6,16,1250.0,1092.0,158.0
2214058,F17,Temsirolimus,2.0,6,17,2353.0,2207.0,146.0
2214058,F18,DMSO,0.0,6,18,2865.0,2686.0,179.0
2214058,F19,Seclidemstat,0.01,6,19,2993.0,2820.0,173.0
2214058,F20,Carfilzomib,0.0,6,20,2982.0,2781.0,201.0
2214058,F21,A-485,0.1,6,21,2568.0,2341.0,227.0
2214058,F22,trametinib,0.1,6,22,2896.0,2660.0,236.0
2214058,F23,Veliparib,0.01,6,23,2758.0,2517.0,241.0
2214058,F24,ORY1001,0.1,6,24,2284.0,2100.0,184.0
2214058,G01,I-BET762,0.01,7,1,2771.0,2526.0,245.0
2214058,G02,Vismodegib,20.0,7,2,2138.0,1938.0,200.0
2214058,G03,ORY1001,1.0,7,3,2349.0,2103.0,246.0
2214058,G04,DMSO,0.0,7,4,2887.0,2689.0,198.0
2214058,G05,Tretinoin,0.2,7,5,2805.0,2656.0,149.0
2214058,G06,trametinib,0.01,7,6,2817.0,2585.0,232.0
2214058,G07,Cabozantinib,0.02,7,7,2786.0,2558.0,228.0
2214058,G08,Telaglenastat,10.0,7,8,2324.0,2216.0,108.0
2214058,G09,Tretinoin,0.02,7,9,2906.0,2740.0,166.0
2214058,G10,Cediranib,10.0,7,10,1450.0,1426.0,24.0
2214058,G11,Olaparib,0.1,7,11,2692.0,2481.0,211.0
2214058,G12,A-485,1.0,7,12,1903.0,1753.0,150.0
2214058,G13,Alitretinoin,0.02,7,13,3055.0,2877.0,178.0
2214058,G14,Regorafenib,0.2,7,14,3203.0,3077.0,126.0
2214058,G15,Cabozantinib,2.0,7,15,2022.0,1902.0,120.0
2214058,G16,Ceritinib,10.0,7,16,349.0,311.0,38.0
2214058,G17,Telaglenastat,0.1,7,17,2815.0,2697.0,118.0
2214058,G18,Pacritinib,10.0,7,18,207.0,178.0,29.0
2214058,G19,DMSO,0.0,7,19,3019.0,2834.0,185.0
2214058,G20,A-485,0.01,7,20,2889.0,2693.0,196.0
2214058,G21,Dicumarol (Bishydroxycoumarin),0.01,7,21,2733.0,2528.0,205.0
2214058,G22,Cisplatin,20.0,7,22,2568.0,2325.0,243.0
2214058,G23,Chloroquine,1.8,7,23,3046.0,2830.0,216.0
2214058,G24,ORY1001,10.0,7,24,2022.0,1841.0,181.0
2214058,H01,Motesanib,0.01,8,1,2196.0,1998.0,198.0
2214058,H02,Telaglenastat,1.0,8,2,2482.0,2330.0,152.0
2214058,H03,DMSO,0.0,8,3,2796.0,2554.0,242.0
2214058,H04,Pacritinib,0.01,8,4,3011.0,2771.0,240.0
2214058,H05,JQ1-(+),0.009,8,5,3052.0,2817.0,235.0
2214058,H06,6-Mercaptopurine,0.1,8,6,2660.0,2534.0,126.0
2214058,H07,Erlotinib,20.0,8,7,1341.0,1243.0,98.0
2214058,H09,Erlotinib,20.0,8,9,1301.0,1157.0,144.0
2214058,H10,Erlotinib,0.02,8,10,2884.0,2694.0,190.0
2214058,H11,Dicumarol (Bishydroxycoumarin),0.1,8,11,2761.0,2591.0,170.0
2214058,H12,TAK-733,0.1,8,12,2438.0,2312.0,126.0
2214058,H13,Cediranib,1.0,8,13,2336.0,2228.0,108.0
2214058,H14,Motesanib,1.0,8,14,3001.0,2788.0,213.0
2214058,H15,A-485,0.01,8,15,2868.0,2648.0,220.0
2214058,H16,Lestaurtinib,0.1,8,16,3044.0,2849.0,195.0
2214058,H17,Neratinib,1.0,8,17,2564.0,2388.0,176.0
2214058,H18,Ceritinib,0.1,8,18,2553.0,2321.0,232.0
2214058,H19,I-BET762,1.0,8,19,2990.0,2867.0,123.0
2214058,H20,DMSO,0.0,8,20,2911.0,2748.0,163.0
2214058,H21,Olaparib,1.0,8,21,2475.0,2269.0,206.0
2214058,H22,TAK-733,10.0,8,22,992.0,868.0,124.0
2214058,H23,EPZ-5676,10.0,8,23,3012.0,2767.0,245.0
2214058,H24,Chloroquine,0.009,8,24,2550.0,2347.0,203.0
2214058,I01,Cabozantinib,0.02,9,1,2937.0,2745.0,192.0
2214058,I02,Telaglenastat,0.01,9,2,2610.0,2460.0,150.0
2214058,I03,TAK-733,0.01,9,3,2639.0,2463.0,176.0
2214058,I04,Cisplatin,2.0,9,4,2864.0,2686.0,178.0
2214058,I05,Olaparib,1.0,9,5,2260.0,2057.0,203.0
2214058,I06,DMSO,0.0,9,6,2677.0,2493.0,184.0
2214058,I07,EPZ-5676,0.01,9,7,2963.0,2808.0,155.0
2214058,I08,Carfilzomib,0.0,9,8,3014.0,2869.0,145.0
2214058,I09,Veliparib,1.0,9,9,2614.0,2424.0,190.0
2214058,I11,Crizotinib,0.02,9,11,2819.0,2641.0,178.0
2214058,I12,Cisplatin,0.02,9,12,2986.0,2779.0,207.0
2214058,I13,Vincristine,0.02,9,13,2550.0,2460.0,90.0
2214058,I14,Lestaurtinib,1.0,9,14,1009.0,780.0,229.0
2214058,I15,ORY1001,0.01,9,15,2644.0,2459.0,185.0
2214058,I16,6-Mercaptopurine,0.01,9,16,2772.0,2513.0,259.0
2214058,I17,6-Mercaptopurine,2.0,9,17,3046.0,2863.0,183.0
2214058,I18,Chloroquine,0.09,9,18,2619.0,2453.0,166.0
2214058,I19,Veliparib,10.0,9,19,2220.0,2054.0,166.0
2214058,I20,Cerivastatin,0.1,9,20,2042.0,1926.0,116.0
2214058,I21,DMSO,0.0,9,21,2845.0,2701.0,144.0
2214058,I22,Vincristine,20.0,9,22,219.0,174.0,45.0
2214058,I23,Crizotinib,20.0,9,23,78.0,69.0,9.0
2214058,I24,Idelalisib,10.0,9,24,2175.0,1892.0,283.0
2214058,J01,Seclidemstat,0.1,10,1,2591.0,2361.0,230.0
2214058,J02,Masitinib,10.0,10,2,2437.0,2294.0,143.0
2214058,J03,Motesanib,10.0,10,3,2855.0,2639.0,216.0
2214058,J04,Telaglenastat,1.0,10,4,2458.0,2298.0,160.0
2214058,J05,DMSO,0.0,10,5,2956.0,2674.0,282.0
2214058,J06,Crizotinib,2.0,10,6,827.0,758.0,69.0
2214058,J07,Thioguanine,0.01,10,7,2951.0,2715.0,236.0
2214058,J08,Masitinib,10.0,10,8,2464.0,2341.0,123.0
2214058,J09,Cisplatin,20.0,10,9,2372.0,2227.0,145.0
2214058,J10,Ruxolitinib,0.02,10,10,2974.0,2793.0,181.0
2214058,J11,Motesanib,10.0,10,11,2578.0,2385.0,193.0
2214058,J12,Lestaurtinib,0.1,10,12,3164.0,2972.0,192.0
2214058,J13,Thioguanine,0.1,10,13,2830.0,2656.0,174.0
2214058,J14,Chloroquine,18.0,10,14,2768.0,2592.0,176.0
2214058,J15,Semaxanib,0.01,10,15,2609.0,2492.0,117.0
2214058,J16,Erlotinib,0.2,10,16,3010.0,2870.0,140.0
2214058,J17,Bexarotene,0.02,10,17,2798.0,2581.0,217.0
2214058,J18,MLN0128,0.01,10,18,2443.0,2246.0,197.0
2214058,J19,Cerivastatin,0.01,10,19,2691.0,2492.0,199.0
2214058,J20,Veliparib,10.0,10,20,2188.0,1980.0,208.0
2214058,J21,Regorafenib,2.0,10,21,3302.0,3009.0,293.0
2214058,J22,DMSO,0.0,10,22,2885.0,2701.0,184.0
2214058,J23,Alisertib,1.0,10,23,569.0,467.0,102.0
2214058,J24,Vincristine,2.0,10,24,261.0,213.0,48.0
2214058,K01,Idelalisib,0.01,11,1,2465.0,2164.0,301.0
2214058,K02,6-Mercaptopurine,0.01,11,2,2506.0,2263.0,243.0
2214058,K03,Telaglenastat,0.01,11,3,2769.0,2500.0,269.0
2214058,K04,Vemurafenib,0.02,11,4,2753.0,2564.0,189.0
2214058,K05,Afatinib,10.0,11,5,216.0,176.0,40.0
2214058,K06,Cabozantinib,2.0,11,6,1960.0,1783.0,177.0
2214058,K07,Cisplatin,0.02,11,7,2681.0,2393.0,288.0
2214058,K08,DMSO,0.0,11,8,3120.0,2899.0,221.0
2214058,K09,Vemurafenib,2.0,11,9,3100.0,2851.0,249.0
2214058,K10,Cediranib,0.01,11,10,2630.0,2479.0,151.0
2214058,K11,Carfilzomib,0.0,11,11,3085.0,2844.0,241.0
2214058,K12,Lestaurtinib,0.01,11,12,3091.0,2900.0,191.0
2214058,K13,I-BET762,10.0,11,13,2214.0,2133.0,81.0
2214058,K14,Alitretinoin,0.02,11,14,2887.0,2704.0,183.0
2214058,K15,Vismodegib,0.02,11,15,2870.0,2699.0,171.0
2214058,K16,DMSO,0.0,11,16,2788.0,2635.0,153.0
2214058,K17,Erlotinib,0.02,11,17,2697.0,2511.0,186.0
2214058,K18,Dicumarol (Bishydroxycoumarin),1.0,11,18,2645.0,2449.0,196.0
2214058,K19,Afatinib,1.0,11,19,1907.0,1747.0,160.0
2214058,K20,Vismodegib,0.02,11,20,3091.0,2875.0,216.0
2214058,K21,Neratinib,10.0,11,21,1549.0,1442.0,107.0
2214058,K22,Lestaurtinib,10.0,11,22,169.0,155.0,14.0
2214058,K23,DMSO,0.0,11,23,2921.0,2743.0,178.0
2214058,K24,trametinib,1.0,11,24,2627.0,2386.0,241.0
2214058,L01,Idelalisib,1.0,12,1,2501.0,2241.0,260.0
2214058,L02,Chloroquine,0.09,12,2,2971.0,2690.0,281.0
2214058,L03,Temsirolimus,20.0,12,3,2211.0,2027.0,184.0
2214058,L04,Ceritinib,1.0,12,4,1232.0,1104.0,128.0
2214058,L05,Motesanib,0.1,12,5,2890.0,2697.0,193.0
2214058,L06,Alitretinoin,2.0,12,6,3103.0,2894.0,209.0
2214058,L07,DMSO,0.0,12,7,2889.0,2658.0,231.0
2214058,L08,Lestaurtinib,1.0,12,8,954.0,714.0,240.0
2214058,L09,Thioguanine,1.0,12,9,1283.0,1126.0,157.0
2214058,L10,Olaparib,0.01,12,10,2727.0,2585.0,142.0
2214058,L11,Chloroquine,1.8,12,11,2688.0,2500.0,188.0
2214058,L12,Vandetanib,0.2,12,12,2850.0,2679.0,171.0
2214058,L13,trametinib,0.1,12,13,2583.0,2429.0,154.0
2214058,L14,Crizotinib,0.2,12,14,2268.0,2067.0,201.0
2214058,L15,DMSO,0.0,12,15,2951.0,2809.0,142.0
2214058,L16,Dicumarol (Bishydroxycoumarin),0.1,12,16,2891.0,2665.0,226.0
2214058,L17,A-485,10.0,12,17,855.0,794.0,61.0
2214058,L18,Pacritinib,1.0,12,18,2125.0,2020.0,105.0
2214058,L19,Cerivastatin,0.1,12,19,2235.0,2114.0,121.0
2214058,L20,Alitretinoin,0.2,12,20,3182.0,2985.0,197.0
2214058,L21,Semaxanib,1.0,12,21,2625.0,2448.0,177.0
2214058,L22,Cabozantinib,0.2,12,22,2613.0,2434.0,179.0
2214058,L23,Seclidemstat,1.0,12,23,933.0,853.0,80.0
2214058,L24,DMSO,0.0,12,24,2738.0,2456.0,282.0
2214058,M01,Veliparib,0.01,13,1,2660.0,2346.0,314.0
2214058,M02,Tretinoin,20.0,13,2,3469.0,3169.0,300.0
2214058,M03,Temsirolimus,2.0,13,3,2245.0,2136.0,109.0
2214058,M04,Olaparib,10.0,13,4,1156.0,975.0,181.0
2214058,M05,MLN0128,0.1,13,5,1989.0,1851.0,138.0
2214058,M06,Neratinib,0.01,13,6,2896.0,2724.0,172.0
2214058,M07,Ruxolitinib,0.2,13,7,2924.0,2683.0,241.0
2214058,M08,Vandetanib,0.02,13,8,2726.0,2544.0,182.0
2214058,M09,EPZ-5676,1.0,13,9,2793.0,2633.0,160.0
2214058,M10,DMSO,0.0,13,10,2884.0,2700.0,184.0
2214058,M11,6-Mercaptopurine,0.1,13,11,2876.0,2672.0,204.0
2214058,M12,MLN0128,0.1,13,12,1820.0,1678.0,142.0
2214058,M14,DMSO,0.0,13,14,3260.0,3067.0,193.0
2214058,M15,Cabozantinib,0.2,13,15,2536.0,2337.0,199.0
2214058,M16,Masitinib,0.1,13,16,2636.0,2471.0,165.0
2214058,M17,Dicumarol (Bishydroxycoumarin),10.0,13,17,2758.0,2585.0,173.0
2214058,M18,Ceritinib,0.01,13,18,2872.0,2695.0,177.0
2214058,M19,Bexarotene,20.0,13,19,3071.0,2876.0,195.0
2214058,M20,Alitretinoin,0.2,13,20,2710.0,2484.0,226.0
2214058,M21,Seclidemstat,0.01,13,21,2615.0,2411.0,204.0
2214058,M22,Vincristine,0.2,13,22,610.0,517.0,93.0
2214058,M23,Ruxolitinib,0.02,13,23,2903.0,2593.0,310.0
2214058,M24,EPZ-5676,1.0,13,24,2803.0,2502.0,301.0
2214058,N01,Idelalisib,0.1,14,1,2367.0,2160.0,207.0
2214058,N02,Motesanib,1.0,14,2,2728.0,2511.0,217.0
2214058,N03,EPZ-5676,0.1,14,3,2499.0,2294.0,205.0
2214058,N05,TAK-733,0.1,14,5,2038.0,1896.0,142.0
2214058,N06,Afatinib,0.1,14,6,2569.0,2425.0,144.0
2214058,N07,Crizotinib,0.2,14,7,2110.0,1930.0,180.0
2214058,N08,EPZ-5676,0.1,14,8,3041.0,2815.0,226.0
2214058,N09,DMSO,0.0,14,9,3081.0,2926.0,155.0
2214058,N10,Olaparib,0.1,14,10,2664.0,2458.0,206.0
2214058,N11,I-BET762,10.0,14,11,2560.0,2425.0,135.0
2214058,N12,Idelalisib,1.0,14,12,2071.0,1926.0,145.0
2214058,N13,DMSO,0.0,14,13,2373.0,2243.0,130.0
2214058,N14,Carfilzomib,0.0,14,14,2757.0,2520.0,237.0
2214058,N15,Temsirolimus,0.02,14,15,3106.0,2877.0,229.0
2214058,N16,Dicumarol (Bishydroxycoumarin),10.0,14,16,2622.0,2421.0,201.0
2214058,N17,Masitinib,1.0,14,17,2725.0,2581.0,144.0
2214058,N18,Motesanib,0.01,14,18,3225.0,3013.0,212.0
2214058,N19,Semaxanib,10.0,14,19,2439.0,2228.0,211.0
2214058,N20,Cabozantinib,20.0,14,20,507.0,465.0,42.0
2214058,N21,Regorafenib,0.2,14,21,2831.0,2658.0,173.0
2214058,N22,Cerivastatin,0.01,14,22,2384.0,2157.0,227.0
2214058,N23,Masitinib,0.1,14,23,2501.0,2277.0,224.0
2214058,N24,trametinib,0.01,14,24,2958.0,2709.0,249.0
2214058,O01,Crizotinib,2.0,15,1,717.0,612.0,105.0
2214058,O02,Cediranib,0.1,15,2,2560.0,2272.0,288.0
2214058,O03,Tretinoin,2.0,15,3,2702.0,2400.0,302.0
2214058,O04,Vemurafenib,0.2,15,4,2516.0,2233.0,283.0
2214058,O05,JQ1-(+),9.0,15,5,2043.0,1979.0,64.0
2214058,O06,trametinib,1.0,15,6,2663.0,2487.0,176.0
2214058,O07,Vandetanib,20.0,15,7,1829.0,1723.0,106.0
2214058,O09,Tretinoin,20.0,15,9,3088.0,2790.0,298.0
2214058,O10,Neratinib,10.0,15,10,1652.0,1518.0,134.0
2214058,O11,Idelalisib,0.01,15,11,2473.0,2159.0,314.0
2214058,O12,DMSO,0.0,15,12,2695.0,2585.0,110.0
2214058,O13,Thioguanine,0.01,15,13,2448.0,2273.0,175.0
2214058,O14,Dicumarol (Bishydroxycoumarin),1.0,15,14,2610.0,2389.0,221.0
2214058,O15,Afatinib,0.1,15,15,2545.0,2348.0,197.0
2214058,O16,Vandetanib,2.0,15,16,2536.0,2322.0,214.0
2214058,O17,Masitinib,0.01,15,17,2649.0,2412.0,237.0
2214058,O18,Semaxanib,0.01,15,18,2802.0,2585.0,217.0
2214058,O19,Afatinib,1.0,15,19,2020.0,1878.0,142.0
2214058,O20,Afatinib,10.0,15,20,172.0,144.0,28.0
2214058,O21,Carfilzomib,0.0,15,21,2434.0,2232.0,202.0
2214058,O22,Vemurafenib,20.0,15,22,2890.0,2556.0,334.0
2214058,O23,Cerivastatin,20.0,15,23,92.0,79.0,13.0
2214058,P01,Erlotinib,0.2,16,1,1926.0,1653.0,273.0
2214058,P02,Semaxanib,0.1,16,2,2299.0,2041.0,258.0
2214058,P03,Tretinoin,2.0,16,3,2661.0,2423.0,238.0
2214058,P04,Cabozantinib,20.0,16,4,379.0,334.0,45.0
2214058,P05,JQ1-(+),0.9,16,5,2396.0,2300.0,96.0
2214058,P06,Cisplatin,0.2,16,6,2631.0,2314.0,317.0
2214058,P07,Idelalisib,10.0,16,7,1754.0,1513.0,241.0
2214058,P08,6-Mercaptopurine,2.0,16,8,2754.0,2426.0,328.0
2214058,P09,Ruxolitinib,0.2,16,9,2432.0,2247.0,185.0
2214058,P10,Vincristine,0.2,16,10,1324.0,1136.0,188.0
2214058,P11,DMSO,0.0,16,11,2346.0,2047.0,299.0
2214058,P12,TAK-733,10.0,16,12,1133.0,1019.0,114.0
2214058,P13,Seclidemstat,10.0,16,13,317.0,242.0,75.0
2214058,P14,Regorafenib,20.0,16,14,1567.0,1309.0,258.0
2214058,P15,Vismodegib,0.2,16,15,2782.0,2479.0,303.0
2214058,P16,Masitinib,0.01,16,16,2743.0,2464.0,279.0
2214058,P17,Semaxanib,1.0,16,17,2504.0,2273.0,231.0
2214058,P18,Crizotinib,0.02,16,18,2498.0,2195.0,303.0
2214058,P19,A-485,10.0,16,19,746.0,661.0,85.0
2214058,P20,Cediranib,1.0,16,20,1893.0,1736.0,157.0
2214058,P21,Regorafenib,2.0,16,21,2701.0,2397.0,304.0
2214058,P22,Cediranib,10.0,16,22,1537.0,1465.0,72.0
2214058,P23,Carfilzomib,0.0,16,23,2880.0,2617.0,263.0
2214058,P24,Ixazomib,0.01,16,24,2491.0,2192.0,299.0
2214059,A01,Hydroxyurea,2.0,1,1,2570.0,2278.0,292.0
2214059,A03,Vorinostat,2.0,1,3,797.0,469.0,328.0
2214059,A04,Imatinib,2.0,1,4,2851.0,2593.0,258.0
2214059,A05,Trichostatin A,20.0,1,5,2914.0,2594.0,320.0
2214059,A06,Sunitinib,20.0,1,6,1982.0,1616.0,366.0
2214059,A07,I-BRD9,0.01,1,7,2903.0,2606.0,297.0
2214059,A08,Temozolomide,0.1,1,8,2623.0,2360.0,263.0
2214059,A10,Everolimus,0.1,1,10,2299.0,2042.0,257.0
2214059,A11,Trichostatin A,0.02,1,11,2656.0,2266.0,390.0
2214059,A12,Meclofenamate (sodium),0.1,1,12,2565.0,2361.0,204.0
2214059,A13,DMSO,0.0,1,13,2727.0,2467.0,260.0
2214059,A14,GSK-J4,5.0,1,14,407.0,323.0,84.0
2214059,A15,C646,0.2,1,15,2317.0,2072.0,245.0
2214059,A16,5-Carboxy-8-hydroxyquinoline (IOX1),0.05,1,16,2741.0,2519.0,222.0
2214059,A17,Fenoprofen,0.1,1,17,3141.0,2959.0,182.0
2214059,A18,Hydroxyurea,0.01,1,18,2711.0,2360.0,351.0
2214059,A19,Metformin,20.0,1,19,2669.0,2348.0,321.0
2214059,A20,Tamoxifen,0.09,1,20,2889.0,2592.0,297.0
2214059,A21,Disulfiram,2.0,1,21,221.0,193.0,28.0
2214059,A22,I-CBP112,20.0,1,22,2610.0,2291.0,319.0
2214059,A23,Metformin,0.01,1,23,2738.0,2457.0,281.0
2214059,A24,5-Carboxy-8-hydroxyquinoline (IOX1),50.0,1,24,742.0,620.0,122.0
2214059,B01,Fenoprofen,0.1,2,1,2865.0,2597.0,268.0
2214059,B02,Carboplatin,2.0,2,2,2698.0,2438.0,260.0
2214059,B03,MK-1775,0.2,2,3,2717.0,2477.0,240.0
2214059,B04,Eflornithine,0.01,2,4,3133.0,2872.0,261.0
2214059,B05,Gefitinib,20.0,2,5,2486.0,2295.0,191.0
2214059,B06,AT9283,0.02,2,6,2439.0,2202.0,237.0
2214059,B07,MK-1775,2.0,2,7,2842.0,2556.0,286.0
2214059,B08,Venetoclax,10.0,2,8,2570.0,2267.0,303.0
2214059,B09,MK-1775,20.0,2,9,2857.0,2677.0,180.0
2214059,B10,Everolimus,20.0,2,10,2094.0,1878.0,216.0
2214059,B11,Sunitinib,0.1,2,11,2594.0,2404.0,190.0
2214059,B12,Meclofenamate (sodium),20.0,2,12,2488.0,2269.0,219.0
2214059,B13,Romidepsin,0.02,2,13,2726.0,2441.0,285.0
2214059,B14,DMSO,0.0,2,14,2658.0,2428.0,230.0
2214059,B15,Bortezomib,0.1,2,15,107.0,106.0,1.0
2214059,B16,SGC-CBP30,50.0,2,16,1269.0,1202.0,67.0
2214059,B17,Eflornithine,20.0,2,17,2708.0,2459.0,249.0
2214059,B18,Hydroxyurea,20.0,2,18,3585.0,3229.0,356.0
2214059,B19,Sunitinib,2.0,2,19,2960.0,2669.0,291.0
2214059,B20,Melphalan,0.1,2,20,2952.0,2710.0,242.0
2214059,B21,Panobinostat,50.0,2,21,191.0,176.0,15.0
2214059,B22,Vorinostat,0.1,2,22,2800.0,2561.0,239.0
2214059,B23,Hydroxyurea,0.01,2,23,3082.0,2614.0,468.0
2214059,B24,Busulfan,0.01,2,24,2875.0,2593.0,282.0
2214059,C01,Romidepsin,20.0,3,1,239.0,225.0,14.0
2214059,C02,C646,0.02,3,2,3025.0,2787.0,238.0
2214059,C03,Sunitinib,0.01,3,3,2522.0,2324.0,198.0
2214059,C04,EX-527,0.5,3,4,2925.0,2705.0,220.0
2214059,C05,AT9283,20.0,3,5,2851.0,2637.0,214.0
2214059,C06,Sorafenib,0.1,3,6,3122.0,2850.0,272.0
2214059,C07,Imatinib,0.1,3,7,2830.0,2654.0,176.0
2214059,C09,Tamoxifen,18.0,3,9,2971.0,2718.0,253.0
2214059,C10,Auranofin,0.1,3,10,2521.0,2207.0,314.0
2214059,C11,DMSO,0.0,3,11,3406.0,3130.0,276.0
2214059,C12,5-Carboxy-8-hydroxyquinoline (IOX1),0.5,3,12,2903.0,2657.0,246.0
2214059,C13,Gefitinib,20.0,3,13,2441.0,2332.0,109.0
2214059,C14,Duvelisib,10.0,3,14,1707.0,1576.0,131.0
2214059,C15,DMSO,0.0,3,15,2740.0,2555.0,185.0
2214059,C16,Metformin,2.0,3,16,2855.0,2624.0,231.0
2214059,C17,Disulfiram,2.0,3,17,177.0,152.0,25.0
2214059,C18,Doxorubicin,0.01,3,18,2988.0,2741.0,247.0
2214059,C19,I-BRD9,0.1,3,19,3032.0,2836.0,196.0
2214059,C20,Staurosporine,20.0,3,20,57.0,57.0,0.0
2214059,C21,Auranofin,2.0,3,21,152.0,126.0,26.0
2214059,C22,Panobinostat,0.05,3,22,2247.0,1843.0,404.0
2214059,C23,Topotecan,10.0,3,23,98.0,84.0,14.0
2214059,C24,Panobinostat,0.05,3,24,2104.0,1697.0,407.0
2214059,D01,AT9283,2.0,4,1,2533.0,2223.0,310.0
2214059,D02,5-Carboxy-8-hydroxyquinoline (IOX1),5.0,4,2,2928.0,2657.0,271.0
2214059,D04,Metformin,0.1,4,4,2908.0,2673.0,235.0
2214059,D05,Melphalan,1.0,4,5,2217.0,1936.0,281.0
2214059,D06,Etoposide,0.02,4,6,3010.0,2784.0,226.0
2214059,D07,Melphalan,10.0,4,7,299.0,158.0,141.0
2214059,D08,Auranofin,20.0,4,8,59.0,44.0,15.0
2214059,D09,Fenoprofen,2.0,4,9,2866.0,2685.0,181.0
2214059,D10,Melphalan,0.1,4,10,3117.0,2882.0,235.0
2214059,D11,Irinotecan,0.01,4,11,2745.0,2548.0,197.0
2214059,D12,DMSO,0.0,4,12,2756.0,2595.0,161.0
2214059,D14,I-CBP112,0.02,4,14,2794.0,2590.0,204.0
2214059,D15,Imatinib,20.0,4,15,1943.0,1823.0,120.0
2214059,D16,DMSO,0.0,4,16,2928.0,2648.0,280.0
2214059,D17,C646,20.0,4,17,2999.0,2775.0,224.0
2214059,D18,I-BRD9,0.1,4,18,2870.0,2653.0,217.0
2214059,D19,Busulfan,20.0,4,19,2880.0,2656.0,224.0
2214059,D20,SGC-CBP30,50.0,4,20,1081.0,1050.0,31.0
2214059,D21,Hydroxyurea,0.1,4,21,2830.0,2573.0,257.0
2214059,D22,GSK-J4,0.5,4,22,4015.0,3713.0,302.0
2214059,D23,Auranofin,0.1,4,23,2670.0,2432.0,238.0
2214059,D24,EX-527,0.05,4,24,2951.0,2593.0,358.0
2214059,E02,DMSO,0.0,5,2,3016.0,2788.0,228.0
2214059,E03,Doxorubicin,0.01,5,3,2957.0,2770.0,187.0
2214059,E04,Bortezomib,2.0,5,4,126.0,122.0,4.0
2214059,E05,Methotrexate,0.1,5,5,2963.0,2759.0,204.0
2214059,E06,Staurosporine,0.02,5,6,4239.0,4129.0,110.0
2214059,E07,MK-1775,0.02,5,7,2937.0,2737.0,200.0
2214059,E08,Tamoxifen,0.09,5,8,2861.0,2642.0,219.0
2214059,E09,DMSO,0.0,5,9,2752.0,2532.0,220.0
2214059,E11,Vorinostat,20.0,5,11,315.0,297.0,18.0
2214059,E12,Temozolomide,0.01,5,12,2738.0,2542.0,196.0
2214059,E13,Staurosporine,2.0,5,13,82.0,80.0,2.0
2214059,E14,Etoposide,2.0,5,14,2970.0,2731.0,239.0
2214059,E15,MK-1775,0.2,5,15,3026.0,2852.0,174.0
2214059,E16,Melphalan,0.01,5,16,2671.0,2449.0,222.0
2214059,E17,DMSO,0.0,5,17,3188.0,2962.0,226.0
2214059,E18,Glasdegib,0.01,5,18,3096.0,2887.0,209.0
2214059,E19,Sunitinib,0.1,5,19,2945.0,2697.0,248.0
2214059,E20,SGC-CBP30,5.0,5,20,2577.0,2310.0,267.0
2214059,E21,AT9283,0.2,5,21,667.0,477.0,190.0
2214059,E22,5-Fluorouracil,10.0,5,22,1293.0,1131.0,162.0
2214059,E23,Auranofin,0.01,5,23,3006.0,2788.0,218.0
2214059,E24,Tamoxifen,0.009,5,24,3139.0,2828.0,311.0
2214059,F01,DMSO,0.0,6,1,2612.0,2364.0,248.0
2214059,F02,Auranofin,20.0,6,2,78.0,64.0,14.0
2214059,F03,C646,2.0,6,3,2995.0,2751.0,244.0
2214059,F04,I-BRD9,1.0,6,4,2855.0,2570.0,285.0
2214059,F05,Venetoclax,10.0,6,5,2684.0,2493.0,191.0
2214059,F06,Hydroxyurea,0.1,6,6,2793.0,2572.0,221.0
2214059,F07,Melphalan,1.0,6,7,2045.0,1843.0,202.0
2214059,F08,Glasdegib,0.1,6,8,2898.0,2734.0,164.0
2214059,F09,Duvelisib,0.01,6,9,2637.0,2377.0,260.0
2214059,F10,DMSO,0.0,6,10,3056.0,2814.0,242.0
2214059,F11,Hydroxyurea,20.0,6,11,3246.0,3029.0,217.0
2214059,F12,Entinostat,5.0,6,12,747.0,465.0,282.0
2214059,F13,Entinostat,5.0,6,13,757.0,528.0,229.0
2214059,F14,EX-527,0.5,6,14,3246.0,3034.0,212.0
2214059,F15,EX-527,5.0,6,15,2977.0,2789.0,188.0
2214059,F16,Etoposide,2.0,6,16,2918.0,2694.0,224.0
2214059,F17,Tamoxifen,1.8,6,17,2879.0,2652.0,227.0
2214059,F18,DMSO,0.0,6,18,2922.0,2744.0,178.0
2214059,F19,Imatinib,0.01,6,19,2994.0,2820.0,174.0
2214059,F20,Eflornithine,0.1,6,20,2999.0,2825.0,174.0
2214059,F21,Bortezomib,0.1,6,21,127.0,121.0,6.0
2214059,F22,Gefitinib,0.1,6,22,2890.0,2689.0,201.0
2214059,F23,Fenoprofen,0.01,6,23,2586.0,2321.0,265.0
2214059,F24,5-Carboxy-8-hydroxyquinoline (IOX1),0.5,6,24,2838.0,2654.0,184.0
2214059,G01,I-BRD9,0.01,7,1,2545.0,2270.0,275.0
2214059,G03,5-Carboxy-8-hydroxyquinoline (IOX1),5.0,7,3,2629.0,2430.0,199.0
2214059,G04,DMSO,0.0,7,4,2856.0,2630.0,226.0
2214059,G05,Glasdegib,0.1,7,5,2890.0,2697.0,193.0
2214059,G06,Gefitinib,0.01,7,6,2720.0,2578.0,142.0
2214059,G07,PBIT,0.02,7,7,3041.0,2808.0,233.0
2214059,G08,Everolimus,20.0,7,8,2592.0,2363.0,229.0
2214059,G09,Glasdegib,0.01,7,9,2835.0,2632.0,203.0
2214059,G10,Temozolomide,20.0,7,10,2811.0,2652.0,159.0
2214059,G11,Busulfan,0.1,7,11,3109.0,2956.0,153.0
2214059,G12,Bortezomib,2.0,7,12,112.0,111.0,1.0
2214059,G13,SGC-CBP30,0.05,7,13,3141.0,3004.0,137.0
2214059,G14,Panobinostat,0.5,7,14,260.0,252.0,8.0
2214059,G15,PBIT,2.0,7,15,3231.0,3076.0,155.0
2214059,G16,Metformin,20.0,7,16,3072.0,2878.0,194.0
2214059,G17,Everolimus,0.1,7,17,2812.0,2576.0,236.0
2214059,G18,MK-1775,20.0,7,18,3080.0,2858.0,222.0
2214059,G19,DMSO,0.0,7,19,2895.0,2751.0,144.0
2214059,G20,Bortezomib,0.01,7,20,217.0,124.0,93.0
2214059,G21,Irinotecan,0.01,7,21,2965.0,2751.0,214.0
2214059,G22,GSK-J4,50.0,7,22,77.0,73.0,4.0
2214059,G23,Duvelisib,1.0,7,23,2729.0,2515.0,214.0
2214059,G24,5-Carboxy-8-hydroxyquinoline (IOX1),50.0,7,24,804.0,641.0,163.0
2214059,H01,Methotrexate,0.01,8,1,2388.0,2202.0,186.0
2214059,H02,Everolimus,2.0,8,2,2363.0,2173.0,190.0
2214059,H03,DMSO,0.0,8,3,2726.0,2383.0,343.0
2214059,H04,MK-1775,0.02,8,4,3075.0,2876.0,199.0
2214059,H05,Sunitinib,0.01,8,5,2686.0,2508.0,178.0
2214059,H06,Venetoclax,0.1,8,6,2856.0,2650.0,206.0
2214059,H07,Disulfiram,20.0,8,7,107.0,95.0,12.0
2214059,H08,Trichostatin A,2.0,8,8,2960.0,2785.0,175.0
2214059,H09,Disulfiram,20.0,8,9,66.0,54.0,12.0
2214059,H10,Disulfiram,0.01,8,10,2936.0,2707.0,229.0
2214059,H11,Irinotecan,0.1,8,11,2468.0,2209.0,259.0
2214059,H12,Etoposide,0.2,8,12,2115.0,1938.0,177.0
2214059,H13,Temozolomide,2.0,8,13,3191.0,2988.0,203.0
2214059,H14,Methotrexate,2.0,8,14,1644.0,1445.0,199.0
2214059,H15,Bortezomib,0.01,8,15,193.0,118.0,75.0
2214059,H16,Romidepsin,0.2,8,16,833.0,544.0,289.0
2214059,H17,EX-527,5.0,8,17,2938.0,2763.0,175.0
2214059,H18,Metformin,0.1,8,18,2761.0,2537.0,224.0
2214059,H19,I-BRD9,1.0,8,19,3066.0,2833.0,233.0
2214059,H20,DMSO,0.0,8,20,3378.0,3152.0,226.0
2214059,H21,Busulfan,2.0,8,21,3099.0,2866.0,233.0
2214059,H22,Etoposide,20.0,8,22,2721.0,2482.0,239.0
2214059,H23,I-CBP112,20.0,8,23,2708.0,2435.0,273.0
2214059,H24,Duvelisib,0.01,8,24,2910.0,2668.0,242.0
2214059,I01,PBIT,0.02,9,1,2639.0,2393.0,246.0
2214059,I02,Everolimus,0.01,9,2,2515.0,2276.0,239.0
2214059,I03,Etoposide,0.02,9,3,2294.0,2119.0,175.0
2214059,I04,GSK-J4,5.0,9,4,322.0,235.0,87.0
2214059,I05,Busulfan,2.0,9,5,2759.0,2538.0,221.0
2214059,I06,DMSO,0.0,9,6,3015.0,2755.0,260.0
2214059,I07,I-CBP112,0.02,9,7,2565.0,2343.0,222.0
2214059,I08,Eflornithine,2.0,9,8,2921.0,2750.0,171.0
2214059,I09,Fenoprofen,2.0,9,9,2214.0,2012.0,202.0
2214059,I10,Topotecan,1.0,9,10,110.0,94.0,16.0
2214059,I11,5-Fluorouracil,0.01,9,11,2866.0,2583.0,283.0
2214059,I12,GSK-J4,0.05,9,12,3012.0,2836.0,176.0
2214059,I13,Trichostatin A,0.02,9,13,2487.0,2269.0,218.0
2214059,I14,Romidepsin,2.0,9,14,175.0,174.0,1.0
2214059,I15,5-Carboxy-8-hydroxyquinoline (IOX1),0.05,9,15,2688.0,2468.0,220.0
2214059,I16,Venetoclax,0.01,9,16,2565.0,2345.0,220.0
2214059,I17,Venetoclax,1.0,9,17,3026.0,2786.0,240.0
2214059,I18,Duvelisib,0.1,9,18,3273.0,3083.0,190.0
2214059,I19,Fenoprofen,20.0,9,19,2774.0,2595.0,179.0
2214059,I20,Topotecan,0.1,9,20,302.0,164.0,138.0
2214059,I21,DMSO,0.0,9,21,3040.0,2854.0,186.0
2214059,I22,Trichostatin A,20.0,9,22,2845.0,2606.0,239.0
2214059,I23,5-Fluorouracil,10.0,9,23,1149.0,969.0,180.0
2214059,I24,Sorafenib,20.0,9,24,3076.0,2767.0,309.0
2214059,J01,Imatinib,0.1,10,1,2761.0,2514.0,247.0
2214059,J02,Carboplatin,20.0,10,2,2548.0,2248.0,300.0
2214059,J03,Methotrexate,20.0,10,3,1510.0,1219.0,291.0
2214059,J04,Everolimus,2.0,10,4,2609.0,2412.0,197.0
2214059,J05,DMSO,0.0,10,5,2832.0,2593.0,239.0
2214059,J06,5-Fluorouracil,1.0,10,6,2814.0,2646.0,168.0
2214059,J07,Vorinostat,0.01,10,7,2908.0,2618.0,290.0
2214059,J08,Carboplatin,20.0,10,8,2484.0,2280.0,204.0
2214059,J09,GSK-J4,50.0,10,9,81.0,77.0,4.0
2214059,J10,Mitoxantrone,0.01,10,10,2050.0,1902.0,148.0
2214059,J11,Methotrexate,20.0,10,11,1351.0,1133.0,218.0
2214059,J12,Romidepsin,0.2,10,12,864.0,624.0,240.0
2214059,J13,Vorinostat,0.1,10,13,2767.0,2533.0,234.0
2214059,J14,Duvelisib,10.0,10,14,1992.0,1851.0,141.0
2214059,J15,Meclofenamate (sodium),0.01,10,15,2581.0,2331.0,250.0
2214059,J16,Disulfiram,0.1,10,16,2643.0,2482.0,161.0
2214059,J17,Melphalan,0.01,10,17,3044.0,2859.0,185.0
2214059,J19,Topotecan,0.01,10,19,1930.0,1747.0,183.0
2214059,J20,Fenoprofen,20.0,10,20,3184.0,2985.0,199.0
2214059,J21,Panobinostat,5.0,10,21,309.0,288.0,21.0
2214059,J22,DMSO,0.0,10,22,3169.0,2954.0,215.0
2214059,J23,Hydroxyurea,2.0,10,23,2994.0,2746.0,248.0
2214059,J24,Trichostatin A,2.0,10,24,2835.0,2559.0,276.0
2214059,K01,Sorafenib,0.01,11,1,2748.0,2508.0,240.0
2214059,K02,Venetoclax,0.01,11,2,2647.0,2367.0,280.0
2214059,K03,Everolimus,0.01,11,3,2737.0,2421.0,316.0
2214059,K04,C646,0.02,11,4,2916.0,2638.0,278.0
2214059,K06,PBIT,2.0,11,6,2821.0,2632.0,189.0
2214059,K07,GSK-J4,0.05,11,7,2898.0,2674.0,224.0
2214059,K08,DMSO,0.0,11,8,3083.0,2886.0,197.0
2214059,K09,C646,2.0,11,9,3064.0,2816.0,248.0
2214059,K10,Temozolomide,0.01,11,10,2749.0,2564.0,185.0
2214059,K11,Eflornithine,0.01,11,11,2645.0,2459.0,186.0
2214059,K12,Romidepsin,0.02,11,12,3270.0,3056.0,214.0
2214059,K13,I-BRD9,10.0,11,13,2946.0,2733.0,213.0
2214059,K14,SGC-CBP30,0.05,11,14,2827.0,2634.0,193.0
2214059,K15,Entinostat,0.05,11,15,2683.0,2479.0,204.0
2214059,K16,DMSO,0.0,11,16,2961.0,2755.0,206.0
2214059,K17,Disulfiram,0.01,11,17,3045.0,2871.0,174.0
2214059,K18,Irinotecan,2.0,11,18,573.0,413.0,160.0
2214059,K20,Entinostat,0.05,11,20,3308.0,3073.0,235.0
2214059,K21,EX-527,50.0,11,21,2739.0,2567.0,172.0
2214059,K22,Romidepsin,20.0,11,22,220.0,200.0,20.0
2214059,K23,DMSO,0.0,11,23,2984.0,2733.0,251.0
2214059,K24,Gefitinib,2.0,11,24,2774.0,2627.0,147.0
2214059,L01,Sorafenib,2.0,12,1,2803.0,2524.0,279.0
2214059,L02,Duvelisib,0.1,12,2,2667.0,2465.0,202.0
2214059,L03,Tamoxifen,18.0,12,3,2923.0,2615.0,308.0
2214059,L04,Metformin,2.0,12,4,2902.0,2668.0,234.0
2214059,L05,Methotrexate,0.1,12,5,3116.0,2915.0,201.0
2214059,L06,SGC-CBP30,5.0,12,6,2127.0,1958.0,169.0
2214059,L07,DMSO,0.0,12,7,2746.0,2550.0,196.0
2214059,L08,Romidepsin,2.0,12,8,257.0,244.0,13.0
2214059,L09,Vorinostat,2.0,12,9,913.0,688.0,225.0
2214059,L10,Busulfan,0.01,12,10,2727.0,2581.0,146.0
2214059,L11,Duvelisib,1.0,12,11,2698.0,2486.0,212.0
2214059,L12,AT9283,0.2,12,12,476.0,367.0,109.0
2214059,L13,Gefitinib,0.1,12,13,2687.0,2451.0,236.0
2214059,L14,5-Fluorouracil,0.1,12,14,2956.0,2751.0,205.0
2214059,L15,DMSO,0.0,12,15,3280.0,3067.0,213.0
2214059,L16,Irinotecan,0.1,12,16,2931.0,2735.0,196.0
2214059,L17,Bortezomib,20.0,12,17,142.0,138.0,4.0
2214059,L18,MK-1775,2.0,12,18,3064.0,2794.0,270.0
2214059,L19,Topotecan,0.1,12,19,221.0,137.0,84.0
2214059,L20,SGC-CBP30,0.5,12,20,3294.0,3022.0,272.0
2214059,L21,Meclofenamate (sodium),2.0,12,21,2841.0,2538.0,303.0
2214059,L22,PBIT,0.2,12,22,3130.0,2810.0,320.0
2214059,L23,Imatinib,2.0,12,23,2668.0,2333.0,335.0
2214059,L24,DMSO,0.0,12,24,3165.0,2807.0,358.0
2214059,M01,Fenoprofen,0.01,13,1,2624.0,2204.0,420.0
2214059,M02,Glasdegib,10.0,13,2,2127.0,1922.0,205.0
2214059,M03,Tamoxifen,1.8,13,3,2312.0,2116.0,196.0
2214059,M04,Busulfan,20.0,13,4,2352.0,2127.0,225.0
2214059,M05,Staurosporine,0.2,13,5,523.0,506.0,17.0
2214059,M06,EX-527,0.05,13,6,2655.0,2370.0,285.0
2214059,M07,Mitoxantrone,0.1,13,7,291.0,228.0,63.0
2214059,M08,AT9283,0.02,13,8,2773.0,2534.0,239.0
2214059,M09,I-CBP112,2.0,13,9,2873.0,2629.0,244.0
2214059,M10,DMSO,0.0,13,10,2683.0,2525.0,158.0
2214059,M11,Venetoclax,0.1,13,11,2776.0,2564.0,212.0
2214059,M12,Staurosporine,0.2,13,12,492.0,467.0,25.0
2214059,M13,Vorinostat,20.0,13,13,285.0,255.0,30.0
2214059,M14,DMSO,0.0,13,14,2848.0,2620.0,228.0
2214059,M15,PBIT,0.2,13,15,2752.0,2526.0,226.0
2214059,M16,Carboplatin,0.1,13,16,2919.0,2754.0,165.0
2214059,M17,Irinotecan,20.0,13,17,183.0,108.0,75.0
2214059,M18,Metformin,0.01,13,18,2713.0,2471.0,242.0
2214059,M19,Melphalan,10.0,13,19,273.0,158.0,115.0
2214059,M20,SGC-CBP30,0.5,13,20,2828.0,2571.0,257.0
2214059,M21,Imatinib,0.01,13,21,2308.0,2136.0,172.0
2214059,M22,Trichostatin A,0.2,13,22,848.0,626.0,222.0
2214059,M23,Mitoxantrone,0.01,13,23,2894.0,2633.0,261.0
2214059,M24,I-CBP112,2.0,13,24,2631.0,2364.0,267.0
2214059,N01,Sorafenib,0.1,14,1,2715.0,2369.0,346.0
2214059,N02,Methotrexate,2.0,14,2,1673.0,1313.0,360.0
2214059,N03,I-CBP112,0.2,14,3,2577.0,2397.0,180.0
2214059,N04,Topotecan,1.0,14,4,109.0,88.0,21.0
2214059,N05,Etoposide,0.2,14,5,2029.0,1876.0,153.0
2214059,N06,Doxorubicin,0.1,14,6,1126.0,1008.0,118.0
2214059,N07,5-Fluorouracil,0.1,14,7,2632.0,2433.0,199.0
2214059,N08,I-CBP112,0.2,14,8,3012.0,2869.0,143.0
2214059,N09,DMSO,0.0,14,9,2772.0,2531.0,241.0
2214059,N10,Busulfan,0.1,14,10,2657.0,2433.0,224.0
2214059,N11,I-BRD9,10.0,14,11,2579.0,2399.0,180.0
2214059,N12,Sorafenib,2.0,14,12,2696.0,2505.0,191.0
2214059,N13,DMSO,0.0,14,13,2875.0,2628.0,247.0
2214059,N14,Eflornithine,2.0,14,14,3233.0,3053.0,180.0
2214059,N15,Tamoxifen,0.009,14,15,2680.0,2522.0,158.0
2214059,N16,Irinotecan,20.0,14,16,169.0,114.0,55.0
2214059,N17,Carboplatin,2.0,14,17,3151.0,2898.0,253.0
2214059,N18,Methotrexate,0.01,14,18,3089.0,2783.0,306.0
2214059,N19,Meclofenamate (sodium),20.0,14,19,3212.0,2931.0,281.0
2214059,N20,PBIT,20.0,14,20,2445.0,2251.0,194.0
2214059,N21,Panobinostat,0.5,14,21,221.0,193.0,28.0
2214059,N22,Topotecan,0.01,14,22,1623.0,1386.0,237.0
2214059,N23,Carboplatin,0.1,14,23,2638.0,2307.0,331.0
2214059,N24,Gefitinib,0.01,14,24,2885.0,2577.0,308.0
2214059,O01,5-Fluorouracil,1.0,15,1,2474.0,2112.0,362.0
2214059,O02,Temozolomide,0.1,15,2,2741.0,2443.0,298.0
2214059,O03,Glasdegib,1.0,15,3,2909.0,2679.0,230.0
2214059,O04,C646,0.2,15,4,2722.0,2480.0,242.0
2214059,O05,Sunitinib,20.0,15,5,1908.0,1383.0,525.0
2214059,O06,Gefitinib,2.0,15,6,2486.0,2263.0,223.0
2214059,O07,AT9283,20.0,15,7,2472.0,2197.0,275.0
2214059,O08,Auranofin,2.0,15,8,107.0,73.0,34.0
2214059,O09,Glasdegib,10.0,15,9,2633.0,2348.0,285.0
2214059,O10,EX-527,50.0,15,10,1774.0,1574.0,200.0
2214059,O11,Sorafenib,0.01,15,11,2617.0,2331.0,286.0
2214059,O12,DMSO,0.0,15,12,2982.0,2717.0,265.0
2214059,O13,Vorinostat,0.01,15,13,2824.0,2508.0,316.0
2214059,O14,Irinotecan,2.0,15,14,476.0,319.0,157.0
2214059,O15,Doxorubicin,0.1,15,15,1063.0,875.0,188.0
2214059,O16,AT9283,2.0,15,16,2672.0,2490.0,182.0
2214059,O17,Carboplatin,0.01,15,17,3054.0,2779.0,275.0
2214059,O18,Meclofenamate (sodium),0.01,15,18,2743.0,2516.0,227.0
2214059,O21,Eflornithine,20.0,15,21,2392.0,2178.0,214.0
2214059,O22,C646,20.0,15,22,2457.0,2311.0,146.0
2214059,P01,Disulfiram,0.1,16,1,2083.0,1774.0,309.0
2214059,P02,Meclofenamate (sodium),0.1,16,2,2860.0,2619.0,241.0
2214059,P03,Glasdegib,1.0,16,3,2473.0,2209.0,264.0
2214059,P04,PBIT,20.0,16,4,2428.0,2131.0,297.0
2214059,P05,Sunitinib,2.0,16,5,2533.0,2232.0,301.0
2214059,P06,GSK-J4,0.5,16,6,3633.0,3291.0,342.0
2214059,P07,Sorafenib,20.0,16,7,2376.0,2090.0,286.0
2214059,P08,Venetoclax,1.0,16,8,2310.0,2115.0,195.0
2214059,P09,Mitoxantrone,0.1,16,9,2445.0,2183.0,262.0
2214059,P10,Trichostatin A,0.2,16,10,902.0,644.0,258.0
2214059,P11,DMSO,0.0,16,11,2767.0,2347.0,420.0
2214059,P12,Etoposide,20.0,16,12,2332.0,2036.0,296.0
2214059,P13,Imatinib,20.0,16,13,1751.0,1548.0,203.0
2214059,P14,Panobinostat,50.0,16,14,156.0,151.0,5.0
2214059,P16,Carboplatin,0.01,16,16,2857.0,2560.0,297.0
2214059,P17,Meclofenamate (sodium),2.0,16,17,2905.0,2574.0,331.0
2214059,P18,5-Fluorouracil,0.01,16,18,2785.0,2409.0,376.0
2214059,P19,Bortezomib,20.0,16,19,129.0,112.0,17.0
2214059,P20,Temozolomide,2.0,16,20,2962.0,2696.0,266.0
2214059,P22,Temozolomide,20.0,16,22,3008.0,2690.0,318.0
2214059,P23,Eflornithine,0.1,16,23,2578.0,2290.0,288.0
2214059,P24,Auranofin,0.01,16,24,2615.0,2216.0,399.0
2214060,A01,cobimetinib,1.0,1,1,1278.0,1149.0,129.0
2214060,A02,Dasatinib,10.0,1,2,1707.0,1639.0,68.0
2214060,A03,Tofacitinib,1.0,1,3,2418.0,2148.0,270.0
2214060,A04,Dabrafenib,1.0,1,4,2595.0,2299.0,296.0
2214060,A05,AZD6738,10.0,1,5,333.0,177.0,156.0
2214060,A06,OSI-906 (Linsitinib),10.0,1,6,1260.0,1112.0,148.0
2214060,A07,CGP 57380,0.01,1,7,2593.0,2289.0,304.0
2214060,A08,Bardoxolone methyl,0.1,1,8,1658.0,1433.0,225.0
2214060,A09,GSK-2256098,1.0,1,9,3101.0,2874.0,227.0
2214060,A10,Ribociclib,0.1,1,10,2485.0,2266.0,219.0
2214060,A11,AZD6738,0.01,1,11,2796.0,2558.0,238.0
2214060,A12,Fasudil,0.1,1,12,2489.0,2274.0,215.0
2214060,A13,DMSO,0.0,1,13,2944.0,2714.0,230.0
2214060,A14,MK-2206 dihydrochloride,1.0,1,14,2183.0,1907.0,276.0
2214060,A15,Vinorelbine bitatrate,0.1,1,15,2733.0,2488.0,245.0
2214060,A16,3-Methyladenine,0.01,1,16,2797.0,2468.0,329.0
2214060,A17,THZ1,0.1,1,17,2844.0,2666.0,178.0
2214060,A18,cobimetinib,0.01,1,18,2190.0,1899.0,291.0
2214060,A19,Rapamycin (Sirolimus),10.0,1,19,2289.0,1995.0,294.0
2214060,A20,Genistein,0.1,1,20,2845.0,2555.0,290.0
2214060,A21,Palbociclib,1.0,1,21,2913.0,2628.0,285.0
2214060,A22,NVP-AEW541 (hydrochloride),10.0,1,22,561.0,541.0,20.0
2214060,A23,Rapamycin (Sirolimus),0.01,1,23,2251.0,1978.0,273.0
2214060,A24,3-Methyladenine,10.0,1,24,2352.0,2138.0,214.0
2214060,B01,THZ1,0.1,2,1,2559.0,2360.0,199.0
2214060,B02,Afuresertib,1.0,2,2,2789.0,2553.0,236.0
2214060,B03,MK-8776 (SCH 900776),0.1,2,3,2390.0,2156.0,234.0
2214060,B04,Selumetinib,0.01,2,4,2431.0,2196.0,235.0
2214060,B05,Lenvatinib,10.0,2,5,1905.0,1744.0,161.0
2214060,B06,"BKM120 (NVP-BKM120, Buparlisib)",0.01,2,6,2657.0,2393.0,264.0
2214060,B07,MK-8776 (SCH 900776),1.0,2,7,2250.0,2077.0,173.0
2214060,B08,,0.0,2,8,2798.0,2501.0,297.0
2214060,B09,MK-8776 (SCH 900776),10.0,2,9,2412.0,2024.0,388.0
2214060,B10,Ribociclib,10.0,2,10,1851.0,1695.0,156.0
2214060,B11,OSI-906 (Linsitinib),0.1,2,11,2525.0,2336.0,189.0
2214060,B12,Fasudil,10.0,2,12,4247.0,4118.0,129.0
2214060,B13,BGJ398 (NVP-BGJ398),0.01,2,13,2650.0,2394.0,256.0
2214060,B14,DMSO,0.0,2,14,2873.0,2621.0,252.0
2214060,B15,Decitabine,0.1,2,15,2206.0,1977.0,229.0
2214060,B16,FRAX597,10.0,2,16,2762.0,2636.0,126.0
2214060,B17,Selumetinib,10.0,2,17,1449.0,1301.0,148.0
2214060,B18,cobimetinib,10.0,2,18,1038.0,961.0,77.0
2214060,B19,OSI-906 (Linsitinib),1.0,2,19,1699.0,1517.0,182.0
2214060,B20,Etomoxir,0.1,2,20,2494.0,2340.0,154.0
2214060,B21,(S)-H-1152 (hydrochloride),10.0,2,21,417.0,303.0,114.0
2214060,B22,Tofacitinib,0.1,2,22,2639.0,2384.0,255.0
2214060,B23,cobimetinib,0.01,2,23,2877.0,2606.0,271.0
2214060,B24,Entrectinib,0.01,2,24,2947.0,2704.0,243.0
2214060,C01,BGJ398 (NVP-BGJ398),10.0,3,1,2293.0,2110.0,183.0
2214060,C02,Vinorelbine bitatrate,0.01,3,2,2771.0,2628.0,143.0
2214060,C03,OSI-906 (Linsitinib),0.01,3,3,2694.0,2442.0,252.0
2214060,C04,Alectinib,0.1,3,4,2779.0,2440.0,339.0
2214060,C05,"BKM120 (NVP-BKM120, Buparlisib)",10.0,3,5,534.0,453.0,81.0
2214060,C06,Arsenic trioxide,0.1,3,6,2817.0,2562.0,255.0
2214060,C07,Dabrafenib,0.1,3,7,3193.0,2967.0,226.0
2214060,C08,Y-27632 dihydrochloride,10.0,3,8,3689.0,3496.0,193.0
2214060,C09,Genistein,10.0,3,9,2236.0,2053.0,183.0
2214060,C10,"Defactinib (VS-6063, PF-04554878)",0.1,3,10,3252.0,2984.0,268.0
2214060,C11,DMSO,0.0,3,11,2841.0,2638.0,203.0
2214060,C12,3-Methyladenine,0.1,3,12,3170.0,2856.0,314.0
2214060,C13,Lenvatinib,10.0,3,13,2502.0,2355.0,147.0
2214060,C14,Rotenone,10.0,3,14,330.0,290.0,40.0
2214060,C15,DMSO,0.0,3,15,3267.0,2944.0,323.0
2214060,C16,Rapamycin (Sirolimus),1.0,3,16,2738.0,2556.0,182.0
2214060,C17,Palbociclib,1.0,3,17,2467.0,2292.0,175.0
2214060,C18,Dinaciclib (SCH727965),0.01,3,18,2707.0,2498.0,209.0
2214060,C19,CGP 57380,0.1,3,19,3191.0,2935.0,256.0
2214060,C20,GSK-2256098,10.0,3,20,1309.0,1195.0,114.0
2214060,C21,"Defactinib (VS-6063, PF-04554878)",1.0,3,21,3013.0,2820.0,193.0
2214060,C22,(S)-H-1152 (hydrochloride),0.01,3,22,3009.0,2773.0,236.0
2214060,C23,,0.0,3,23,3256.0,2988.0,268.0
2214060,C24,(S)-H-1152 (hydrochloride),0.01,3,24,2930.0,2704.0,226.0
2214060,D01,"BKM120 (NVP-BKM120, Buparlisib)",1.0,4,1,2212.0,1989.0,223.0
2214060,D02,3-Methyladenine,1.0,4,2,2892.0,2690.0,202.0
2214060,D03,Dasatinib,0.1,4,3,2371.0,2200.0,171.0
2214060,D04,Rapamycin (Sirolimus),0.1,4,4,2449.0,2226.0,223.0
2214060,D05,Etomoxir,1.0,4,5,3106.0,2901.0,205.0
2214060,D06,GSK-2636771,0.01,4,6,2894.0,2607.0,287.0
2214060,D07,Etomoxir,10.0,4,7,2472.0,2286.0,186.0
2214060,D08,"Defactinib (VS-6063, PF-04554878)",10.0,4,8,3551.0,3380.0,171.0
2214060,D09,THZ1,1.0,4,9,1046.0,1016.0,30.0
2214060,D10,Etomoxir,0.1,4,10,2768.0,2572.0,196.0
2214060,D11,Tazemetostat,0.01,4,11,3199.0,3045.0,154.0
2214060,D12,DMSO,0.0,4,12,2650.0,2492.0,158.0
2214060,D13,Y-27632 dihydrochloride,1.0,4,13,3199.0,2957.0,242.0
2214060,D14,NVP-AEW541 (hydrochloride),0.01,4,14,3118.0,2854.0,264.0
2214060,D15,Dabrafenib,10.0,4,15,3189.0,2958.0,231.0
2214060,D16,DMSO,0.0,4,16,3202.0,2982.0,220.0
2214060,D17,Vinorelbine bitatrate,10.0,4,17,304.0,243.0,61.0
2214060,D18,CGP 57380,0.1,4,18,3378.0,3098.0,280.0
2214060,D19,Entrectinib,10.0,4,19,1042.0,1025.0,17.0
2214060,D20,FRAX597,10.0,4,20,3118.0,2963.0,155.0
2214060,D21,cobimetinib,0.1,4,21,2846.0,2575.0,271.0
2214060,D22,MK-2206 dihydrochloride,0.1,4,22,2813.0,2545.0,268.0
2214060,D23,"Defactinib (VS-6063, PF-04554878)",0.1,4,23,3392.0,3111.0,281.0
2214060,D24,Alectinib,0.01,4,24,2705.0,2499.0,206.0
2214060,E01,Y-27632 dihydrochloride,1.0,5,1,2863.0,2571.0,292.0
2214060,E02,DMSO,0.0,5,2,2881.0,2661.0,220.0
2214060,E03,Dinaciclib (SCH727965),0.01,5,3,3039.0,2730.0,309.0
2214060,E04,Decitabine,1.0,5,4,1784.0,1566.0,218.0
2214060,E05,LY2835219,0.1,5,5,2575.0,2242.0,333.0
2214060,E06,GSK-2256098,0.01,5,6,3165.0,2928.0,237.0
2214060,E07,MK-8776 (SCH 900776),0.01,5,7,3142.0,2904.0,238.0
2214060,E08,Genistein,0.1,5,8,3060.0,2835.0,225.0
2214060,E09,DMSO,0.0,5,9,2942.0,2668.0,274.0
2214060,E10,Y-27632 dihydrochloride,10.0,5,10,3455.0,3309.0,146.0
2214060,E11,Tofacitinib,10.0,5,11,3989.0,3769.0,220.0
2214060,E12,Bardoxolone methyl,0.01,5,12,2972.0,2771.0,201.0
2214060,E13,GSK-2256098,1.0,5,13,3628.0,3432.0,196.0
2214060,E14,GSK-2636771,1.0,5,14,3127.0,2779.0,348.0
2214060,E15,MK-8776 (SCH 900776),0.1,5,15,3228.0,2937.0,291.0
2214060,E16,Etomoxir,0.01,5,16,2763.0,2539.0,224.0
2214060,E17,DMSO,0.0,5,17,3091.0,2877.0,214.0
2214060,E18,Indomethacin,0.01,5,18,3257.0,2999.0,258.0
2214060,E19,OSI-906 (Linsitinib),0.1,5,19,2918.0,2672.0,246.0
2214060,E20,FRAX597,1.0,5,20,3981.0,3734.0,247.0
2214060,E21,"BKM120 (NVP-BKM120, Buparlisib)",0.1,5,21,3395.0,3148.0,247.0
2214060,E22,ISRIB,10.0,5,22,3202.0,2963.0,239.0
2214060,E23,"Defactinib (VS-6063, PF-04554878)",0.01,5,23,2982.0,2647.0,335.0
2214060,E24,Genistein,0.01,5,24,2679.0,2318.0,361.0
2214060,F01,DMSO,0.0,6,1,2280.0,2050.0,230.0
2214060,F02,"Defactinib (VS-6063, PF-04554878)",10.0,6,2,2027.0,1808.0,219.0
2214060,F03,Vinorelbine bitatrate,1.0,6,3,1453.0,1344.0,109.0
2214060,F04,CGP 57380,1.0,6,4,3406.0,3091.0,315.0
2214060,F05,,0.0,6,5,3336.0,3059.0,277.0
2214060,F06,cobimetinib,0.1,6,6,2788.0,2526.0,262.0
2214060,F07,Etomoxir,1.0,6,7,3086.0,2878.0,208.0
2214060,F08,Indomethacin,0.1,6,8,3013.0,2754.0,259.0
2214060,F09,Rotenone,0.01,6,9,3305.0,3127.0,178.0
2214060,F10,DMSO,0.0,6,10,3106.0,2891.0,215.0
2214060,F11,cobimetinib,10.0,6,11,1058.0,973.0,85.0
2214060,F12,Dasatinib,1.0,6,12,1798.0,1746.0,52.0
2214060,F13,Dasatinib,1.0,6,13,1701.0,1600.0,101.0
2214060,F14,Alectinib,0.1,6,14,3066.0,2814.0,252.0
2214060,F15,Alectinib,1.0,6,15,1845.0,1515.0,330.0
2214060,F16,GSK-2636771,1.0,6,16,3166.0,2905.0,261.0
2214060,F17,Genistein,1.0,6,17,3053.0,2905.0,148.0
2214060,F18,DMSO,0.0,6,18,2902.0,2714.0,188.0
2214060,F19,Dabrafenib,0.01,6,19,3264.0,3049.0,215.0
2214060,F20,Selumetinib,0.1,6,20,2871.0,2653.0,218.0
2214060,F21,Decitabine,0.1,6,21,2153.0,1849.0,304.0
2214060,F22,Lenvatinib,0.1,6,22,3151.0,2915.0,236.0
2214060,F23,THZ1,0.01,6,23,2856.0,2603.0,253.0
2214060,F24,3-Methyladenine,0.1,6,24,2989.0,2768.0,221.0
2214060,G01,CGP 57380,0.01,7,1,2687.0,2377.0,310.0
2214060,G02,Dasatinib,10.0,7,2,1302.0,1250.0,52.0
2214060,G03,3-Methyladenine,1.0,7,3,2541.0,2373.0,168.0
2214060,G04,DMSO,0.0,7,4,3146.0,2974.0,172.0
2214060,G05,Indomethacin,0.1,7,5,3320.0,3036.0,284.0
2214060,G06,Lenvatinib,0.01,7,6,3050.0,2760.0,290.0
2214060,G07,AZD4547,0.01,7,7,2887.0,2616.0,271.0
2214060,G08,Ribociclib,10.0,7,8,1764.0,1615.0,149.0
2214060,G09,Indomethacin,0.01,7,9,3054.0,2803.0,251.0
2214060,G10,Bardoxolone methyl,10.0,7,10,97.0,92.0,5.0
2214060,G11,Entrectinib,0.1,7,11,2122.0,1978.0,144.0
2214060,G12,Decitabine,1.0,7,12,1984.0,1731.0,253.0
2214060,G13,FRAX597,0.01,7,13,3260.0,3027.0,233.0
2214060,G14,(S)-H-1152 (hydrochloride),0.1,7,14,3171.0,2960.0,211.0
2214060,G15,AZD4547,1.0,7,15,2621.0,2472.0,149.0
2214060,G16,Rapamycin (Sirolimus),10.0,7,16,2469.0,2267.0,202.0
2214060,G17,Ribociclib,0.1,7,17,2915.0,2685.0,230.0
2214060,G18,MK-8776 (SCH 900776),10.0,7,18,2533.0,2226.0,307.0
2214060,G19,DMSO,0.0,7,19,3453.0,3269.0,184.0
2214060,G20,Decitabine,0.01,7,20,2397.0,2144.0,253.0
2214060,G21,Tazemetostat,0.01,7,21,3455.0,3124.0,331.0
2214060,G22,MK-2206 dihydrochloride,10.0,7,22,1187.0,1021.0,166.0
2214060,G23,Rotenone,1.0,7,23,531.0,422.0,109.0
2214060,G24,3-Methyladenine,10.0,7,24,2301.0,2152.0,149.0
2214060,H01,LY2835219,0.01,8,1,2423.0,2166.0,257.0
2214060,H02,Ribociclib,1.0,8,2,2238.0,1997.0,241.0
2214060,H03,DMSO,0.0,8,3,2453.0,2273.0,180.0
2214060,H04,MK-8776 (SCH 900776),0.01,8,4,2698.0,2391.0,307.0
2214060,H05,OSI-906 (Linsitinib),0.01,8,5,2553.0,2348.0,205.0
2214060,H06,,0.0,8,6,2635.0,2416.0,219.0
2214060,H07,Palbociclib,10.0,8,7,1292.0,1110.0,182.0
2214060,H08,AZD6738,1.0,8,8,2445.0,2161.0,284.0
2214060,H09,Palbociclib,10.0,8,9,1305.0,1129.0,176.0
2214060,H10,Palbociclib,0.01,8,10,2687.0,2444.0,243.0
2214060,H11,Tazemetostat,0.1,8,11,3248.0,2958.0,290.0
2214060,H12,GSK-2636771,0.1,8,12,3140.0,2877.0,263.0
2214060,H13,Bardoxolone methyl,1.0,8,13,1244.0,1110.0,134.0
2214060,H14,LY2835219,1.0,8,14,1586.0,1454.0,132.0
2214060,H15,Decitabine,0.01,8,15,2549.0,2314.0,235.0
2214060,H16,BGJ398 (NVP-BGJ398),0.1,8,16,3054.0,2845.0,209.0
2214060,H17,Alectinib,1.0,8,17,1703.0,1450.0,253.0
2214060,H18,Rapamycin (Sirolimus),0.1,8,18,2676.0,2437.0,239.0
2214060,H19,CGP 57380,1.0,8,19,3294.0,3032.0,262.0
2214060,H20,DMSO,0.0,8,20,3208.0,2946.0,262.0
2214060,H21,Entrectinib,1.0,8,21,1431.0,1197.0,234.0
2214060,H22,GSK-2636771,10.0,8,22,2984.0,2778.0,206.0
2214060,H24,Rotenone,0.01,8,24,2506.0,2200.0,306.0
2214060,I01,AZD4547,0.01,9,1,2853.0,2669.0,184.0
2214060,I02,Ribociclib,0.01,9,2,2845.0,2719.0,126.0
2214060,I03,GSK-2636771,0.01,9,3,2805.0,2527.0,278.0
2214060,I04,MK-2206 dihydrochloride,1.0,9,4,2320.0,2071.0,249.0
2214060,I05,Entrectinib,1.0,9,5,1567.0,1294.0,273.0
2214060,I06,DMSO,0.0,9,6,2687.0,2466.0,221.0
2214060,I07,NVP-AEW541 (hydrochloride),0.01,9,7,2602.0,2285.0,317.0
2214060,I08,Selumetinib,1.0,9,8,2751.0,2619.0,132.0
2214060,I09,THZ1,1.0,9,9,1142.0,1093.0,49.0
2214060,I10,,0.0,9,10,3203.0,2987.0,216.0
2214060,I11,ISRIB,0.01,9,11,2995.0,2810.0,185.0
2214060,I12,MK-2206 dihydrochloride,0.01,9,12,3114.0,2822.0,292.0
2214060,I14,BGJ398 (NVP-BGJ398),1.0,9,14,2916.0,2802.0,114.0
2214060,I15,3-Methyladenine,0.01,9,15,3294.0,3106.0,188.0
2214060,I16,,0.0,9,16,3445.0,3204.0,241.0
2214060,I17,,0.0,9,17,3208.0,2939.0,269.0
2214060,I18,Rotenone,0.1,9,18,2707.0,2507.0,200.0
2214060,I19,THZ1,10.0,9,19,474.0,465.0,9.0
2214060,I20,,0.0,9,20,3205.0,3032.0,173.0
2214060,I21,DMSO,0.0,9,21,3320.0,2918.0,402.0
2214060,I22,AZD6738,10.0,9,22,369.0,165.0,204.0
2214060,I23,ISRIB,10.0,9,23,3260.0,2993.0,267.0
2214060,I24,Arsenic trioxide,10.0,9,24,2911.0,2627.0,284.0
2214060,J01,Dabrafenib,0.1,10,1,2993.0,2731.0,262.0
2214060,J02,Afuresertib,10.0,10,2,1877.0,1710.0,167.0
2214060,J03,LY2835219,10.0,10,3,886.0,693.0,193.0
2214060,J04,Ribociclib,1.0,10,4,2747.0,2521.0,226.0
2214060,J05,DMSO,0.0,10,5,2874.0,2648.0,226.0
2214060,J06,ISRIB,1.0,10,6,2915.0,2648.0,267.0
2214060,J07,Tofacitinib,0.01,10,7,2668.0,2460.0,208.0
2214060,J08,Afuresertib,10.0,10,8,2440.0,2260.0,180.0
2214060,J09,MK-2206 dihydrochloride,10.0,10,9,1277.0,1087.0,190.0
2214060,J10,Y-27632 dihydrochloride,0.01,10,10,3041.0,2822.0,219.0
2214060,J11,LY2835219,10.0,10,11,1015.0,869.0,146.0
2214060,J12,BGJ398 (NVP-BGJ398),0.1,10,12,3185.0,3009.0,176.0
2214060,J13,Tofacitinib,0.1,10,13,2861.0,2692.0,169.0
2214060,J14,Rotenone,10.0,10,14,317.0,280.0,37.0
2214060,J15,Fasudil,0.01,10,15,3032.0,2755.0,277.0
2214060,J16,Palbociclib,0.1,10,16,3135.0,2912.0,223.0
2214060,J17,Etomoxir,0.01,10,17,2990.0,2693.0,297.0
2214060,J18,GSK-2256098,0.01,10,18,3000.0,2790.0,210.0
2214060,J19,,0.0,10,19,3242.0,2941.0,301.0
2214060,J20,THZ1,10.0,10,20,295.0,255.0,40.0
2214060,J21,(S)-H-1152 (hydrochloride),1.0,10,21,4262.0,3921.0,341.0
2214060,J22,DMSO,0.0,10,22,2791.0,2489.0,302.0
2214060,J23,cobimetinib,1.0,10,23,1389.0,1106.0,283.0
2214060,J24,AZD6738,1.0,10,24,2016.0,1744.0,272.0
2214060,K01,Arsenic trioxide,0.01,11,1,2387.0,2208.0,179.0
2214060,K02,,0.0,11,2,2514.0,2294.0,220.0
2214060,K03,Ribociclib,0.01,11,3,2963.0,2660.0,303.0
2214060,K04,Vinorelbine bitatrate,0.01,11,4,2748.0,2452.0,296.0
2214060,K05,Dinaciclib (SCH727965),10.0,11,5,517.0,471.0,46.0
2214060,K06,AZD4547,1.0,11,6,2588.0,2375.0,213.0
2214060,K07,MK-2206 dihydrochloride,0.01,11,7,3087.0,2836.0,251.0
2214060,K08,DMSO,0.0,11,8,3172.0,3004.0,168.0
2214060,K09,Vinorelbine bitatrate,1.0,11,9,1198.0,1071.0,127.0
2214060,K10,Bardoxolone methyl,0.01,11,10,2704.0,2466.0,238.0
2214060,K11,Selumetinib,0.01,11,11,3009.0,2778.0,231.0
2214060,K12,BGJ398 (NVP-BGJ398),0.01,11,12,2892.0,2683.0,209.0
2214060,K13,CGP 57380,10.0,11,13,2318.0,2153.0,165.0
2214060,K14,FRAX597,0.01,11,14,3194.0,2966.0,228.0
2214060,K15,Dasatinib,0.01,11,15,2801.0,2608.0,193.0
2214060,K16,DMSO,0.0,11,16,2898.0,2685.0,213.0
2214060,K17,Palbociclib,0.01,11,17,3099.0,2902.0,197.0
2214060,K18,Tazemetostat,1.0,11,18,3403.0,3108.0,295.0
2214060,K19,Dinaciclib (SCH727965),1.0,11,19,633.0,580.0,53.0
2214060,K20,Dasatinib,0.01,11,20,2644.0,2440.0,204.0
2214060,K21,Alectinib,10.0,11,21,1445.0,1180.0,265.0
2214060,K22,BGJ398 (NVP-BGJ398),10.0,11,22,2456.0,2351.0,105.0
2214060,K23,DMSO,0.0,11,23,2628.0,2335.0,293.0
2214060,K24,Lenvatinib,1.0,11,24,2074.0,1777.0,297.0
2214060,L01,Arsenic trioxide,1.0,12,1,2503.0,2229.0,274.0
2214060,L02,Rotenone,0.1,12,2,2700.0,2569.0,131.0
2214060,L03,Genistein,10.0,12,3,1847.0,1694.0,153.0
2214060,L04,Rapamycin (Sirolimus),1.0,12,4,2509.0,2348.0,161.0
2214060,L05,LY2835219,0.1,12,5,2494.0,2341.0,153.0
2214060,L06,FRAX597,1.0,12,6,3282.0,3059.0,223.0
2214060,L07,DMSO,0.0,12,7,2909.0,2622.0,287.0
2214060,L08,BGJ398 (NVP-BGJ398),1.0,12,8,2745.0,2602.0,143.0
2214060,L09,Tofacitinib,1.0,12,9,2908.0,2744.0,164.0
2214060,L10,Entrectinib,0.01,12,10,2853.0,2667.0,186.0
2214060,L11,Rotenone,1.0,12,11,529.0,451.0,78.0
2214060,L12,"BKM120 (NVP-BKM120, Buparlisib)",0.1,12,12,2737.0,2498.0,239.0
2214060,L13,Lenvatinib,0.1,12,13,3079.0,2868.0,211.0
2214060,L14,ISRIB,0.1,12,14,3175.0,2962.0,213.0
2214060,L15,DMSO,0.0,12,15,3529.0,3379.0,150.0
2214060,L16,Tazemetostat,0.1,12,16,3089.0,2881.0,208.0
2214060,L17,Decitabine,10.0,12,17,1772.0,1521.0,251.0
2214060,L18,MK-8776 (SCH 900776),1.0,12,18,2864.0,2595.0,269.0
2214060,L19,,0.0,12,19,3167.0,2981.0,186.0
2214060,L20,FRAX597,0.1,12,20,3646.0,3363.0,283.0
2214060,L21,Fasudil,1.0,12,21,3272.0,2990.0,282.0
2214060,L22,AZD4547,0.1,12,22,2928.0,2686.0,242.0
2214060,L23,Dabrafenib,1.0,12,23,2805.0,2477.0,328.0
2214060,L24,DMSO,0.0,12,24,2600.0,2317.0,283.0
2214060,M01,THZ1,0.01,13,1,2711.0,2419.0,292.0
2214060,M02,Indomethacin,10.0,13,2,2411.0,2156.0,255.0
2214060,M03,Genistein,1.0,13,3,2185.0,2010.0,175.0
2214060,M04,Entrectinib,10.0,13,4,903.0,892.0,11.0
2214060,M05,GSK-2256098,0.1,13,5,3108.0,2852.0,256.0
2214060,M06,Alectinib,0.01,13,6,2730.0,2506.0,224.0
2214060,M07,Y-27632 dihydrochloride,0.1,13,7,3155.0,2950.0,205.0
2214060,M08,"BKM120 (NVP-BKM120, Buparlisib)",0.01,13,8,2665.0,2416.0,249.0
2214060,M09,NVP-AEW541 (hydrochloride),1.0,13,9,1275.0,1169.0,106.0
2214060,M10,DMSO,0.0,13,10,3077.0,2857.0,220.0
2214060,M11,,0.0,13,11,2820.0,2596.0,224.0
2214060,M12,GSK-2256098,0.1,13,12,3119.0,2855.0,264.0
2214060,M13,Tofacitinib,10.0,13,13,3851.0,3635.0,216.0
2214060,M14,DMSO,0.0,13,14,3151.0,2948.0,203.0
2214060,M15,AZD4547,0.1,13,15,3072.0,2899.0,173.0
2214060,M16,Afuresertib,0.1,13,16,3217.0,2930.0,287.0
2214060,M17,Tazemetostat,10.0,13,17,3900.0,3653.0,247.0
2214060,M18,Rapamycin (Sirolimus),0.01,13,18,2368.0,2194.0,174.0
2214060,M19,Etomoxir,10.0,13,19,2688.0,2502.0,186.0
2214060,M20,FRAX597,0.1,13,20,2764.0,2547.0,217.0
2214060,M21,Dabrafenib,0.01,13,21,2835.0,2616.0,219.0
2214060,M22,AZD6738,0.1,13,22,3035.0,2689.0,346.0
2214060,M23,Y-27632 dihydrochloride,0.01,13,23,2892.0,2591.0,301.0
2214060,M24,NVP-AEW541 (hydrochloride),1.0,13,24,1287.0,1133.0,154.0
2214060,N01,Arsenic trioxide,0.1,14,1,2423.0,2224.0,199.0
2214060,N02,LY2835219,1.0,14,2,1430.0,1245.0,185.0
2214060,N03,NVP-AEW541 (hydrochloride),0.1,14,3,1731.0,1613.0,118.0
2214060,N04,,0.0,14,4,2511.0,2306.0,205.0
2214060,N05,GSK-2636771,0.1,14,5,2394.0,2161.0,233.0
2214060,N06,Dinaciclib (SCH727965),0.1,14,6,113.0,98.0,15.0
2214060,N07,ISRIB,0.1,14,7,2627.0,2430.0,197.0
2214060,N08,NVP-AEW541 (hydrochloride),0.1,14,8,1886.0,1730.0,156.0
2214060,N09,DMSO,0.0,14,9,2373.0,2156.0,217.0
2214060,N10,Entrectinib,0.1,14,10,1817.0,1600.0,217.0
2214060,N11,CGP 57380,10.0,14,11,2385.0,2221.0,164.0
2214060,N12,Arsenic trioxide,1.0,14,12,2446.0,2202.0,244.0
2214060,N13,DMSO,0.0,14,13,2431.0,2266.0,165.0
2214060,N14,Selumetinib,1.0,14,14,2177.0,2051.0,126.0
2214060,N15,Genistein,0.01,14,15,2631.0,2472.0,159.0
2214060,N16,Tazemetostat,10.0,14,16,3269.0,3044.0,225.0
2214060,N17,Afuresertib,1.0,14,17,2679.0,2494.0,185.0
2214060,N18,LY2835219,0.01,14,18,3331.0,3071.0,260.0
2214060,N19,Fasudil,10.0,14,19,4397.0,4124.0,273.0
2214060,N20,AZD4547,10.0,14,20,1444.0,1417.0,27.0
2214060,N21,(S)-H-1152 (hydrochloride),0.1,14,21,2857.0,2643.0,214.0
2214060,N22,,0.0,14,22,2668.0,2487.0,181.0
2214060,N23,Afuresertib,0.1,14,23,2739.0,2439.0,300.0
2214060,N24,Lenvatinib,0.01,14,24,2699.0,2454.0,245.0
2214060,O01,ISRIB,1.0,15,1,2423.0,2120.0,303.0
2214060,O02,Bardoxolone methyl,0.1,15,2,1523.0,1351.0,172.0
2214060,O03,Indomethacin,1.0,15,3,2691.0,2392.0,299.0
2214060,O04,Vinorelbine bitatrate,0.1,15,4,2206.0,1971.0,235.0
2214060,O05,OSI-906 (Linsitinib),10.0,15,5,1186.0,1096.0,90.0
2214060,O06,Lenvatinib,1.0,15,6,2058.0,1828.0,230.0
2214060,O07,"BKM120 (NVP-BKM120, Buparlisib)",10.0,15,7,500.0,428.0,72.0
2214060,O08,"Defactinib (VS-6063, PF-04554878)",1.0,15,8,2683.0,2510.0,173.0
2214060,O09,Indomethacin,10.0,15,9,2257.0,2040.0,217.0
2214060,O10,Alectinib,10.0,15,10,1469.0,1181.0,288.0
2214060,O11,Arsenic trioxide,0.01,15,11,3139.0,2934.0,205.0
2214060,O12,DMSO,0.0,15,12,2829.0,2637.0,192.0
2214060,O13,Tofacitinib,0.01,15,13,2373.0,2140.0,233.0
2214060,O14,Tazemetostat,1.0,15,14,2761.0,2474.0,287.0
2214060,O15,Dinaciclib (SCH727965),0.1,15,15,188.0,157.0,31.0
2214060,O16,"BKM120 (NVP-BKM120, Buparlisib)",1.0,15,16,2180.0,1934.0,246.0
2214060,O17,Afuresertib,0.01,15,17,2845.0,2533.0,312.0
2214060,O18,Fasudil,0.01,15,18,2767.0,2498.0,269.0
2214060,O20,Dinaciclib (SCH727965),10.0,15,20,569.0,513.0,56.0
2214060,O21,Selumetinib,10.0,15,21,1457.0,1346.0,111.0
2214060,O22,Vinorelbine bitatrate,10.0,15,22,201.0,166.0,35.0
2214060,O23,,0.0,15,23,2655.0,2434.0,221.0
2214060,O24,GSK-2256098,10.0,15,24,1100.0,940.0,160.0
2214060,P01,Palbociclib,0.1,16,1,2022.0,1798.0,224.0
2214060,P02,Fasudil,0.1,16,2,2530.0,2319.0,211.0
2214060,P03,Indomethacin,1.0,16,3,2674.0,2358.0,316.0
2214060,P05,OSI-906 (Linsitinib),1.0,16,5,1523.0,1437.0,86.0
2214060,P06,MK-2206 dihydrochloride,0.1,16,6,2329.0,2134.0,195.0
2214060,P07,Arsenic trioxide,10.0,16,7,2802.0,2540.0,262.0
2214060,P08,,0.0,16,8,2672.0,2506.0,166.0
2214060,P09,Y-27632 dihydrochloride,0.1,16,9,2732.0,2486.0,246.0
2214060,P10,AZD6738,0.1,16,10,2677.0,2376.0,301.0
2214060,P11,DMSO,0.0,16,11,2756.0,2532.0,224.0
2214060,P12,GSK-2636771,10.0,16,12,2645.0,2448.0,197.0
2214060,P13,Dabrafenib,10.0,16,13,3038.0,2740.0,298.0
2214060,P14,(S)-H-1152 (hydrochloride),10.0,16,14,393.0,266.0,127.0
2214060,P15,Dasatinib,0.1,16,15,2287.0,2106.0,181.0
2214060,P16,Afuresertib,0.01,16,16,2569.0,2312.0,257.0
2214060,P17,Fasudil,1.0,16,17,2600.0,2399.0,201.0
2214060,P18,ISRIB,0.01,16,18,2815.0,2514.0,301.0
2214060,P19,Decitabine,10.0,16,19,1452.0,1243.0,209.0
2214060,P20,Bardoxolone methyl,1.0,16,20,1047.0,822.0,225.0
2214060,P21,(S)-H-1152 (hydrochloride),1.0,16,21,4214.0,3982.0,232.0
2214060,P22,Bardoxolone methyl,10.0,16,22,97.0,92.0,5.0
2214060,P23,Selumetinib,0.1,16,23,2483.0,2234.0,249.0
2214060,P24,"Defactinib (VS-6063, PF-04554878)",0.01,16,24,2571.0,2301.0,270.0
