"se_id","chr","start","end","control_accessibility","h24_accessibility","h48_accessibility","log2fc_24h","log2fc_48h","cell_line","change_24h","change_48h"
"SE_1","1",8361497,8420686,0.100361284262137,0.0984940148277079,0.111056057711885,-0.0268250623956232,0.144713933691425,"CLB_Ma","No change","No change"
"SE_2","1",8646697,8719401,0.135186150947926,0.123846514400882,0.128387829533586,-0.125424457040699,-0.0738780790982338,"CLB_Ma","No change","No change"
"SE_3","1",33317147,33469629,0.14256562696579,0.140539040231688,0.141579150570762,-0.0205103333029827,-0.00994734381365008,"CLB_Ma","No change","No change"
"SE_4","1",36231047,36302301,0.0766483945201305,0.121313301159953,0.104892729980414,0.655553300159495,0.447575544657551,"CLB_Ma","Increased","No change"
"SE_5","1",39102247,39486501,0.10875376522762,0.103802756231802,0.127910789811203,-0.0665937747590544,0.232102588180946,"CLB_Ma","No change","No change"
"SE_6","1",51619871,51674051,0.151602428870107,0.14445750216536,0.141746366284341,-0.0691802174758811,-0.0963239035879117,"CLB_Ma","No change","No change"
"SE_7","1",51733147,51811451,0.060376115203193,0.0714647457361778,0.0730120463772705,0.239601957966077,0.270082772925517,"CLB_Ma","No change","No change"
"SE_8","1",59115547,59166001,0.161133747592414,0.164070500850086,0.179569266713329,0.0258979102760059,0.155367949624955,"CLB_Ma","No change","No change"
"SE_9","1",67673147,67772501,0.156490561463978,0.155637341120723,0.171602857686163,-0.0078371884507197,0.13219098125684,"CLB_Ma","No change","No change"
"SE_10","1",85269397,85527851,0.109767975668341,0.108745578665285,0.120850990071746,-0.0133780225882685,0.137577131917521,"CLB_Ma","No change","No change"
"SE_11","1",85540597,85586901,0.240583463495439,0.223542262065898,0.258354117604366,-0.105534698503327,0.102401569785472,"CLB_Ma","No change","No change"
"SE_12","1",86739147,86795951,0.128073067766031,0.124484599385656,0.153100643819201,-0.0406776866538762,0.255684888317982,"CLB_Ma","No change","No change"
"SE_13","1",89527835,89577701,0.0857599463179402,0.0866955889824433,0.099347660832823,0.0154751177415188,0.209905921495954,"CLB_Ma","No change","No change"
"SE_14","1",97091247,97148351,0.0845063438834169,0.091828508128601,0.0908580836493872,0.118536472375452,0.103375225909637,"CLB_Ma","No change","No change"
"SE_15","1",115296347,115335235,0.167597849007869,0.134782693471153,0.151100058918582,-0.31228652138506,-0.148565418400986,"CLB_Ma","No change","No change"
"SE_16","1",150560047,150583051,0.754057731706226,0.747638801078397,0.75583740791526,-0.0123171337209085,0.00339644087706317,"CLB_Ma","No change","No change"
"SE_17","1",155452497,155476151,0.108207962549044,0.105349226865569,0.11889193023719,-0.0382685043085435,0.134656506594453,"CLB_Ma","No change","No change"
"SE_18","1",157996270,158050251,0.208850380965513,0.234704842133776,0.241988306827369,0.167620314161593,0.211525807284027,"CLB_Ma","No change","No change"
"SE_19","1",162625447,162723901,0.141388423320757,0.156908280784177,0.166983903826015,0.149254973890191,0.238491146067776,"CLB_Ma","No change","No change"
"SE_20","1",162956397,162998851,0.0869909220324661,0.0780275339614763,0.0827277486561607,-0.15499929963812,-0.0716488562769138,"CLB_Ma","No change","No change"
"SE_21","1",163031997,163057701,0.260001110426582,0.263624095954953,0.302703109880462,0.0198884907694063,0.218605736851481,"CLB_Ma","No change","No change"
"SE_22","1",164703497,164782451,0.183255201493488,0.165274706587714,0.195615718797005,-0.148136621819885,0.0936733182024711,"CLB_Ma","No change","No change"
"SE_23","1",172341847,172363501,0.253055060682195,0.284337834405883,0.301929911359337,0.16752985156291,0.253842834790384,"CLB_Ma","No change","No change"
"SE_24","1",172883997,172970651,0.216721091442484,0.182055396609875,0.199474656911167,-0.250200867470873,-0.119061304166976,"CLB_Ma","No change","No change"
"SE_25","1",178096991,178139351,0.157516106701066,0.168667313000465,0.131375707558458,0.0980792124606704,-0.259991043403292,"CLB_Ma","No change","No change"
"SE_26","1",181072497,181117901,0.32019385551465,0.318686787583555,0.310240871675613,-0.00678517431169841,-0.0454127688799794,"CLB_Ma","No change","No change"
"SE_27","1",183019797,183165151,0.11597915746831,0.140723597647946,0.143755617514601,0.276828490441065,0.307367832451948,"CLB_Ma","No change","No change"
"SE_28","1",198087697,198127351,0.11064325345849,0.0934409992337545,0.103821871040081,-0.241410861305828,-0.0909563065047803,"CLB_Ma","No change","No change"
"SE_29","1",198153497,198299701,0.100231742515767,0.0981029811818007,0.100479257195693,-0.0306613747361157,0.00352312779519113,"CLB_Ma","No change","No change"
"SE_30","1",202551447,202591201,0.209937789352652,0.191273950195959,0.188967077419311,-0.133654260438542,-0.151068164659279,"CLB_Ma","No change","No change"
"SE_31","1",203504597,203560001,0.259746499269443,0.321353938027978,0.342203939843676,0.305997724699783,0.396418230954533,"CLB_Ma","No change","No change"
"SE_32","1",203629784,203701601,0.205769814458131,0.177617711855311,0.201800890262824,-0.211150441255044,-0.0279616018902715,"CLB_Ma","No change","No change"
"SE_33","1",204403397,204440351,0.31052643345432,0.331882044730512,0.38553912009331,0.0956564721493764,0.311259847851387,"CLB_Ma","No change","No change"
"SE_34","1",218335647,218391051,0.168427539487943,0.155485685568244,0.166158138766728,-0.114637702094264,-0.0194547955672311,"CLB_Ma","No change","No change"
"SE_35","1",218449847,218501551,0.268876072871011,0.214976336175493,0.249559516897804,-0.321423823933598,-0.107143737486136,"CLB_Ma","No change","No change"
"SE_36","1",219293047,219342601,0.178170598595542,0.151041256413582,0.177668012513815,-0.236871062245018,-0.00405254716505584,"CLB_Ma","No change","No change"
"SE_37","1",223698247,223795801,0.225012442313391,0.231752825342127,0.270766201062157,0.0423964832049038,0.265963845309885,"CLB_Ma","No change","No change"
"SE_38","1",234956997,235022701,0.344769796372845,0.318523894001264,0.388561958123972,-0.113888032459229,0.172040948445139,"CLB_Ma","No change","No change"
"SE_39","1",235900697,235929701,0.410556734720112,0.390531398421821,0.443409330583186,-0.0719633180935121,0.110797781545292,"CLB_Ma","No change","No change"
"SE_40","1",243202847,243295901,0.22313097712977,0.223697169126766,0.231511099279122,0.00363989124285333,0.0529575297278091,"CLB_Ma","No change","No change"
"SE_41","1",243697547,243750051,0.0814673047555294,0.0930774914772017,0.0994088655007084,0.190027334701312,0.283992493777499,"CLB_Ma","No change","No change"
"SE_42","10",4762497,4781751,0.217654404569965,0.219792187142422,0.243760378718892,0.014036712099758,0.162717626243931,"CLB_Ma","No change","No change"
"SE_43","10",17648397,17689351,0.196229547488404,0.161557619069665,0.192843171225292,-0.278924525250582,-0.0249857897061754,"CLB_Ma","No change","No change"
"SE_44","10",31999447,32053442,0.111665667058652,0.0896451877514287,0.100888956630569,-0.31374560966562,-0.145050254197753,"CLB_Ma","No change","No change"
"SE_45","10",33192197,33328451,0.158381350198601,0.174138506287714,0.167452803435146,0.136013488222528,0.0798616142430224,"CLB_Ma","No change","No change"
"SE_46","10",62220397,62279801,0.162838723237208,0.140097779280589,0.143787501028875,-0.215581096130858,-0.178339312604143,"CLB_Ma","No change","No change"
"SE_47","10",73993047,74146251,0.125065025656129,0.120969101576735,0.133121431825007,-0.0476523666263664,0.0893717070683873,"CLB_Ma","No change","No change"
"SE_48","10",77149647,77204701,0.212094844674771,0.19935107704662,0.219087073201738,-0.0889654255275938,0.0465787201773001,"CLB_Ma","No change","No change"
"SE_49","10",77385247,77437951,0.219756337307599,0.211844084559547,0.241628409640894,-0.0526578595071111,0.136293632901828,"CLB_Ma","No change","No change"
"SE_50","10",77476897,77545051,0.230258922799196,0.216067010750757,0.229534337391636,-0.0913685452801656,-0.00452737933696921,"CLB_Ma","No change","No change"
"SE_51","10",90910747,90944298,0.345701027185016,0.206254471840771,0.242427764834856,-0.742288880409,-0.510198382821241,"CLB_Ma","Decreased","No change"
"SE_52","10",93432197,93479316,0.408690069247166,0.404124924360318,0.441587841627088,-0.0161660766058925,0.1114308964822,"CLB_Ma","No change","No change"
"SE_53","10",99941997,100006952,0.178936967734244,0.180684557770505,0.202627521888853,0.0139441871056022,0.178440950165018,"CLB_Ma","No change","No change"
"SE_54","10",112953247,113100451,0.125732002639107,0.126181086339168,0.155789511908432,0.00510325407163452,0.307048173796972,"CLB_Ma","No change","No change"
"SE_55","10",114603997,114719451,0.165052082903614,0.147999884330433,0.156861250725901,-0.156324608939594,-0.0729787348786638,"CLB_Ma","No change","No change"
"SE_56","10",126194647,126282651,0.182732410441466,0.186590781061666,0.194457236246875,0.0299827893163587,0.0892468566354526,"CLB_Ma","No change","No change"
"SE_57","11",8688436,8790051,0.208068011618917,0.183723756190774,0.215283832524334,-0.178602925317566,0.0489534864058482,"CLB_Ma","No change","No change"
"SE_58","11",9750847,9817401,0.228326030055002,0.20327384668637,0.220033241414735,-0.166895613146367,-0.0531367655422153,"CLB_Ma","No change","No change"
"SE_59","11",12113573,12239701,0.277257535383664,0.25209020730187,0.271533307738385,-0.136769070136803,-0.0299881970935529,"CLB_Ma","No change","No change"
"SE_60","11",13207347,13236401,0.372784005570468,0.346032038843841,0.430863723175928,-0.107135974589512,0.208371297679678,"CLB_Ma","No change","No change"
"SE_61","11",14442997,14507351,0.117306676236104,0.117957318481113,0.121012700748988,0.00791254226640366,0.0444998414391662,"CLB_Ma","No change","No change"
"SE_62","11",33043012,33086001,0.150152073743064,0.147629597834111,0.182367358916526,-0.0242793320583838,0.278736076473398,"CLB_Ma","No change","No change"
"SE_63","11",33668347,33733101,0.3077773382168,0.287918957317656,0.305297911859437,-0.0959020052864054,-0.0116313426207641,"CLB_Ma","No change","No change"
"SE_64","11",35141867,35186351,0.15313493492571,0.16433000907355,0.174693952932799,0.101154724164051,0.188870649236761,"CLB_Ma","No change","No change"
"SE_65","11",65470447,65508051,0.745453227619574,0.774322361246674,0.801677503893842,0.0547444099612797,0.104768600068326,"CLB_Ma","No change","No change"
"SE_66","11",66073350,66143451,0.153619042307918,0.162455514843515,0.161871603508462,0.0801800459959468,0.0750170862596298,"CLB_Ma","No change","No change"
"SE_67","11",74120547,74164051,0.131594444630659,0.107283147069344,0.132819198757595,-0.292211608667259,0.0132647797655271,"CLB_Ma","No change","No change"
"SE_68","11",85947547,86047801,0.0853535324462931,0.0672032893536278,0.0751359850774276,-0.340413874808434,-0.181676701551394,"CLB_Ma","No change","No change"
"SE_69","11",86578797,86637051,0.115430687646721,0.106318123707374,0.124407049326993,-0.11757762300319,0.107147086944035,"CLB_Ma","No change","No change"
"SE_70","11",86717797,86786451,0.222206860559035,0.208372098652916,0.220358032582291,-0.0923121723607595,-0.0119996444696647,"CLB_Ma","No change","No change"
"SE_71","11",86803237,86821251,0.177348884708891,0.18199802704887,0.185520753862926,0.0371259004586277,0.0646339717083633,"CLB_Ma","No change","No change"
"SE_72","11",95983997,96338436,0.146372215771768,0.144031057826857,0.165465701359954,-0.0231026766034483,0.17576039726269,"CLB_Ma","No change","No change"
"SE_73","11",108869497,108930201,0.110886892017708,0.118070059219996,0.117981140503247,0.0897696567939802,0.0886918836274423,"CLB_Ma","No change","No change"
"SE_74","11",111517782,111567101,0.266818104007981,0.258969389662154,0.263055550748087,-0.0429117256893878,-0.0204120186530768,"CLB_Ma","No change","No change"
"SE_75","11",111718147,111751501,0.22806522156864,0.242311669894621,0.28345499913745,0.0870470832546262,0.312442001523735,"CLB_Ma","No change","No change"
"SE_76","11",118906947,118930051,0.696998294701665,0.716107589302972,0.71047378457486,0.0389660742729993,0.0275870875003152,"CLB_Ma","No change","No change"
"SE_77","11",120328847,120348451,0.268464344176356,0.286965392552065,0.310417915071475,0.0958010535782444,0.208757554754409,"CLB_Ma","No change","No change"
"SE_78","11",122155306,122200061,0.147687932428286,0.140033997718611,0.143900475861335,-0.0762445811778113,-0.0372252296439712,"CLB_Ma","No change","No change"
"SE_79","12",27541147,27624851,0.108564812908906,0.100531842683521,0.115511213502856,-0.109852286352743,0.0886842657318072,"CLB_Ma","No change","No change"
"SE_80","12",29277047,29288851,0.122895380666619,0.122574401114284,0.122011811767402,-0.00374248415082723,-0.0103255470042382,"CLB_Ma","No change","No change"
"SE_81","12",31482597,31533801,0.117958564036169,0.124781555251554,0.131092076993484,0.0804612416528406,0.151084797325565,"CLB_Ma","No change","No change"
"SE_82","12",45212947,45314301,0.230061896527308,0.220886437066884,0.242323651210364,-0.0584578857935832,0.0745971874693348,"CLB_Ma","No change","No change"
"SE_83","12",49186097,49246251,0.23897218739173,0.249204930084126,0.254467311915753,0.0602430087342722,0.0902714960798752,"CLB_Ma","No change","No change"
"SE_84","12",49480847,49519451,0.169828323081609,0.152855516911751,0.161472372866962,-0.150971015090938,-0.072352771285243,"CLB_Ma","No change","No change"
"SE_85","12",50150597,50219704,0.19264661278346,0.190149601054714,0.217662447278367,-0.0187240771880207,0.175279209296624,"CLB_Ma","No change","No change"
"SE_86","12",54220147,54286601,0.260854086460814,0.261197938996714,0.286521110296695,0.0018932258456462,0.134904765634282,"CLB_Ma","No change","No change"
"SE_87","12",65630447,65674151,0.159812548458091,0.164680052333863,0.191213123940508,0.0430199276891758,0.257326857212533,"CLB_Ma","No change","No change"
"SE_88","12",67651729,67693001,0.209933782501803,0.189018100463134,0.218555205364717,-0.150653319997041,0.0577935680598277,"CLB_Ma","No change","No change"
"SE_89","12",68613836,68658601,0.0744853962137644,0.073521212186678,0.077619243468149,-0.018546418534747,0.0586849208024184,"CLB_Ma","No change","No change"
"SE_90","12",69489747,69581721,0.108691198689453,0.0974129569763758,0.107904788638073,-0.156527595295073,-0.0103803806257107,"CLB_Ma","No change","No change"
"SE_91","12",93395297,93439249,0.0976010421975606,0.0770423460700054,0.0790417204070006,-0.337345747568068,-0.300850719055619,"CLB_Ma","No change","No change"
"SE_92","12",93766797,93826401,0.147651577166624,0.141076822990129,0.136659688142996,-0.065263543310316,-0.110828623304072,"CLB_Ma","No change","No change"
"SE_93","12",95198897,95263201,0.266291992410739,0.262541324073632,0.267057292467969,-0.0203874191401068,0.00412476631852316,"CLB_Ma","No change","No change"
"SE_94","12",96197379,96241451,0.21221062938561,0.201053414595847,0.220724193647811,-0.0775426313822293,0.0564868359531601,"CLB_Ma","No change","No change"
"SE_95","12",103933497,103987201,0.272899959396954,0.283205426605806,0.312674619958594,0.0532850494212049,0.195619750382457,"CLB_Ma","No change","No change"
"SE_96","12",104279847,104337401,0.175640511168545,0.178512964186256,0.178109756922508,0.0232717851610418,0.0200276774638378,"CLB_Ma","No change","No change"
"SE_97","12",105307597,105385551,0.137985958119043,0.137842666763854,0.141330854086982,-0.00148815296443547,0.0343093057026098,"CLB_Ma","No change","No change"
"SE_98","12",106027997,106148601,0.195531052157748,0.191648485685195,0.194033057878961,-0.028786432429207,-0.0110385983051931,"CLB_Ma","No change","No change"
"SE_99","12",110265747,110341501,0.136712804469615,0.141361069111175,0.137819633727608,0.0478919656404581,0.0115489207648992,"CLB_Ma","No change","No change"
"SE_100","12",116120397,116165351,0.106203556876345,0.101059734722215,0.110260342023971,-0.0709389764297713,0.0535866723225349,"CLB_Ma","No change","No change"
"SE_101","12",120224447,120262770,0.351697003282988,0.341444238130635,0.361260009454805,-0.042560231736191,0.0385962349884934,"CLB_Ma","No change","No change"
"SE_102","12",121921554,121965951,0.149437884232623,0.140740802823837,0.147417910760834,-0.0859127958472029,-0.0195027176212202,"CLB_Ma","No change","No change"
"SE_103","12",122071347,122131051,0.163806264134224,0.172532751360057,0.190752457763375,0.0744368936195369,0.21847399033941,"CLB_Ma","No change","No change"
"SE_104","13",32021847,32064001,0.156567273891429,0.151595562558635,0.172133665441877,-0.0462549142049752,0.135918356933962,"CLB_Ma","No change","No change"
"SE_105","13",45177147,45292701,0.109757840043129,0.0997981392342069,0.122466176794522,-0.135939817733904,0.156707049553993,"CLB_Ma","No change","No change"
"SE_106","13",45479047,45523351,0.114663973390959,0.0983118416471864,0.117424300662515,-0.219901913051696,0.0340255834992598,"CLB_Ma","No change","No change"
"SE_107","13",49061897,49143101,0.0787179141360134,0.0798954530633694,0.0889160705501123,0.0211546528103861,0.173675027531213,"CLB_Ma","No change","No change"
"SE_108","13",99279297,99337501,0.136093655366613,0.11854268239627,0.139265304359339,-0.197635984769217,0.0329963866241421,"CLB_Ma","No change","No change"
"SE_109","13",114096847,114129619,0.22803863438997,0.260842843855905,0.274091386939707,0.193110202972191,0.264319996234011,"CLB_Ma","No change","No change"
"SE_110","14",21214097,21266478,0.0939640185472479,0.0817015639849318,0.106553564219032,-0.199466373378521,0.179602443819107,"CLB_Ma","No change","No change"
"SE_111","14",49970047,50024601,0.242049024098822,0.240344059431256,0.253378371572563,-0.0101560253950341,0.0657286698564896,"CLB_Ma","No change","No change"
"SE_112","14",50984347,51025351,0.229578907480201,0.210052911881462,0.256346344671072,-0.127655812340494,0.158450744223118,"CLB_Ma","No change","No change"
"SE_113","14",51506647,51556701,0.191080355909169,0.173727503182133,0.188288884288383,-0.136603266689941,-0.0211202884967435,"CLB_Ma","No change","No change"
"SE_114","14",51635547,51730301,0.125108778487602,0.13060852382705,0.133973223625204,0.0615842246481056,0.0980045238873027,"CLB_Ma","No change","No change"
"SE_115","14",55571297,55650451,0.140272307152616,0.130216969682833,0.140466841449766,-0.106524380581313,0.00198524832132107,"CLB_Ma","No change","No change"
"SE_116","14",64917597,64937951,0.109010112144595,0.10533024893992,0.0863887659940591,-0.0490840679256049,-0.332116407233295,"CLB_Ma","No change","No change"
"SE_117","14",75820597,75887251,0.117086116851226,0.127627465704982,0.136584905741226,0.123359372979261,0.220482842616927,"CLB_Ma","No change","No change"
"SE_118","14",77562347,77613766,0.102755494278952,0.177612162015928,0.218070341156432,0.783642584342216,1.07820644314303,"CLB_Ma","Increased","Increased"
"SE_119","14",101960747,102056851,0.135115801533867,0.132236151424858,0.134613171621446,-0.0308489704954642,-0.00533724836680711,"CLB_Ma","No change","No change"
"SE_120","14",103388361,103457151,0.103825237221265,0.109601009138665,0.127486851581177,0.0773784539476342,0.293634636923695,"CLB_Ma","No change","No change"
"SE_121","15",32769247,33035351,0.116178868786456,0.112594760508897,0.127426633416366,-0.0448161348103984,0.13223199523554,"CLB_Ma","No change","No change"
"SE_122","15",40992297,41050501,0.0790563840333652,0.077787489626556,0.0818610506617734,-0.0230498862409325,0.049677659611555,"CLB_Ma","No change","No change"
"SE_123","15",44028097,44164751,0.0966520089070958,0.100427049896375,0.109398268167711,0.0547208316981983,0.176995911745316,"CLB_Ma","No change","No change"
"SE_124","15",48395247,48510951,0.0988459423513155,0.0949053843537353,0.108945975606294,-0.0580919852321914,0.139019093499522,"CLB_Ma","No change","No change"
"SE_125","15",48524197,48642787,0.129152450267821,0.112792575312121,0.142237079631367,-0.193796043987591,0.138202537518466,"CLB_Ma","No change","No change"
"SE_126","15",51835397,51889201,0.116967800549393,0.114267883411306,0.13271418277717,-0.033402530863961,0.180759369119744,"CLB_Ma","No change","No change"
"SE_127","15",60342847,60472801,0.243697359972328,0.239350948732931,0.262049845653979,-0.0258560381251175,0.104337667227197,"CLB_Ma","No change","No change"
"SE_128","15",71651697,71731001,0.143662295765489,0.142061801211174,0.159149199840648,-0.0160504413560728,0.146727637664734,"CLB_Ma","No change","No change"
"SE_129","15",85393797,85445551,0.0852398315188165,0.0821780807630616,0.0940351439047244,-0.0521509627256928,0.140106759757224,"CLB_Ma","No change","No change"
"SE_130","15",90391238,90424151,0.143436995488829,0.185557827013224,0.19673472441695,0.369182574096677,0.453125931170996,"CLB_Ma","No change","No change"
"SE_131","15",98716247,98765001,0.141178262995302,0.138397549839018,0.154807234115859,-0.0284957110771851,0.132061304592037,"CLB_Ma","No change","No change"
"SE_132","15",98841397,98928101,0.248485149365638,0.24860795391688,0.275486908036222,0.000709965813937868,0.148257227338749,"CLB_Ma","No change","No change"
"SE_133","15",101640397,101717901,0.176764779511871,0.173774645271739,0.174293126302909,-0.0244736048573984,-0.0202000862981142,"CLB_Ma","No change","No change"
"SE_134","16",9094677,9130401,0.143450882852192,0.127216179685038,0.0877646970986587,-0.172000693274226,-0.702521104625913,"CLB_Ma","No change","Decreased"
"SE_135","16",24970047,25012377,0.162341645217706,0.148074278713225,0.174054386061609,-0.131861307686261,0.0999105454795416,"CLB_Ma","No change","No change"
"SE_136","16",50180847,50235851,0.130917831127871,0.126146680092132,0.121379059189165,-0.0531457920865248,-0.108282871260176,"CLB_Ma","No change","No change"
"SE_137","16",57167697,57204351,0.289239226617295,0.299918207599694,0.321617928215217,0.0521288854586147,0.152584096068443,"CLB_Ma","No change","No change"
"SE_138","16",69431847,69497251,0.12671958474998,0.114237661144659,0.122914833686152,-0.148367482374548,-0.0436308664532538,"CLB_Ma","No change","No change"
"SE_139","16",75231497,75262947,0.496920236650262,0.449298138221124,0.464185816061009,-0.145034138315885,-0.0981075427206641,"CLB_Ma","No change","No change"
"SE_140","17",667897,706401,0.21290129552337,0.195924242174381,0.201585729402427,-0.119304496621649,-0.0784126694030903,"CLB_Ma","No change","No change"
"SE_141","17",4194597,4257901,0.155078488135519,0.14830453719567,0.192347653588802,-0.0640137003615926,0.308925548029829,"CLB_Ma","No change","No change"
"SE_142","17",16002690,16048251,0.1018820145275,0.122848270093543,0.177459903325248,0.267582919839289,0.794609166093793,"CLB_Ma","No change","Increased"
"SE_143","17",20165097,20227451,0.111163626595446,0.0977971076201456,0.110319939942397,-0.183064190725488,-0.0108928665466617,"CLB_Ma","No change","No change"
"SE_144","17",31232597,31278401,0.153124045342746,0.146702873890228,0.186568348392016,-0.0613940612427148,0.283324439358393,"CLB_Ma","No change","No change"
"SE_145","17",31563897,31604151,0.421817721470119,0.381835053298589,0.480588936536558,-0.143312912860296,0.187766404321134,"CLB_Ma","No change","No change"
"SE_146","17",40280547,40348051,0.540444161054038,0.569563399760203,0.517110667331045,0.075574643673881,-0.0635522734686154,"CLB_Ma","No change","No change"
"SE_147","17",45064296,45129532,0.262723025073191,0.22893123644192,0.329938696440013,-0.197821063939955,0.32754045966828,"CLB_Ma","No change","No change"
"SE_148","17",45287497,45322351,0.434033798459095,0.487709513482526,0.460834661297907,0.167849698577051,0.0862489627736778,"CLB_Ma","No change","No change"
"SE_149","17",50026997,50084801,0.589816802958478,0.537823155798666,0.570959678711215,-0.132899005633903,-0.0467974119458912,"CLB_Ma","No change","No change"
"SE_150","17",59622686,59699401,0.124706317882757,0.149360879437502,0.116621367995445,0.258372098525064,-0.0959069851168334,"CLB_Ma","No change","No change"
"SE_151","17",59745197,59859951,0.45379384190841,0.460181787793855,0.565772159537801,0.0201228219666292,0.317556173562646,"CLB_Ma","No change","No change"
"SE_152","17",64525147,64684501,0.148280302653201,0.134367982932423,0.144859469441453,-0.141137261431345,-0.0334447647886536,"CLB_Ma","No change","No change"
"SE_153","17",75673497,75708901,0.414371831880784,0.405595044005611,0.45490979793458,-0.0308107539986814,0.134345030170147,"CLB_Ma","No change","No change"
"SE_154","18",9105627,9148201,0.288019924624936,0.293975661626502,0.294033572853848,0.0294269694409567,0.0297101793837505,"CLB_Ma","No change","No change"
"SE_155","18",28027147,28097351,0.120825140885315,0.121418289714392,0.121419430772462,0.00700722680159953,0.00702067406630035,"CLB_Ma","No change","No change"
"SE_156","18",57727847,57849851,0.14125152687714,0.132464030069854,0.153945033684593,-0.0919931648561591,0.123312376254857,"CLB_Ma","No change","No change"
"SE_157","18",77063747,77109201,0.28329659556294,0.281793569873949,0.337510121317863,-0.00764750622563327,0.251802147532314,"CLB_Ma","No change","No change"
"SE_158","2",33129797,33170001,0.139713927816628,0.131055637558842,0.141808672570157,-0.0916192405018554,0.0213184617659742,"CLB_Ma","No change","No change"
"SE_159","2",36338247,36573801,0.152621896470213,0.14197787339738,0.148688450310366,-0.1035919656187,-0.0374209550464906,"CLB_Ma","No change","No change"
"SE_160","2",55092947,55121751,0.202741177441203,0.206426143129534,0.242279856301814,0.0258601489069467,0.255879281329994,"CLB_Ma","No change","No change"
"SE_161","2",62709894,62829051,0.135569871750055,0.127637783834867,0.144276926678233,-0.0863247931452069,0.0891663376533498,"CLB_Ma","No change","No change"
"SE_162","2",63844877,63896501,0.0983488672622461,0.0830997490570825,0.100347411494652,-0.240402022843152,0.0287338179031037,"CLB_Ma","No change","No change"
"SE_163","2",68027447,68060026,0.117332185376011,0.116259543719292,0.138642090039371,-0.0131371801362998,0.238891326974305,"CLB_Ma","No change","No change"
"SE_164","2",68166547,68259001,0.136764152279083,0.1171478236365,0.129112006370449,-0.221607477908661,-0.0824464359943717,"CLB_Ma","No change","No change"
"SE_165","2",69016141,69255351,0.155820824428519,0.144937183176284,0.174480039415722,-0.10376963661481,0.162189786115028,"CLB_Ma","No change","No change"
"SE_166","2",69754597,69803851,0.196043120427674,0.196762737821147,0.212282916926595,0.00525924108231752,0.114257036405612,"CLB_Ma","No change","No change"
"SE_167","2",70090450,70144501,0.207914952891485,0.218401645471534,0.210631224751686,0.0706585900834184,0.0186367473810242,"CLB_Ma","No change","No change"
"SE_168","2",75586547,75607951,0.231649481271857,0.218722855498767,0.247836292141319,-0.0824730241583037,0.0970389438361655,"CLB_Ma","No change","No change"
"SE_169","2",108537352,108599501,0.217987942663694,0.179350976237171,0.187602243255321,-0.280044205711751,-0.215504602460627,"CLB_Ma","No change","No change"
"SE_170","2",117930197,118011162,0.150669379849526,0.160661925699346,0.163299532837916,0.0920500852015131,0.115398525297229,"CLB_Ma","No change","No change"
"SE_171","2",138018897,138053301,0.135005828855148,0.119394707685053,0.11944914656008,-0.175896507497503,-0.175244311520847,"CLB_Ma","No change","No change"
"SE_172","2",160204397,160252901,0.332589587780921,0.301943641446066,0.37140249516182,-0.139024834308706,0.158788480105554,"CLB_Ma","No change","No change"
"SE_173","2",177215723,177276301,0.227295667907049,0.250665608245466,0.236834497723446,0.140604592707814,0.059054508613732,"CLB_Ma","No change","No change"
"SE_174","2",189075647,189176878,0.0998612927624174,0.0971105003574172,0.0932087268668697,-0.0398931664309776,-0.0984400091128488,"CLB_Ma","No change","No change"
"SE_175","2",189203447,189299101,0.108258385279458,0.11093686773714,0.123873820486683,0.0349412764961985,0.192727044065472,"CLB_Ma","No change","No change"
"SE_176","2",189366697,189413601,0.125284107444953,0.131379309480184,0.1360165067493,0.0680045597177284,0.117676618227322,"CLB_Ma","No change","No change"
"SE_177","2",190883818,190963751,0.10826875877586,0.117817528107165,0.129542428248866,0.120866703502713,0.256637804082915,"CLB_Ma","No change","No change"
"SE_178","2",201627947,201656951,0.256879526559994,0.251846861950887,0.236586215648532,-0.0284333664856827,-0.118246104129769,"CLB_Ma","No change","No change"
"SE_179","2",207219697,207261451,0.320171030361346,0.285850293077633,0.281946599264219,-0.163043775572797,-0.182811969808377,"CLB_Ma","No change","No change"
"SE_180","2",216443447,216512801,0.130332232269958,0.123898215015479,0.1250658455162,-0.0724681749446327,-0.0590435683748087,"CLB_Ma","No change","No change"
"SE_181","2",222904597,223003801,0.163280722528246,0.163318506995064,0.169001942781021,0.000331780833576493,0.0493880359598054,"CLB_Ma","No change","No change"
"SE_182","2",223026197,223111101,0.216386292821453,0.196899790143843,0.218465677431319,-0.135490892325876,0.0137343572910386,"CLB_Ma","No change","No change"
"SE_183","2",233402297,233502201,0.132485888018517,0.130123662009882,0.141548365977398,-0.0257591782686245,0.0947642720126134,"CLB_Ma","No change","No change"
"SE_184","2",234240697,234260551,0.306472051610699,0.301424048229107,0.327150276207117,-0.0238824145847647,0.0939013681505937,"CLB_Ma","No change","No change"
"SE_185","20",31652097,31718505,0.147613302504166,0.136788214409892,0.158296853769619,-0.109110764821037,0.100154514326345,"CLB_Ma","No change","No change"
"SE_186","20",35301597,35345051,0.313207896474291,0.262306226529248,0.304909225716421,-0.25497780009542,-0.0386158211386457,"CLB_Ma","No change","No change"
"SE_187","20",35854497,35904351,0.32881561913098,0.280682919680602,0.366766323825731,-0.227587636217292,0.157129656617785,"CLB_Ma","No change","No change"
"SE_188","20",45013747,45105201,0.141392261551679,0.137360556268502,0.149584453088614,-0.0414380246603925,0.0807020846324284,"CLB_Ma","No change","No change"
"SE_189","20",50894997,50936551,0.147625454052286,0.151376594479186,0.146438933424573,0.0359600999590072,-0.0115636777840695,"CLB_Ma","No change","No change"
"SE_190","20",53734697,53754501,0.245106178523608,0.225821170076371,0.268420328322484,-0.117725578533145,0.130577831965861,"CLB_Ma","No change","No change"
"SE_191","20",53770647,53846251,0.197355639104532,0.192211268418229,0.221660357582414,-0.0379101757032963,0.166755310951514,"CLB_Ma","No change","No change"
"SE_192","20",58235547,58296451,0.11125316099996,0.11562146969786,0.111026661405405,0.0550773380526571,-0.00291394873969193,"CLB_Ma","No change","No change"
"SE_193","21",25306247,25344901,0.120609021000695,0.128961737111127,0.130776871862925,0.0958366800576994,0.115846933009087,"CLB_Ma","No change","No change"
"SE_194","21",29148556,29233751,0.157451699826334,0.13397643098678,0.157735952556092,-0.231335624674781,0.00258578863510803,"CLB_Ma","No change","No change"
"SE_195","21",29308201,29352601,0.11110009612805,0.0960028260370711,0.112550840620104,-0.208688831424851,0.018550871113366,"CLB_Ma","No change","No change"
"SE_196","22",24282697,24339106,0.098769065075918,0.105526180610006,0.104654924902489,0.0945435803721889,0.0826955569580439,"CLB_Ma","No change","No change"
"SE_197","22",31207297,31254601,0.256285204617508,0.26643931649554,0.292571367493919,0.0558430767488963,0.190342770408916,"CLB_Ma","No change","No change"
"SE_198","22",31583547,31662751,0.210723740715384,0.191072733642458,0.23421749666258,-0.140530318000596,0.151812330379587,"CLB_Ma","No change","No change"
"SE_199","22",36295897,36399251,0.315099685418606,0.312914416468381,0.305054032947449,-0.0100083135017104,-0.0465932204690908,"CLB_Ma","No change","No change"
"SE_200","22",40466438,40543951,0.164583163810231,0.162726980686334,0.162219874632871,-0.0162639055800466,-0.0207392505072476,"CLB_Ma","No change","No change"
"SE_201","22",42905297,43018201,0.1819002577304,0.172476776392718,0.188951336269655,-0.0763145681448384,0.0545727530754835,"CLB_Ma","No change","No change"
"SE_202","3",15629947,15648901,0.423641003142741,0.441493347401529,0.468141046878859,0.0594120814325655,0.143778049112887,"CLB_Ma","No change","No change"
"SE_203","3",30333897,30359151,0.120077695468303,0.129388924499385,0.133922392096023,0.10688820830967,0.156196680833871,"CLB_Ma","No change","No change"
"SE_204","3",48011697,48086278,0.148987249592036,0.18429801646449,0.141200444994289,0.305007575511852,-0.0769138828512458,"CLB_Ma","No change","No change"
"SE_205","3",57998247,58175901,0.134471543135511,0.130093770695726,0.146302340592388,-0.0473907006387052,0.120790520621728,"CLB_Ma","No change","No change"
"SE_206","3",71487847,71554851,0.194233461467359,0.168039891610535,0.201286099182757,-0.207836593263921,0.0511968427366973,"CLB_Ma","No change","No change"
"SE_207","3",81722147,81765851,0.228350154504603,0.220694643522025,0.221025174009505,-0.0489779663782077,-0.0468286155288194,"CLB_Ma","No change","No change"
"SE_208","3",98877097,98924851,0.228572736771277,0.237015295960168,0.233141128133281,0.0521029678108874,0.0284270508236172,"CLB_Ma","No change","No change"
"SE_209","3",99842697,99936151,0.13525397960173,0.127257241329392,0.140438773884765,-0.0872580857787827,0.0538793057161999,"CLB_Ma","No change","No change"
"SE_210","3",100001947,100049201,0.16470942444424,0.157830408768647,0.153087743824074,-0.0611685066119248,-0.104903541633505,"CLB_Ma","No change","No change"
"SE_211","3",107192747,107250501,0.173877485591255,0.174812352459414,0.193657177828546,0.00769187380500349,0.154590980862582,"CLB_Ma","No change","No change"
"SE_212","3",111845697,111975874,0.141558054585585,0.156219632467504,0.158246496976725,0.141231827912834,0.159712082750247,"CLB_Ma","No change","No change"
"SE_213","3",112604967,112699901,0.261364620330231,0.225145899568823,0.271645882185868,-0.214319349186389,0.0554551796274331,"CLB_Ma","No change","No change"
"SE_214","3",120403647,120448070,0.189136729984761,0.193574023838375,0.206505162108096,0.0332818652948817,0.126109972879691,"CLB_Ma","No change","No change"
"SE_215","3",123595047,123881301,0.188628944370798,0.186197324685548,0.194735990827831,-0.0186193725998528,0.0457298654508165,"CLB_Ma","No change","No change"
"SE_216","3",128758647,128806351,0.10051721216497,0.104820241845365,0.104102315739384,0.0598912640684828,0.0500701008454779,"CLB_Ma","No change","No change"
"SE_217","3",134457097,134482731,0.193766376382733,0.207253449212454,0.193041967982497,0.0965957521870211,-0.00537592174161479,"CLB_Ma","No change","No change"
"SE_218","3",136136147,136186501,0.0700748753409269,0.061974457785654,0.0660090855020249,-0.174572868233958,-0.0849829452869269,"CLB_Ma","No change","No change"
"SE_219","3",149369097,149408351,0.157969252237361,0.141804606348831,0.166324824776003,-0.154705230926452,0.07390375644713,"CLB_Ma","No change","No change"
"SE_220","3",152272624,152467151,0.0931583001032409,0.0887310913763496,0.115525349629587,-0.069480316348547,0.307483661753652,"CLB_Ma","No change","No change"
"SE_221","3",156531797,156559251,0.270543785300995,0.305501405760182,0.325666013889766,0.174708845476682,0.266631520235892,"CLB_Ma","No change","No change"
"SE_222","3",160394797,160446837,0.150361435413499,0.125562118060967,0.133379533972065,-0.258152026309585,-0.171684243312424,"CLB_Ma","No change","No change"
"SE_223","3",170688547,170768951,0.204250626270365,0.188010513459633,0.211970235542322,-0.118920139348421,0.0532651912296727,"CLB_Ma","No change","No change"
"SE_224","3",171256147,171331701,0.0992647753101943,0.0975691927449614,0.109978922843602,-0.0246061362782184,0.146470853334745,"CLB_Ma","No change","No change"
"SE_225","3",171343347,171428051,0.115236571192001,0.110484707263518,0.128699146979999,-0.0602182269960298,0.158104939813177,"CLB_Ma","No change","No change"
"SE_226","3",172044197,172186201,0.14955454218361,0.139622193857341,0.165487028968286,-0.0984619270162496,0.145123546688912,"CLB_Ma","No change","No change"
"SE_227","3",172243397,172368751,0.097904868528624,0.103122080279726,0.111831850456411,0.0741625975072123,0.190060929202886,"CLB_Ma","No change","No change"
"SE_228","3",172753682,172817751,0.0815134367364181,0.0735120056710152,0.0970849217750197,-0.147156174219745,0.249402302131346,"CLB_Ma","No change","No change"
"SE_229","3",179580247,179618651,0.176103164032695,0.177967090871164,0.166669387999411,0.0151043370350539,-0.0789706718124936,"CLB_Ma","No change","No change"
"SE_230","3",188185397,188301151,0.153538369672021,0.141692819625677,0.162641711281437,-0.115052343695929,0.0825754461880288,"CLB_Ma","No change","No change"
"SE_231","3",192851647,192915160,0.201793759134682,0.193819593228313,0.212168235647416,-0.0578744766859314,0.0719792221978588,"CLB_Ma","No change","No change"
"SE_232","3",194552997,194599901,0.328774630570992,0.319767868618738,0.342952836525173,-0.0399507831170445,0.0607303362709991,"CLB_Ma","No change","No change"
"SE_233","3",196742854,196810951,0.174365735149887,0.171050642732754,0.193071391203023,-0.027533604402394,0.146220574609258,"CLB_Ma","No change","No change"
"SE_234","4",24526247,24572351,0.0550511609828755,0.0564023275626332,0.0650750575989189,0.034364981055187,0.2373615217344,"CLB_Ma","No change","No change"
"SE_235","4",41119997,41209951,0.164049178894309,0.160333081866552,0.160941109562295,-0.0328536632132508,-0.0274266937921571,"CLB_Ma","No change","No change"
"SE_236","4",69746947,69803551,0.104227441538526,0.0895846932593595,0.102083671899689,-0.216171790658045,-0.0296951513300563,"CLB_Ma","No change","No change"
"SE_237","4",76579197,76609551,0.182845837757797,0.1889471250585,0.168690555818507,0.0471013617702624,-0.115590241044918,"CLB_Ma","No change","No change"
"SE_238","4",76943147,77072971,0.184040894986799,0.193698649167241,0.187730791077991,0.0733987255916307,0.0284856661740102,"CLB_Ma","No change","No change"
"SE_239","4",79996847,80070322,0.155831070491108,0.180235742773081,0.175606310020378,0.20865610105057,0.171325483985359,"CLB_Ma","No change","No change"
"SE_240","4",88010644,88041951,0.145250067330641,0.173141118628581,0.182421469436178,0.251819607024721,0.326725227018463,"CLB_Ma","No change","No change"
"SE_241","4",88586847,88641951,0.25948309591028,0.275507028358104,0.231759557241624,0.0861264002535063,-0.162349344739198,"CLB_Ma","No change","No change"
"SE_242","4",94507447,94596301,0.0968176534675234,0.089652954687474,0.096227030565794,-0.109740813440115,-0.00873739615152456,"CLB_Ma","No change","No change"
"SE_243","4",102787947,102822859,0.102057744453895,0.131191992371148,0.0919283865554834,0.359181864375683,-0.149261658015371,"CLB_Ma","No change","No change"
"SE_244","4",112883597,112910451,0.0978610099795376,0.093307734872063,0.1142207035282,-0.0680255435500419,0.220926421470937,"CLB_Ma","No change","No change"
"SE_245","4",113435197,113476701,0.234314705417362,0.224807205143333,0.306158241082092,-0.0594999601650053,0.38439061037366,"CLB_Ma","No change","No change"
"SE_246","4",113897397,113976721,0.093399352639225,0.0850109760042651,0.086913885469472,-0.134256189790908,-0.102685917706236,"CLB_Ma","No change","No change"
"SE_247","4",114224047,114284551,0.13352412339819,0.104263202349421,0.125789423305222,-0.353863715043441,-0.0854305039909625,"CLB_Ma","No change","No change"
"SE_248","4",114316247,114367701,0.0823642896905521,0.0697605703401132,0.0944280642573816,-0.23648384013321,0.194984091530667,"CLB_Ma","No change","No change"
"SE_249","4",122757697,122799301,0.203831444491909,0.169190189120524,0.180964453813323,-0.267289333198294,-0.170780554223182,"CLB_Ma","No change","No change"
"SE_250","4",122829705,122915251,0.0913428452044554,0.0855315022116538,0.0961140646646105,-0.0937747359225555,0.0726800664679311,"CLB_Ma","No change","No change"
"SE_251","4",137509247,137529497,0.152690108982402,0.132233607988452,0.132676661433521,-0.206066274557179,-0.201276712907815,"CLB_Ma","No change","No change"
"SE_252","4",159262097,159310151,0.129311731092833,0.125071518721582,0.144060673087561,-0.0477245779726258,0.154689482271252,"CLB_Ma","No change","No change"
"SE_253","4",169200697,169268097,0.136044837727101,0.155247415332419,0.15733672020032,0.189184339664835,0.208347887670196,"CLB_Ma","No change","No change"
"SE_254","4",185180697,185403601,0.160893132476131,0.166078495735995,0.172010441224651,0.0454842719404867,0.0958173198446809,"CLB_Ma","No change","No change"
"SE_255","5",9324147,9372201,0.172386695151482,0.143230769823053,0.168192932778988,-0.26561421915356,-0.0353238893628847,"CLB_Ma","No change","No change"
"SE_256","5",9426847,9508331,0.141474460959916,0.157474165198351,0.176403220007921,0.153544333887953,0.316328861550846,"CLB_Ma","No change","No change"
"SE_257","5",17220558,17262401,0.138225199255557,0.136010399733078,0.115597749039029,-0.0231349527106539,-0.255880420317868,"CLB_Ma","No change","No change"
"SE_258","5",52994197,53046301,0.133098192456712,0.139699977399116,0.150007831287076,0.0693323059079583,0.171333578931529,"CLB_Ma","No change","No change"
"SE_259","5",61350847,61505451,0.130348804596323,0.0977598958439325,0.13872922312389,-0.41140585051218,0.0892307085526995,"CLB_Ma","No change","No change"
"SE_260","5",65100547,65248151,0.100767937743236,0.0923067513745904,0.101219435488716,-0.125229729415539,0.00638642099993927,"CLB_Ma","No change","No change"
"SE_261","5",69237792,69296951,0.0847955118213797,0.0658946431863374,0.0861454357094845,-0.359011491867293,0.0225229256777896,"CLB_Ma","No change","No change"
"SE_262","5",76488247,76543601,0.0896786051501351,0.0973523633526904,0.103848715517351,0.117197520869104,0.209475083022002,"CLB_Ma","No change","No change"
"SE_263","5",95710247,95802001,0.172780321768743,0.156680546325189,0.188263544420013,-0.140260045936366,0.123131822626262,"CLB_Ma","No change","No change"
"SE_264","5",120599047,120624601,0.130107997189766,0.116259261670352,0.13071162479849,-0.161053810397124,0.00662699445584347,"CLB_Ma","No change","No change"
"SE_265","5",122140947,122184251,0.186678180876294,0.155780673099839,0.171973012569684,-0.259513210451525,-0.117713970187628,"CLB_Ma","No change","No change"
"SE_266","5",131504497,131547351,0.0836829292669291,0.0914099985862208,0.105395425910728,0.125977782480122,0.329293049099013,"CLB_Ma","No change","No change"
"SE_267","5",140280247,140343602,0.203761441297708,0.193573053392693,0.231465731109153,-0.0736321427366767,0.18307399080335,"CLB_Ma","No change","No change"
"SE_268","5",147471147,147507055,0.215597417584029,0.191933599013623,0.233810799152353,-0.166911634474503,0.11648271847464,"CLB_Ma","No change","No change"
"SE_269","5",150008297,150066101,0.148027037197585,0.146704042867116,0.165727043926818,-0.012864779832464,0.161914040300661,"CLB_Ma","No change","No change"
"SE_270","5",151658897,151703801,0.292819716395987,0.297761391170876,0.327727033826631,0.0240625118553337,0.161958896185912,"CLB_Ma","No change","No change"
"SE_271","5",154193732,154320951,0.138377252347318,0.132156703989517,0.144203510684366,-0.0658700540951458,0.0590812154916307,"CLB_Ma","No change","No change"
"SE_272","5",154342197,154376051,0.113857130116523,0.114980849147958,0.124979507947867,0.0140461867263461,0.133348662138414,"CLB_Ma","No change","No change"
"SE_273","5",157495447,157572822,0.166859404026118,0.165953380218459,0.169365005490681,-0.00780806054206455,0.0213756596798889,"CLB_Ma","No change","No change"
"SE_274","5",169548297,169606201,0.148319024992516,0.14196797288831,0.150296923496992,-0.062705996984907,0.0189846583650744,"CLB_Ma","No change","No change"
"SE_275","6",11160047,11236601,0.180014669656107,0.172787643319444,0.193220859981262,-0.0587811128295594,0.101591539571578,"CLB_Ma","No change","No change"
"SE_276","6",16657547,16771001,0.197850394419353,0.19056788735212,0.219992836788848,-0.0538276822823607,0.152316183459597,"CLB_Ma","No change","No change"
"SE_277","6",30724546,30794251,0.374845471575926,0.377239950182886,0.399915242292802,0.00916212917664963,0.0931576465432168,"CLB_Ma","No change","No change"
"SE_278","6",34629397,34684901,0.104202132006334,0.113039242219658,0.124532974837582,0.116366415534769,0.254902436894621,"CLB_Ma","No change","No change"
"SE_279","6",37101147,37145951,0.319202165497475,0.314305764385968,0.3011664563141,-0.0222315192421517,-0.0836395497801925,"CLB_Ma","No change","No change"
"SE_280","6",42182047,42231451,0.151119573972654,0.149296328657918,0.1663354909688,-0.0173960352052196,0.137537662122041,"CLB_Ma","No change","No change"
"SE_281","6",44654997,44669401,0.347181890681027,0.339175106347094,0.358839261747573,-0.033563598827949,0.0475114375719034,"CLB_Ma","No change","No change"
"SE_282","6",56638797,56774401,0.11549324128291,0.111913443321615,0.123351004463589,-0.0450289932212349,0.0941719063085752,"CLB_Ma","No change","No change"
"SE_283","6",56795347,56840664,0.130550329919322,0.0966291482556893,0.135481602576511,-0.430231017008726,0.0530916254044087,"CLB_Ma","No change","No change"
"SE_284","6",104995247,105073801,0.0799025927464805,0.0751280716572264,0.087263663193654,-0.0877574036886629,0.12563368598012,"CLB_Ma","No change","No change"
"SE_285","6",113344347,113414701,0.128511000058815,0.115363281221306,0.123493956367104,-0.154438755530364,-0.0569989313798843,"CLB_Ma","No change","No change"
"SE_286","6",129625997,129718001,0.13818700348167,0.142667024674368,0.164744863435514,0.0457044571558893,0.251939654237437,"CLB_Ma","No change","No change"
"SE_287","6",140041947,140079801,0.239203640524085,0.214284914705675,0.232998198865084,-0.158010785154986,-0.0377605915669189,"CLB_Ma","No change","No change"
"SE_288","6",142353347,142419951,0.12628852231646,0.119118070382587,0.130171738097802,-0.0836491321624516,0.0433545779148543,"CLB_Ma","No change","No change"
"SE_289","6",150853797,150900301,0.265501911229362,0.273725934743116,0.28176129151622,0.0438472311154106,0.0854387571872212,"CLB_Ma","No change","No change"
"SE_290","6",151242996,151296801,0.11490734040915,0.101707477515083,0.101282342074382,-0.174430715632763,-0.180414833991461,"CLB_Ma","No change","No change"
"SE_291","6",152704947,152760451,0.13377966957736,0.127037919151123,0.15873666501135,-0.0740317582868718,0.245092604407745,"CLB_Ma","No change","No change"
"SE_292","6",157984853,158087051,0.239135376726333,0.227041341783216,0.251317333627197,-0.0745525616044374,0.0713913626336568,"CLB_Ma","No change","No change"
"SE_293","7",6226047,6284751,0.161172250031315,0.174636543712084,0.162011016346221,0.115066074462625,0.00744249050748043,"CLB_Ma","No change","No change"
"SE_294","7",23426597,23479601,0.246655539011236,0.270850379147318,0.279456652800225,0.134477951907091,0.179442917702837,"CLB_Ma","No change","No change"
"SE_295","7",80824647,80911651,0.098097057355101,0.100163758463061,0.113837179094878,0.0297784195563491,0.21267567422516,"CLB_Ma","No change","No change"
"SE_296","7",101092897,101141301,0.680393559217658,0.530563052299555,0.62697193763374,-0.358247480862981,-0.117788220194279,"CLB_Ma","No change","No change"
"SE_297","7",102834447,102897801,0.157174258976903,0.145191910408272,0.166004781143528,-0.113651355701397,0.0783745688379593,"CLB_Ma","No change","No change"
"SE_298","7",130352297,130375251,0.480857816405356,0.440322994746463,0.464157485078148,-0.126772588179912,-0.0508882658335654,"CLB_Ma","No change","No change"
"SE_299","7",130838297,131040951,0.186866224707174,0.183072472575623,0.204751133970159,-0.0294318243713383,0.13119466493364,"CLB_Ma","No change","No change"
"SE_300","7",134689347,134969601,0.138073042656057,0.134657945304914,0.145400131614443,-0.0358692541152519,0.0740740496787094,"CLB_Ma","No change","No change"
"SE_301","8",13075347,13130299,0.1217017356383,0.109865956137219,0.112311481099097,-0.14633923449078,-0.114861609065909,"CLB_Ma","No change","No change"
"SE_302","8",25178147,25216001,0.283589216779586,0.222198143617157,0.239721119022706,-0.350555970461882,-0.241518280149913,"CLB_Ma","No change","No change"
"SE_303","8",32672597,32785351,0.0921230001160415,0.0888335292655971,0.101441293839697,-0.0518835241216248,0.137587936502876,"CLB_Ma","No change","No change"
"SE_304","8",38891897,38939851,0.273704432515494,0.291137096973843,0.373480123506797,0.0887653808324081,0.447008956652337,"CLB_Ma","No change","No change"
"SE_305","8",38999983,39046151,0.206033882608274,0.183015121947339,0.201287237996517,-0.170042566060624,-0.0334615893714684,"CLB_Ma","No change","No change"
"SE_306","8",40148697,40220751,0.225969215316748,0.186553217729817,0.212767132472949,-0.275196618061236,-0.0864565825205699,"CLB_Ma","No change","No change"
"SE_307","8",53942447,53966801,0.188882871982362,0.148784257594457,0.19176148011086,-0.342223772093118,0.0217070080685224,"CLB_Ma","No change","No change"
"SE_308","8",58800197,58896151,0.129761873344213,0.130602242256204,0.145588670183115,0.00924211914679505,0.164831651129431,"CLB_Ma","No change","No change"
"SE_309","8",66505597,66563401,0.277412996235629,0.228118830692275,0.268878277868965,-0.281130522391853,-0.0449176963926675,"CLB_Ma","No change","No change"
"SE_310","8",73542447,73633701,0.0988911415896844,0.0954856897727218,0.105532735217085,-0.0500417589248919,0.0928681580318282,"CLB_Ma","No change","No change"
"SE_311","8",88101447,88148651,0.118883580096594,0.113191733656738,0.11928030242004,-0.0701758552284174,0.00476632741976435,"CLB_Ma","No change","No change"
"SE_312","8",97879097,97953601,0.117985710788877,0.104111290404836,0.115619617009274,-0.178870685052274,-0.0289778381320178,"CLB_Ma","No change","No change"
"SE_313","8",100898947,100947570,0.161841850272017,0.148874014238173,0.167375268736029,-0.119721254465944,0.0482087291665439,"CLB_Ma","No change","No change"
"SE_314","8",101125247,101202731,0.214970459251382,0.222523093562118,0.2333286985104,0.0495899009235709,0.117699661584289,"CLB_Ma","No change","No change"
"SE_315","8",117825897,118120901,0.134197306189362,0.133152843296117,0.145623481347968,-0.0111887741072217,0.117049759462161,"CLB_Ma","No change","No change"
"SE_316","8",140763497,140845851,0.0948292688254939,0.095557874771976,0.104670664503336,0.0109275619112582,0.141036656048675,"CLB_Ma","No change","No change"
"SE_317","9",2800697,2841129,0.24292067294114,0.15305519714724,0.238597552393913,-0.662964682241863,-0.025798865281401,"CLB_Ma","Decreased","No change"
"SE_318","9",12778010,12835101,0.157600066888761,0.13226090562282,0.159341997148863,-0.251139776381776,0.0157589695376597,"CLB_Ma","No change","No change"
"SE_319","9",16499797,16547801,0.167616278882479,0.161315669610046,0.173150012722671,-0.0549415451648894,0.0465867518325507,"CLB_Ma","No change","No change"
"SE_320","9",16670397,16728801,0.188434138337799,0.181995298513726,0.201521845540134,-0.0498897619522905,0.0963811909600693,"CLB_Ma","No change","No change"
"SE_321","9",33271497,33355551,0.168209199339041,0.166726073154123,0.192534508030011,-0.0127010306513537,0.193782822897035,"CLB_Ma","No change","No change"
"SE_322","9",35507297,35534101,0.302061618510361,0.19506479101131,0.258665321561295,-0.628280670366498,-0.222957798174822,"CLB_Ma","Decreased","No change"
"SE_323","9",36089347,36114801,0.262806021525181,0.256106638620825,0.279031557204764,-0.0371106335614785,0.0861119206319267,"CLB_Ma","No change","No change"
"SE_324","9",37921497,37979401,0.224334835077062,0.201823571495726,0.217461802553115,-0.151845033248097,-0.0446893101518823,"CLB_Ma","No change","No change"
"SE_325","9",37992697,38066212,0.24981190039997,0.239113010887174,0.24779637715478,-0.0628922217479481,-0.0116403242139425,"CLB_Ma","No change","No change"
"SE_326","9",94767247,94813751,0.172002851351588,0.166002112381696,0.190996420272815,-0.0509294646565206,0.150283596615597,"CLB_Ma","No change","No change"
"SE_327","9",106859997,106898751,0.29185059249986,0.252904247362451,0.253196981145163,-0.205880284446831,-0.204217916400263,"CLB_Ma","No change","No change"
"SE_328","9",110007397,110193301,0.131694753439852,0.13365487617027,0.144651759029819,0.0211551444275338,0.134411795203386,"CLB_Ma","No change","No change"
"SE_329","9",112010897,112082301,0.323789734557075,0.253277632366125,0.29316791969859,-0.353101474446929,-0.142866111857312,"CLB_Ma","No change","No change"
"SE_330","9",115664947,115693701,0.29477972758037,0.293262575036919,0.31065820417192,-0.00741910627308447,0.0754415160472414,"CLB_Ma","No change","No change"
"SE_331","9",122988147,123104301,0.114820960884381,0.108478931210947,0.120862120776108,-0.0812431154467496,0.0733533820143615,"CLB_Ma","No change","No change"
"SE_332","9",124251597,124307001,0.176195304176232,0.159611485186816,0.198037539316666,-0.141765309369783,0.167700183007118,"CLB_Ma","No change","No change"
"SE_333","9",125509297,125559351,0.164450477406078,0.135666395689875,0.153151794411184,-0.27574090604886,-0.102047771239843,"CLB_Ma","No change","No change"
"SE_334","9",125784147,125856501,0.0904114181158212,0.0784604937428705,0.0863794480250618,-0.202136624330696,-0.065080389920789,"CLB_Ma","No change","No change"
"SE_335","9",129931747,129999401,0.133233941558639,0.128869157931503,0.139562656985572,-0.0476906565357406,0.0664638587089766,"CLB_Ma","No change","No change"
"SE_336","9",130823247,130870501,0.26569859017589,0.248758886377117,0.261339669202194,-0.0946741887575962,-0.0237742199939959,"CLB_Ma","No change","No change"
"SE_337","X",136155497,136215901,0.100519854912528,0.102887199074052,0.114187142590921,0.033255984610225,0.182217776928193,"CLB_Ma","No change","No change"
"SE_1","1",8361497,8420686,0.147604272122388,0.121967050468184,0.159367851679148,-0.273203800303473,0.109909367777831,"SK_N_SH","No change","No change"
"SE_2","1",8646697,8719401,0.179207533327161,0.148045666520327,0.170605103944869,-0.273904892482711,-0.0705668596214318,"SK_N_SH","No change","No change"
"SE_3","1",33317147,33469629,0.18211601096469,0.170761746538652,0.196962866192117,-0.0923491741403121,0.11247189503727,"SK_N_SH","No change","No change"
"SE_4","1",36231047,36302301,0.0940373045113546,0.0820440303029036,0.0859471922402134,-0.194617455940873,-0.128354478622891,"SK_N_SH","No change","No change"
"SE_5","1",39102247,39486501,0.131467581830259,0.114139086234392,0.132803190201313,-0.202261670971373,0.0144731749498268,"SK_N_SH","No change","No change"
"SE_6","1",51619871,51674051,0.165634645034198,0.147559274519491,0.195757111158181,-0.165649707746382,0.239727395452586,"SK_N_SH","No change","No change"
"SE_7","1",51733147,51811451,0.08186548345967,0.0743304284232237,0.071235988904235,-0.137538556644323,-0.198053505413818,"SK_N_SH","No change","No change"
"SE_8","1",59115547,59166001,0.196863396533198,0.144984727337732,0.160240550361481,-0.438687302871492,-0.295290135031656,"SK_N_SH","No change","No change"
"SE_9","1",67673147,67772501,0.188804116025712,0.163439552852672,0.188111976740759,-0.206953924464051,-0.0052705442901214,"SK_N_SH","No change","No change"
"SE_10","1",85269397,85527851,0.136910407040668,0.126484859591218,0.125802301177397,-0.113405410767404,-0.121150402694876,"SK_N_SH","No change","No change"
"SE_11","1",85540597,85586901,0.365847516352776,0.318971890719541,0.32859801602427,-0.197235346747507,-0.154472959377819,"SK_N_SH","No change","No change"
"SE_12","1",86739147,86795951,0.192403025322649,0.167572054807301,0.206733183953596,-0.198244970507267,0.103121332778607,"SK_N_SH","No change","No change"
"SE_13","1",89527835,89577701,0.129751090692974,0.133091923052139,0.106661344548837,0.0363993588504973,-0.280322633175137,"SK_N_SH","No change","No change"
"SE_14","1",97091247,97148351,0.107244709030442,0.0909702668095398,0.110099501905737,-0.235057077314264,0.0375558405166982,"SK_N_SH","No change","No change"
"SE_15","1",115296347,115335235,0.141400901685227,0.111474722413186,0.143735341198226,-0.34035747514549,0.0234589578898693,"SK_N_SH","No change","No change"
"SE_16","1",150560047,150583051,1.01430178114401,0.764883477053375,1.04227731097333,-0.406711788023119,0.0392140803933572,"SK_N_SH","No change","No change"
"SE_17","1",155452497,155476151,0.147310505376748,0.153488491624121,0.149465777279163,0.0588785780566279,0.0208145974238583,"SK_N_SH","No change","No change"
"SE_18","1",157996270,158050251,0.220681376469096,0.178124964543824,0.209277790108597,-0.307521155056036,-0.0761910957183851,"SK_N_SH","No change","No change"
"SE_19","1",162625447,162723901,0.164627726105276,0.146514217174146,0.170910525592702,-0.167090194695457,0.0537136792237665,"SK_N_SH","No change","No change"
"SE_20","1",162956397,162998851,0.123365580144101,0.109176216118958,0.112295120185387,-0.174774434261331,-0.13450153219881,"SK_N_SH","No change","No change"
"SE_21","1",163031997,163057701,0.400900446191025,0.362591198599152,0.410169058464803,-0.144520902242323,0.0328935230012678,"SK_N_SH","No change","No change"
"SE_22","1",164703497,164782451,0.162419519808935,0.151742933239212,0.172625586336866,-0.0974746836639769,0.0873992482865829,"SK_N_SH","No change","No change"
"SE_23","1",172341847,172363501,0.21166661719387,0.190889320956286,0.224570160784281,-0.148319162895393,0.0849826479209295,"SK_N_SH","No change","No change"
"SE_24","1",172883997,172970651,0.109109902979451,0.0901821032688946,0.112919020298526,-0.272121633838406,0.0490644175893092,"SK_N_SH","No change","No change"
"SE_25","1",178096991,178139351,0.118679899143562,0.0988855897840754,0.143932011390648,-0.260832400007536,0.276195416152105,"SK_N_SH","No change","No change"
"SE_26","1",181072497,181117901,0.295056810456588,0.289933144564968,0.282795538879209,-0.0251863768660701,-0.0610221305837445,"SK_N_SH","No change","No change"
"SE_27","1",183019797,183165151,0.0826989247787721,0.0734489941301596,0.0812978714350962,-0.168956732715801,-0.0243539725647291,"SK_N_SH","No change","No change"
"SE_28","1",198087697,198127351,0.109869341009641,0.0984436093892879,0.0924962539543553,-0.156909902117396,-0.245880000528731,"SK_N_SH","No change","No change"
"SE_29","1",198153497,198299701,0.119423748348357,0.104340720225798,0.103930822978926,-0.193056700524586,-0.198681403376771,"SK_N_SH","No change","No change"
"SE_30","1",202551447,202591201,0.147305091190243,0.114930730451776,0.134478226322496,-0.355305084323453,-0.130507120820216,"SK_N_SH","No change","No change"
"SE_31","1",203504597,203560001,0.266832387771871,0.192291492473842,0.222490380444242,-0.470552289656577,-0.261117694134815,"SK_N_SH","No change","No change"
"SE_32","1",203629784,203701601,0.172335426443141,0.166341636838493,0.205414069505912,-0.0507700920117342,0.251974766579815,"SK_N_SH","No change","No change"
"SE_33","1",204403397,204440351,0.32204927993422,0.250563965064278,0.274333530824605,-0.360828979185837,-0.230573943586615,"SK_N_SH","No change","No change"
"SE_34","1",218335647,218391051,0.153402395134454,0.127434055024241,0.16178795230914,-0.265667340254197,0.0762987995897895,"SK_N_SH","No change","No change"
"SE_35","1",218449847,218501551,0.148394421816113,0.115748085308179,0.134724215630918,-0.355727391224981,-0.138448134511918,"SK_N_SH","No change","No change"
"SE_36","1",219293047,219342601,0.137208975984285,0.0914864681048351,0.0947161026048236,-0.579537112272037,-0.53001775549999,"SK_N_SH","No change","No change"
"SE_37","1",223698247,223795801,0.207629362675536,0.176510181978119,0.198904203807803,-0.233040438355349,-0.0616334072890459,"SK_N_SH","No change","No change"
"SE_38","1",234956997,235022701,0.245590686384362,0.199460220003381,0.251131024679487,-0.298802338995414,0.0320553416491635,"SK_N_SH","No change","No change"
"SE_39","1",235900697,235929701,0.376731444965872,0.301809079607439,0.310995670727026,-0.318952424046517,-0.275834878351691,"SK_N_SH","No change","No change"
"SE_40","1",243202847,243295901,0.190039858902562,0.161406505321644,0.222206487441789,-0.234264254198988,0.224505283177902,"SK_N_SH","No change","No change"
"SE_41","1",243697547,243750051,0.0786566310880757,0.0808827336891317,0.092783148133469,0.0397648029403522,0.23553424337879,"SK_N_SH","No change","No change"
"SE_42","10",4762497,4781751,0.121177142476833,0.11632314770392,0.133711723898353,-0.0584867203538099,0.140901009686748,"SK_N_SH","No change","No change"
"SE_43","10",17648397,17689351,0.127817743104927,0.111925390235587,0.139165181264843,-0.189961421846234,0.12179668972326,"SK_N_SH","No change","No change"
"SE_44","10",31999447,32053442,0.082050110343192,0.075920681232557,0.0672054834686886,-0.110610545329338,-0.284094353743209,"SK_N_SH","No change","No change"
"SE_45","10",33192197,33328451,0.138665115942554,0.12272622653213,0.137311494146446,-0.174820380709958,-0.014050670578844,"SK_N_SH","No change","No change"
"SE_46","10",62220397,62279801,0.11398563799431,0.10743885768151,0.118115578061939,-0.0845718553485411,0.0509084266782859,"SK_N_SH","No change","No change"
"SE_47","10",73993047,74146251,0.120094396495013,0.11025404775137,0.119247098957326,-0.122274280963091,-0.0101300190898395,"SK_N_SH","No change","No change"
"SE_48","10",77149647,77204701,0.173421650738836,0.137274659777058,0.151773370770895,-0.335042338813984,-0.191186035442159,"SK_N_SH","No change","No change"
"SE_49","10",77385247,77437951,0.164985612590309,0.146049855748574,0.158004791493735,-0.174752827139609,-0.0619879553950685,"SK_N_SH","No change","No change"
"SE_50","10",77476897,77545051,0.203243318345538,0.16055572679117,0.189372724700344,-0.338256990705148,-0.101462088554247,"SK_N_SH","No change","No change"
"SE_51","10",90910747,90944298,0.237500007011667,0.142987758481771,0.158887107669696,-0.728043146479528,-0.576935695347681,"SK_N_SH","Decreased","No change"
"SE_52","10",93432197,93479316,0.315093267896949,0.24160047928211,0.295495936037354,-0.38176790863193,-0.0923379788778405,"SK_N_SH","No change","No change"
"SE_53","10",99941997,100006952,0.142848497906072,0.133719187579773,0.155612934220304,-0.0945948128424948,0.122653209407394,"SK_N_SH","No change","No change"
"SE_54","10",112953247,113100451,0.150071008660778,0.129480529745862,0.139208394721655,-0.211392281665894,-0.107654095459653,"SK_N_SH","No change","No change"
"SE_55","10",114603997,114719451,0.184271866440414,0.157488812779095,0.1780560411621,-0.225262815839992,-0.0492326300574222,"SK_N_SH","No change","No change"
"SE_56","10",126194647,126282651,0.1415808968873,0.11631609563762,0.137265010356826,-0.281379738093545,-0.0443445900494964,"SK_N_SH","No change","No change"
"SE_57","11",8688436,8790051,0.163191190370498,0.133062683263679,0.150598705036434,-0.292469007041247,-0.115119291828888,"SK_N_SH","No change","No change"
"SE_58","11",9750847,9817401,0.187783497675054,0.156123342891185,0.180761444946476,-0.26483512916029,-0.054686449460502,"SK_N_SH","No change","No change"
"SE_59","11",12113573,12239701,0.183212415792758,0.137293394069156,0.154832017279025,-0.413638057193353,-0.24137862109935,"SK_N_SH","No change","No change"
"SE_60","11",13207347,13236401,0.257862473766817,0.177219904978996,0.189624115652729,-0.538527361589196,-0.441455194203009,"SK_N_SH","No change","No change"
"SE_61","11",14442997,14507351,0.1048929001875,0.114924917428413,0.104999242786911,0.130584835057167,0.00144809478570069,"SK_N_SH","No change","No change"
"SE_62","11",33043012,33086001,0.139789053249234,0.127288079404043,0.151538081827723,-0.134148044006504,0.115634298360211,"SK_N_SH","No change","No change"
"SE_63","11",33668347,33733101,0.172106233616045,0.144847720366993,0.167159280343934,-0.247194840832184,-0.0418292773387849,"SK_N_SH","No change","No change"
"SE_64","11",35141867,35186351,0.10998245951623,0.0892177770878013,0.102631349726139,-0.298848035999203,-0.0988711788591365,"SK_N_SH","No change","No change"
"SE_65","11",65470447,65508051,0.73883852378742,0.577897861432981,0.718911791886884,-0.35390159735349,-0.0393902749915337,"SK_N_SH","No change","No change"
"SE_66","11",66073350,66143451,0.181902203869664,0.151526923245386,0.179756994143392,-0.262008536814873,-0.0170209875052205,"SK_N_SH","No change","No change"
"SE_67","11",74120547,74164051,0.152424731354209,0.110207665843224,0.14922692591122,-0.464274816992273,-0.0303876399669585,"SK_N_SH","No change","No change"
"SE_68","11",85947547,86047801,0.0760802290625435,0.0647018938247529,0.0750469808153565,-0.230425902835803,-0.0194698871307786,"SK_N_SH","No change","No change"
"SE_69","11",86578797,86637051,0.0975971146353736,0.0860928403023041,0.0882754265067922,-0.178991304789715,-0.143282306722777,"SK_N_SH","No change","No change"
"SE_70","11",86717797,86786451,0.158334565315216,0.119662873869571,0.131213057659654,-0.40107742345457,-0.269194604812713,"SK_N_SH","No change","No change"
"SE_71","11",86803237,86821251,0.170625392513496,0.132651434836302,0.15336497670846,-0.360787693925108,-0.152917557814178,"SK_N_SH","No change","No change"
"SE_72","11",95983997,96338436,0.150248012350659,0.132547575195618,0.145231631689448,-0.179562401708367,-0.048660765489544,"SK_N_SH","No change","No change"
"SE_73","11",108869497,108930201,0.065609923875547,0.0711018654094035,0.0696175360756558,0.114299452009392,0.0842893515973424,"SK_N_SH","No change","No change"
"SE_74","11",111517782,111567101,0.266801181020564,0.226464706854708,0.263483662076929,-0.235519607174822,-0.0179837174210283,"SK_N_SH","No change","No change"
"SE_75","11",111718147,111751501,0.217117823768741,0.20255909741703,0.226894030136989,-0.0996599668935616,0.0632554661571399,"SK_N_SH","No change","No change"
"SE_76","11",118906947,118930051,0.91197558318295,0.682158415156246,0.73382018946321,-0.41835611828515,-0.313185011389436,"SK_N_SH","No change","No change"
"SE_77","11",120328847,120348451,0.272713866692187,0.254383724216164,0.263189007629743,-0.100001941314081,-0.0510980851068823,"SK_N_SH","No change","No change"
"SE_78","11",122155306,122200061,0.116092594242293,0.10943234582094,0.112681047756588,-0.0844870307296554,-0.0426580760152309,"SK_N_SH","No change","No change"
"SE_79","12",27541147,27624851,0.0835762043457059,0.0728144959915184,0.0843209217771081,-0.196347649370788,0.0126477363191782,"SK_N_SH","No change","No change"
"SE_80","12",29277047,29288851,0.201518296870917,0.171844679099345,0.224874466760695,-0.22857606475883,0.157468938511445,"SK_N_SH","No change","No change"
"SE_81","12",31482597,31533801,0.116863391665896,0.0925922886543221,0.114702088205934,-0.332654115342732,-0.0267007846231006,"SK_N_SH","No change","No change"
"SE_82","12",45212947,45314301,0.201347438407929,0.154043516221214,0.171238130789332,-0.38416139048763,-0.232430017620284,"SK_N_SH","No change","No change"
"SE_83","12",49186097,49246251,0.218459596900782,0.21343282797476,0.273398565601142,-0.0334295722519507,0.322317579757248,"SK_N_SH","No change","No change"
"SE_84","12",49480847,49519451,0.171393936211243,0.124791528843435,0.141446076795295,-0.454674259594149,-0.275293141967579,"SK_N_SH","No change","No change"
"SE_85","12",50150597,50219704,0.155175333180319,0.152575895990645,0.178804482204088,-0.0242148074336569,0.203262377393054,"SK_N_SH","No change","No change"
"SE_86","12",54220147,54286601,0.199688200234874,0.193175649251076,0.240857986010171,-0.0475935039630774,0.26920438175687,"SK_N_SH","No change","No change"
"SE_87","12",65630447,65674151,0.0614899696528292,0.0651406541989088,0.05965242537921,0.0819126758532458,-0.0430593022530251,"SK_N_SH","No change","No change"
"SE_88","12",67651729,67693001,0.172464248473841,0.161250624027867,0.171625173504606,-0.0964143225175619,-0.006995484935326,"SK_N_SH","No change","No change"
"SE_89","12",68613836,68658601,0.0878366017131079,0.0677745828713177,0.0579367782970205,-0.369278721801003,-0.591986006642841,"SK_N_SH","No change","Decreased"
"SE_90","12",69489747,69581721,0.105793478433927,0.095910259092908,0.106762949646106,-0.140102243431271,0.0130376968089034,"SK_N_SH","No change","No change"
"SE_91","12",93395297,93439249,0.107163560049101,0.0914431774944362,0.116961988331751,-0.226575787090779,0.12510750358936,"SK_N_SH","No change","No change"
"SE_92","12",93766797,93826401,0.100274738166886,0.100190602597091,0.116690131737761,-0.00119903955742841,0.216719001024117,"SK_N_SH","No change","No change"
"SE_93","12",95198897,95263201,0.20967146719094,0.189109329161617,0.231408252895836,-0.148165601889947,0.141666367812397,"SK_N_SH","No change","No change"
"SE_94","12",96197379,96241451,0.168106890988737,0.18810552410933,0.174507607174511,0.161256057826262,0.0535981140653228,"SK_N_SH","No change","No change"
"SE_95","12",103933497,103987201,0.184004900817337,0.185787462667117,0.221967660433941,0.0138341348507856,0.269270986120557,"SK_N_SH","No change","No change"
"SE_96","12",104279847,104337401,0.125631638985728,0.116741103855669,0.136493944996074,-0.105019849470989,0.118730178187944,"SK_N_SH","No change","No change"
"SE_97","12",105307597,105385551,0.137602726008214,0.121892861052226,0.135203014941071,-0.173554521567354,-0.025196993682624,"SK_N_SH","No change","No change"
"SE_98","12",106027997,106148601,0.196883362679254,0.151594760922757,0.171822640926976,-0.374944890295685,-0.195358088253862,"SK_N_SH","No change","No change"
"SE_99","12",110265747,110341501,0.131331262497643,0.139594146885451,0.138194844042985,0.0873826041507823,0.0729518426204527,"SK_N_SH","No change","No change"
"SE_100","12",116120397,116165351,0.105919426286913,0.103098517175773,0.101258199587984,-0.0385744830235828,-0.0643074709279903,"SK_N_SH","No change","No change"
"SE_101","12",120224447,120262770,0.436097561103146,0.30739396045629,0.345311481113018,-0.503180816268715,-0.33588511089717,"SK_N_SH","No change","No change"
"SE_102","12",121921554,121965951,0.110530351410737,0.0795592076844944,0.0953027638346549,-0.469314973326346,-0.211787264362362,"SK_N_SH","No change","No change"
"SE_103","12",122071347,122131051,0.18464069261523,0.151369647825956,0.197608334333062,-0.28493743997511,0.097413179657252,"SK_N_SH","No change","No change"
"SE_104","13",32021847,32064001,0.145812368588722,0.143496956046019,0.163250943129298,-0.0229344154653815,0.161928137643308,"SK_N_SH","No change","No change"
"SE_105","13",45177147,45292701,0.0914197518401992,0.078122324930088,0.0889248674835746,-0.224116396808833,-0.0394810873177433,"SK_N_SH","No change","No change"
"SE_106","13",45479047,45523351,0.0550273039982667,0.0571206633901908,0.0593278596321244,0.0529210974288131,0.106694325416408,"SK_N_SH","No change","No change"
"SE_107","13",49061897,49143101,0.0571496259380835,0.0567557678626025,0.0613550756662124,-0.00980488070099345,0.100737088122207,"SK_N_SH","No change","No change"
"SE_108","13",99279297,99337501,0.0701443803291115,0.0675227066453153,0.0796017493025565,-0.0541676642839606,0.180061346701584,"SK_N_SH","No change","No change"
"SE_109","13",114096847,114129619,0.183574453100142,0.167065181509,0.201493753851287,-0.13518201504284,0.133674523351219,"SK_N_SH","No change","No change"
"SE_110","14",21214097,21266478,0.0915457607753802,0.0802031030515416,0.09616553539729,-0.188632047541241,0.0702777744467509,"SK_N_SH","No change","No change"
"SE_111","14",49970047,50024601,0.170888953204326,0.144146923368565,0.157451875030399,-0.243962838085191,-0.117432098180076,"SK_N_SH","No change","No change"
"SE_112","14",50984347,51025351,0.166549355490125,0.135872303189702,0.184760288878917,-0.29175559754516,0.148855983919675,"SK_N_SH","No change","No change"
"SE_113","14",51506647,51556701,0.172105459286871,0.148925747589301,0.220705465599392,-0.207403057523706,0.35699311252267,"SK_N_SH","No change","No change"
"SE_114","14",51635547,51730301,0.117768958885573,0.103038153936404,0.116277772343317,-0.191045121472839,-0.0182282214878192,"SK_N_SH","No change","No change"
"SE_115","14",55571297,55650451,0.118437450474826,0.114920790064394,0.131367871632707,-0.0431159421772842,0.148297718302064,"SK_N_SH","No change","No change"
"SE_116","14",64917597,64937951,0.0919267337136977,0.0879133404435584,0.0992245959735661,-0.0636938039743233,0.10907099719731,"SK_N_SH","No change","No change"
"SE_117","14",75820597,75887251,0.100672678138792,0.0941137384332477,0.106561082566895,-0.0962063976561746,0.081224135762121,"SK_N_SH","No change","No change"
"SE_118","14",77562347,77613766,0.123473884034805,0.114478900112985,0.143159241231,-0.108213809342065,0.2118202417482,"SK_N_SH","No change","No change"
"SE_119","14",101960747,102056851,0.129034349408708,0.117315457969279,0.106949151285832,-0.136254195993957,-0.268540870062993,"SK_N_SH","No change","No change"
"SE_120","14",103388361,103457151,0.0921936959999406,0.0987463516925707,0.107060549812082,0.0980317060762923,0.21353565398774,"SK_N_SH","No change","No change"
"SE_121","15",32769247,33035351,0.0744026699025314,0.0703965659161395,0.0774283386114101,-0.0787609240717612,0.0567594311763769,"SK_N_SH","No change","No change"
"SE_122","15",40992297,41050501,0.0697003193972469,0.0709719755670999,0.0893529649085176,0.0257185270006266,0.353855210921988,"SK_N_SH","No change","No change"
"SE_123","15",44028097,44164751,0.0865737587829468,0.0748763270654636,0.0948340300382789,-0.206848791185866,0.13003940323453,"SK_N_SH","No change","No change"
"SE_124","15",48395247,48510951,0.0619120314667848,0.053119893702337,0.0589318225575091,-0.217176942686671,-0.0700137007130681,"SK_N_SH","No change","No change"
"SE_125","15",48524197,48642787,0.136644989819072,0.105811606426246,0.130064354902711,-0.365883675274005,-0.0706767234365,"SK_N_SH","No change","No change"
"SE_126","15",51835397,51889201,0.132071980118116,0.116421730015883,0.123920693638267,-0.18050740900365,-0.091194341451401,"SK_N_SH","No change","No change"
"SE_127","15",60342847,60472801,0.253879526644219,0.206232078419125,0.237169175632759,-0.298568150842664,-0.0978287840549653,"SK_N_SH","No change","No change"
"SE_128","15",71651697,71731001,0.154787317635767,0.129044739606767,0.150072239049447,-0.260569748461356,-0.044339214961363,"SK_N_SH","No change","No change"
"SE_129","15",85393797,85445551,0.0717035315713056,0.0751379048766432,0.073246674939095,0.0665894264086928,0.0303009730436589,"SK_N_SH","No change","No change"
"SE_130","15",90391238,90424151,0.169206313361849,0.169808123578517,0.147554700305067,0.00509203964658985,-0.196290297947828,"SK_N_SH","No change","No change"
"SE_131","15",98716247,98765001,0.179460129763941,0.162738258069763,0.181145854424858,-0.140288675863267,0.0134140319534277,"SK_N_SH","No change","No change"
"SE_132","15",98841397,98928101,0.209142166240328,0.188347838392571,0.210325136426197,-0.15032672474288,0.00809870512677876,"SK_N_SH","No change","No change"
"SE_133","15",101640397,101717901,0.128241267010967,0.103620409541162,0.121209193244575,-0.304902476549054,-0.0807139825232417,"SK_N_SH","No change","No change"
"SE_134","16",9094677,9130401,0.126971626693635,0.126762839260114,0.122883867551918,-0.00235569860122146,-0.0468356491044903,"SK_N_SH","No change","No change"
"SE_135","16",24970047,25012377,0.185059208251123,0.163201089795972,0.171922819645527,-0.180298090354937,-0.105633526770725,"SK_N_SH","No change","No change"
"SE_136","16",50180847,50235851,0.133880994575002,0.12328036421117,0.139601174838318,-0.11808870498031,0.059921569898537,"SK_N_SH","No change","No change"
"SE_137","16",57167697,57204351,0.225314007408974,0.196124903094204,0.270709480400641,-0.199215835294647,0.263739023406286,"SK_N_SH","No change","No change"
"SE_138","16",69431847,69497251,0.120703431712889,0.121611859279029,0.168646174182934,0.010728677515108,0.47915904634078,"SK_N_SH","No change","No change"
"SE_139","16",75231497,75262947,0.551333199808341,0.399316747399247,0.45683547871397,-0.464396875289329,-0.270709583008135,"SK_N_SH","No change","No change"
"SE_140","17",667897,706401,0.102008330397936,0.0787393993790817,0.0877792540329549,-0.369396370794817,-0.214466522882813,"SK_N_SH","No change","No change"
"SE_141","17",4194597,4257901,0.126785240917776,0.106259381007725,0.121293633139928,-0.252617383179897,-0.0633719197809849,"SK_N_SH","No change","No change"
"SE_142","17",16002690,16048251,0.122515988330307,0.0997864461219014,0.138821547115964,-0.293396164677475,0.178888902244475,"SK_N_SH","No change","No change"
"SE_143","17",20165097,20227451,0.123001260525145,0.101909893736843,0.121674049224529,-0.268973096974934,-0.0155246963344418,"SK_N_SH","No change","No change"
"SE_144","17",31232597,31278401,0.120044620195984,0.0932883922746273,0.127265139086986,-0.360386881895315,0.0835901561767546,"SK_N_SH","No change","No change"
"SE_145","17",31563897,31604151,0.355049816569067,0.285935644024635,0.370935632759034,-0.311351914183318,0.0629738604777295,"SK_N_SH","No change","No change"
"SE_146","17",40280547,40348051,0.518816002493453,0.411538127905904,0.504124640448124,-0.333473584388108,-0.0413616282566174,"SK_N_SH","No change","No change"
"SE_147","17",45064296,45129532,0.193248443572597,0.15500902313805,0.187244652752281,-0.316273565935765,-0.0452941544850627,"SK_N_SH","No change","No change"
"SE_148","17",45287497,45322351,0.34495155176878,0.277100189657803,0.347151686957163,-0.314965283521427,0.00914600185973845,"SK_N_SH","No change","No change"
"SE_149","17",50026997,50084801,0.490491759486845,0.345301105325578,0.416305585510992,-0.505140235723479,-0.236062997293084,"SK_N_SH","No change","No change"
"SE_150","17",59622686,59699401,0.0788545092614493,0.0727859270939788,0.0823023360067429,-0.114028193861857,0.0609830762416956,"SK_N_SH","No change","No change"
"SE_151","17",59745197,59859951,0.293293130524962,0.241692100033921,0.312945748229866,-0.278126719348853,0.0932614071469198,"SK_N_SH","No change","No change"
"SE_152","17",64525147,64684501,0.117864723458261,0.0972899212922024,0.117824013091299,-0.274205222716834,-0.000494197966267032,"SK_N_SH","No change","No change"
"SE_153","17",75673497,75708901,0.352522978697205,0.242443133750902,0.285947121605822,-0.538219181701036,-0.301019089385417,"SK_N_SH","No change","No change"
"SE_154","18",9105627,9148201,0.224441944073175,0.198625192274849,0.23269888798227,-0.175462160520632,0.0518949115781702,"SK_N_SH","No change","No change"
"SE_155","18",28027147,28097351,0.0882854211804951,0.0845664368560675,0.0933416974901148,-0.0613796111911064,0.0794709329636689,"SK_N_SH","No change","No change"
"SE_156","18",57727847,57849851,0.126429932733785,0.111050057855933,0.121161704191632,-0.185560806386097,-0.0609121067487446,"SK_N_SH","No change","No change"
"SE_157","18",77063747,77109201,0.21176292136815,0.153762770052838,0.171774681863643,-0.459188294818018,-0.300354928637161,"SK_N_SH","No change","No change"
"SE_158","2",33129797,33170001,0.152194084141519,0.129534445536996,0.156160376600235,-0.23093002954776,0.0368769438773572,"SK_N_SH","No change","No change"
"SE_159","2",36338247,36573801,0.184519188631599,0.15478196923928,0.162798896822335,-0.252040155088827,-0.179642774951643,"SK_N_SH","No change","No change"
"SE_160","2",55092947,55121751,0.16450937510402,0.138752434795573,0.152823659139682,-0.244039521070065,-0.105635522472791,"SK_N_SH","No change","No change"
"SE_161","2",62709894,62829051,0.0869246379056484,0.0918741579566145,0.095415171973121,0.0790097370134402,0.13299269952786,"SK_N_SH","No change","No change"
"SE_162","2",63844877,63896501,0.112155786272055,0.0977006309997901,0.107683898410297,-0.197179146280776,-0.0581721393565554,"SK_N_SH","No change","No change"
"SE_163","2",68027447,68060026,0.131465458786476,0.122355325114302,0.126990308179521,-0.102796220230661,-0.0495816477302988,"SK_N_SH","No change","No change"
"SE_164","2",68166547,68259001,0.0973883259100859,0.10312097060016,0.108288135705345,0.0817016150596579,0.151577740425833,"SK_N_SH","No change","No change"
"SE_165","2",69016141,69255351,0.0960953236450537,0.0866575264446733,0.10821174914176,-0.147523844608442,0.169654353003283,"SK_N_SH","No change","No change"
"SE_166","2",69754597,69803851,0.174135728735195,0.153279092135471,0.183452873291466,-0.182930870726971,0.0747788304024122,"SK_N_SH","No change","No change"
"SE_167","2",70090450,70144501,0.165620234007059,0.155918802708454,0.199756754492505,-0.0865453763648652,0.268884919098794,"SK_N_SH","No change","No change"
"SE_168","2",75586547,75607951,0.180055595335677,0.137542750328602,0.142485707338829,-0.386101543117095,-0.335525725795771,"SK_N_SH","No change","No change"
"SE_169","2",108537352,108599501,0.150443732794757,0.107051408909263,0.121010380149145,-0.487063992251187,-0.311777984569242,"SK_N_SH","No change","No change"
"SE_170","2",117930197,118011162,0.149423419250668,0.157626214623127,0.172501236999845,0.076602014978083,0.205916752675436,"SK_N_SH","No change","No change"
"SE_171","2",138018897,138053301,0.10850333874953,0.109761001302185,0.121758700612731,0.0164751429626198,0.164850422057309,"SK_N_SH","No change","No change"
"SE_172","2",160204397,160252901,0.235927654217939,0.184766513854777,0.226865547785803,-0.350956133974577,-0.0562637876149534,"SK_N_SH","No change","No change"
"SE_173","2",177215723,177276301,0.206415028714283,0.185053668988646,0.218187619827171,-0.156801590825675,0.0796458825859985,"SK_N_SH","No change","No change"
"SE_174","2",189075647,189176878,0.0898640793894196,0.0787575810838128,0.09235748890781,-0.188088421548945,0.039055679154134,"SK_N_SH","No change","No change"
"SE_175","2",189203447,189299101,0.117885307379528,0.103476687807405,0.0999785299119786,-0.186389363051478,-0.23552184916046,"SK_N_SH","No change","No change"
"SE_176","2",189366697,189413601,0.113079252029626,0.096515502007337,0.127346052614577,-0.226332940808781,0.170002497584656,"SK_N_SH","No change","No change"
"SE_177","2",190883818,190963751,0.098631464742009,0.107788870463923,0.0917171373211997,0.126857631914249,-0.103765410400048,"SK_N_SH","No change","No change"
"SE_178","2",201627947,201656951,0.21432796426739,0.20704443854963,0.219379735710121,-0.0496439692328821,0.0334558797932362,"SK_N_SH","No change","No change"
"SE_179","2",207219697,207261451,0.191385894076495,0.165685463909616,0.175726191878046,-0.206874726035978,-0.12248715139786,"SK_N_SH","No change","No change"
"SE_180","2",216443447,216512801,0.145446878695092,0.128681049965938,0.145596582482463,-0.175409767739327,0.00147402661409809,"SK_N_SH","No change","No change"
"SE_181","2",222904597,223003801,0.103894519203274,0.100846791555749,0.112614913264364,-0.0425387659727862,0.115212919323186,"SK_N_SH","No change","No change"
"SE_182","2",223026197,223111101,0.148499825711585,0.118381376476818,0.152499668567623,-0.324566009130377,0.038091738054454,"SK_N_SH","No change","No change"
"SE_183","2",233402297,233502201,0.127704430743042,0.101017040312827,0.115291493018627,-0.335251568805603,-0.146316155913003,"SK_N_SH","No change","No change"
"SE_184","2",234240697,234260551,0.156893955576817,0.126294230471897,0.136338927330182,-0.310788912164912,-0.201215342904217,"SK_N_SH","No change","No change"
"SE_185","20",31652097,31718505,0.144513354338649,0.121297765474734,0.128756576038234,-0.250753516709003,-0.16534390512292,"SK_N_SH","No change","No change"
"SE_186","20",35301597,35345051,0.202863284678602,0.148979817675754,0.180042134045464,-0.442833597866324,-0.171276476924535,"SK_N_SH","No change","No change"
"SE_187","20",35854497,35904351,0.218190122164087,0.156245891493319,0.221874094283097,-0.4791604615046,0.0240461505368157,"SK_N_SH","No change","No change"
"SE_188","20",45013747,45105201,0.13809539149994,0.120144107784819,0.150010383334908,-0.199350384789328,0.11857312995595,"SK_N_SH","No change","No change"
"SE_189","20",50894997,50936551,0.146369471662312,0.136416366189142,0.151818513957975,-0.100883855430496,0.052381642670924,"SK_N_SH","No change","No change"
"SE_190","20",53734697,53754501,0.190714548794604,0.177373009719147,0.220790277802877,-0.10406249186615,0.210236302108824,"SK_N_SH","No change","No change"
"SE_191","20",53770647,53846251,0.123715000563007,0.109462271583616,0.126518588278763,-0.175081300247692,0.032072561727372,"SK_N_SH","No change","No change"
"SE_192","20",58235547,58296451,0.145358718775505,0.120821331068648,0.143710550296141,-0.264741918405749,-0.0163385843744561,"SK_N_SH","No change","No change"
"SE_193","21",25306247,25344901,0.0612421242516985,0.0624138176069385,0.0705459846354347,0.0269059331862145,0.200979502389377,"SK_N_SH","No change","No change"
"SE_194","21",29148556,29233751,0.126587896081484,0.121393545787635,0.135436776818977,-0.0599639890152258,0.0967411072346079,"SK_N_SH","No change","No change"
"SE_195","21",29308201,29352601,0.120266577663483,0.107821948172964,0.107179874050089,-0.156212421976657,-0.164749860480207,"SK_N_SH","No change","No change"
"SE_196","22",24282697,24339106,0.118234901952919,0.105008598133435,0.137166416078804,-0.169625313930954,0.212600387022025,"SK_N_SH","No change","No change"
"SE_197","22",31207297,31254601,0.222042457960583,0.185743915562929,0.210385281981715,-0.256257126816094,-0.0774434347127372,"SK_N_SH","No change","No change"
"SE_198","22",31583547,31662751,0.18126843671696,0.14437046614649,0.184405738295361,-0.32633055539483,0.024621143339816,"SK_N_SH","No change","No change"
"SE_199","22",36295897,36399251,0.237640161327742,0.169890430755388,0.200552549207338,-0.481765244506641,-0.243680827788709,"SK_N_SH","No change","No change"
"SE_200","22",40466438,40543951,0.0858771246110746,0.0749169711577772,0.0789956104641548,-0.194553920147265,-0.11905551646855,"SK_N_SH","No change","No change"
"SE_201","22",42905297,43018201,0.0969029293287249,0.083412844584699,0.100967335778443,-0.213889485297537,0.0586831411009281,"SK_N_SH","No change","No change"
"SE_202","3",15629947,15648901,0.294242450832471,0.233542742880989,0.236729683118919,-0.33204930898562,-0.31257812068363,"SK_N_SH","No change","No change"
"SE_203","3",30333897,30359151,0.108082091985473,0.0948440127634314,0.102189902868494,-0.186654057004546,-0.0801124637926977,"SK_N_SH","No change","No change"
"SE_204","3",48011697,48086278,0.112905661294679,0.125280363479645,0.143369579512776,0.14879086526388,0.341927327154228,"SK_N_SH","No change","No change"
"SE_205","3",57998247,58175901,0.140456227811396,0.121639459905092,0.144785034492749,-0.205932446227783,0.0434869331240991,"SK_N_SH","No change","No change"
"SE_206","3",71487847,71554851,0.12983600068309,0.110959920768974,0.120484855564149,-0.224777194697609,-0.106983088677021,"SK_N_SH","No change","No change"
"SE_207","3",81722147,81765851,0.187676992762851,0.173039222888094,0.17256130291181,-0.116506031550287,-0.120473190187978,"SK_N_SH","No change","No change"
"SE_208","3",98877097,98924851,0.216322293792367,0.210308525276946,0.219103669669631,-0.0404852053393789,0.0183470191520145,"SK_N_SH","No change","No change"
"SE_209","3",99842697,99936151,0.118374131352072,0.107779446328727,0.118251240998469,-0.13408424731906,-0.00148595530846735,"SK_N_SH","No change","No change"
"SE_210","3",100001947,100049201,0.102365571316964,0.101146955486062,0.102549506206343,-0.0171095324357055,0.0025649365510388,"SK_N_SH","No change","No change"
"SE_211","3",107192747,107250501,0.194409266567436,0.166449533517188,0.201535012974679,-0.222772526473029,0.0516724501230573,"SK_N_SH","No change","No change"
"SE_212","3",111845697,111975874,0.126905424074967,0.117323743023843,0.142186875918391,-0.112337849641247,0.162821819772434,"SK_N_SH","No change","No change"
"SE_213","3",112604967,112699901,0.184922770652005,0.14857642060738,0.174895091708324,-0.313820708190918,-0.0799882478307692,"SK_N_SH","No change","No change"
"SE_214","3",120403647,120448070,0.243327552505718,0.214692580549367,0.2430838466201,-0.179840012509378,-0.00143974240743096,"SK_N_SH","No change","No change"
"SE_215","3",123595047,123881301,0.132179729343886,0.115808552484422,0.136159617104659,-0.189228604057141,0.0424812686222432,"SK_N_SH","No change","No change"
"SE_216","3",128758647,128806351,0.0859502235489875,0.0866344886884302,0.105679893520469,0.0113090197376409,0.295026648199172,"SK_N_SH","No change","No change"
"SE_217","3",134457097,134482731,0.211904492791893,0.16419797065035,0.171970640893836,-0.366010430117261,-0.299679211067327,"SK_N_SH","No change","No change"
"SE_218","3",136136147,136186501,0.0609216287352738,0.0554637104690504,0.0588260035171568,-0.13311948194648,-0.0496707278062935,"SK_N_SH","No change","No change"
"SE_219","3",149369097,149408351,0.133485306993278,0.124723317327867,0.134645775909618,-0.0971963171188773,0.0123955602003422,"SK_N_SH","No change","No change"
"SE_220","3",152272624,152467151,0.0859020358987951,0.0882308857413613,0.0903481447278198,0.0381531845480645,0.071985451954413,"SK_N_SH","No change","No change"
"SE_221","3",156531797,156559251,0.187185968070526,0.174035622084288,0.177585755863268,-0.104510499100124,-0.0755420441405049,"SK_N_SH","No change","No change"
"SE_222","3",160394797,160446837,0.0928549855410698,0.12248120165279,0.101011282752937,0.395786140052792,0.120223439792445,"SK_N_SH","No change","No change"
"SE_223","3",170688547,170768951,0.0994942628381083,0.0864891978202739,0.0983111122774068,-0.199936335757358,-0.0170860808596475,"SK_N_SH","No change","No change"
"SE_224","3",171256147,171331701,0.095788330239958,0.0886899514522834,0.098498666861477,-0.109886752673526,0.0398440833771386,"SK_N_SH","No change","No change"
"SE_225","3",171343347,171428051,0.0917842668590629,0.0903307120376617,0.0989082312112696,-0.022780111806854,0.10672335050894,"SK_N_SH","No change","No change"
"SE_226","3",172044197,172186201,0.128616792480745,0.115775938071308,0.13345299863541,-0.150509603953305,0.0528492928147264,"SK_N_SH","No change","No change"
"SE_227","3",172243397,172368751,0.104783071891871,0.103846882607479,0.114937096137649,-0.0128248096087043,0.132233479868061,"SK_N_SH","No change","No change"
"SE_228","3",172753682,172817751,0.112454780034108,0.112670923527613,0.124423535919755,0.00274587363247085,0.144690704115771,"SK_N_SH","No change","No change"
"SE_229","3",179580247,179618651,0.175329784424466,0.177167714067124,0.192043040128626,0.0149597430212275,0.130646355608072,"SK_N_SH","No change","No change"
"SE_230","3",188185397,188301151,0.102918093797468,0.0957237220928968,0.0868355374070028,-0.103505204208452,-0.242570208915041,"SK_N_SH","No change","No change"
"SE_231","3",192851647,192915160,0.2164846555909,0.18137024293768,0.173951073361327,-0.254043270216153,-0.313962100827962,"SK_N_SH","No change","No change"
"SE_232","3",194552997,194599901,0.216321941601727,0.213333195194327,0.257075166415636,-0.0199785345253679,0.24795748156285,"SK_N_SH","No change","No change"
"SE_233","3",196742854,196810951,0.112564937076891,0.109315761459626,0.141805580114585,-0.0418785427334951,0.330534878952686,"SK_N_SH","No change","No change"
"SE_234","4",24526247,24572351,0.0560686122364126,0.0606813695208684,0.0611061492463256,0.112137317222211,0.122038638695124,"SK_N_SH","No change","No change"
"SE_235","4",41119997,41209951,0.129766023035538,0.103908356110683,0.0992976058689666,-0.317858138404052,-0.382700564918419,"SK_N_SH","No change","No change"
"SE_236","4",69746947,69803551,0.14261562168854,0.133305986782513,0.145416018820321,-0.0966890705070699,0.027860716202058,"SK_N_SH","No change","No change"
"SE_237","4",76579197,76609551,0.154515271963919,0.128841431521449,0.151946862490493,-0.260305452327005,-0.0240257511907272,"SK_N_SH","No change","No change"
"SE_238","4",76943147,77072971,0.111027658607265,0.118603711205447,0.115020609689936,0.0944071913702909,0.05052614133035,"SK_N_SH","No change","No change"
"SE_239","4",79996847,80070322,0.094705974201752,0.113967540147794,0.0983963371964853,0.264545699986727,0.0545837046643279,"SK_N_SH","No change","No change"
"SE_240","4",88010644,88041951,0.128583429362055,0.105448780559574,0.144545739877285,-0.283721820772613,0.167591368763746,"SK_N_SH","No change","No change"
"SE_241","4",88586847,88641951,0.174747659249302,0.149700648439053,0.173996504080419,-0.221819849817785,-0.006179372928514,"SK_N_SH","No change","No change"
"SE_242","4",94507447,94596301,0.071980193914948,0.0768786383534981,0.0787240378082255,0.0937226755968769,0.127509796355269,"SK_N_SH","No change","No change"
"SE_243","4",102787947,102822859,0.102118213438454,0.102917381600283,0.104525428461103,0.011137811061828,0.0332915132317706,"SK_N_SH","No change","No change"
"SE_244","4",112883597,112910451,0.0917614195140137,0.101066970277363,0.120988464725801,0.137919270985801,0.395147929852729,"SK_N_SH","No change","No change"
"SE_245","4",113435197,113476701,0.146621492323436,0.147053395056211,0.166496363265505,0.00421479402208768,0.182226991915726,"SK_N_SH","No change","No change"
"SE_246","4",113897397,113976721,0.100798836091972,0.100521747847181,0.0910047207505454,-0.00393225394484601,-0.145941273900292,"SK_N_SH","No change","No change"
"SE_247","4",114224047,114284551,0.124829777203339,0.0990770940326356,0.102169319792708,-0.330361568387718,-0.286459361787319,"SK_N_SH","No change","No change"
"SE_248","4",114316247,114367701,0.0671672822140755,0.0724566634732544,0.091585469477445,0.107813903030601,0.441706327352421,"SK_N_SH","No change","No change"
"SE_249","4",122757697,122799301,0.131036807776378,0.107972363033304,0.117999772681541,-0.276977871315563,-0.149981346749533,"SK_N_SH","No change","No change"
"SE_250","4",122829705,122915251,0.0795335567737475,0.0688912468893651,0.0730474710392787,-0.204478266379299,-0.121139587941296,"SK_N_SH","No change","No change"
"SE_251","4",137509247,137529497,0.170348469972265,0.148905451657675,0.159360925470779,-0.192880458434389,-0.0956106609393511,"SK_N_SH","No change","No change"
"SE_252","4",159262097,159310151,0.101726743983585,0.102615060618605,0.110007026612384,0.0124218931208288,0.111839177111157,"SK_N_SH","No change","No change"
"SE_253","4",169200697,169268097,0.150668204255374,0.145796184426262,0.133702335297269,-0.0471042008086757,-0.171143807859242,"SK_N_SH","No change","No change"
"SE_254","4",185180697,185403601,0.133470051531049,0.13129739456393,0.142837962934492,-0.0235002492628397,0.0971595953014409,"SK_N_SH","No change","No change"
"SE_255","5",9324147,9372201,0.11104407342163,0.0953685124247681,0.102236515760454,-0.217432598944852,-0.11811298311203,"SK_N_SH","No change","No change"
"SE_256","5",9426847,9508331,0.0970493352194105,0.105055803548543,0.11081397376209,0.113243815680282,0.189520743817662,"SK_N_SH","No change","No change"
"SE_257","5",17220558,17262401,0.0963912190380411,0.102668488439062,0.103741203040833,0.090113825035759,0.104965473175464,"SK_N_SH","No change","No change"
"SE_258","5",52994197,53046301,0.0964795893782756,0.105079672460772,0.100263402111961,0.121976147003706,0.0549407809102042,"SK_N_SH","No change","No change"
"SE_259","5",61350847,61505451,0.104933946240918,0.0989802292175447,0.110933639225856,-0.0834502313637877,0.0794787010939659,"SK_N_SH","No change","No change"
"SE_260","5",65100547,65248151,0.0661362791332184,0.0595866616753761,0.0624642576715692,-0.148092366080348,-0.0811482697431933,"SK_N_SH","No change","No change"
"SE_261","5",69237792,69296951,0.0772358664772016,0.067687127796333,0.0827010134532387,-0.18779039041927,0.0974149422691138,"SK_N_SH","No change","No change"
"SE_262","5",76488247,76543601,0.141612192749426,0.119497541854474,0.138377391305062,-0.243093615652942,-0.0331007738431504,"SK_N_SH","No change","No change"
"SE_263","5",95710247,95802001,0.151452620969345,0.141148605129222,0.154962643480335,-0.100961011152471,0.0328395595257018,"SK_N_SH","No change","No change"
"SE_264","5",120599047,120624601,0.0984853061121009,0.0860113318632993,0.0753144132973559,-0.193280155032489,-0.382527895950497,"SK_N_SH","No change","No change"
"SE_265","5",122140947,122184251,0.100728143014084,0.103322355303041,0.0955292093080626,0.0363294921041027,-0.0756813882705246,"SK_N_SH","No change","No change"
"SE_266","5",131504497,131547351,0.0907140065113222,0.096050493078631,0.092311817918833,0.0815934645531407,0.0249177314025561,"SK_N_SH","No change","No change"
"SE_267","5",140280247,140343602,0.18010297107178,0.140065140602712,0.144468732349401,-0.360448694989282,-0.316101126891512,"SK_N_SH","No change","No change"
"SE_268","5",147471147,147507055,0.190379991602273,0.190565707913013,0.247635640614191,0.00139932121896672,0.377593107167452,"SK_N_SH","No change","No change"
"SE_269","5",150008297,150066101,0.137347822796818,0.115890994649435,0.131182559413765,-0.243136152108311,-0.0657681045478298,"SK_N_SH","No change","No change"
"SE_270","5",151658897,151703801,0.277883339903029,0.256314920418846,0.283978321796288,-0.116126638132548,0.0311904257561749,"SK_N_SH","No change","No change"
"SE_271","5",154193732,154320951,0.128556074301678,0.122923953227348,0.119910722737852,-0.0641215860202463,-0.0996344656553097,"SK_N_SH","No change","No change"
"SE_272","5",154342197,154376051,0.139947171858559,0.119142829171819,0.12907839254154,-0.230403987607809,-0.115773195781327,"SK_N_SH","No change","No change"
"SE_273","5",157495447,157572822,0.1275162474923,0.116764502569472,0.118439762696117,-0.126046024621018,-0.105667557483586,"SK_N_SH","No change","No change"
"SE_274","5",169548297,169606201,0.162944819655436,0.119513903414397,0.155259250143498,-0.444010719535131,-0.0692687199130823,"SK_N_SH","No change","No change"
"SE_275","6",11160047,11236601,0.1892894196824,0.166754486922774,0.179685116226681,-0.181843993635218,-0.074717677889723,"SK_N_SH","No change","No change"
"SE_276","6",16657547,16771001,0.131945825421237,0.1362416703985,0.138611116117431,0.0458801140570586,0.0705753399811974,"SK_N_SH","No change","No change"
"SE_277","6",30724546,30794251,0.239094355284704,0.191935364970843,0.236256770089559,-0.315483872606257,-0.0171522306838767,"SK_N_SH","No change","No change"
"SE_278","6",34629397,34684901,0.0906741766015441,0.0895614143847636,0.111670135082081,-0.0176189127046238,0.297517849992127,"SK_N_SH","No change","No change"
"SE_279","6",37101147,37145951,0.283282727528038,0.211801578139844,0.281028007511047,-0.41781759637342,-0.0114880060498782,"SK_N_SH","No change","No change"
"SE_280","6",42182047,42231451,0.247475321397178,0.210450270662256,0.24486574615887,-0.232784163176647,-0.0152318165489929,"SK_N_SH","No change","No change"
"SE_281","6",44654997,44669401,0.403410336168426,0.246104030469255,0.253928678892481,-0.710701328603371,-0.665726188622781,"SK_N_SH","Decreased","Decreased"
"SE_282","6",56638797,56774401,0.098161894097924,0.0873575466000439,0.0894855381539677,-0.166432468372942,-0.132098596735157,"SK_N_SH","No change","No change"
"SE_283","6",56795347,56840664,0.110958169483313,0.113269051356023,0.0931766663409791,0.0294749126093963,-0.249518243908264,"SK_N_SH","No change","No change"
"SE_284","6",104995247,105073801,0.0800263709242415,0.0861643028562902,0.0964614052275909,0.105345891292145,0.266439498484615,"SK_N_SH","No change","No change"
"SE_285","6",113344347,113414701,0.124069005583885,0.104096279200224,0.116409802296446,-0.251012713818876,-0.0911714462060376,"SK_N_SH","No change","No change"
"SE_286","6",129625997,129718001,0.123313467887122,0.118709038332822,0.125700098515042,-0.0544505202327766,0.0274350425168422,"SK_N_SH","No change","No change"
"SE_287","6",140041947,140079801,0.131294987546636,0.123437699523735,0.124066529566994,-0.0883347719898607,-0.0810626555279225,"SK_N_SH","No change","No change"
"SE_288","6",142353347,142419951,0.112314793472145,0.109589291539638,0.109760377171542,-0.0351245252871951,-0.0328943485419175,"SK_N_SH","No change","No change"
"SE_289","6",150853797,150900301,0.23407205295675,0.238782915465221,0.249986926929692,0.0286258390764271,0.0945091896658511,"SK_N_SH","No change","No change"
"SE_290","6",151242996,151296801,0.127085652039066,0.107828948620605,0.11025012657207,-0.235046510102266,-0.20330189874448,"SK_N_SH","No change","No change"
"SE_291","6",152704947,152760451,0.0780231582148245,0.0811327008965787,0.083897960127042,0.0556812354606862,0.103454384290262,"SK_N_SH","No change","No change"
"SE_292","6",157984853,158087051,0.214131904842186,0.169157644160147,0.195994816395527,-0.338349533162811,-0.127063829576267,"SK_N_SH","No change","No change"
"SE_293","7",6226047,6284751,0.247007843612915,0.196635560712336,0.224387062604805,-0.327543193223997,-0.137981042633463,"SK_N_SH","No change","No change"
"SE_294","7",23426597,23479601,0.328541695257491,0.316867195959398,0.33867949198085,-0.052036876380829,0.0437131049381828,"SK_N_SH","No change","No change"
"SE_295","7",80824647,80911651,0.113213080517511,0.104172617504877,0.110731954131412,-0.118968751318964,-0.0316860481311315,"SK_N_SH","No change","No change"
"SE_296","7",101092897,101141301,0.391065962127595,0.270495984388573,0.306791367031728,-0.530165537530397,-0.349143629916468,"SK_N_SH","No change","No change"
"SE_297","7",102834447,102897801,0.161400165691593,0.130646198819647,0.131337038113308,-0.302887239156732,-0.295336208948389,"SK_N_SH","No change","No change"
"SE_298","7",130352297,130375251,0.429463802717949,0.264752543070851,0.339154614172881,-0.69580843046969,-0.339701268604077,"SK_N_SH","Decreased","No change"
"SE_299","7",130838297,131040951,0.180072744281952,0.138416786682083,0.163198003880882,-0.377165121533908,-0.141132814310009,"SK_N_SH","No change","No change"
"SE_300","7",134689347,134969601,0.157410542788094,0.13236400870776,0.150757163888101,-0.248298979943831,-0.0619037328014347,"SK_N_SH","No change","No change"
"SE_301","8",13075347,13130299,0.116965485879904,0.0924367105761217,0.0989130988529392,-0.336303429935631,-0.239619083923702,"SK_N_SH","No change","No change"
"SE_302","8",25178147,25216001,0.228268878078883,0.175264054647494,0.189291744631135,-0.37930223342611,-0.268827555751506,"SK_N_SH","No change","No change"
"SE_303","8",32672597,32785351,0.0792007013201229,0.0800213868160436,0.0929512966417633,0.0146879268916147,0.228298220249144,"SK_N_SH","No change","No change"
"SE_304","8",38891897,38939851,0.261521009237928,0.195458213163696,0.259109415206742,-0.418210401934488,-0.0133142629290765,"SK_N_SH","No change","No change"
"SE_305","8",38999983,39046151,0.164222399639047,0.167285536499211,0.169171800218775,0.0265018978420747,0.042582692634154,"SK_N_SH","No change","No change"
"SE_306","8",40148697,40220751,0.131071609627085,0.108918720576472,0.107698438569497,-0.264883258554667,-0.280989158850185,"SK_N_SH","No change","No change"
"SE_307","8",53942447,53966801,0.113537506331983,0.0928321928628403,0.0882930965691899,-0.287665212445046,-0.359199552013143,"SK_N_SH","No change","No change"
"SE_308","8",58800197,58896151,0.0956461883928771,0.0869810752158955,0.0891542968747706,-0.135519602917347,-0.10031658135775,"SK_N_SH","No change","No change"
"SE_309","8",66505597,66563401,0.208158568644829,0.146414504434677,0.157047908348421,-0.504718621066768,-0.404235160069211,"SK_N_SH","No change","No change"
"SE_310","8",73542447,73633701,0.104152227549774,0.0921592765319009,0.0980953604285349,-0.174708071672359,-0.0855899943224973,"SK_N_SH","No change","No change"
"SE_311","8",88101447,88148651,0.0609827358562352,0.0580477013991662,0.0637163227769064,-0.0699855357713969,0.0622631997844608,"SK_N_SH","No change","No change"
"SE_312","8",97879097,97953601,0.141125656801016,0.109538120340245,0.122790239247684,-0.362623030837067,-0.199269452424098,"SK_N_SH","No change","No change"
"SE_313","8",100898947,100947570,0.163199518953859,0.140087928224685,0.150854323874277,-0.218855347298573,-0.112761912394725,"SK_N_SH","No change","No change"
"SE_314","8",101125247,101202731,0.14829640614986,0.131718806551252,0.15118415393353,-0.169806619157889,0.0276387096091211,"SK_N_SH","No change","No change"
"SE_315","8",117825897,118120901,0.103498626562718,0.0982469405810023,0.105153253528705,-0.074389445867014,0.0226646086662811,"SK_N_SH","No change","No change"
"SE_316","8",140763497,140845851,0.0865624002468584,0.0843797055219819,0.0880191722412407,-0.0364183153110853,0.0238045837337083,"SK_N_SH","No change","No change"
"SE_317","9",2800697,2841129,0.125701435215016,0.115846545856122,0.13393318602541,-0.116817780040311,0.0908123475564617,"SK_N_SH","No change","No change"
"SE_318","9",12778010,12835101,0.123631538581622,0.137583370308083,0.153510565897214,0.153084952560153,0.31003630217938,"SK_N_SH","No change","No change"
"SE_319","9",16499797,16547801,0.13554944821007,0.112960927359252,0.133450539903399,-0.260884217470846,-0.0223479357023219,"SK_N_SH","No change","No change"
"SE_320","9",16670397,16728801,0.160659359093064,0.146701709985455,0.17810544793794,-0.13027050444721,0.147852188006672,"SK_N_SH","No change","No change"
"SE_321","9",33271497,33355551,0.155004683896343,0.131875839212324,0.162622337603549,-0.231510541816749,0.0687803720896999,"SK_N_SH","No change","No change"
"SE_322","9",35507297,35534101,0.262843334489075,0.16351160746859,0.243280633585189,-0.681492156997175,-0.111142044801194,"SK_N_SH","Decreased","No change"
"SE_323","9",36089347,36114801,0.211444462579376,0.157970057422128,0.189803079755213,-0.418330685580694,-0.155001281824279,"SK_N_SH","No change","No change"
"SE_324","9",37921497,37979401,0.231477340156738,0.163758431179158,0.178249140543007,-0.496737807749064,-0.375123900305172,"SK_N_SH","No change","No change"
"SE_325","9",37992697,38066212,0.24247009197005,0.193892367702387,0.21286545020739,-0.321066968110989,-0.187041126466432,"SK_N_SH","No change","No change"
"SE_326","9",94767247,94813751,0.105358317733671,0.0977609605818561,0.118574780069452,-0.106920089632382,0.168980274393645,"SK_N_SH","No change","No change"
"SE_327","9",106859997,106898751,0.237675587093893,0.205905476992708,0.261106181461882,-0.206079172794223,0.135100370247635,"SK_N_SH","No change","No change"
"SE_328","9",110007397,110193301,0.110524512443218,0.0975830673381979,0.111328932906495,-0.177949065835533,0.0103687339441236,"SK_N_SH","No change","No change"
"SE_329","9",112010897,112082301,0.156762028742507,0.111447565824918,0.130623294965534,-0.488497578156228,-0.261335166449555,"SK_N_SH","No change","No change"
"SE_330","9",115664947,115693701,0.151754433110421,0.109874390990712,0.0973012396881411,-0.462288069197998,-0.63593273354631,"SK_N_SH","No change","Decreased"
"SE_331","9",122988147,123104301,0.0960367670730132,0.0837895371563761,0.0873448047334217,-0.194645235331197,-0.135386188552447,"SK_N_SH","No change","No change"
"SE_332","9",124251597,124307001,0.164630808762552,0.134132372062278,0.158963164335104,-0.293597726115183,-0.0502313261209439,"SK_N_SH","No change","No change"
"SE_333","9",125509297,125559351,0.176301178152289,0.147040070422148,0.191413196195356,-0.260214395826794,0.118005623400825,"SK_N_SH","No change","No change"
"SE_334","9",125784147,125856501,0.0614395686057358,0.0606571875945699,0.0701702579201431,-0.0181914853352153,0.188813894499606,"SK_N_SH","No change","No change"
"SE_335","9",129931747,129999401,0.143236426730463,0.124752337344331,0.16498140562181,-0.197850345947799,0.202586068571608,"SK_N_SH","No change","No change"
"SE_336","9",130823247,130870501,0.20901617623302,0.164708838671459,0.209508158976376,-0.341849898057189,0.00337569709263758,"SK_N_SH","No change","No change"
"SE_337","X",136155497,136215901,0.0989007471852595,0.102351425374422,0.0999269854806772,0.0489909123893797,0.0147445949528952,"SK_N_SH","No change","No change"
