"se_id","chr","start","end","control_accessibility","h24_accessibility","h48_accessibility","log2fc_24h","log2fc_48h","cell_line","change_24h","change_48h"
"SE_1","1",8361497,8420686,0.0822641582167386,0.106304718896582,0.0882396642832746,0.365946008649397,0.0999894776716451,"CLB_Ma","No change","No change"
"SE_2","1",8646697,8719401,0.145886719064206,0.148439610961683,0.1199854927182,0.0248586455573391,-0.279869893453453,"CLB_Ma","No change","No change"
"SE_3","1",33317147,33469629,0.153341954827907,0.169235738648067,0.111905311762245,0.141403659248186,-0.451016922540148,"CLB_Ma","No change","No change"
"SE_4","1",36231047,36302301,0.0679884177901112,0.133634529232331,0.0819712124029443,0.964622381591838,0.266256693958122,"CLB_Ma","Increased","No change"
"SE_5","1",39102247,39486501,0.106108715454442,0.119840352836895,0.0911370549238484,0.174026424445916,-0.217222487833333,"CLB_Ma","No change","No change"
"SE_6","1",51619871,51674051,0.146994395630753,0.161429738209938,0.092503605421048,0.134273246639231,-0.662448643464577,"CLB_Ma","No change","Decreased"
"SE_7","1",51733147,51811451,0.0714082986709327,0.10353283167986,0.0677343484259938,0.529729176953983,-0.0751238199332133,"CLB_Ma","No change","No change"
"SE_8","1",59115547,59166001,0.139051553113381,0.15760126190888,0.0982019303917731,0.179446267483779,-0.497517882676034,"CLB_Ma","No change","No change"
"SE_9","1",67673147,67772501,0.141076066336954,0.172004555838435,0.136568048876728,0.284146486338012,-0.0465181103020355,"CLB_Ma","No change","No change"
"SE_10","1",85269397,85527851,0.110193692183597,0.122009649116942,0.0829844426908324,0.145696538907157,-0.404880936519374,"CLB_Ma","No change","No change"
"SE_11","1",85540597,85586901,0.226583123306668,0.260076550096143,0.185373724517419,0.198079303687608,-0.288195097673061,"CLB_Ma","No change","No change"
"SE_12","1",86739147,86795951,0.141213329343744,0.157583025021302,0.108369758358548,0.15718165899977,-0.378842815761198,"CLB_Ma","No change","No change"
"SE_13","1",89527835,89577701,0.0987982340591959,0.128592024705957,0.116286881226324,0.376890743013203,0.23295546179453,"CLB_Ma","No change","No change"
"SE_14","1",97091247,97148351,0.0901839028637581,0.115662511820849,0.0716385593495935,0.355489975741048,-0.328043571175089,"CLB_Ma","No change","No change"
"SE_15","1",115296347,115335235,0.169971182319768,0.147789668963405,0.136087009678398,-0.20047881715893,-0.318661306970989,"CLB_Ma","No change","No change"
"SE_16","1",150560047,150583051,0.816925523519193,1.034605043419,0.740421845035746,0.340432507141006,-0.141674861143469,"CLB_Ma","No change","No change"
"SE_17","1",155452497,155476151,0.108170186296874,0.102239838052847,0.107230402869595,-0.0805791354844927,-0.012473097158023,"CLB_Ma","No change","No change"
"SE_18","1",157996270,158050251,0.19433426200262,0.263603002310328,0.223653550268711,0.437884408321395,0.201756838506438,"CLB_Ma","No change","No change"
"SE_19","1",162625447,162723901,0.113467184757091,0.195850161331177,0.109014596955816,0.78216382645543,-0.0572391123208261,"CLB_Ma","Increased","No change"
"SE_20","1",162956397,162998851,0.0983475945217299,0.0999638443361957,0.0695205208418941,0.0232818076629907,-0.494441906307196,"CLB_Ma","No change","No change"
"SE_21","1",163031997,163057701,0.229110065557996,0.327399827628876,0.235564848450838,0.513129278039105,0.0399116254074003,"CLB_Ma","No change","No change"
"SE_22","1",164703497,164782451,0.156140822793964,0.176200369450945,0.153549626092803,0.173323592283258,-0.0239878556967876,"CLB_Ma","No change","No change"
"SE_23","1",172341847,172363501,0.228794864212548,0.323187865804759,0.222982414086877,0.496483537575135,-0.0369610909581069,"CLB_Ma","No change","No change"
"SE_24","1",172883997,172970651,0.166008338154265,0.16361848243182,0.118257161350486,-0.0207938108293264,-0.485844231158627,"CLB_Ma","No change","No change"
"SE_25","1",178096991,178139351,0.132574950322903,0.243170197559016,0.0915060260207044,0.870237640848814,-0.530030226879939,"CLB_Ma","Increased","No change"
"SE_26","1",181072497,181117901,0.367199479898751,0.44147909491067,0.306274046468045,0.265121707336026,-0.260961672227037,"CLB_Ma","No change","No change"
"SE_27","1",183019797,183165151,0.117506347653274,0.176657495853882,0.124942630977072,0.584134223730576,0.0878023736268482,"CLB_Ma","No change","No change"
"SE_28","1",198087697,198127351,0.108376268766912,0.0970977512498091,0.0830877985474996,-0.157007782110994,-0.379331371973222,"CLB_Ma","No change","No change"
"SE_29","1",198153497,198299701,0.116689153426949,0.114965621081741,0.0809550188665357,-0.0212841930789765,-0.522077156800425,"CLB_Ma","No change","No change"
"SE_30","1",202551447,202591201,0.171181355340831,0.198129875234931,0.148292716955919,0.209780754287241,-0.205785141695628,"CLB_Ma","No change","No change"
"SE_31","1",203504597,203560001,0.226197861227318,0.29709376514634,0.175416949777244,0.391816946793626,-0.364960075083873,"CLB_Ma","No change","No change"
"SE_32","1",203629784,203701601,0.17327651790578,0.172698894800611,0.124792258349692,-0.00478961860122665,-0.470335056228568,"CLB_Ma","No change","No change"
"SE_33","1",204403397,204440351,0.315476964893061,0.3842606307898,0.3026606959956,0.283734271264273,-0.0596403085409557,"CLB_Ma","No change","No change"
"SE_34","1",218335647,218391051,0.18082924641721,0.198471971568315,0.144409966680465,0.133601773877694,-0.322458111454501,"CLB_Ma","No change","No change"
"SE_35","1",218449847,218501551,0.248781543240254,0.216107088254093,0.156349087260745,-0.202260049056098,-0.666698067849451,"CLB_Ma","No change","Decreased"
"SE_36","1",219293047,219342601,0.14598790635839,0.136830514099284,0.129641879716117,-0.0928021405500549,-0.17008000602512,"CLB_Ma","No change","No change"
"SE_37","1",223698247,223795801,0.230248513711517,0.267162812490545,0.183044959557041,0.213665092090232,-0.329385853973753,"CLB_Ma","No change","No change"
"SE_38","1",234956997,235022701,0.281275583953712,0.29227229762846,0.229499027422324,0.055136456085541,-0.292343681812756,"CLB_Ma","No change","No change"
"SE_39","1",235900697,235929701,0.353707867103736,0.319126750487902,0.248966061273893,-0.147988091657853,-0.504899099650848,"CLB_Ma","No change","No change"
"SE_40","1",243202847,243295901,0.219567537199554,0.27321630756223,0.19528691124525,0.314093897459766,-0.168256498272201,"CLB_Ma","No change","No change"
"SE_41","1",243697547,243750051,0.109200359894915,0.147213048981129,0.107520580711527,0.427543535564932,-0.0221602626518007,"CLB_Ma","No change","No change"
"SE_42","10",4762497,4781751,0.190466443603441,0.245283447560822,0.177853694508655,0.363228101486058,-0.0983116478540355,"CLB_Ma","No change","No change"
"SE_43","10",17648397,17689351,0.224232653809602,0.207175919564722,0.160540052719783,-0.113612805097436,-0.479524086455426,"CLB_Ma","No change","No change"
"SE_44","10",31999447,32053442,0.143057443298418,0.134184856179848,0.100611532299658,-0.0917106594070281,-0.503580056338207,"CLB_Ma","No change","No change"
"SE_45","10",33192197,33328451,0.159947100260407,0.218005227728301,0.153767326449948,0.444378723441986,-0.0564856539101179,"CLB_Ma","No change","No change"
"SE_46","10",62220397,62279801,0.162331047525716,0.169044742697603,0.104475498548671,0.0581153444632246,-0.630891151495029,"CLB_Ma","No change","Decreased"
"SE_47","10",73993047,74146251,0.122094356036618,0.155820581372018,0.123825669570272,0.349350298624403,0.0201500306174654,"CLB_Ma","No change","No change"
"SE_48","10",77149647,77204701,0.173555835520468,0.196560483985433,0.153028767672131,0.178605820185801,-0.180488762366439,"CLB_Ma","No change","No change"
"SE_49","10",77385247,77437951,0.177502339040744,0.197835859919389,0.141143330362133,0.155634990469399,-0.328596572434996,"CLB_Ma","No change","No change"
"SE_50","10",77476897,77545051,0.216139057864842,0.239159242708652,0.171587478190267,0.145372078933479,-0.331291458039594,"CLB_Ma","No change","No change"
"SE_51","10",90910747,90944298,0.396512688173771,0.248455119771117,0.188222249251204,-0.672220631133991,-1.07091917585284,"CLB_Ma","Decreased","Decreased"
"SE_52","10",93432197,93479316,0.326121877066007,0.337638218934927,0.267092486950919,0.0499165595813995,-0.287097456698807,"CLB_Ma","No change","No change"
"SE_53","10",99941997,100006952,0.18516666374979,0.169389956979635,0.143387555783529,-0.127754453759952,-0.366648350220592,"CLB_Ma","No change","No change"
"SE_54","10",112953247,113100451,0.121252527812239,0.166949969845197,0.119591092628376,0.458167240489231,-0.0197409484784229,"CLB_Ma","No change","No change"
"SE_55","10",114603997,114719451,0.186670911130057,0.187595988949694,0.134979923815758,0.00709394247320901,-0.464811384145117,"CLB_Ma","No change","No change"
"SE_56","10",126194647,126282651,0.152580346822947,0.166175770248727,0.111114256440149,0.122372153551562,-0.454023868084594,"CLB_Ma","No change","No change"
"SE_57","11",8688436,8790051,0.20407388655336,0.209611926305296,0.168181174373529,0.0384433386731785,-0.277574753811768,"CLB_Ma","No change","No change"
"SE_58","11",9750847,9817401,0.191224805139442,0.216126639587984,0.144147960209944,0.175742226322776,-0.405270219216897,"CLB_Ma","No change","No change"
"SE_59","11",12113573,12239701,0.238661478590255,0.264847805314222,0.169544861737042,0.14960251690063,-0.490846750162275,"CLB_Ma","No change","No change"
"SE_60","11",13207347,13236401,0.291770775108674,0.284370913768712,0.217787818784682,-0.036933251843114,-0.420239131486457,"CLB_Ma","No change","No change"
"SE_61","11",14442997,14507351,0.141966299409968,0.159422541732704,0.0969862954327017,0.166201766751039,-0.54502321909547,"CLB_Ma","No change","No change"
"SE_62","11",33043012,33086001,0.153452992390222,0.221430951020408,0.137704046203328,0.526189729268675,-0.155157948342179,"CLB_Ma","No change","No change"
"SE_63","11",33668347,33733101,0.237735531472614,0.296523996956921,0.168623616114813,0.31759273294919,-0.493076256131676,"CLB_Ma","No change","No change"
"SE_64","11",35141867,35186351,0.094661532839299,0.155970193416904,0.12629884133314,0.714479822489766,0.412208474222783,"CLB_Ma","Increased","No change"
"SE_65","11",65470447,65508051,0.72228165425276,0.918454128535752,0.671555233932802,0.346220041789153,-0.10490480416636,"CLB_Ma","No change","No change"
"SE_66","11",66073350,66143451,0.171806305785273,0.222348515424395,0.169933440486579,0.370140802122709,-0.0157211974786471,"CLB_Ma","No change","No change"
"SE_67","11",74120547,74164051,0.127704190780783,0.15210159612567,0.107945052428309,0.250430292997558,-0.240458350236575,"CLB_Ma","No change","No change"
"SE_68","11",85947547,86047801,0.0694859904429309,0.0783484823374921,0.0588881640868552,0.170866088732337,-0.235065634638343,"CLB_Ma","No change","No change"
"SE_69","11",86578797,86637051,0.0996845852819107,0.0937323553260569,0.072815957883315,-0.0879136652587785,-0.44783818119572,"CLB_Ma","No change","No change"
"SE_70","11",86717797,86786451,0.232820680391641,0.221332020724644,0.154514887660567,-0.0726867921266368,-0.588349837217956,"CLB_Ma","No change","Decreased"
"SE_71","11",86803237,86821251,0.184548784167873,0.197895817823187,0.153509075583423,0.100214393359466,-0.264106965708934,"CLB_Ma","No change","No change"
"SE_72","11",95983997,96338436,0.150786271786781,0.170112634755274,0.126784218170487,0.172904977647339,-0.248331643968317,"CLB_Ma","No change","No change"
"SE_73","11",108869497,108930201,0.0970538185985453,0.127746928898021,0.0888032506673644,0.392892298162318,-0.126806147595887,"CLB_Ma","No change","No change"
"SE_74","11",111517782,111567101,0.319624063347437,0.384029871407895,0.263796959016281,0.264087671272539,-0.275996152091788,"CLB_Ma","No change","No change"
"SE_75","11",111718147,111751501,0.201903341540306,0.275598996568428,0.218871526301323,0.447003298260436,0.115868160573877,"CLB_Ma","No change","No change"
"SE_76","11",118906947,118930051,0.755699860551159,0.852790336425261,0.60791094535798,0.174160654358268,-0.313489933208102,"CLB_Ma","No change","No change"
"SE_77","11",120328847,120348451,0.28171381879603,0.384980415121436,0.280926982262439,0.449185243613142,-0.00402084262300278,"CLB_Ma","No change","No change"
"SE_78","11",122155306,122200061,0.114629779084807,0.149722333395328,0.0961440387435688,0.382380210429805,-0.251315622297495,"CLB_Ma","No change","No change"
"SE_79","12",27541147,27624851,0.100654031373788,0.0999550055546612,0.0851833032248095,-0.00995498620847067,-0.238187130319632,"CLB_Ma","No change","No change"
"SE_80","12",29277047,29288851,0.14914435743306,0.175073743805457,0.145593684228079,0.229829531815687,-0.0345273096398129,"CLB_Ma","No change","No change"
"SE_81","12",31482597,31533801,0.104188636825458,0.138588192362019,0.109661743963272,0.40819804689395,0.0731777015323181,"CLB_Ma","No change","No change"
"SE_82","12",45212947,45314301,0.200771952333151,0.269307912592524,0.170015005795281,0.42187809979599,-0.238602723360546,"CLB_Ma","No change","No change"
"SE_83","12",49186097,49246251,0.267176242514037,0.272361217058806,0.215755735985591,0.0276271401807038,-0.307111264031887,"CLB_Ma","No change","No change"
"SE_84","12",49480847,49519451,0.139372827495461,0.148154625194855,0.102993086777146,0.0875450207914447,-0.432776070193981,"CLB_Ma","No change","No change"
"SE_85","12",50150597,50219704,0.235472561725077,0.265012565538375,0.22010404768444,0.169821600242786,-0.0969473587773802,"CLB_Ma","No change","No change"
"SE_86","12",54220147,54286601,0.258689796572872,0.329994519048549,0.213014552471561,0.350017997138331,-0.279080430714505,"CLB_Ma","No change","No change"
"SE_87","12",65630447,65674151,0.09353091866932,0.108448925358205,0.079290293446751,0.211399608615948,-0.235560689312685,"CLB_Ma","No change","No change"
"SE_88","12",67651729,67693001,0.168778087450796,0.259138771799307,0.141700353186364,0.615631170272206,-0.250661362759508,"CLB_Ma","Increased","No change"
"SE_89","12",68613836,68658601,0.088211542070791,0.0775683916784361,0.0623835037554599,-0.183281347932579,-0.493122964008748,"CLB_Ma","No change","No change"
"SE_90","12",69489747,69581721,0.116389568875615,0.120605494961142,0.0947774009048561,0.0509042033553994,-0.293547026600917,"CLB_Ma","No change","No change"
"SE_91","12",93395297,93439249,0.142758893651265,0.11553625450227,0.0895013920598086,-0.30287236317427,-0.66763932272546,"CLB_Ma","No change","Decreased"
"SE_92","12",93766797,93826401,0.189949534270472,0.205613460193858,0.154785586161818,0.113742842942492,-0.293629644921689,"CLB_Ma","No change","No change"
"SE_93","12",95198897,95263201,0.291379341995528,0.35990792321757,0.220585183174484,0.303789434331248,-0.399979966215938,"CLB_Ma","No change","No change"
"SE_94","12",96197379,96241451,0.197695608281047,0.224557288836471,0.14304450412795,0.182933921783053,-0.464045368434204,"CLB_Ma","No change","No change"
"SE_95","12",103933497,103987201,0.269120409586413,0.388599929772914,0.264578533898265,0.528390767167048,-0.0244641085240967,"CLB_Ma","No change","No change"
"SE_96","12",104279847,104337401,0.179286643257911,0.22536189686116,0.1621077320794,0.328338615022146,-0.144467342765669,"CLB_Ma","No change","No change"
"SE_97","12",105307597,105385551,0.155760036409105,0.1865821658685,0.131562288834698,0.258964858877107,-0.241887395518944,"CLB_Ma","No change","No change"
"SE_98","12",106027997,106148601,0.241034499330896,0.229986577174966,0.154589813690317,-0.0674036844687353,-0.637465090706314,"CLB_Ma","No change","Decreased"
"SE_99","12",110265747,110341501,0.174542330473377,0.218635334631406,0.140987860177253,0.323291206240864,-0.306051379581506,"CLB_Ma","No change","No change"
"SE_100","12",116120397,116165351,0.103531389493648,0.108622333815708,0.0973315895156301,0.0686055235436909,-0.0882093618350824,"CLB_Ma","No change","No change"
"SE_101","12",120224447,120262770,0.307253147095725,0.34720977787688,0.253384317561846,0.175841091211633,-0.277105890601295,"CLB_Ma","No change","No change"
"SE_102","12",121921554,121965951,0.174683669383388,0.155697531687302,0.114145552935121,-0.164997637808855,-0.609521398820018,"CLB_Ma","No change","Decreased"
"SE_103","12",122071347,122131051,0.17504169971251,0.221662488715582,0.181595073036584,0.338941325693622,0.0527306312246185,"CLB_Ma","No change","No change"
"SE_104","13",32021847,32064001,0.191950433351314,0.208313871595928,0.183407890472445,0.117437640621508,-0.0653298967215233,"CLB_Ma","No change","No change"
"SE_105","13",45177147,45292701,0.103873006340703,0.104787455624861,0.0774367501141658,0.0125251765004974,-0.419041718566804,"CLB_Ma","No change","No change"
"SE_106","13",45479047,45523351,0.083778802914439,0.101041570185807,0.0675461014217546,0.267381503348078,-0.306628980868787,"CLB_Ma","No change","No change"
"SE_107","13",49061897,49143101,0.0780507034390373,0.0969813735016775,0.0738960161255029,0.30972921486516,-0.077889319796223,"CLB_Ma","No change","No change"
"SE_108","13",99279297,99337501,0.0987413909210516,0.126513980959384,0.10283056133338,0.354391209500912,0.0579669198860991,"CLB_Ma","No change","No change"
"SE_109","13",114096847,114129619,0.219243580553534,0.362836548249247,0.205649819902964,0.724190502945912,-0.0919118630891581,"CLB_Ma","Increased","No change"
"SE_110","14",21214097,21266478,0.108399929167732,0.107801082025046,0.109010862301016,-0.00791889980189779,0.00803417620097909,"CLB_Ma","No change","No change"
"SE_111","14",49970047,50024601,0.210171975915295,0.223771907789208,0.139460595657107,0.0900433463160997,-0.588252932691822,"CLB_Ma","No change","Decreased"
"SE_112","14",50984347,51025351,0.201309855518953,0.194231932607292,0.158610858290525,-0.051377559564089,-0.342007801341085,"CLB_Ma","No change","No change"
"SE_113","14",51506647,51556701,0.184836542788914,0.166629748072053,0.13345532746652,-0.148756023627913,-0.466907300686195,"CLB_Ma","No change","No change"
"SE_114","14",51635547,51730301,0.134197200393389,0.182790323857556,0.135039973324261,0.442995536805494,0.00896535105504295,"CLB_Ma","No change","No change"
"SE_115","14",55571297,55650451,0.164297079419086,0.220059741205814,0.132497916316326,0.419375075068345,-0.308244010357393,"CLB_Ma","No change","No change"
"SE_116","14",64917597,64937951,0.144701157449884,0.11607290286296,0.122336561692283,-0.315605143068934,-0.240411804872928,"CLB_Ma","No change","No change"
"SE_117","14",75820597,75887251,0.113659804638662,0.150210679563216,0.125818385472032,0.399200310404933,0.145404189049602,"CLB_Ma","No change","No change"
"SE_118","14",77562347,77613766,0.104424441582045,0.201170916964589,0.185803555925694,0.939366095249238,0.825312538044687,"CLB_Ma","Increased","Increased"
"SE_119","14",101960747,102056851,0.167020296047843,0.174416152013415,0.132200841173922,0.0621460805541685,-0.335032321016512,"CLB_Ma","No change","No change"
"SE_120","14",103388361,103457151,0.0866329023540829,0.165110613543345,0.0903243022087777,0.922599710358325,0.0595261843224161,"CLB_Ma","Increased","No change"
"SE_121","15",32769247,33035351,0.11789762099683,0.14965257531342,0.128250655339115,0.341505486408652,0.120451746728205,"CLB_Ma","No change","No change"
"SE_122","15",40992297,41050501,0.0965313692673782,0.10100663254338,0.0898071117632471,0.0647247439361648,-0.103061021400829,"CLB_Ma","No change","No change"
"SE_123","15",44028097,44164751,0.0993473978123832,0.135654406553787,0.0983375488422832,0.445528776189874,-0.0145921517480771,"CLB_Ma","No change","No change"
"SE_124","15",48395247,48510951,0.0928631305440473,0.0915088675199556,0.0732689947363719,-0.0209669151786235,-0.337798527326894,"CLB_Ma","No change","No change"
"SE_125","15",48524197,48642787,0.103889213984053,0.130562762963483,0.135696769775192,0.326884882133214,0.382112821955324,"CLB_Ma","No change","No change"
"SE_126","15",51835397,51889201,0.107438974089621,0.113315064628504,0.0873312277700765,0.0761321673978482,-0.295887899773765,"CLB_Ma","No change","No change"
"SE_127","15",60342847,60472801,0.234850626959168,0.247936817910695,0.188387233038263,0.0779061856232037,-0.316534356767734,"CLB_Ma","No change","No change"
"SE_128","15",71651697,71731001,0.148941627874961,0.176143018854526,0.127121452844797,0.240513640174765,-0.226888907397356,"CLB_Ma","No change","No change"
"SE_129","15",85393797,85445551,0.084515960279378,0.0904481706673611,0.0764700904072534,0.0967606078826408,-0.142554279361558,"CLB_Ma","No change","No change"
"SE_130","15",90391238,90424151,0.153761149653782,0.283782989591273,0.166594912844081,0.879819623985774,0.114935007216996,"CLB_Ma","Increased","No change"
"SE_131","15",98716247,98765001,0.151203040166031,0.172879769407384,0.142138150073192,0.192092911371122,-0.0885889367097336,"CLB_Ma","No change","No change"
"SE_132","15",98841397,98928101,0.232527683510987,0.298169964138608,0.218808116315416,0.357371755604408,-0.0873489260483762,"CLB_Ma","No change","No change"
"SE_133","15",101640397,101717901,0.157486303185847,0.207400525004104,0.115280887838325,0.395000747916676,-0.446744172127892,"CLB_Ma","No change","No change"
"SE_134","16",9094677,9130401,0.1746145402964,0.248279625605963,0.0794488011007479,0.50535267158328,-1.12626947387972,"CLB_Ma","No change","Decreased"
"SE_135","16",24970047,25012377,0.165408292326791,0.182419539916842,0.14307769706434,0.140420012745614,-0.207880299985713,"CLB_Ma","No change","No change"
"SE_136","16",50180847,50235851,0.138916745130484,0.161399171459226,0.102382577779522,0.214975638598296,-0.436575552951207,"CLB_Ma","No change","No change"
"SE_137","16",57167697,57204351,0.297840412275245,0.3964706298444,0.310238680330406,0.411473002398176,0.058646110305896,"CLB_Ma","No change","No change"
"SE_138","16",69431847,69497251,0.0982422956826129,0.121454068404806,0.0737885755663629,0.303213693396695,-0.40813720213956,"CLB_Ma","No change","No change"
"SE_139","16",75231497,75262947,0.501646541534511,0.459331696456362,0.392418339053105,-0.126870477073624,-0.353480050927647,"CLB_Ma","No change","No change"
"SE_140","17",667897,706401,0.198114285945375,0.213490460867885,0.125403188487468,0.107316753032178,-0.655563878904437,"CLB_Ma","No change","Decreased"
"SE_141","17",4194597,4257901,0.148667042724596,0.146878071047731,0.127041751476985,-0.0173484392621206,-0.225142252521462,"CLB_Ma","No change","No change"
"SE_142","17",16002690,16048251,0.0853440466563648,0.108955192321947,0.123495744370532,0.348747119198451,0.527927813808312,"CLB_Ma","No change","No change"
"SE_143","17",20165097,20227451,0.109057730677841,0.102858815531799,0.0740700069564164,-0.0836368093365219,-0.551951964811565,"CLB_Ma","No change","No change"
"SE_144","17",31232597,31278401,0.132228609268917,0.152020860105404,0.112830595268735,0.199824419974686,-0.22701554154801,"CLB_Ma","No change","No change"
"SE_145","17",31563897,31604151,0.275295814510534,0.26493530176594,0.204193198618254,-0.0551384060726247,-0.429230795703289,"CLB_Ma","No change","No change"
"SE_146","17",40280547,40348051,0.66841088908077,0.788662419587618,0.59028643092226,0.238344014401551,-0.179034849109083,"CLB_Ma","No change","No change"
"SE_147","17",45064296,45129532,0.214536790222366,0.224210466432375,0.216174694283732,0.0633397311852428,0.0109218610414498,"CLB_Ma","No change","No change"
"SE_148","17",45287497,45322351,0.40991239845654,0.511243075560691,0.399181786197948,0.317997715604709,-0.0381753554138193,"CLB_Ma","No change","No change"
"SE_149","17",50026997,50084801,0.545395984396099,0.536647829544022,0.422373210632252,-0.0232853939005111,-0.368016896685047,"CLB_Ma","No change","No change"
"SE_150","17",59622686,59699401,0.11876432533321,0.103538936215911,0.0889637387520161,-0.196157847241191,-0.412782707298981,"CLB_Ma","No change","No change"
"SE_151","17",59745197,59859951,0.376145862544743,0.550761910924184,0.32737514859832,0.548923269388046,-0.199777650798752,"CLB_Ma","No change","No change"
"SE_152","17",64525147,64684501,0.155399125772161,0.150503060397289,0.108539859915337,-0.0458855116315542,-0.513776507906896,"CLB_Ma","No change","No change"
"SE_153","17",75673497,75708901,0.338492234714674,0.360058658964232,0.254915428868993,0.0888546661364378,-0.407711447197312,"CLB_Ma","No change","No change"
"SE_154","18",9105627,9148201,0.346262730259698,0.442003432091246,0.280271688925447,0.351290293102144,-0.304063235578107,"CLB_Ma","No change","No change"
"SE_155","18",28027147,28097351,0.105063741460138,0.133211002233229,0.102948730819281,0.339571397994574,-0.0290594029358716,"CLB_Ma","No change","No change"
"SE_156","18",57727847,57849851,0.135698519725001,0.154144499642053,0.113452226050407,0.182614929284914,-0.256252097422216,"CLB_Ma","No change","No change"
"SE_157","18",77063747,77109201,0.220334850677664,0.289317494781481,0.222764313876401,0.391400881454217,0.0157493412520892,"CLB_Ma","No change","No change"
"SE_158","2",33129797,33170001,0.140842051067387,0.14572057333986,0.108642248461905,0.0487858784858002,-0.371481483889527,"CLB_Ma","No change","No change"
"SE_159","2",36338247,36573801,0.171991384199815,0.174234283024122,0.137194618253713,0.0185848664438145,-0.323998752922681,"CLB_Ma","No change","No change"
"SE_160","2",55092947,55121751,0.200020130596379,0.225620973156765,0.183623074976637,0.172941401570976,-0.122757104870387,"CLB_Ma","No change","No change"
"SE_161","2",62709894,62829051,0.0983540642379795,0.116759272561618,0.0851456652923738,0.24518977496729,-0.205800780201334,"CLB_Ma","No change","No change"
"SE_162","2",63844877,63896501,0.120265919492924,0.095199467683283,0.111738488103213,-0.334073337181545,-0.105194027965776,"CLB_Ma","No change","No change"
"SE_163","2",68027447,68060026,0.114352212523202,0.14765198534551,0.118094303930716,0.365893055495293,0.0460587372829213,"CLB_Ma","No change","No change"
"SE_164","2",68166547,68259001,0.145536967953936,0.165271563605488,0.11687022886421,0.182276784727734,-0.314065294946754,"CLB_Ma","No change","No change"
"SE_165","2",69016141,69255351,0.132409064608609,0.15297476927403,0.127266676483335,0.206837271169547,-0.0567102863691754,"CLB_Ma","No change","No change"
"SE_166","2",69754597,69803851,0.203784287111334,0.228091675424655,0.160574553473032,0.161820012866126,-0.341905018477712,"CLB_Ma","No change","No change"
"SE_167","2",70090450,70144501,0.27116309767437,0.277685522608209,0.2416018845815,0.0341665915368555,-0.165880708851694,"CLB_Ma","No change","No change"
"SE_168","2",75586547,75607951,0.242451862287968,0.242668546336146,0.192773038338171,0.00128349794765077,-0.329268689038509,"CLB_Ma","No change","No change"
"SE_169","2",108537352,108599501,0.228083574305057,0.17583947814927,0.124249818137129,-0.373433636541873,-0.871065509953418,"CLB_Ma","No change","Decreased"
"SE_170","2",117930197,118011162,0.169100491174834,0.199574301027002,0.164966677823433,0.237749462807677,-0.035493695206228,"CLB_Ma","No change","No change"
"SE_171","2",138018897,138053301,0.111790340749395,0.115110374161858,0.0876337539849353,0.0418533569518246,-0.347715398630858,"CLB_Ma","No change","No change"
"SE_172","2",160204397,160252901,0.249327583860788,0.25177256874697,0.180529695330641,0.0140226367345098,-0.463611702706821,"CLB_Ma","No change","No change"
"SE_173","2",177215723,177276301,0.270675967548559,0.323594017211587,0.256290690392579,0.256749458521548,-0.0784876937714537,"CLB_Ma","No change","No change"
"SE_174","2",189075647,189176878,0.103005299869672,0.116100559891838,0.0792220174065836,0.171090927156225,-0.374586894328389,"CLB_Ma","No change","No change"
"SE_175","2",189203447,189299101,0.0978629692686942,0.136625375677703,0.0873622790405195,0.477244359527078,-0.161999608124289,"CLB_Ma","No change","No change"
"SE_176","2",189366697,189413601,0.119168117557038,0.154315751417467,0.126105228806797,0.370149971001467,0.0809692028900645,"CLB_Ma","No change","No change"
"SE_177","2",190883818,190963751,0.103269770338255,0.145550168736201,0.130790786521565,0.491073673617151,0.337928559716174,"CLB_Ma","No change","No change"
"SE_178","2",201627947,201656951,0.266051318231528,0.313532616764478,0.201849937205897,0.23609262536106,-0.396704149803633,"CLB_Ma","No change","No change"
"SE_179","2",207219697,207261451,0.192694170252978,0.288415252119773,0.173292089636844,0.579360420775628,-0.152273439537721,"CLB_Ma","No change","No change"
"SE_180","2",216443447,216512801,0.133147623615167,0.144187110892722,0.11592356748243,0.114091884642942,-0.198255744580381,"CLB_Ma","No change","No change"
"SE_181","2",222904597,223003801,0.151961047301759,0.194083306129073,0.132993202594292,0.350926021047569,-0.191004491017737,"CLB_Ma","No change","No change"
"SE_182","2",223026197,223111101,0.240805039180193,0.241990161980444,0.184093137219221,0.00705359371769627,-0.38559290569245,"CLB_Ma","No change","No change"
"SE_183","2",233402297,233502201,0.136150893078261,0.152806167702917,0.116928472530848,0.165349340701688,-0.217851933336416,"CLB_Ma","No change","No change"
"SE_184","2",234240697,234260551,0.294362177602948,0.32591380105075,0.25415947976508,0.146425188833431,-0.211085852448827,"CLB_Ma","No change","No change"
"SE_185","20",31652097,31718505,0.12280713367925,0.141626032599636,0.109740932722848,0.204142887521621,-0.160905865785608,"CLB_Ma","No change","No change"
"SE_186","20",35301597,35345051,0.212743442924864,0.224648756235486,0.148002619417709,0.0781986638445748,-0.520542469644613,"CLB_Ma","No change","No change"
"SE_187","20",35854497,35904351,0.279398532329645,0.305814086075518,0.200817676630795,0.129885921652164,-0.474426256476442,"CLB_Ma","No change","No change"
"SE_188","20",45013747,45105201,0.127825958543842,0.158071366823326,0.104805057595604,0.304250843868769,-0.284014735587858,"CLB_Ma","No change","No change"
"SE_189","20",50894997,50936551,0.135386509832406,0.204016943193773,0.128854169034856,0.588042190582416,-0.070808619344631,"CLB_Ma","Increased","No change"
"SE_190","20",53734697,53754501,0.275815548573346,0.334167117334223,0.256061163336765,0.27595563504859,-0.106813315579318,"CLB_Ma","No change","No change"
"SE_191","20",53770647,53846251,0.165274274555642,0.189240468936898,0.124826028988827,0.194259199848416,-0.402134580496397,"CLB_Ma","No change","No change"
"SE_192","20",58235547,58296451,0.126271310717228,0.163812980637813,0.119936550079174,0.372922627351242,-0.0736569166625006,"CLB_Ma","No change","No change"
"SE_193","21",25306247,25344901,0.130777616659278,0.145799429535017,0.126669284460582,0.155741022443085,-0.0456938659500764,"CLB_Ma","No change","No change"
"SE_194","21",29148556,29233751,0.141708978223931,0.137513745553972,0.10547923499976,-0.0430469509745049,-0.422503990324244,"CLB_Ma","No change","No change"
"SE_195","21",29308201,29352601,0.0913431084533487,0.107208406093667,0.0995112683400528,0.228736375952321,0.122281049012608,"CLB_Ma","No change","No change"
"SE_196","22",24282697,24339106,0.101354160983051,0.150962989229455,0.0979076959808843,0.570150243177406,-0.0494150669711292,"CLB_Ma","No change","No change"
"SE_197","22",31207297,31254601,0.29268014511047,0.333459516064994,0.271456506825262,0.187585861105506,-0.108219786531907,"CLB_Ma","No change","No change"
"SE_198","22",31583547,31662751,0.203920711799743,0.225012543845012,0.187950568972749,0.141337037218403,-0.117056945284568,"CLB_Ma","No change","No change"
"SE_199","22",36295897,36399251,0.308337745057626,0.346304985847414,0.25364458169755,0.167020241678157,-0.280697860220614,"CLB_Ma","No change","No change"
"SE_200","22",40466438,40543951,0.153438318848545,0.198652091741055,0.134994255787426,0.370457432167258,-0.183485039613955,"CLB_Ma","No change","No change"
"SE_201","22",42905297,43018201,0.165528845873355,0.194927695157555,0.160003059498598,0.234549242308541,-0.0486839966300991,"CLB_Ma","No change","No change"
"SE_202","3",15629947,15648901,0.342747452262342,0.459701355994123,0.314631835199112,0.4224828234639,-0.123106295278291,"CLB_Ma","No change","No change"
"SE_203","3",30333897,30359151,0.107381753592421,0.129624060106113,0.0745450971203048,0.269298761539094,-0.520711862329479,"CLB_Ma","No change","No change"
"SE_204","3",48011697,48086278,0.216782778828809,0.192590581637836,0.126785174434552,-0.169881111606325,-0.769169412157206,"CLB_Ma","No change","Decreased"
"SE_205","3",57998247,58175901,0.144132373988809,0.158692035120353,0.121189094447434,0.137922987537534,-0.248253842134783,"CLB_Ma","No change","No change"
"SE_206","3",71487847,71554851,0.207097631406263,0.21664560441461,0.170960266720138,0.0647203394250773,-0.27518529109053,"CLB_Ma","No change","No change"
"SE_207","3",81722147,81765851,0.219764396654373,0.307000201499659,0.199369244557331,0.480423771700462,-0.139846442318978,"CLB_Ma","No change","No change"
"SE_208","3",98877097,98924851,0.264875823809681,0.309938275461357,0.230783706890293,0.22587562019493,-0.197973441903073,"CLB_Ma","No change","No change"
"SE_209","3",99842697,99936151,0.128310099659225,0.1660315532734,0.127552370837931,0.369285702225746,-0.00847874261934915,"CLB_Ma","No change","No change"
"SE_210","3",100001947,100049201,0.184476218130385,0.207730735685649,0.152314998883167,0.17040883807207,-0.274735372019183,"CLB_Ma","No change","No change"
"SE_211","3",107192747,107250501,0.157991933200168,0.204634143289588,0.143574044191521,0.37112625896598,-0.137145004909328,"CLB_Ma","No change","No change"
"SE_212","3",111845697,111975874,0.125680597535334,0.202325250368885,0.125648136391566,0.682593812898001,-0.000369729328891016,"CLB_Ma","Increased","No change"
"SE_213","3",112604967,112699901,0.210609977701982,0.223770933916559,0.165915566276376,0.0870478324869597,-0.342289149728356,"CLB_Ma","No change","No change"
"SE_214","3",120403647,120448070,0.219612169968402,0.262121426675476,0.191820580145372,0.254216357040468,-0.194253337073016,"CLB_Ma","No change","No change"
"SE_215","3",123595047,123881301,0.188276676887568,0.213840098819471,0.158303570426337,0.182766640444659,-0.248718047808721,"CLB_Ma","No change","No change"
"SE_216","3",128758647,128806351,0.0953219562792339,0.154958526848148,0.0975850617916086,0.695225834165786,0.0335043639968558,"CLB_Ma","Increased","No change"
"SE_217","3",134457097,134482731,0.207600797919566,0.218825439834788,0.154594469930184,0.0756136790230048,-0.422953890719167,"CLB_Ma","No change","No change"
"SE_218","3",136136147,136186501,0.0760364320106136,0.0880087627347897,0.0612802509522001,0.208406488087071,-0.306766127799302,"CLB_Ma","No change","No change"
"SE_219","3",149369097,149408351,0.123386229215816,0.155515338235864,0.140856583687336,0.331477272018108,0.18960633517865,"CLB_Ma","No change","No change"
"SE_220","3",152272624,152467151,0.0815419371294631,0.102567445641419,0.0949080196810546,0.327371390262858,0.216524159701018,"CLB_Ma","No change","No change"
"SE_221","3",156531797,156559251,0.262100641004962,0.355282042093163,0.252281434321,0.437405004825743,-0.0548734328907074,"CLB_Ma","No change","No change"
"SE_222","3",160394797,160446837,0.190054497776234,0.175911085338451,0.171934030214208,-0.110959770940081,-0.143762429224524,"CLB_Ma","No change","No change"
"SE_223","3",170688547,170768951,0.159065211564851,0.184873674720605,0.13970160760968,0.21566266807194,-0.186020975404675,"CLB_Ma","No change","No change"
"SE_224","3",171256147,171331701,0.0989185403784747,0.119221431686947,0.0915852098572798,0.266869798811291,-0.109970655317067,"CLB_Ma","No change","No change"
"SE_225","3",171343347,171428051,0.1194593604548,0.136476913264755,0.114098107865082,0.190642860241313,-0.0656823877330618,"CLB_Ma","No change","No change"
"SE_226","3",172044197,172186201,0.137969072943395,0.169967651550119,0.132523140298378,0.298959529279066,-0.0576740615815527,"CLB_Ma","No change","No change"
"SE_227","3",172243397,172368751,0.108267486529635,0.139969871328587,0.0972624476041844,0.367522678060789,-0.153152098162962,"CLB_Ma","No change","No change"
"SE_228","3",172753682,172817751,0.110002365183384,0.0903519114554975,0.0740397079020412,-0.281083595773588,-0.564864299960745,"CLB_Ma","No change","No change"
"SE_229","3",179580247,179618651,0.204016479712696,0.222556721958221,0.161548271601045,0.124901044186602,-0.334871665925961,"CLB_Ma","No change","No change"
"SE_230","3",188185397,188301151,0.126223719011166,0.148824211039617,0.110853517171269,0.235903111634525,-0.185757043347,"CLB_Ma","No change","No change"
"SE_231","3",192851647,192915160,0.21258638425739,0.203523475126512,0.186324125670795,-0.0625532361201806,-0.189282963022169,"CLB_Ma","No change","No change"
"SE_232","3",194552997,194599901,0.202351133064421,0.234726520262434,0.18707646480106,0.213141047746434,-0.112653702871583,"CLB_Ma","No change","No change"
"SE_233","3",196742854,196810951,0.170523429015903,0.185793891668679,0.11212153354379,0.123041625491019,-0.600532069441562,"CLB_Ma","No change","Decreased"
"SE_234","4",24526247,24572351,0.0561966519808451,0.0727663664796689,0.0600520413428906,0.367032473382163,0.0941088331423338,"CLB_Ma","No change","No change"
"SE_235","4",41119997,41209951,0.133689444531475,0.178915568752436,0.121950597796721,0.417683240917366,-0.131558043291835,"CLB_Ma","No change","No change"
"SE_236","4",69746947,69803551,0.151037865295812,0.138856787068808,0.113773906398621,-0.12048040650257,-0.405635988468106,"CLB_Ma","No change","No change"
"SE_237","4",76579197,76609551,0.24597460397507,0.334665397955785,0.190582767989347,0.442661125294295,-0.366394896326297,"CLB_Ma","No change","No change"
"SE_238","4",76943147,77072971,0.179825971056071,0.253355290968446,0.150393083129412,0.492243205596594,-0.256302606363895,"CLB_Ma","No change","No change"
"SE_239","4",79996847,80070322,0.122842640784752,0.222814908612922,0.134117596632267,0.853797998841662,0.125707431396125,"CLB_Ma","Increased","No change"
"SE_240","4",88010644,88041951,0.111103433474794,0.231641828044115,0.152045713908004,1.05328004546057,0.449132177006691,"CLB_Ma","Increased","No change"
"SE_241","4",88586847,88641951,0.27137156654308,0.355414907713246,0.165150998516888,0.387981576357512,-0.713081141941173,"CLB_Ma","No change","Decreased"
"SE_242","4",94507447,94596301,0.104733380211997,0.1048864112002,0.0826786149097963,0.0020865447867078,-0.337500033277202,"CLB_Ma","No change","No change"
"SE_243","4",102787947,102822859,0.074356209401595,0.257979388241694,0.077827653289096,1.78103897981188,0.0649754301824016,"CLB_Ma","Increased","No change"
"SE_244","4",112883597,112910451,0.119484262494533,0.152278684496565,0.117802084656753,0.347312368694057,-0.0202845639431616,"CLB_Ma","No change","No change"
"SE_245","4",113435197,113476701,0.160983754323456,0.193047451566708,0.164397772499393,0.260560356695987,0.030090675513779,"CLB_Ma","No change","No change"
"SE_246","4",113897397,113976721,0.0992787304235171,0.100229458608075,0.0743101786946269,0.0136135511040682,-0.413098862733227,"CLB_Ma","No change","No change"
"SE_247","4",114224047,114284551,0.120354689678321,0.12687625249326,0.0908534778433813,0.0755185089808934,-0.401823609470904,"CLB_Ma","No change","No change"
"SE_248","4",114316247,114367701,0.0807140424322702,0.0858358793403939,0.0679136786381947,0.0877072421653793,-0.245793653497017,"CLB_Ma","No change","No change"
"SE_249","4",122757697,122799301,0.198442905287002,0.191807829986482,0.127294840435223,-0.0488121627937941,-0.63651265234801,"CLB_Ma","No change","Decreased"
"SE_250","4",122829705,122915251,0.0741532058850855,0.0942830880805788,0.0838086859574258,0.342385523102918,0.174377382728521,"CLB_Ma","No change","No change"
"SE_251","4",137509247,137529497,0.154173249383162,0.192421393742397,0.117178980550472,0.317867505709165,-0.392906411038019,"CLB_Ma","No change","No change"
"SE_252","4",159262097,159310151,0.153637781504484,0.174762512667155,0.149855863859033,0.184734554183052,-0.0357220693228311,"CLB_Ma","No change","No change"
"SE_253","4",169200697,169268097,0.108874166094504,0.195999092592949,0.0979179991714628,0.842336768557002,-0.151547252336145,"CLB_Ma","Increased","No change"
"SE_254","4",185180697,185403601,0.180126116594084,0.214358432374814,0.157637322960332,0.249745229874324,-0.191262346549715,"CLB_Ma","No change","No change"
"SE_255","5",9324147,9372201,0.147024512743717,0.131184447901814,0.108169964068089,-0.163283657577111,-0.439260122641506,"CLB_Ma","No change","No change"
"SE_256","5",9426847,9508331,0.143507071986911,0.201702968726781,0.158836866592749,0.488227120177546,0.145460108179513,"CLB_Ma","No change","No change"
"SE_257","5",17220558,17262401,0.140818992658791,0.207173718728177,0.0903115050472361,0.553737190585979,-0.635182200721515,"CLB_Ma","No change","Decreased"
"SE_258","5",52994197,53046301,0.0937681129177629,0.12670093610378,0.114889933908781,0.430295485311743,0.290281645290929,"CLB_Ma","No change","No change"
"SE_259","5",61350847,61505451,0.147589320589399,0.137917187633374,0.134372675931432,-0.0971053213445896,-0.134393860275377,"CLB_Ma","No change","No change"
"SE_260","5",65100547,65248151,0.0970357721301508,0.105975750727126,0.0705187105455053,0.125903630144201,-0.454987542660884,"CLB_Ma","No change","No change"
"SE_261","5",69237792,69296951,0.0832712225900567,0.0854446705182911,0.0764629785270174,0.0367369659913678,-0.121533080205532,"CLB_Ma","No change","No change"
"SE_262","5",76488247,76543601,0.118607821525955,0.147582595108744,0.121400669156784,0.312953394276097,0.0332997102569233,"CLB_Ma","No change","No change"
"SE_263","5",95710247,95802001,0.173926208860615,0.197544189627078,0.150567852921672,0.182713679471599,-0.206782666957933,"CLB_Ma","No change","No change"
"SE_264","5",120599047,120624601,0.0990562955827392,0.139948645869949,0.113606783742951,0.494357672573726,0.195880496791997,"CLB_Ma","No change","No change"
"SE_265","5",122140947,122184251,0.144944804727027,0.141905855252344,0.0998688318649148,-0.030357826496744,-0.532942400077473,"CLB_Ma","No change","No change"
"SE_266","5",131504497,131547351,0.0796558655369913,0.108016485720272,0.096042682831946,0.434694959687805,0.26683998129112,"CLB_Ma","No change","No change"
"SE_267","5",140280247,140343602,0.166998417945847,0.173813038867856,0.162013611079798,0.0573651487740486,-0.0434552175022962,"CLB_Ma","No change","No change"
"SE_268","5",147471147,147507055,0.215221342551906,0.207848753535935,0.210422456837547,-0.0500504010016461,-0.0323803093297262,"CLB_Ma","No change","No change"
"SE_269","5",150008297,150066101,0.103198752892889,0.144320442371533,0.0994261702960293,0.47989965183222,-0.0532027371283951,"CLB_Ma","No change","No change"
"SE_270","5",151658897,151703801,0.242405821673046,0.323795805108386,0.222834606149356,0.416169325346115,-0.120930571492952,"CLB_Ma","No change","No change"
"SE_271","5",154193732,154320951,0.137767046658964,0.145953531780305,0.125023522312572,0.0826950237864471,-0.138971970220134,"CLB_Ma","No change","No change"
"SE_272","5",154342197,154376051,0.123108285811861,0.143086393298113,0.106255387265875,0.215334665018507,-0.210549323188261,"CLB_Ma","No change","No change"
"SE_273","5",157495447,157572822,0.154343707942918,0.179051895458505,0.102290792779963,0.212948979698168,-0.588752147787346,"CLB_Ma","No change","Decreased"
"SE_274","5",169548297,169606201,0.173847263329167,0.183826833757882,0.130453650298155,0.0800790116276746,-0.411541011176612,"CLB_Ma","No change","No change"
"SE_275","6",11160047,11236601,0.196137252002338,0.243324547547079,0.187799663134741,0.309598399262961,-0.0623442301514998,"CLB_Ma","No change","No change"
"SE_276","6",16657547,16771001,0.202858363789275,0.194534044938787,0.194528554100518,-0.060147327370975,-0.0601878406042047,"CLB_Ma","No change","No change"
"SE_277","6",30724546,30794251,0.367158571646272,0.419366308624447,0.290908618557474,0.191319753876762,-0.334810484606393,"CLB_Ma","No change","No change"
"SE_278","6",34629397,34684901,0.106494769127613,0.144758881284099,0.106931533543543,0.439317333839827,0.00584997015182845,"CLB_Ma","No change","No change"
"SE_279","6",37101147,37145951,0.328606781787894,0.308359019682474,0.232609503691441,-0.0914638290066212,-0.496646959771501,"CLB_Ma","No change","No change"
"SE_280","6",42182047,42231451,0.131405523797138,0.166083147589158,0.119733348767334,0.335602916141807,-0.13313908088557,"CLB_Ma","No change","No change"
"SE_281","6",44654997,44669401,0.497283131940297,0.481305462803766,0.408077314352712,-0.0470185854261304,-0.284592202360119,"CLB_Ma","No change","No change"
"SE_282","6",56638797,56774401,0.0968142954763291,0.111472560299963,0.100720084918081,0.201455838661679,0.0564873371775084,"CLB_Ma","No change","No change"
"SE_283","6",56795347,56840664,0.147681251195616,0.0938025154896081,0.113156950913535,-0.649225488849186,-0.381204027424465,"CLB_Ma","Decreased","No change"
"SE_284","6",104995247,105073801,0.0967744889043301,0.115500500944945,0.0869265744533235,0.252806163687994,-0.153158825954725,"CLB_Ma","No change","No change"
"SE_285","6",113344347,113414701,0.110069211127357,0.157900737543536,0.0999709929387457,0.516666870271771,-0.137518057318708,"CLB_Ma","No change","No change"
"SE_286","6",129625997,129718001,0.144921203035525,0.184072447996075,0.129856764768465,0.342900606242834,-0.157201021001345,"CLB_Ma","No change","No change"
"SE_287","6",140041947,140079801,0.231439201084477,0.246900752137652,0.217055137672057,0.0929092475032777,-0.0921604184503812,"CLB_Ma","No change","No change"
"SE_288","6",142353347,142419951,0.123542580406377,0.124829172527469,0.0939216934542965,0.0148273628274387,-0.391829331603183,"CLB_Ma","No change","No change"
"SE_289","6",150853797,150900301,0.291402441039563,0.374353310955534,0.231761291959444,0.360293853652994,-0.329104196260696,"CLB_Ma","No change","No change"
"SE_290","6",151242996,151296801,0.138614571011354,0.151827457689921,0.102122893698074,0.130454250258706,-0.437084865307383,"CLB_Ma","No change","No change"
"SE_291","6",152704947,152760451,0.147722380427888,0.168794863552246,0.176144084942989,0.19117104961189,0.25230152580074,"CLB_Ma","No change","No change"
"SE_292","6",157984853,158087051,0.214799408311291,0.211204546972503,0.152577318939508,-0.0242353395269437,-0.490725741755343,"CLB_Ma","No change","No change"
"SE_293","7",6226047,6284751,0.190055892045133,0.262756852509046,0.180192354627652,0.465213825902635,-0.0764726677390348,"CLB_Ma","No change","No change"
"SE_294","7",23426597,23479601,0.280097201002023,0.369385678955969,0.303613310121009,0.397959229259793,0.115909893668679,"CLB_Ma","No change","No change"
"SE_295","7",80824647,80911651,0.0877982503780203,0.112820255778381,0.0982936231339204,0.358154170570758,0.161169816570407,"CLB_Ma","No change","No change"
"SE_296","7",101092897,101141301,0.480690624476189,0.463508268573572,0.321989845637868,-0.0524025660669366,-0.576618034629663,"CLB_Ma","No change","No change"
"SE_297","7",102834447,102897801,0.132417039984706,0.145424194467803,0.0990751165583958,0.134211018812238,-0.414859642825897,"CLB_Ma","No change","No change"
"SE_298","7",130352297,130375251,0.537511959290137,0.503800331081152,0.36826181791643,-0.0932655280062833,-0.544334290560881,"CLB_Ma","No change","No change"
"SE_299","7",130838297,131040951,0.152309500203336,0.186791115974195,0.129177887545059,0.292681713618343,-0.235962691672162,"CLB_Ma","No change","No change"
"SE_300","7",134689347,134969601,0.157004486999743,0.174374238390837,0.13688179643772,0.150471310041523,-0.19653352797056,"CLB_Ma","No change","No change"
"SE_301","8",13075347,13130299,0.128202324278662,0.125049193519688,0.100773837735502,-0.0356451358925817,-0.344265277663009,"CLB_Ma","No change","No change"
"SE_302","8",25178147,25216001,0.304065248411754,0.242006085946862,0.191601624101182,-0.328125398544089,-0.663497975621795,"CLB_Ma","No change","Decreased"
"SE_303","8",32672597,32785351,0.102409090150112,0.105262383381352,0.0822190364124093,0.0392679658244698,-0.313377522248852,"CLB_Ma","No change","No change"
"SE_304","8",38891897,38939851,0.266964335559061,0.305799494354488,0.213556602612444,0.195255105664087,-0.320682701187891,"CLB_Ma","No change","No change"
"SE_305","8",38999983,39046151,0.151941882090283,0.15300841011615,0.120350990570914,0.0100256030050712,-0.333797647938254,"CLB_Ma","No change","No change"
"SE_306","8",40148697,40220751,0.193553929798377,0.176028023120969,0.131393727381323,-0.13619236800054,-0.555335350618074,"CLB_Ma","No change","No change"
"SE_307","8",53942447,53966801,0.154796933320229,0.168227832866162,0.146972014891728,0.119300031802821,-0.0743424830023123,"CLB_Ma","No change","No change"
"SE_308","8",58800197,58896151,0.122396191709784,0.134450847447024,0.0963639223701821,0.134471549488813,-0.341838676026565,"CLB_Ma","No change","No change"
"SE_309","8",66505597,66563401,0.252614772189264,0.212317684301204,0.172915620868182,-0.249635208106294,-0.544251260553948,"CLB_Ma","No change","No change"
"SE_310","8",73542447,73633701,0.115238005870642,0.122206997898829,0.102344770622314,0.0840023423710536,-0.169616469644118,"CLB_Ma","No change","No change"
"SE_311","8",88101447,88148651,0.09030612051258,0.126864087224988,0.0804734791017517,0.485827639423471,-0.164381055614375,"CLB_Ma","No change","No change"
"SE_312","8",97879097,97953601,0.122715158623841,0.114292085146878,0.0930833411138022,-0.101728807569152,-0.395011082715022,"CLB_Ma","No change","No change"
"SE_313","8",100898947,100947570,0.235575471241553,0.200563143213358,0.202597851893318,-0.231068639816006,-0.216578159065087,"CLB_Ma","No change","No change"
"SE_314","8",101125247,101202731,0.206397964369861,0.209708865443415,0.147122053013228,0.0228492818858001,-0.48561528311687,"CLB_Ma","No change","No change"
"SE_315","8",117825897,118120901,0.146027754758731,0.177236636892033,0.121578268076941,0.277705394605666,-0.262385295508193,"CLB_Ma","No change","No change"
"SE_316","8",140763497,140845851,0.102116038344674,0.113238542295933,0.0823782201639451,0.147780733139415,-0.306526261364872,"CLB_Ma","No change","No change"
"SE_317","9",2800697,2841129,0.23918079984194,0.193282772593251,0.140168569540508,-0.305962845779418,-0.766701910286721,"CLB_Ma","No change","Decreased"
"SE_318","9",12778010,12835101,0.144129782536268,0.145165171481854,0.134220440299522,0.0102559743470737,-0.102030359827356,"CLB_Ma","No change","No change"
"SE_319","9",16499797,16547801,0.156231071811113,0.175395784838458,0.140341370935908,0.165929737210799,-0.153702541835997,"CLB_Ma","No change","No change"
"SE_320","9",16670397,16728801,0.162211330394443,0.230029985878401,0.11940638298621,0.501338899275874,-0.438829340697615,"CLB_Ma","No change","No change"
"SE_321","9",33271497,33355551,0.18747863400683,0.206175041133715,0.141605679178355,0.13644922018516,-0.402369551113587,"CLB_Ma","No change","No change"
"SE_322","9",35507297,35534101,0.319930986390525,0.212761433391036,0.177934877374978,-0.586261503774208,-0.84282847082795,"CLB_Ma","Decreased","Decreased"
"SE_323","9",36089347,36114801,0.233064349000308,0.277688649467367,0.182351713755019,0.251749034788897,-0.352291459521299,"CLB_Ma","No change","No change"
"SE_324","9",37921497,37979401,0.209387224306798,0.214013098407714,0.170987745202667,0.0313774500767357,-0.290741329176921,"CLB_Ma","No change","No change"
"SE_325","9",37992697,38066212,0.234893919394998,0.264881523292738,0.186960145990306,0.172645293638044,-0.327711437499634,"CLB_Ma","No change","No change"
"SE_326","9",94767247,94813751,0.159353469894473,0.173056589512632,0.132934791372631,0.118300860646132,-0.259724803762202,"CLB_Ma","No change","No change"
"SE_327","9",106859997,106898751,0.305002316536052,0.258024912877099,0.182460544947607,-0.240451712405397,-0.738072744411052,"CLB_Ma","No change","Decreased"
"SE_328","9",110007397,110193301,0.136453655977243,0.166623325779941,0.122325440394277,0.286277642573029,-0.156474840810005,"CLB_Ma","No change","No change"
"SE_329","9",112010897,112082301,0.280088494851468,0.267831339796342,0.180460970091783,-0.0643230701137406,-0.631365127870904,"CLB_Ma","No change","Decreased"
"SE_330","9",115664947,115693701,0.256130779196978,0.215297393470849,0.163184537948726,-0.249486034752299,-0.647184046761013,"CLB_Ma","No change","Decreased"
"SE_331","9",122988147,123104301,0.128948740270366,0.14923395163489,0.113090574603489,0.209268238568115,-0.187763037538447,"CLB_Ma","No change","No change"
"SE_332","9",124251597,124307001,0.123208275975612,0.134832613866962,0.113785016034504,0.129068613823064,-0.113826977498074,"CLB_Ma","No change","No change"
"SE_333","9",125509297,125559351,0.157935334587143,0.150822544556849,0.126568627354991,-0.0660538645583857,-0.317166326855952,"CLB_Ma","No change","No change"
"SE_334","9",125784147,125856501,0.0821682505006439,0.0881498552963691,0.0625038325980808,0.100199571851145,-0.389189219910741,"CLB_Ma","No change","No change"
"SE_335","9",129931747,129999401,0.128245121548074,0.131596524204512,0.113357219705911,0.0369331321301237,-0.176562375800893,"CLB_Ma","No change","No change"
"SE_336","9",130823247,130870501,0.230771107540888,0.270111081898938,0.206897272659897,0.226183353802204,-0.156829899931049,"CLB_Ma","No change","No change"
"SE_337","X",136155497,136215901,0.105121298741148,0.12486834274527,0.0959310817179749,0.246201238334923,-0.130682980365356,"CLB_Ma","No change","No change"
"SE_1","1",8361497,8420686,0.186743014676038,0.149480207381225,0.192391135128282,-0.319185488421398,0.0427624338997721,"SK_N_SH","No change","No change"
"SE_2","1",8646697,8719401,0.173341080435069,0.144884741992467,0.173748018681574,-0.257083555007167,0.00336354276084257,"SK_N_SH","No change","No change"
"SE_3","1",33317147,33469629,0.197708409686556,0.198865580704656,0.200456336062533,0.00837711250678462,0.0198142495758834,"SK_N_SH","No change","No change"
"SE_4","1",36231047,36302301,0.108257490344999,0.091837595529294,0.0816527434742348,-0.234951126851053,-0.402597577203674,"SK_N_SH","No change","No change"
"SE_5","1",39102247,39486501,0.148841014466735,0.142729790098632,0.143722890156104,-0.0600734597767169,-0.0501394478086813,"SK_N_SH","No change","No change"
"SE_6","1",51619871,51674051,0.150755355144885,0.137288255523783,0.169245069825682,-0.134068790016277,0.1658655922154,"SK_N_SH","No change","No change"
"SE_7","1",51733147,51811451,0.0753832374429648,0.106041330471738,0.0729762223293848,0.486839979347436,-0.0461944390804137,"SK_N_SH","No change","No change"
"SE_8","1",59115547,59166001,0.178521110358546,0.136772417156694,0.134560437622825,-0.38186642334957,-0.405217304999687,"SK_N_SH","No change","No change"
"SE_9","1",67673147,67772501,0.218483022700155,0.187329137399165,0.169864123140813,-0.220853125503579,-0.36125984797084,"SK_N_SH","No change","No change"
"SE_10","1",85269397,85527851,0.147035171384122,0.166386428167213,0.141238448680074,0.177242574053398,-0.0576284889956474,"SK_N_SH","No change","No change"
"SE_11","1",85540597,85586901,0.46380270455776,0.484982197547552,0.40448591539591,0.0642850027266624,-0.196966660288557,"SK_N_SH","No change","No change"
"SE_12","1",86739147,86795951,0.180733983871585,0.183714059556371,0.175501043596116,0.0234654558614682,-0.042151511996907,"SK_N_SH","No change","No change"
"SE_13","1",89527835,89577701,0.149824862394079,0.184486264877833,0.106302591993784,0.298438094175305,-0.491189339959793,"SK_N_SH","No change","No change"
"SE_14","1",97091247,97148351,0.0878645032523039,0.0995909152824369,0.0838993082680164,0.178820858597024,-0.065854453263785,"SK_N_SH","No change","No change"
"SE_15","1",115296347,115335235,0.136737050583307,0.120941085475234,0.136702801857529,-0.175732395975456,-0.000358775004070398,"SK_N_SH","No change","No change"
"SE_16","1",150560047,150583051,1.09015294871773,0.888842419714509,1.12405860462227,-0.294231560751343,0.044146813002618,"SK_N_SH","No change","No change"
"SE_17","1",155452497,155476151,0.125858493131463,0.122663974536729,0.108462976952098,-0.0367948311588528,-0.21277711287439,"SK_N_SH","No change","No change"
"SE_18","1",157996270,158050251,0.262461871304705,0.22022041685097,0.244492118271004,-0.252109646668595,-0.101917481084565,"SK_N_SH","No change","No change"
"SE_19","1",162625447,162723901,0.171181605949233,0.17042595816948,0.173755226219477,-0.00634544274234957,0.0214045726199118,"SK_N_SH","No change","No change"
"SE_20","1",162956397,162998851,0.0947160165189343,0.101625525123898,0.0770406717449657,0.10055734255917,-0.294534160286589,"SK_N_SH","No change","No change"
"SE_21","1",163031997,163057701,0.310266593314474,0.337294306851482,0.324989483804023,0.120128150370915,0.0666746769821271,"SK_N_SH","No change","No change"
"SE_22","1",164703497,164782451,0.145696115905905,0.179449710729305,0.152153567994652,0.2987661574449,0.0621483044949338,"SK_N_SH","No change","No change"
"SE_23","1",172341847,172363501,0.203858841005035,0.232039205615001,0.230912723977908,0.185942532802375,0.178951820223586,"SK_N_SH","No change","No change"
"SE_24","1",172883997,172970651,0.0904970435734925,0.0978678965411673,0.0876470389645394,0.111777010384859,-0.0456526859339693,"SK_N_SH","No change","No change"
"SE_25","1",178096991,178139351,0.16144733394909,0.174937356816287,0.162781920850968,0.115089776420646,0.0118040464969577,"SK_N_SH","No change","No change"
"SE_26","1",181072497,181117901,0.372558621592368,0.43175402909246,0.379391475128351,0.212212592456032,0.026150255434593,"SK_N_SH","No change","No change"
"SE_27","1",183019797,183165151,0.0991213963602426,0.113808621161344,0.111308137328256,0.197480663265455,0.165712145463201,"SK_N_SH","No change","No change"
"SE_28","1",198087697,198127351,0.107994022523548,0.118292910023371,0.0856468884503002,0.130259284846998,-0.331029169291129,"SK_N_SH","No change","No change"
"SE_29","1",198153497,198299701,0.117281468441677,0.128702346644598,0.107310763964476,0.132980522376721,-0.127047433816381,"SK_N_SH","No change","No change"
"SE_30","1",202551447,202591201,0.172823452544353,0.153446359787584,0.161115538021805,-0.170516878189158,-0.100600372952654,"SK_N_SH","No change","No change"
"SE_31","1",203504597,203560001,0.275378329211497,0.201649487241597,0.228275875363929,-0.447657973654206,-0.269559937537426,"SK_N_SH","No change","No change"
"SE_32","1",203629784,203701601,0.168577517657017,0.141327536134205,0.15523788695932,-0.252730104809725,-0.118200569421641,"SK_N_SH","No change","No change"
"SE_33","1",204403397,204440351,0.291377483195425,0.22989365875655,0.274230624573892,-0.340603657999389,-0.0871912037252985,"SK_N_SH","No change","No change"
"SE_34","1",218335647,218391051,0.144017345572708,0.141835963566629,0.136455875165372,-0.0218662016209493,-0.0772568996757024,"SK_N_SH","No change","No change"
"SE_35","1",218449847,218501551,0.128021599907282,0.120506716497854,0.111033233750163,-0.0865765483858077,-0.203685852376962,"SK_N_SH","No change","No change"
"SE_36","1",219293047,219342601,0.116612905683686,0.103668912579598,0.0911403967924808,-0.16821336094958,-0.352140660151442,"SK_N_SH","No change","No change"
"SE_37","1",223698247,223795801,0.249708441560322,0.233297873938023,0.225803518716708,-0.0976667107429809,-0.144567550745904,"SK_N_SH","No change","No change"
"SE_38","1",234956997,235022701,0.250270531072046,0.20887801507308,0.224294335247525,-0.259690431493028,-0.157430443109614,"SK_N_SH","No change","No change"
"SE_39","1",235900697,235929701,0.232757760880388,0.249357152613501,0.221984690797985,0.0989734092589231,-0.0680695999274494,"SK_N_SH","No change","No change"
"SE_40","1",243202847,243295901,0.195066440799902,0.198718189949778,0.191679826491386,0.0266231151307675,-0.0251370916451422,"SK_N_SH","No change","No change"
"SE_41","1",243697547,243750051,0.0737741360382378,0.101562228503071,0.0943958740584542,0.455888273481073,0.351387533831441,"SK_N_SH","No change","No change"
"SE_42","10",4762497,4781751,0.159956982517453,0.140795922931394,0.161948332672469,-0.182859112851398,0.0177394260319973,"SK_N_SH","No change","No change"
"SE_43","10",17648397,17689351,0.120974453915193,0.127106859476362,0.150510034816665,0.0707687025211408,0.312834325207622,"SK_N_SH","No change","No change"
"SE_44","10",31999447,32053442,0.0746324159742282,0.0931135085282365,0.0766030937782265,0.315397109641913,0.0371094644537983,"SK_N_SH","No change","No change"
"SE_45","10",33192197,33328451,0.172887679689572,0.136128724309511,0.145035976997265,-0.342624914630075,-0.251831887232103,"SK_N_SH","No change","No change"
"SE_46","10",62220397,62279801,0.120335513521746,0.125389902951082,0.121363761355874,0.0588793412965124,0.0121744872248164,"SK_N_SH","No change","No change"
"SE_47","10",73993047,74146251,0.1192027601555,0.123612728467214,0.114510290178717,0.0519814145067467,-0.0574486451486981,"SK_N_SH","No change","No change"
"SE_48","10",77149647,77204701,0.171362485902356,0.144897849284779,0.159573841719354,-0.240487194718443,-0.102208921247061,"SK_N_SH","No change","No change"
"SE_49","10",77385247,77437951,0.156557745960472,0.138099111701089,0.146581242541845,-0.179767476113605,-0.094371315186644,"SK_N_SH","No change","No change"
"SE_50","10",77476897,77545051,0.203322139634059,0.152880733763514,0.187296319154281,-0.409032923843772,-0.117840739740615,"SK_N_SH","No change","No change"
"SE_51","10",90910747,90944298,0.18545673400309,0.143667435429577,0.125239862626085,-0.366100693445971,-0.562673361370379,"SK_N_SH","No change","No change"
"SE_52","10",93432197,93479316,0.302280671395638,0.234022504723386,0.274301792781617,-0.367854645880153,-0.139639550549363,"SK_N_SH","No change","No change"
"SE_53","10",99941997,100006952,0.144893269764573,0.149037286945116,0.155411195418423,0.0404077492609569,0.100430448387275,"SK_N_SH","No change","No change"
"SE_54","10",112953247,113100451,0.154640164189438,0.142675443340658,0.14350653834357,-0.115400906448354,-0.107079636976201,"SK_N_SH","No change","No change"
"SE_55","10",114603997,114719451,0.190065034982588,0.177152743681705,0.167834407078027,-0.100949086207086,-0.178454844886485,"SK_N_SH","No change","No change"
"SE_56","10",126194647,126282651,0.139637107583334,0.150112921259153,0.125007894262945,0.103649722072232,-0.158463184780882,"SK_N_SH","No change","No change"
"SE_57","11",8688436,8790051,0.175200906080409,0.150737213225198,0.161272004570269,-0.215646396233987,-0.118807217806251,"SK_N_SH","No change","No change"
"SE_58","11",9750847,9817401,0.182438523813156,0.164216496397664,0.170625053002301,-0.150938907313077,-0.0960364843480626,"SK_N_SH","No change","No change"
"SE_59","11",12113573,12239701,0.178363460643545,0.156785565250466,0.153847271947999,-0.184920790086207,-0.212040052646996,"SK_N_SH","No change","No change"
"SE_60","11",13207347,13236401,0.253491104388592,0.196081842733206,0.17767475983338,-0.368820362330572,-0.510279379418113,"SK_N_SH","No change","No change"
"SE_61","11",14442997,14507351,0.110685398920874,0.161045327528702,0.0992086228282133,0.536956833232091,-0.156433932852363,"SK_N_SH","No change","No change"
"SE_62","11",33043012,33086001,0.194567368842117,0.15685205351006,0.130951520971534,-0.309092642317391,-0.567657690888317,"SK_N_SH","No change","No change"
"SE_63","11",33668347,33733101,0.193682107863861,0.18560739347918,0.196770526816813,-0.0611141525460273,0.0227071411732819,"SK_N_SH","No change","No change"
"SE_64","11",35141867,35186351,0.182203274019492,0.143721203809479,0.149656327143375,-0.340168972375815,-0.282184022667531,"SK_N_SH","No change","No change"
"SE_65","11",65470447,65508051,0.81315385393481,0.598833350431754,0.76813806590889,-0.440739714597584,-0.0820588564042848,"SK_N_SH","No change","No change"
"SE_66","11",66073350,66143451,0.205905962536425,0.162517610798171,0.185226528907875,-0.339529198908696,-0.151916614109204,"SK_N_SH","No change","No change"
"SE_67","11",74120547,74164051,0.161662302403336,0.124961286786117,0.135614435744331,-0.368899538939007,-0.251770001711812,"SK_N_SH","No change","No change"
"SE_68","11",85947547,86047801,0.0634387635809674,0.0748289884244229,0.0605731850090472,0.234820664579448,-0.0656266155212505,"SK_N_SH","No change","No change"
"SE_69","11",86578797,86637051,0.0905417413592445,0.0954782780065733,0.0808549936908646,0.0757744215441947,-0.161359302734832,"SK_N_SH","No change","No change"
"SE_70","11",86717797,86786451,0.146794584767133,0.132076801743927,0.110579332390166,-0.151334310493459,-0.40552358523949,"SK_N_SH","No change","No change"
"SE_71","11",86803237,86821251,0.221880353455562,0.151250855544051,0.174260112256715,-0.549819115858042,-0.34677176288756,"SK_N_SH","No change","No change"
"SE_72","11",95983997,96338436,0.147973514297414,0.153039639606992,0.142778262333901,0.0482457932795494,-0.0512102867245833,"SK_N_SH","No change","No change"
"SE_73","11",108869497,108930201,0.0731019412310494,0.0990526891693799,0.0793225413236563,0.43317670176728,0.11629357844978,"SK_N_SH","No change","No change"
"SE_74","11",111517782,111567101,0.284401977470343,0.254663399763014,0.265313305746268,-0.158749688717727,-0.0998708195108944,"SK_N_SH","No change","No change"
"SE_75","11",111718147,111751501,0.252639737916836,0.258683984200142,0.245896225548415,0.0339762484733854,-0.0388760099362872,"SK_N_SH","No change","No change"
"SE_76","11",118906947,118930051,1.19113147877225,0.86870938844273,0.911124333680505,-0.454938044612569,-0.386240957854845,"SK_N_SH","No change","No change"
"SE_77","11",120328847,120348451,0.329099727043964,0.334522688734732,0.33356726514658,0.023508382120539,0.0193943499711152,"SK_N_SH","No change","No change"
"SE_78","11",122155306,122200061,0.115316493482726,0.109910962676412,0.10637423621162,-0.0686537114352867,-0.115407814007359,"SK_N_SH","No change","No change"
"SE_79","12",27541147,27624851,0.101288604491111,0.0906686331731767,0.0912287747217777,-0.158145362502883,-0.149356593343004,"SK_N_SH","No change","No change"
"SE_80","12",29277047,29288851,0.186001965058423,0.201379824228577,0.225385654937211,0.114012040822988,0.275729113475237,"SK_N_SH","No change","No change"
"SE_81","12",31482597,31533801,0.109691362732933,0.090584074347172,0.111370305648222,-0.273373999298286,0.021718194600977,"SK_N_SH","No change","No change"
"SE_82","12",45212947,45314301,0.225550354585138,0.180884283296127,0.175072742122003,-0.316810864447505,-0.363660166515536,"SK_N_SH","No change","No change"
"SE_83","12",49186097,49246251,0.257588047795574,0.280647206827478,0.346392820801677,0.123233570199649,0.42591234586409,"SK_N_SH","No change","No change"
"SE_84","12",49480847,49519451,0.145498529868621,0.109891229333424,0.11552263706735,-0.401740923463881,-0.330275929960908,"SK_N_SH","No change","No change"
"SE_85","12",50150597,50219704,0.156695826917185,0.181502906923529,0.179111306841589,0.210774960763846,0.191744269311643,"SK_N_SH","No change","No change"
"SE_86","12",54220147,54286601,0.181417765923017,0.207751104097594,0.221709250812679,0.194537585664722,0.28791524304553,"SK_N_SH","No change","No change"
"SE_87","12",65630447,65674151,0.0880149955773372,0.0926674676732668,0.0641916699854828,0.0734996672531276,-0.449360762182012,"SK_N_SH","No change","No change"
"SE_88","12",67651729,67693001,0.235410167310128,0.187672034133046,0.190634789966823,-0.325411487286333,-0.302932586817226,"SK_N_SH","No change","No change"
"SE_89","12",68613836,68658601,0.107964668933486,0.0756378080959072,0.0587583036974367,-0.507732222070618,-0.86664932518879,"SK_N_SH","No change","Decreased"
"SE_90","12",69489747,69581721,0.0991775282888018,0.120283785432592,0.100547934597921,0.275827766721231,0.0196019756074795,"SK_N_SH","No change","No change"
"SE_91","12",93395297,93439249,0.142419986608381,0.129585377898428,0.164351577676344,-0.135252725680158,0.205290722847271,"SK_N_SH","No change","No change"
"SE_92","12",93766797,93826401,0.107741500080255,0.121350189406811,0.11404587620768,0.170113699565673,0.0813066361769758,"SK_N_SH","No change","No change"
"SE_93","12",95198897,95263201,0.228669070621224,0.235150558517025,0.245099087491085,0.0401503645651316,0.0996827254189705,"SK_N_SH","No change","No change"
"SE_94","12",96197379,96241451,0.166943448325547,0.219791230667134,0.201940557144395,0.394707357226209,0.273081697359292,"SK_N_SH","No change","No change"
"SE_95","12",103933497,103987201,0.200732366410998,0.185975713223261,0.198322755671299,-0.109591685120849,-0.0173361470976662,"SK_N_SH","No change","No change"
"SE_96","12",104279847,104337401,0.150039651187217,0.154259646962309,0.167383095510008,0.0397555741574384,0.156819971101459,"SK_N_SH","No change","No change"
"SE_97","12",105307597,105385551,0.159692296813654,0.146281155078002,0.136677656552851,-0.125727925051874,-0.223006325270005,"SK_N_SH","No change","No change"
"SE_98","12",106027997,106148601,0.184663580283657,0.167660559024104,0.168682242044251,-0.138568203006237,-0.129855255652258,"SK_N_SH","No change","No change"
"SE_99","12",110265747,110341501,0.162193730998631,0.163786579220803,0.149597599929338,0.0140131113146509,-0.115886860008738,"SK_N_SH","No change","No change"
"SE_100","12",116120397,116165351,0.113326144981291,0.136374684265334,0.113454465501364,0.264960797494276,0.00161838362942048,"SK_N_SH","No change","No change"
"SE_101","12",120224447,120262770,0.389885908258246,0.269175490458035,0.322172235266536,-0.532850771820887,-0.274444318295111,"SK_N_SH","No change","No change"
"SE_102","12",121921554,121965951,0.110021501741239,0.104687810602401,0.0883525855576619,-0.0710301185440897,-0.313257731439637,"SK_N_SH","No change","No change"
"SE_103","12",122071347,122131051,0.232669918410216,0.169359855800989,0.220817813689061,-0.455886606305311,-0.0750967904134716,"SK_N_SH","No change","No change"
"SE_104","13",32021847,32064001,0.181010232621676,0.187447651571471,0.191730663422152,0.0501442552255074,0.0825665614083459,"SK_N_SH","No change","No change"
"SE_105","13",45177147,45292701,0.0859227304386705,0.079435999819958,0.0761391601435008,-0.111892157081222,-0.172270054893351,"SK_N_SH","No change","No change"
"SE_106","13",45479047,45523351,0.0659549367170039,0.0729190875205521,0.0586808662729204,0.142756515634936,-0.165921955579414,"SK_N_SH","No change","No change"
"SE_107","13",49061897,49143101,0.0645849039089827,0.0723065967845872,0.0664859687548883,0.160579251993042,0.0412237987039026,"SK_N_SH","No change","No change"
"SE_108","13",99279297,99337501,0.0816439217936073,0.0836898348418523,0.0786202914939675,0.0352800984012378,-0.0537725644145881,"SK_N_SH","No change","No change"
"SE_109","13",114096847,114129619,0.186625516046434,0.188537753834321,0.230687700389188,0.0146292061437304,0.304325417998254,"SK_N_SH","No change","No change"
"SE_110","14",21214097,21266478,0.108226485426126,0.11207983360704,0.0911442174817876,0.0500189395549035,-0.245357188494642,"SK_N_SH","No change","No change"
"SE_111","14",49970047,50024601,0.180040143508978,0.156410163180665,0.171724526060736,-0.201780941931836,-0.0678366800871756,"SK_N_SH","No change","No change"
"SE_112","14",50984347,51025351,0.148834104025792,0.119182546225537,0.114331103085171,-0.318138643036478,-0.37758439685635,"SK_N_SH","No change","No change"
"SE_113","14",51506647,51556701,0.141510010718154,0.11877297415515,0.173917664939709,-0.250760854111963,0.295612728440929,"SK_N_SH","No change","No change"
"SE_114","14",51635547,51730301,0.145246601198186,0.131193214906044,0.137709209484104,-0.145754967151339,-0.0763395191545499,"SK_N_SH","No change","No change"
"SE_115","14",55571297,55650451,0.157834024388224,0.16240132618896,0.151643921054611,0.0408997023505309,-0.0573498540114535,"SK_N_SH","No change","No change"
"SE_116","14",64917597,64937951,0.0780829013703528,0.0940250357382928,0.0804791674346033,0.264941861463762,0.0430654375100223,"SK_N_SH","No change","No change"
"SE_117","14",75820597,75887251,0.106143559918221,0.117210802175311,0.110796495368242,0.141816739395277,0.0613298263331207,"SK_N_SH","No change","No change"
"SE_118","14",77562347,77613766,0.115195191394506,0.139111302788737,0.11150680480167,0.270022977085881,-0.0465381024088202,"SK_N_SH","No change","No change"
"SE_119","14",101960747,102056851,0.157085540842663,0.144609362876225,0.116825320263698,-0.118602293141255,-0.424055816094713,"SK_N_SH","No change","No change"
"SE_120","14",103388361,103457151,0.0995384762300628,0.121697903774624,0.112040126065813,0.287362872870368,0.169087251023693,"SK_N_SH","No change","No change"
"SE_121","15",32769247,33035351,0.0838023601507623,0.0890690240741111,0.0835986941284785,0.0869266122060386,-0.00346902329703475,"SK_N_SH","No change","No change"
"SE_122","15",40992297,41050501,0.0651915015956971,0.0813636214746516,0.0757472328683572,0.315361266104836,0.213468735241006,"SK_N_SH","No change","No change"
"SE_123","15",44028097,44164751,0.0973842038897471,0.0846330662652486,0.102885024312336,-0.200258716743268,0.0784890886922549,"SK_N_SH","No change","No change"
"SE_124","15",48395247,48510951,0.0733978087649964,0.0640765434763719,0.0579001633840261,-0.193122505658218,-0.336988494358745,"SK_N_SH","No change","No change"
"SE_125","15",48524197,48642787,0.158119631903397,0.129092414658163,0.124821708952761,-0.290574999048151,-0.338730981284383,"SK_N_SH","No change","No change"
"SE_126","15",51835397,51889201,0.137966533667309,0.140889080954451,0.125954284685642,0.0300260806851901,-0.130428404158815,"SK_N_SH","No change","No change"
"SE_127","15",60342847,60472801,0.279874969349285,0.2426651435443,0.224530250174143,-0.205028174603428,-0.31660710809334,"SK_N_SH","No change","No change"
"SE_128","15",71651697,71731001,0.11830678933236,0.110399652059723,0.116756229513862,-0.0989314174600702,-0.0188727611121812,"SK_N_SH","No change","No change"
"SE_129","15",85393797,85445551,0.0786966643785445,0.097832302835909,0.081429763028649,0.310463313458195,0.0486460044000564,"SK_N_SH","No change","No change"
"SE_130","15",90391238,90424151,0.136129001763802,0.192443138943522,0.172808150656218,0.496375837411098,0.341962015627232,"SK_N_SH","No change","No change"
"SE_131","15",98716247,98765001,0.206535282356646,0.201469011387287,0.200683259384604,-0.0356555097000786,-0.0412652861527923,"SK_N_SH","No change","No change"
"SE_132","15",98841397,98928101,0.216097369243422,0.21922973690131,0.214370253907479,0.0206670407740967,-0.0115232393997662,"SK_N_SH","No change","No change"
"SE_133","15",101640397,101717901,0.131471457366127,0.134868909016892,0.1169662716969,0.0365338144452444,-0.167307115773055,"SK_N_SH","No change","No change"
"SE_134","16",9094677,9130401,0.168900089697808,0.12707436348679,0.101891585788849,-0.407704892384743,-0.723561607046003,"SK_N_SH","No change","Decreased"
"SE_135","16",24970047,25012377,0.228673230281618,0.213043407246147,0.191174983917627,-0.101679312470565,-0.257162164490148,"SK_N_SH","No change","No change"
"SE_136","16",50180847,50235851,0.133072329152087,0.153959179431528,0.139149987451403,0.208876705654039,0.0639601014012493,"SK_N_SH","No change","No change"
"SE_137","16",57167697,57204351,0.231353037463962,0.220121981693185,0.273071562818517,-0.0714760544655905,0.238234139656511,"SK_N_SH","No change","No change"
"SE_138","16",69431847,69497251,0.105312864228763,0.130374289173136,0.135096754449925,0.305366779636116,0.356316484182865,"SK_N_SH","No change","No change"
"SE_139","16",75231497,75262947,0.58470092699619,0.405438552083028,0.464582575076545,-0.5271269246745,-0.331127112961734,"SK_N_SH","No change","No change"
"SE_140","17",667897,706401,0.0886294700404442,0.0910801741759696,0.0706986445119055,0.0389173960975254,-0.322027321804114,"SK_N_SH","No change","No change"
"SE_141","17",4194597,4257901,0.112366977419088,0.103158774455831,0.106477769474,-0.122216081129792,-0.0769621739400919,"SK_N_SH","No change","No change"
"SE_142","17",16002690,16048251,0.142287502062016,0.115196270555119,0.141823238949239,-0.302349014549035,-0.00468203798270325,"SK_N_SH","No change","No change"
"SE_143","17",20165097,20227451,0.111368986022277,0.110782307518191,0.12581507600913,-0.00755204297784932,0.174482361007897,"SK_N_SH","No change","No change"
"SE_144","17",31232597,31278401,0.114516906165795,0.0941255934269569,0.11110320374543,-0.280198555045207,-0.0432764999974337,"SK_N_SH","No change","No change"
"SE_145","17",31563897,31604151,0.332153295979755,0.253376238409104,0.372052223341821,-0.389222253632394,0.163191439906276,"SK_N_SH","No change","No change"
"SE_146","17",40280547,40348051,0.501331490019714,0.366688624293938,0.471684625054666,-0.450155174595877,-0.0877617779945581,"SK_N_SH","No change","No change"
"SE_147","17",45064296,45129532,0.201716588715125,0.141955959978518,0.163666198038122,-0.503893383698281,-0.299919717051209,"SK_N_SH","No change","No change"
"SE_148","17",45287497,45322351,0.344866092316397,0.294024765427688,0.36841549102386,-0.229377518601466,0.095030782275564,"SK_N_SH","No change","No change"
"SE_149","17",50026997,50084801,0.519100979245096,0.330135378690442,0.447873682041448,-0.651370596919356,-0.212482242306799,"SK_N_SH","Decreased","No change"
"SE_150","17",59622686,59699401,0.0915210949198448,0.104265829248969,0.103131947834879,0.186182949065542,0.170558513077866,"SK_N_SH","No change","No change"
"SE_151","17",59745197,59859951,0.36775720997422,0.337728350058737,0.415613656698746,-0.122542518287313,0.176038874712959,"SK_N_SH","No change","No change"
"SE_152","17",64525147,64684501,0.145868558635386,0.111737236571695,0.122724323214796,-0.381561469797032,-0.247396428781714,"SK_N_SH","No change","No change"
"SE_153","17",75673497,75708901,0.373787100113056,0.255728985389883,0.299295825725495,-0.545825108143364,-0.319686876593022,"SK_N_SH","No change","No change"
"SE_154","18",9105627,9148201,0.281774864902715,0.267627480566643,0.242317132684366,-0.0740469886784796,-0.216815980254094,"SK_N_SH","No change","No change"
"SE_155","18",28027147,28097351,0.104430913583142,0.108238779372852,0.0963001122867785,0.0511871545758132,-0.115784569121416,"SK_N_SH","No change","No change"
"SE_156","18",57727847,57849851,0.12996395637702,0.125832902317308,0.128263358042869,-0.0462407606063768,-0.018856434928078,"SK_N_SH","No change","No change"
"SE_157","18",77063747,77109201,0.219416539279798,0.207636788748236,0.186043445981398,-0.0792389132359687,-0.236859068104146,"SK_N_SH","No change","No change"
"SE_158","2",33129797,33170001,0.174663997218261,0.181490305680871,0.210815280188101,0.055001289000658,0.269988130337305,"SK_N_SH","No change","No change"
"SE_159","2",36338247,36573801,0.227870896323004,0.203089422322951,0.196734267214796,-0.165332607207456,-0.21097110778625,"SK_N_SH","No change","No change"
"SE_160","2",55092947,55121751,0.188554240398031,0.169040953206167,0.158222034787148,-0.156728478995474,-0.251570725772382,"SK_N_SH","No change","No change"
"SE_161","2",62709894,62829051,0.12466235610861,0.0970731941518274,0.0685168960229454,-0.357621764360186,-0.854116963906263,"SK_N_SH","No change","Decreased"
"SE_162","2",63844877,63896501,0.148744191192404,0.164222742100625,0.137774990885752,0.141912240587598,-0.109752441390496,"SK_N_SH","No change","No change"
"SE_163","2",68027447,68060026,0.130825227919428,0.143172783343906,0.119444962758101,0.129172350064115,-0.130252432535795,"SK_N_SH","No change","No change"
"SE_164","2",68166547,68259001,0.123225790905874,0.136573887439737,0.117915677699752,0.147241934542083,-0.0630257962954273,"SK_N_SH","No change","No change"
"SE_165","2",69016141,69255351,0.0991151810683695,0.0962473987135638,0.105191404875386,-0.0419291904630341,0.0850062439284587,"SK_N_SH","No change","No change"
"SE_166","2",69754597,69803851,0.162140137644024,0.150522065221759,0.172118027229514,-0.106583874664638,0.0856441896837356,"SK_N_SH","No change","No change"
"SE_167","2",70090450,70144501,0.168523328331526,0.17814564504774,0.211712384786343,0.0796491544761008,0.327420215788779,"SK_N_SH","No change","No change"
"SE_168","2",75586547,75607951,0.21538041412193,0.169391537104945,0.151035232402182,-0.344716235654248,-0.50916422790671,"SK_N_SH","No change","No change"
"SE_169","2",108537352,108599501,0.170573166145063,0.118192817883209,0.132838115022634,-0.525526627587918,-0.358334902858303,"SK_N_SH","No change","No change"
"SE_170","2",117930197,118011162,0.187953459491505,0.216420777493149,0.204701883573878,0.202458883253541,0.122524071708375,"SK_N_SH","No change","No change"
"SE_171","2",138018897,138053301,0.127929175266738,0.144902140405598,0.115933839500241,0.178422281154853,-0.140886274789813,"SK_N_SH","No change","No change"
"SE_172","2",160204397,160252901,0.251107241271113,0.210259030844857,0.22725363489603,-0.25502454263472,-0.143399722253102,"SK_N_SH","No change","No change"
"SE_173","2",177215723,177276301,0.257251827534639,0.236291714543989,0.270824725967961,-0.122116831259001,0.0738981353678277,"SK_N_SH","No change","No change"
"SE_174","2",189075647,189176878,0.107078633422199,0.0939696015841907,0.0962339491733889,-0.186543631707149,-0.152549315050126,"SK_N_SH","No change","No change"
"SE_175","2",189203447,189299101,0.121832558903591,0.126817711719039,0.109532492806316,0.0573947418178476,-0.152222487376702,"SK_N_SH","No change","No change"
"SE_176","2",189366697,189413601,0.109794676534068,0.108828602154947,0.135727473176179,-0.0126347467258704,0.303414593928066,"SK_N_SH","No change","No change"
"SE_177","2",190883818,190963751,0.102908568689892,0.155104966666131,0.0962305616548414,0.587201809927219,-0.0958328689075733,"SK_N_SH","Increased","No change"
"SE_178","2",201627947,201656951,0.230471505561039,0.242191128390064,0.222206539430266,0.0712559934332073,-0.0524553114262327,"SK_N_SH","No change","No change"
"SE_179","2",207219697,207261451,0.183480291115112,0.225038531084495,0.204927488795897,0.293102024234163,0.158669730213548,"SK_N_SH","No change","No change"
"SE_180","2",216443447,216512801,0.157581627700561,0.153197200295823,0.142197392467314,-0.040449067895853,-0.147220416591765,"SK_N_SH","No change","No change"
"SE_181","2",222904597,223003801,0.101891651527727,0.124452979207605,0.0934492226382411,0.286020802806697,-0.123515101184127,"SK_N_SH","No change","No change"
"SE_182","2",223026197,223111101,0.116106589852387,0.116101876279761,0.10849890962563,-5.80700430347604e-05,-0.0969057580842386,"SK_N_SH","No change","No change"
"SE_183","2",233402297,233502201,0.119382839480871,0.101318909075525,0.0992491713788535,-0.234556963835102,-0.264039439264619,"SK_N_SH","No change","No change"
"SE_184","2",234240697,234260551,0.144929085517644,0.136059982209886,0.115359636249553,-0.0904600544827963,-0.326676767769247,"SK_N_SH","No change","No change"
"SE_185","20",31652097,31718505,0.158143204146112,0.158228716170033,0.131754924956284,0.000774991561393184,-0.261560167954753,"SK_N_SH","No change","No change"
"SE_186","20",35301597,35345051,0.188116721017031,0.119172091687126,0.177716038592498,-0.654175037910458,-0.0816078142003631,"SK_N_SH","Decreased","No change"
"SE_187","20",35854497,35904351,0.182516223322697,0.136298783765134,0.15998505358274,-0.418588761083407,-0.188980857100964,"SK_N_SH","No change","No change"
"SE_188","20",45013747,45105201,0.123254002058897,0.119624753198732,0.119036881559501,-0.0427663292627635,-0.0498145751233714,"SK_N_SH","No change","No change"
"SE_189","20",50894997,50936551,0.163030607037831,0.160155077480529,0.172173441201711,-0.0255153935998544,0.0782526502440532,"SK_N_SH","No change","No change"
"SE_190","20",53734697,53754501,0.174463203387067,0.175316246848086,0.195936382450091,0.0069969066261916,0.166561149614895,"SK_N_SH","No change","No change"
"SE_191","20",53770647,53846251,0.103202790623758,0.115081958665017,0.10336135938126,0.155749852973662,0.00219372700592089,"SK_N_SH","No change","No change"
"SE_192","20",58235547,58296451,0.170484267124792,0.133953043637538,0.155497572622845,-0.34561870726577,-0.131935941771546,"SK_N_SH","No change","No change"
"SE_193","21",25306247,25344901,0.0699361653420178,0.0818064179680733,0.0705436951318835,0.223221245763692,0.0123032900799311,"SK_N_SH","No change","No change"
"SE_194","21",29148556,29233751,0.150252329395337,0.160505885625861,0.145858735351335,0.0946293797172986,-0.0425282794866099,"SK_N_SH","No change","No change"
"SE_195","21",29308201,29352601,0.131699778001733,0.139072731716281,0.119191913511033,0.078010173137647,-0.142826122105723,"SK_N_SH","No change","No change"
"SE_196","22",24282697,24339106,0.12478812838391,0.117899091336507,0.130024653139119,-0.0812580805460123,0.0588425195901684,"SK_N_SH","No change","No change"
"SE_197","22",31207297,31254601,0.217163808493976,0.169290496204547,0.216179389022486,-0.357413869323019,-0.0065245972300684,"SK_N_SH","No change","No change"
"SE_198","22",31583547,31662751,0.197928692718604,0.16460587908059,0.184872727697583,-0.264497489983243,-0.0979362746557299,"SK_N_SH","No change","No change"
"SE_199","22",36295897,36399251,0.254415091067588,0.185422281884486,0.186339751350722,-0.454269461868615,-0.447186713007448,"SK_N_SH","No change","No change"
"SE_200","22",40466438,40543951,0.082051252346664,0.0859156926272895,0.0771542798175818,0.0656147560874532,-0.0876770440269829,"SK_N_SH","No change","No change"
"SE_201","22",42905297,43018201,0.103488392105988,0.0938774522019293,0.0966173296419623,-0.139205504362211,-0.0981334864408631,"SK_N_SH","No change","No change"
"SE_202","3",15629947,15648901,0.358669132031353,0.329189339554252,0.24341114514724,-0.123376805672299,-0.557360274485096,"SK_N_SH","No change","No change"
"SE_203","3",30333897,30359151,0.123803165800867,0.0905854159173239,0.100683786001913,-0.446464743938001,-0.295564878117716,"SK_N_SH","No change","No change"
"SE_204","3",48011697,48086278,0.119460020511242,0.107320719847573,0.115142189569652,-0.153245178170428,-0.0526622718816681,"SK_N_SH","No change","No change"
"SE_205","3",57998247,58175901,0.146220550989656,0.113262290647305,0.127131042927892,-0.36562971846261,-0.20035902915075,"SK_N_SH","No change","No change"
"SE_206","3",71487847,71554851,0.145783027473332,0.146762521672077,0.131433147406289,0.00959523330934019,-0.14842089168481,"SK_N_SH","No change","No change"
"SE_207","3",81722147,81765851,0.19318916462735,0.257477219954719,0.208537961143993,0.412574435465827,0.109748931358871,"SK_N_SH","No change","No change"
"SE_208","3",98877097,98924851,0.285945483176228,0.323818798988008,0.261295325849516,0.178858466312836,-0.12958456630271,"SK_N_SH","No change","No change"
"SE_209","3",99842697,99936151,0.141741135427296,0.153471958285774,0.151925698280397,0.113943812059379,0.0994297101518152,"SK_N_SH","No change","No change"
"SE_210","3",100001947,100049201,0.115919643039639,0.133484388123585,0.130359320085826,0.201921374842221,0.168001235218963,"SK_N_SH","No change","No change"
"SE_211","3",107192747,107250501,0.181625154493041,0.169356322256762,0.177272202917686,-0.100330003821088,-0.0348037251242887,"SK_N_SH","No change","No change"
"SE_212","3",111845697,111975874,0.132266945550311,0.147334281169773,0.139987182688749,0.154533063569704,0.0812450210277371,"SK_N_SH","No change","No change"
"SE_213","3",112604967,112699901,0.170350263919859,0.162387473767051,0.170400738713081,-0.0686510316098161,0.000424913326807642,"SK_N_SH","No change","No change"
"SE_214","3",120403647,120448070,0.254169964296111,0.228601795961721,0.214112342347272,-0.152324594534975,-0.246368217837813,"SK_N_SH","No change","No change"
"SE_215","3",123595047,123881301,0.128050937217871,0.119550388648755,0.125199919382271,-0.0983043167513261,-0.0322296301666731,"SK_N_SH","No change","No change"
"SE_216","3",128758647,128806351,0.101741920420848,0.0984142517307133,0.112197990768688,-0.0475003532824323,0.139823405512833,"SK_N_SH","No change","No change"
"SE_217","3",134457097,134482731,0.193127970591113,0.159856644617419,0.201866631472151,-0.271232469604643,0.0635235816092794,"SK_N_SH","No change","No change"
"SE_218","3",136136147,136186501,0.0736720978315104,0.0748529579576585,0.0672870525685403,0.0226361782633345,-0.128957197454214,"SK_N_SH","No change","No change"
"SE_219","3",149369097,149408351,0.157345063701983,0.16646528956103,0.141735910695473,0.0807902068981803,-0.149723547267811,"SK_N_SH","No change","No change"
"SE_220","3",152272624,152467151,0.09831957463477,0.130103864395184,0.0859874901663567,0.400560222944126,-0.191270143556214,"SK_N_SH","No change","No change"
"SE_221","3",156531797,156559251,0.198438370589258,0.22065648649178,0.189317975128923,0.152382580557276,-0.0675311736446443,"SK_N_SH","No change","No change"
"SE_222","3",160394797,160446837,0.106140934403724,0.18416494211221,0.121723798000539,0.789301190913081,0.195905253176708,"SK_N_SH","Increased","No change"
"SE_223","3",170688547,170768951,0.109655935959597,0.113257659231732,0.098380341031224,0.0462100349341104,-0.155048446541105,"SK_N_SH","No change","No change"
"SE_224","3",171256147,171331701,0.109757038511888,0.100480869044222,0.103861955434744,-0.126190604419743,-0.0789070295197192,"SK_N_SH","No change","No change"
"SE_225","3",171343347,171428051,0.106782342445408,0.10902786656969,0.103982851836834,0.0297481125056578,-0.037967152732268,"SK_N_SH","No change","No change"
"SE_226","3",172044197,172186201,0.143871409410019,0.13693487098011,0.141416538502401,-0.0707856777597139,-0.024656212092412,"SK_N_SH","No change","No change"
"SE_227","3",172243397,172368751,0.114694853394797,0.126501141923166,0.128369165751163,0.140185479592472,0.161169113298321,"SK_N_SH","No change","No change"
"SE_228","3",172753682,172817751,0.0865253213092815,0.140803275402246,0.112071270277492,0.696118498666789,0.369460050635032,"SK_N_SH","Increased","No change"
"SE_229","3",179580247,179618651,0.167017345217476,0.223087788614212,0.171823010084593,0.41545385625712,0.040685137430636,"SK_N_SH","No change","No change"
"SE_230","3",188185397,188301151,0.123124723012265,0.131584951531156,0.103834049625574,0.0951265396755906,-0.243683124525492,"SK_N_SH","No change","No change"
"SE_231","3",192851647,192915160,0.261732863098744,0.22710395734316,0.181577089648408,-0.203905190668531,-0.525090923911548,"SK_N_SH","No change","No change"
"SE_232","3",194552997,194599901,0.196984158722447,0.216730577127523,0.19178943523766,0.137159026744125,-0.0383590059908898,"SK_N_SH","No change","No change"
"SE_233","3",196742854,196810951,0.112651860580123,0.144587659146489,0.127441005108226,0.357266767003156,0.17648455742778,"SK_N_SH","No change","No change"
"SE_234","4",24526247,24572351,0.0634491174280863,0.0821181950316408,0.0642832005124508,0.367003723145663,0.018551184917206,"SK_N_SH","No change","No change"
"SE_235","4",41119997,41209951,0.140214326810737,0.123439646899065,0.108126999615511,-0.18244025744897,-0.37187837407712,"SK_N_SH","No change","No change"
"SE_236","4",69746947,69803551,0.151418860305588,0.19275551137786,0.153961558110656,0.346195915526542,0.0238689322445998,"SK_N_SH","No change","No change"
"SE_237","4",76579197,76609551,0.153084985187803,0.159656624479611,0.156772526719653,0.0602541845271234,0.0341197222552355,"SK_N_SH","No change","No change"
"SE_238","4",76943147,77072971,0.124279645042829,0.169979146578601,0.152548134637168,0.448668347831226,0.293538955863851,"SK_N_SH","No change","No change"
"SE_239","4",79996847,80070322,0.112420733535718,0.162760215338268,0.0997018928382926,0.529900512651203,-0.171593590763859,"SK_N_SH","No change","No change"
"SE_240","4",88010644,88041951,0.172964137984332,0.131383511917538,0.184468959295233,-0.394066482114329,0.0923878219110948,"SK_N_SH","No change","No change"
"SE_241","4",88586847,88641951,0.183514055158591,0.193240363541403,0.2129932254791,0.0741123106593805,0.213834408820507,"SK_N_SH","No change","No change"
"SE_242","4",94507447,94596301,0.0786779673104586,0.0955146069066477,0.0833321467503265,0.276566459311721,0.0819018371701492,"SK_N_SH","No change","No change"
"SE_243","4",102787947,102822859,0.200532324999323,0.192724282159627,0.0628344819521504,-0.057006461656569,-1.65860340888281,"SK_N_SH","No change","Decreased"
"SE_244","4",112883597,112910451,0.0827842646482907,0.116967975770224,0.0976624955949011,0.493644046009053,0.235822459944516,"SK_N_SH","No change","No change"
"SE_245","4",113435197,113476701,0.160806599354542,0.205057878324772,0.164627582599272,0.34877917409943,0.0336725004763914,"SK_N_SH","No change","No change"
"SE_246","4",113897397,113976721,0.128791259134809,0.147205347831431,0.100577019445673,0.191404279188912,-0.353619180527201,"SK_N_SH","No change","No change"
"SE_247","4",114224047,114284551,0.123073931166598,0.11388628120634,0.0952011064233931,-0.110993493353199,-0.367074634753311,"SK_N_SH","No change","No change"
"SE_248","4",114316247,114367701,0.0788421641904789,0.0946843608983156,0.0907264340932648,0.261132316426758,0.2001867287139,"SK_N_SH","No change","No change"
"SE_249","4",122757697,122799301,0.129027966488202,0.130660371043236,0.111429918511756,0.0179992163667495,-0.20979595280687,"SK_N_SH","No change","No change"
"SE_250","4",122829705,122915251,0.0913730086344776,0.0886017509208571,0.0661625128077905,-0.0439444336864658,-0.459815150106391,"SK_N_SH","No change","No change"
"SE_251","4",137509247,137529497,0.137879895967568,0.194548025458768,0.154025381992069,0.49368519636926,0.158666672179618,"SK_N_SH","No change","No change"
"SE_252","4",159262097,159310151,0.131676583562777,0.140470220825969,0.117312480526617,0.0925846326900325,-0.165311499682554,"SK_N_SH","No change","No change"
"SE_253","4",169200697,169268097,0.152261690743415,0.194333193543999,0.156462027872219,0.349940005126525,0.0390068368401598,"SK_N_SH","No change","No change"
"SE_254","4",185180697,185403601,0.149938534853553,0.165056910412311,0.140217199378064,0.13771658616349,-0.0960453646722364,"SK_N_SH","No change","No change"
"SE_255","5",9324147,9372201,0.126994906489295,0.129727806157673,0.114240977701447,0.0304796390640346,-0.151432594394249,"SK_N_SH","No change","No change"
"SE_256","5",9426847,9508331,0.129999188213639,0.146173768063162,0.127279905221127,0.167962679856802,-0.0302626786155231,"SK_N_SH","No change","No change"
"SE_257","5",17220558,17262401,0.104149126019758,0.152633869161291,0.124741742563028,0.547059439938272,0.25802680292199,"SK_N_SH","No change","No change"
"SE_258","5",52994197,53046301,0.123754120185936,0.135081601773419,0.106533745255016,0.125384564272527,-0.214297999237819,"SK_N_SH","No change","No change"
"SE_259","5",61350847,61505451,0.0995909280030206,0.105716156411862,0.103131212998446,0.0852784124969647,0.0499023780615308,"SK_N_SH","No change","No change"
"SE_260","5",65100547,65248151,0.068920739847907,0.0739003283252502,0.0624409469869404,0.0992515923279068,-0.140306144016415,"SK_N_SH","No change","No change"
"SE_261","5",69237792,69296951,0.0831271616039842,0.0738953916330753,0.0554931430323704,-0.167694718144477,-0.574495901330168,"SK_N_SH","No change","No change"
"SE_262","5",76488247,76543601,0.105835832736711,0.122182256321808,0.100831846672922,0.205398851193078,-0.069206790758686,"SK_N_SH","No change","No change"
"SE_263","5",95710247,95802001,0.167710693873249,0.186201745587549,0.165871440688081,0.150042464588865,-0.0158143580702439,"SK_N_SH","No change","No change"
"SE_264","5",120599047,120624601,0.111500250014374,0.127144322887318,0.0862798976607087,0.187841357449447,-0.366206892456546,"SK_N_SH","No change","No change"
"SE_265","5",122140947,122184251,0.0996973400663168,0.130087121224976,0.0949026745446935,0.380500378752206,-0.0703826199054379,"SK_N_SH","No change","No change"
"SE_266","5",131504497,131547351,0.0962145347080644,0.131550073635789,0.103540305292084,0.447293536844091,0.10481534273638,"SK_N_SH","No change","No change"
"SE_267","5",140280247,140343602,0.171698996359575,0.158937795568189,0.13986452253513,-0.110748790271265,-0.293951391543916,"SK_N_SH","No change","No change"
"SE_268","5",147471147,147507055,0.215272083855406,0.242063709978634,0.23895735833415,0.168487055508461,0.149930598277683,"SK_N_SH","No change","No change"
"SE_269","5",150008297,150066101,0.129365744694147,0.116622745959093,0.117833720224326,-0.148397755949711,-0.133620559371964,"SK_N_SH","No change","No change"
"SE_270","5",151658897,151703801,0.306621695509675,0.330136323490719,0.318509265699907,0.106268018381492,0.0547005143726742,"SK_N_SH","No change","No change"
"SE_271","5",154193732,154320951,0.123358759570554,0.14512142454485,0.116347956879048,0.232659592234113,-0.0837154079354489,"SK_N_SH","No change","No change"
"SE_272","5",154342197,154376051,0.143917440125755,0.142240059488942,0.121724590462385,-0.0167962039042404,-0.239806874468097,"SK_N_SH","No change","No change"
"SE_273","5",157495447,157572822,0.134779119297982,0.136429315618456,0.123734994027963,0.0174281515207143,-0.122395367024285,"SK_N_SH","No change","No change"
"SE_274","5",169548297,169606201,0.162795732335575,0.127900218367235,0.157735772627418,-0.345643060601402,-0.0452704783778686,"SK_N_SH","No change","No change"
"SE_275","6",11160047,11236601,0.202504868385256,0.204425467101871,0.191369775221777,0.013551739146054,-0.0811811646855042,"SK_N_SH","No change","No change"
"SE_276","6",16657547,16771001,0.142441563398909,0.17872331173208,0.163204408636894,0.325314433891901,0.195029744155417,"SK_N_SH","No change","No change"
"SE_277","6",30724546,30794251,0.240104732319222,0.218894740347252,0.231993239298797,-0.132846871085674,-0.0493718747323505,"SK_N_SH","No change","No change"
"SE_278","6",34629397,34684901,0.0852480601601758,0.095384651988417,0.0879629839281614,0.160311425274433,0.0447131697348887,"SK_N_SH","No change","No change"
"SE_279","6",37101147,37145951,0.261781613504827,0.1632730171168,0.236209457031244,-0.677768807702338,-0.147702807473832,"SK_N_SH","Decreased","No change"
"SE_280","6",42182047,42231451,0.210154380103286,0.203773169797442,0.235602028321908,-0.0442714741213157,0.164164267397793,"SK_N_SH","No change","No change"
"SE_281","6",44654997,44669401,0.347100427601138,0.245323937425273,0.236088124206646,-0.498946752455075,-0.554080186511094,"SK_N_SH","No change","No change"
"SE_282","6",56638797,56774401,0.127956844339034,0.113606550313277,0.106575971674008,-0.170198842306763,-0.261532474281526,"SK_N_SH","No change","No change"
"SE_283","6",56795347,56840664,0.126123500751648,0.181393829889135,0.0764639813393287,0.520826166547224,-0.714633202413401,"SK_N_SH","No change","Decreased"
"SE_284","6",104995247,105073801,0.0883191494807996,0.111800557280458,0.0918348191815356,0.336732776615649,0.0556964991447173,"SK_N_SH","No change","No change"
"SE_285","6",113344347,113414701,0.128295947325349,0.122999019637091,0.119177623121613,-0.060348341372598,-0.105508762192917,"SK_N_SH","No change","No change"
"SE_286","6",129625997,129718001,0.138642100619335,0.163959227396241,0.143376219651684,0.24037551636705,0.0480991696273468,"SK_N_SH","No change","No change"
"SE_287","6",140041947,140079801,0.15455447336439,0.180526054117106,0.140186563461076,0.222756746745872,-0.139817088074088,"SK_N_SH","No change","No change"
"SE_288","6",142353347,142419951,0.0912721376795666,0.124942883747204,0.0959005607533947,0.448802621336341,0.0706099342301976,"SK_N_SH","No change","No change"
"SE_289","6",150853797,150900301,0.251911956882256,0.322094722224448,0.241476731564303,0.35332193956868,-0.0607889339666031,"SK_N_SH","No change","No change"
"SE_290","6",151242996,151296801,0.155027617215493,0.122851467835952,0.121657474877425,-0.333190444832279,-0.347166255787823,"SK_N_SH","No change","No change"
"SE_291","6",152704947,152760451,0.11381986009762,0.121829278096481,0.109732017707186,0.0972822856074247,-0.0522997710965436,"SK_N_SH","No change","No change"
"SE_292","6",157984853,158087051,0.213497934795019,0.168514017365791,0.18026660318525,-0.339559180507524,-0.242850612001893,"SK_N_SH","No change","No change"
"SE_293","7",6226047,6284751,0.259266622251761,0.235669052517762,0.250595625392033,-0.137119238261979,-0.0488834683433429,"SK_N_SH","No change","No change"
"SE_294","7",23426597,23479601,0.431221861894032,0.448649560784865,0.391657855940686,0.0570290135538321,-0.138499284414763,"SK_N_SH","No change","No change"
"SE_295","7",80824647,80911651,0.14036578226172,0.135065286073193,0.15608478463621,-0.0551339131871091,0.152110490218646,"SK_N_SH","No change","No change"
"SE_296","7",101092897,101141301,0.429546873944084,0.274753250225348,0.307099640116821,-0.642792422852812,-0.482773316203256,"SK_N_SH","Decreased","No change"
"SE_297","7",102834447,102897801,0.140198480252121,0.130467732059045,0.141016139878993,-0.103015818273456,0.00833033807203178,"SK_N_SH","No change","No change"
"SE_298","7",130352297,130375251,0.461731072471079,0.323025488764619,0.304088107190184,-0.514066675315672,-0.600948036864142,"SK_N_SH","No change","Decreased"
"SE_299","7",130838297,131040951,0.209975512067848,0.158334709659671,0.18123980849789,-0.40501497552983,-0.211237418866209,"SK_N_SH","No change","No change"
"SE_300","7",134689347,134969601,0.177481797106881,0.157874090940475,0.155203384348131,-0.16789307473484,-0.192351233380844,"SK_N_SH","No change","No change"
"SE_301","8",13075347,13130299,0.149192985907756,0.131408508464957,0.103627752549436,-0.181821608245933,-0.521551862069602,"SK_N_SH","No change","No change"
"SE_302","8",25178147,25216001,0.28068939423828,0.213191492007479,0.199834967447703,-0.395204071152892,-0.488094767162189,"SK_N_SH","No change","No change"
"SE_303","8",32672597,32785351,0.0898391969949312,0.0999181958975163,0.089143461196616,0.151799462768194,-0.0110921072820824,"SK_N_SH","No change","No change"
"SE_304","8",38891897,38939851,0.25671175213277,0.220599460679559,0.296715022763672,-0.217803958046691,0.208173693851722,"SK_N_SH","No change","No change"
"SE_305","8",38999983,39046151,0.175562889094071,0.212550907086395,0.183456960152542,0.274397884329984,0.0631020858638734,"SK_N_SH","No change","No change"
"SE_306","8",40148697,40220751,0.0881420179308639,0.0964662980775753,0.0710642899607856,0.128797829635147,-0.306821082551715,"SK_N_SH","No change","No change"
"SE_307","8",53942447,53966801,0.129141363394877,0.119239195566195,0.0943281222542069,-0.11417231060641,-0.449105788964706,"SK_N_SH","No change","No change"
"SE_308","8",58800197,58896151,0.106691594647283,0.118027958220449,0.0999051442181416,0.144394833255103,-0.093905925641288,"SK_N_SH","No change","No change"
"SE_309","8",66505597,66563401,0.217881363115664,0.169153733335037,0.17485237193375,-0.363310314204519,-0.315784325490182,"SK_N_SH","No change","No change"
"SE_310","8",73542447,73633701,0.106047763256001,0.115606688609502,0.0963195018385428,0.123395893334384,-0.137453810676674,"SK_N_SH","No change","No change"
"SE_311","8",88101447,88148651,0.0574078979636111,0.0754327795516351,0.0598572400116708,0.388028031606034,0.0592654417527506,"SK_N_SH","No change","No change"
"SE_312","8",97879097,97953601,0.137837900813936,0.118508826571303,0.126586187098044,-0.216284281977806,-0.121929310714311,"SK_N_SH","No change","No change"
"SE_313","8",100898947,100947570,0.217504819887871,0.197466458034977,0.186631712328961,-0.138769899493505,-0.219761420080142,"SK_N_SH","No change","No change"
"SE_314","8",101125247,101202731,0.164403800535352,0.156247734143129,0.154146282228271,-0.0729531553694311,-0.092363258182677,"SK_N_SH","No change","No change"
"SE_315","8",117825897,118120901,0.110175924334116,0.126310438057509,0.123334057328165,0.195506309702281,0.161377131036675,"SK_N_SH","No change","No change"
"SE_316","8",140763497,140845851,0.0893429464280681,0.104824902906314,0.0889360236786483,0.228195293549925,-0.00651286646775682,"SK_N_SH","No change","No change"
"SE_317","9",2800697,2841129,0.107242655055859,0.16944866223883,0.116010194737155,0.655068144222368,0.112365100499798,"SK_N_SH","Increased","No change"
"SE_318","9",12778010,12835101,0.116814693199746,0.143984878364101,0.168027613915346,0.299382962479058,0.52073948240617,"SK_N_SH","No change","No change"
"SE_319","9",16499797,16547801,0.153230222593765,0.139093930680711,0.134661107103599,-0.138691045165371,-0.185078328580877,"SK_N_SH","No change","No change"
"SE_320","9",16670397,16728801,0.151428766428819,0.154760813518057,0.183095185666174,0.0311971295799375,0.272316704172709,"SK_N_SH","No change","No change"
"SE_321","9",33271497,33355551,0.139172109409425,0.141117303864038,0.133281547843386,0.0198829051317286,-0.0619382472771686,"SK_N_SH","No change","No change"
"SE_322","9",35507297,35534101,0.217888130773384,0.1780594212417,0.224854507012632,-0.289755298085614,0.0451999772068344,"SK_N_SH","No change","No change"
"SE_323","9",36089347,36114801,0.179107395234548,0.141349371696158,0.167028365319142,-0.339421294413482,-0.100152620934716,"SK_N_SH","No change","No change"
"SE_324","9",37921497,37979401,0.240047572427892,0.185561710412378,0.190292425936845,-0.369664980080413,-0.333538148018467,"SK_N_SH","No change","No change"
"SE_325","9",37992697,38066212,0.280490123263507,0.226811437550647,0.235211159160021,-0.305244121752594,-0.253007180291764,"SK_N_SH","No change","No change"
"SE_326","9",94767247,94813751,0.115258970244798,0.0998486526581235,0.110850075059124,-0.205150225556344,-0.0557758106294094,"SK_N_SH","No change","No change"
"SE_327","9",106859997,106898751,0.250939464819772,0.269187725694117,0.285255871035681,0.100885006861017,0.184228153446735,"SK_N_SH","No change","No change"
"SE_328","9",110007397,110193301,0.131451225440378,0.130498013025771,0.11899721162075,-0.0104201914720977,-0.142460309331652,"SK_N_SH","No change","No change"
"SE_329","9",112010897,112082301,0.172390534939053,0.138066927671132,0.138723662759905,-0.318245781891944,-0.311448779117706,"SK_N_SH","No change","No change"
"SE_330","9",115664947,115693701,0.147405208987386,0.14147094305908,0.0856949814495899,-0.0588740193940122,-0.775521344042404,"SK_N_SH","No change","Decreased"
"SE_331","9",122988147,123104301,0.099891881981019,0.0994410916789375,0.0854137883566336,-0.00646048193962848,-0.223476661009134,"SK_N_SH","No change","No change"
"SE_332","9",124251597,124307001,0.171104281807556,0.147761941884751,0.155819619681798,-0.21027750523886,-0.134176924715229,"SK_N_SH","No change","No change"
"SE_333","9",125509297,125559351,0.169461551825656,0.134691295297912,0.179283785986679,-0.329118197523389,0.0808232810572505,"SK_N_SH","No change","No change"
"SE_334","9",125784147,125856501,0.072040531731177,0.0729558322405214,0.0764908113499245,0.0179666562689246,0.085327981563264,"SK_N_SH","No change","No change"
"SE_335","9",129931747,129999401,0.12976188438182,0.114835817891676,0.128052921814639,-0.174860650978748,-0.0189792676914152,"SK_N_SH","No change","No change"
"SE_336","9",130823247,130870501,0.239527473416134,0.170509002429501,0.222608319447281,-0.487917385450856,-0.105227824950451,"SK_N_SH","No change","No change"
"SE_337","X",136155497,136215901,0.119845110007057,0.145384437888161,0.111563502022832,0.276603093356357,-0.102419976846556,"SK_N_SH","No change","No change"
