"PeakId","col","accessibility","gene","sample","cell_line","time","batch"
"Interval_22355","CM_48h_rep1_REP1",5.09677422738885,"NOTCH2","CM_48h_rep1_REP1","CLBMa","48h","new_1"
"Interval_22355","CM_24h_ATAC_S165170_REP1",5.41743952360585,"NOTCH2","CM_24h_ATAC_S165170_REP1","CLBMa","24h","legacy"
"Interval_22355","CM_DMSO_ctrl_rep1_REP1",5.20417180396463,"NOTCH2","CM_DMSO_ctrl_rep1_REP1","CLBMa","control","new_1"
"Interval_22355","CM_control_ATAC_S165169_REP1",5.53226814848926,"NOTCH2","CM_control_ATAC_S165169_REP1","CLBMa","control","legacy"
"Interval_22355","CM_24h_rep2_REP1",4.88809179474215,"NOTCH2","CM_24h_rep2_REP1","CLBMa","24h","new_2"
"Interval_22355","CM_DMSO_ctrl_rep2_REP1",5.02490911586931,"NOTCH2","CM_DMSO_ctrl_rep2_REP1","CLBMa","control","new_2"
"Interval_22355","CM_48h_ATAC_S165167_REP1",4.775182347367,"NOTCH2","CM_48h_ATAC_S165167_REP1","CLBMa","48h","legacy"
"Interval_22355","SH_24h_ATAC_S165164_REP1",3.96542701036001,"NOTCH2","SH_24h_ATAC_S165164_REP1","SK_N_SH","24h","legacy"
"Interval_22355","CM_24h_rep1_REP1",5.26042480163039,"NOTCH2","CM_24h_rep1_REP1","CLBMa","24h","new_1"
"Interval_22355","SH_48h_rep2_REP1",3.17514914384083,"NOTCH2","SH_48h_rep2_REP1","SK_N_SH","48h","new_2"
"Interval_22355","SH_24h_rep1_REP1",3.97880143653101,"NOTCH2","SH_24h_rep1_REP1","SK_N_SH","24h","new_1"
"Interval_22355","SH_48h_rep1_REP1",4.15910963995541,"NOTCH2","SH_48h_rep1_REP1","SK_N_SH","48h","new_1"
"Interval_22355","CM_48h_rep2_REP1",4.65170890027993,"NOTCH2","CM_48h_rep2_REP1","CLBMa","48h","new_2"
"Interval_22355","SH_DMSO_ctrl_rep1_REP1",3.87962995751088,"NOTCH2","SH_DMSO_ctrl_rep1_REP1","SK_N_SH","control","new_1"
"Interval_22355","SH_24h_rep2_REP1",3.86279565812462,"NOTCH2","SH_24h_rep2_REP1","SK_N_SH","24h","new_2"
"Interval_22355","SH_control_ATAC_S165166_REP1",4.18497350193241,"NOTCH2","SH_control_ATAC_S165166_REP1","SK_N_SH","control","legacy"
"Interval_22355","SH_48h_ATAC_S165165_REP1",4.11895243393294,"NOTCH2","SH_48h_ATAC_S165165_REP1","SK_N_SH","48h","legacy"
"Interval_22355","SH_DMSO_ctrl_rep2_REP1",3.56726856631025,"NOTCH2","SH_DMSO_ctrl_rep2_REP1","SK_N_SH","control","new_2"
"Interval_22363","CM_48h_rep1_REP1",6.46674145370314,"NOTCH2","CM_48h_rep1_REP1","CLBMa","48h","new_1"
"Interval_22363","CM_24h_ATAC_S165170_REP1",5.9617280667918,"NOTCH2","CM_24h_ATAC_S165170_REP1","CLBMa","24h","legacy"
"Interval_22363","CM_DMSO_ctrl_rep1_REP1",6.88552723509903,"NOTCH2","CM_DMSO_ctrl_rep1_REP1","CLBMa","control","new_1"
"Interval_22363","CM_control_ATAC_S165169_REP1",5.87941093730557,"NOTCH2","CM_control_ATAC_S165169_REP1","CLBMa","control","legacy"
"Interval_22363","CM_24h_rep2_REP1",6.38528958499859,"NOTCH2","CM_24h_rep2_REP1","CLBMa","24h","new_2"
"Interval_22363","CM_DMSO_ctrl_rep2_REP1",6.06760024460662,"NOTCH2","CM_DMSO_ctrl_rep2_REP1","CLBMa","control","new_2"
"Interval_22363","CM_48h_ATAC_S165167_REP1",6.06418183134816,"NOTCH2","CM_48h_ATAC_S165167_REP1","CLBMa","48h","legacy"
"Interval_22363","SH_24h_ATAC_S165164_REP1",6.12291928673119,"NOTCH2","SH_24h_ATAC_S165164_REP1","SK_N_SH","24h","legacy"
"Interval_22363","CM_24h_rep1_REP1",6.42189748295976,"NOTCH2","CM_24h_rep1_REP1","CLBMa","24h","new_1"
"Interval_22363","SH_48h_rep2_REP1",6.76050384081545,"NOTCH2","SH_48h_rep2_REP1","SK_N_SH","48h","new_2"
"Interval_22363","SH_24h_rep1_REP1",6.10111516789886,"NOTCH2","SH_24h_rep1_REP1","SK_N_SH","24h","new_1"
"Interval_22363","SH_48h_rep1_REP1",6.36778323784324,"NOTCH2","SH_48h_rep1_REP1","SK_N_SH","48h","new_1"
"Interval_22363","CM_48h_rep2_REP1",6.19218870155172,"NOTCH2","CM_48h_rep2_REP1","CLBMa","48h","new_2"
"Interval_22363","SH_DMSO_ctrl_rep1_REP1",6.42548165269004,"NOTCH2","SH_DMSO_ctrl_rep1_REP1","SK_N_SH","control","new_1"
"Interval_22363","SH_24h_rep2_REP1",6.34325968381383,"NOTCH2","SH_24h_rep2_REP1","SK_N_SH","24h","new_2"
"Interval_22363","SH_control_ATAC_S165166_REP1",6.0578621847641,"NOTCH2","SH_control_ATAC_S165166_REP1","SK_N_SH","control","legacy"
"Interval_22363","SH_48h_ATAC_S165165_REP1",6.37104851985268,"NOTCH2","SH_48h_ATAC_S165165_REP1","SK_N_SH","48h","legacy"
"Interval_22363","SH_DMSO_ctrl_rep2_REP1",6.50814023969454,"NOTCH2","SH_DMSO_ctrl_rep2_REP1","SK_N_SH","control","new_2"
"Interval_22367","CM_48h_rep1_REP1",4.52906998824893,"NOTCH2","CM_48h_rep1_REP1","CLBMa","48h","new_1"
"Interval_22367","CM_24h_ATAC_S165170_REP1",4.55126608807158,"NOTCH2","CM_24h_ATAC_S165170_REP1","CLBMa","24h","legacy"
"Interval_22367","CM_DMSO_ctrl_rep1_REP1",4.593436513938,"NOTCH2","CM_DMSO_ctrl_rep1_REP1","CLBMa","control","new_1"
"Interval_22367","CM_control_ATAC_S165169_REP1",3.883317489722,"NOTCH2","CM_control_ATAC_S165169_REP1","CLBMa","control","legacy"
"Interval_22367","CM_24h_rep2_REP1",4.58228545895525,"NOTCH2","CM_24h_rep2_REP1","CLBMa","24h","new_2"
"Interval_22367","CM_DMSO_ctrl_rep2_REP1",4.82370184183063,"NOTCH2","CM_DMSO_ctrl_rep2_REP1","CLBMa","control","new_2"
"Interval_22367","CM_48h_ATAC_S165167_REP1",4.47987644746717,"NOTCH2","CM_48h_ATAC_S165167_REP1","CLBMa","48h","legacy"
"Interval_22367","SH_24h_ATAC_S165164_REP1",4.40297692347719,"NOTCH2","SH_24h_ATAC_S165164_REP1","SK_N_SH","24h","legacy"
"Interval_22367","CM_24h_rep1_REP1",4.93385931328279,"NOTCH2","CM_24h_rep1_REP1","CLBMa","24h","new_1"
"Interval_22367","SH_48h_rep2_REP1",4.34601758185649,"NOTCH2","SH_48h_rep2_REP1","SK_N_SH","48h","new_2"
"Interval_22367","SH_24h_rep1_REP1",4.46150509497036,"NOTCH2","SH_24h_rep1_REP1","SK_N_SH","24h","new_1"
"Interval_22367","SH_48h_rep1_REP1",4.47644257349596,"NOTCH2","SH_48h_rep1_REP1","SK_N_SH","48h","new_1"
"Interval_22367","CM_48h_rep2_REP1",4.85841462146113,"NOTCH2","CM_48h_rep2_REP1","CLBMa","48h","new_2"
"Interval_22367","SH_DMSO_ctrl_rep1_REP1",4.59789805755744,"NOTCH2","SH_DMSO_ctrl_rep1_REP1","SK_N_SH","control","new_1"
"Interval_22367","SH_24h_rep2_REP1",4.514841947117,"NOTCH2","SH_24h_rep2_REP1","SK_N_SH","24h","new_2"
"Interval_22367","SH_control_ATAC_S165166_REP1",4.18497350193241,"NOTCH2","SH_control_ATAC_S165166_REP1","SK_N_SH","control","legacy"
"Interval_22367","SH_48h_ATAC_S165165_REP1",4.2055295962416,"NOTCH2","SH_48h_ATAC_S165165_REP1","SK_N_SH","48h","legacy"
"Interval_22367","SH_DMSO_ctrl_rep2_REP1",4.43887777607009,"NOTCH2","SH_DMSO_ctrl_rep2_REP1","SK_N_SH","control","new_2"
"Interval_22368","CM_48h_rep1_REP1",3.17514914384083,"NOTCH2","CM_48h_rep1_REP1","CLBMa","48h","new_1"
"Interval_22368","CM_24h_ATAC_S165170_REP1",3.17514914384083,"NOTCH2","CM_24h_ATAC_S165170_REP1","CLBMa","24h","legacy"
"Interval_22368","CM_DMSO_ctrl_rep1_REP1",3.17514914384083,"NOTCH2","CM_DMSO_ctrl_rep1_REP1","CLBMa","control","new_1"
"Interval_22368","CM_control_ATAC_S165169_REP1",3.883317489722,"NOTCH2","CM_control_ATAC_S165169_REP1","CLBMa","control","legacy"
"Interval_22368","CM_24h_rep2_REP1",3.57974585507583,"NOTCH2","CM_24h_rep2_REP1","CLBMa","24h","new_2"
"Interval_22368","CM_DMSO_ctrl_rep2_REP1",4.00744679541952,"NOTCH2","CM_DMSO_ctrl_rep2_REP1","CLBMa","control","new_2"
"Interval_22368","CM_48h_ATAC_S165167_REP1",3.80633290496338,"NOTCH2","CM_48h_ATAC_S165167_REP1","CLBMa","48h","legacy"
"Interval_22368","SH_24h_ATAC_S165164_REP1",4.51270648380663,"NOTCH2","SH_24h_ATAC_S165164_REP1","SK_N_SH","24h","legacy"
"Interval_22368","CM_24h_rep1_REP1",3.58179270613422,"NOTCH2","CM_24h_rep1_REP1","CLBMa","24h","new_1"
"Interval_22368","SH_48h_rep2_REP1",5.44008148658506,"NOTCH2","SH_48h_rep2_REP1","SK_N_SH","48h","new_2"
"Interval_22368","SH_24h_rep1_REP1",4.72735809167953,"NOTCH2","SH_24h_rep1_REP1","SK_N_SH","24h","new_1"
"Interval_22368","SH_48h_rep1_REP1",4.77109793773427,"NOTCH2","SH_48h_rep1_REP1","SK_N_SH","48h","new_1"
"Interval_22368","CM_48h_rep2_REP1",3.53761364271857,"NOTCH2","CM_48h_rep2_REP1","CLBMa","48h","new_2"
"Interval_22368","SH_DMSO_ctrl_rep1_REP1",4.86708080570995,"NOTCH2","SH_DMSO_ctrl_rep1_REP1","SK_N_SH","control","new_1"
"Interval_22368","SH_24h_rep2_REP1",4.70551022664181,"NOTCH2","SH_24h_rep2_REP1","SK_N_SH","24h","new_2"
"Interval_22368","SH_control_ATAC_S165166_REP1",4.27709452398273,"NOTCH2","SH_control_ATAC_S165166_REP1","SK_N_SH","control","legacy"
"Interval_22368","SH_48h_ATAC_S165165_REP1",4.2055295962416,"NOTCH2","SH_48h_ATAC_S165165_REP1","SK_N_SH","48h","legacy"
"Interval_22368","SH_DMSO_ctrl_rep2_REP1",4.84020138831541,"NOTCH2","SH_DMSO_ctrl_rep2_REP1","SK_N_SH","control","new_2"
"Interval_22369","CM_48h_rep1_REP1",5.03041748065113,"NOTCH2","CM_48h_rep1_REP1","CLBMa","48h","new_1"
"Interval_22369","CM_24h_ATAC_S165170_REP1",4.45559429768913,"NOTCH2","CM_24h_ATAC_S165170_REP1","CLBMa","24h","legacy"
"Interval_22369","CM_DMSO_ctrl_rep1_REP1",4.51783842566917,"NOTCH2","CM_DMSO_ctrl_rep1_REP1","CLBMa","control","new_1"
"Interval_22369","CM_control_ATAC_S165169_REP1",4.55280480375319,"NOTCH2","CM_control_ATAC_S165169_REP1","CLBMa","control","legacy"
"Interval_22369","CM_24h_rep2_REP1",4.92590368545056,"NOTCH2","CM_24h_rep2_REP1","CLBMa","24h","new_2"
"Interval_22369","CM_DMSO_ctrl_rep2_REP1",5.02490911586931,"NOTCH2","CM_DMSO_ctrl_rep2_REP1","CLBMa","control","new_2"
"Interval_22369","CM_48h_ATAC_S165167_REP1",5.13182989424607,"NOTCH2","CM_48h_ATAC_S165167_REP1","CLBMa","48h","legacy"
"Interval_22369","SH_24h_ATAC_S165164_REP1",5.25389625615911,"NOTCH2","SH_24h_ATAC_S165164_REP1","SK_N_SH","24h","legacy"
"Interval_22369","CM_24h_rep1_REP1",4.81619523786991,"NOTCH2","CM_24h_rep1_REP1","CLBMa","24h","new_1"
"Interval_22369","SH_48h_rep2_REP1",5.01321571431762,"NOTCH2","SH_48h_rep2_REP1","SK_N_SH","48h","new_2"
"Interval_22369","SH_24h_rep1_REP1",4.83986580125542,"NOTCH2","SH_24h_rep1_REP1","SK_N_SH","24h","new_1"
"Interval_22369","SH_48h_rep1_REP1",5.1651056743775,"NOTCH2","SH_48h_rep1_REP1","SK_N_SH","48h","new_1"
"Interval_22369","CM_48h_rep2_REP1",4.91993408308038,"NOTCH2","CM_48h_rep2_REP1","CLBMa","48h","new_2"
"Interval_22369","SH_DMSO_ctrl_rep1_REP1",5.11927550326783,"NOTCH2","SH_DMSO_ctrl_rep1_REP1","SK_N_SH","control","new_1"
"Interval_22369","SH_24h_rep2_REP1",5.31148273900255,"NOTCH2","SH_24h_rep2_REP1","SK_N_SH","24h","new_2"
"Interval_22369","SH_control_ATAC_S165166_REP1",4.50970386803034,"NOTCH2","SH_control_ATAC_S165166_REP1","SK_N_SH","control","legacy"
"Interval_22369","SH_48h_ATAC_S165165_REP1",5.38358255949526,"NOTCH2","SH_48h_ATAC_S165165_REP1","SK_N_SH","48h","legacy"
"Interval_22369","SH_DMSO_ctrl_rep2_REP1",5.37912436042559,"NOTCH2","SH_DMSO_ctrl_rep2_REP1","SK_N_SH","control","new_2"
"Interval_22371","CM_48h_rep1_REP1",5.21983690863986,"NOTCH2","CM_48h_rep1_REP1","CLBMa","48h","new_1"
"Interval_22371","CM_24h_ATAC_S165170_REP1",5.11690113217176,"NOTCH2","CM_24h_ATAC_S165170_REP1","CLBMa","24h","legacy"
"Interval_22371","CM_DMSO_ctrl_rep1_REP1",5.4431578578485,"NOTCH2","CM_DMSO_ctrl_rep1_REP1","CLBMa","control","new_1"
"Interval_22371","CM_control_ATAC_S165169_REP1",4.77018784935447,"NOTCH2","CM_control_ATAC_S165169_REP1","CLBMa","control","legacy"
"Interval_22371","CM_24h_rep2_REP1",5.51077738557603,"NOTCH2","CM_24h_rep2_REP1","CLBMa","24h","new_2"
"Interval_22371","CM_DMSO_ctrl_rep2_REP1",5.1651044026189,"NOTCH2","CM_DMSO_ctrl_rep2_REP1","CLBMa","control","new_2"
"Interval_22371","CM_48h_ATAC_S165167_REP1",4.33401771895579,"NOTCH2","CM_48h_ATAC_S165167_REP1","CLBMa","48h","legacy"
"Interval_22371","SH_24h_ATAC_S165164_REP1",4.40297692347719,"NOTCH2","SH_24h_ATAC_S165164_REP1","SK_N_SH","24h","legacy"
"Interval_22371","CM_24h_rep1_REP1",5.34403310622841,"NOTCH2","CM_24h_rep1_REP1","CLBMa","24h","new_1"
"Interval_22371","SH_48h_rep2_REP1",4.24864070737469,"NOTCH2","SH_48h_rep2_REP1","SK_N_SH","48h","new_2"
"Interval_22371","SH_24h_rep1_REP1",4.78497238859748,"NOTCH2","SH_24h_rep1_REP1","SK_N_SH","24h","new_1"
"Interval_22371","SH_48h_rep1_REP1",5.04728505932595,"NOTCH2","SH_48h_rep1_REP1","SK_N_SH","48h","new_1"
"Interval_22371","CM_48h_rep2_REP1",5.65130159884678,"NOTCH2","CM_48h_rep2_REP1","CLBMa","48h","new_2"
"Interval_22371","SH_DMSO_ctrl_rep1_REP1",5.01745277166804,"NOTCH2","SH_DMSO_ctrl_rep1_REP1","SK_N_SH","control","new_1"
"Interval_22371","SH_24h_rep2_REP1",5.01197007609265,"NOTCH2","SH_24h_rep2_REP1","SK_N_SH","24h","new_2"
"Interval_22371","SH_control_ATAC_S165166_REP1",4.18497350193241,"NOTCH2","SH_control_ATAC_S165166_REP1","SK_N_SH","control","legacy"
"Interval_22371","SH_48h_ATAC_S165165_REP1",4.7585017118101,"NOTCH2","SH_48h_ATAC_S165165_REP1","SK_N_SH","48h","legacy"
"Interval_22371","SH_DMSO_ctrl_rep2_REP1",4.84020138831541,"NOTCH2","SH_DMSO_ctrl_rep2_REP1","SK_N_SH","control","new_2"
"Interval_22372","CM_48h_rep1_REP1",3.97553438790355,"NOTCH2","CM_48h_rep1_REP1","CLBMa","48h","new_1"
"Interval_22372","CM_24h_ATAC_S165170_REP1",4.79633499016001,"NOTCH2","CM_24h_ATAC_S165170_REP1","CLBMa","24h","legacy"
"Interval_22372","CM_DMSO_ctrl_rep1_REP1",3.86441244597949,"NOTCH2","CM_DMSO_ctrl_rep1_REP1","CLBMa","control","new_1"
"Interval_22372","CM_control_ATAC_S165169_REP1",5.06113084661622,"NOTCH2","CM_control_ATAC_S165169_REP1","CLBMa","control","legacy"
"Interval_22372","CM_24h_rep2_REP1",4.15075947860284,"NOTCH2","CM_24h_rep2_REP1","CLBMa","24h","new_2"
"Interval_22372","CM_DMSO_ctrl_rep2_REP1",4.52481933825382,"NOTCH2","CM_DMSO_ctrl_rep2_REP1","CLBMa","control","new_2"
"Interval_22372","CM_48h_ATAC_S165167_REP1",4.87468716923707,"NOTCH2","CM_48h_ATAC_S165167_REP1","CLBMa","48h","legacy"
"Interval_22372","SH_24h_ATAC_S165164_REP1",4.279626375605,"NOTCH2","SH_24h_ATAC_S165164_REP1","SK_N_SH","24h","legacy"
"Interval_22372","CM_24h_rep1_REP1",4.36510309640226,"NOTCH2","CM_24h_rep1_REP1","CLBMa","24h","new_1"
"Interval_22372","SH_48h_rep2_REP1",3.66403865860497,"NOTCH2","SH_48h_rep2_REP1","SK_N_SH","48h","new_2"
"Interval_22372","SH_24h_rep1_REP1",4.09929047846117,"NOTCH2","SH_24h_rep1_REP1","SK_N_SH","24h","new_1"
"Interval_22372","SH_48h_rep1_REP1",4.24906999828723,"NOTCH2","SH_48h_rep1_REP1","SK_N_SH","48h","new_1"
"Interval_22372","CM_48h_rep2_REP1",4.44416486183963,"NOTCH2","CM_48h_rep2_REP1","CLBMa","48h","new_2"
"Interval_22372","SH_DMSO_ctrl_rep1_REP1",4.16201037100094,"NOTCH2","SH_DMSO_ctrl_rep1_REP1","SK_N_SH","control","new_1"
"Interval_22372","SH_24h_rep2_REP1",3.96674516477357,"NOTCH2","SH_24h_rep2_REP1","SK_N_SH","24h","new_2"
"Interval_22372","SH_control_ATAC_S165166_REP1",4.18497350193241,"NOTCH2","SH_control_ATAC_S165166_REP1","SK_N_SH","control","legacy"
"Interval_22372","SH_48h_ATAC_S165165_REP1",4.02222617522227,"NOTCH2","SH_48h_ATAC_S165165_REP1","SK_N_SH","48h","legacy"
"Interval_22372","SH_DMSO_ctrl_rep2_REP1",4.04157658941312,"NOTCH2","SH_DMSO_ctrl_rep2_REP1","SK_N_SH","control","new_2"
"Interval_22373","CM_48h_rep1_REP1",4.52906998824893,"NOTCH2","CM_48h_rep1_REP1","CLBMa","48h","new_1"
"Interval_22373","CM_24h_ATAC_S165170_REP1",5.05914199276111,"NOTCH2","CM_24h_ATAC_S165170_REP1","CLBMa","24h","legacy"
"Interval_22373","CM_DMSO_ctrl_rep1_REP1",4.73059400583784,"NOTCH2","CM_DMSO_ctrl_rep1_REP1","CLBMa","control","new_1"
"Interval_22373","CM_control_ATAC_S165169_REP1",5.20756594614139,"NOTCH2","CM_control_ATAC_S165169_REP1","CLBMa","control","legacy"
"Interval_22373","CM_24h_rep2_REP1",5.38746902167129,"NOTCH2","CM_24h_rep2_REP1","CLBMa","24h","new_2"
"Interval_22373","CM_DMSO_ctrl_rep2_REP1",4.98724724092702,"NOTCH2","CM_DMSO_ctrl_rep2_REP1","CLBMa","control","new_2"
"Interval_22373","CM_48h_ATAC_S165167_REP1",5.47027185114079,"NOTCH2","CM_48h_ATAC_S165167_REP1","CLBMa","48h","legacy"
"Interval_22373","SH_24h_ATAC_S165164_REP1",3.96542701036001,"NOTCH2","SH_24h_ATAC_S165164_REP1","SK_N_SH","24h","legacy"
"Interval_22373","CM_24h_rep1_REP1",4.42580002339768,"NOTCH2","CM_24h_rep1_REP1","CLBMa","24h","new_1"
"Interval_22373","SH_48h_rep2_REP1",3.86331362310218,"NOTCH2","SH_48h_rep2_REP1","SK_N_SH","48h","new_2"
"Interval_22373","SH_24h_rep1_REP1",3.83410245758678,"NOTCH2","SH_24h_rep1_REP1","SK_N_SH","24h","new_1"
"Interval_22373","SH_48h_rep1_REP1",4.24906999828723,"NOTCH2","SH_48h_rep1_REP1","SK_N_SH","48h","new_1"
"Interval_22373","CM_48h_rep2_REP1",5.06134090367293,"NOTCH2","CM_48h_rep2_REP1","CLBMa","48h","new_2"
"Interval_22373","SH_DMSO_ctrl_rep1_REP1",3.87962995751088,"NOTCH2","SH_DMSO_ctrl_rep1_REP1","SK_N_SH","control","new_1"
"Interval_22373","SH_24h_rep2_REP1",3.86279565812462,"NOTCH2","SH_24h_rep2_REP1","SK_N_SH","24h","new_2"
"Interval_22373","SH_control_ATAC_S165166_REP1",4.08191582698922,"NOTCH2","SH_control_ATAC_S165166_REP1","SK_N_SH","control","legacy"
"Interval_22373","SH_48h_ATAC_S165165_REP1",4.2843692292152,"NOTCH2","SH_48h_ATAC_S165165_REP1","SK_N_SH","48h","legacy"
"Interval_22373","SH_DMSO_ctrl_rep2_REP1",4.04157658941312,"NOTCH2","SH_DMSO_ctrl_rep2_REP1","SK_N_SH","control","new_2"
"Interval_22374","CM_48h_rep1_REP1",6.09187174485418,"NOTCH2","CM_48h_rep1_REP1","CLBMa","48h","new_1"
"Interval_22374","CM_24h_ATAC_S165170_REP1",5.37193530273589,"NOTCH2","CM_24h_ATAC_S165170_REP1","CLBMa","24h","legacy"
"Interval_22374","CM_DMSO_ctrl_rep1_REP1",5.82136683471876,"NOTCH2","CM_DMSO_ctrl_rep1_REP1","CLBMa","control","new_1"
"Interval_22374","CM_control_ATAC_S165169_REP1",5.53226814848926,"NOTCH2","CM_control_ATAC_S165169_REP1","CLBMa","control","legacy"
"Interval_22374","CM_24h_rep2_REP1",6.1986087972537,"NOTCH2","CM_24h_rep2_REP1","CLBMa","24h","new_2"
"Interval_22374","CM_DMSO_ctrl_rep2_REP1",6.25723098989447,"NOTCH2","CM_DMSO_ctrl_rep2_REP1","CLBMa","control","new_2"
"Interval_22374","CM_48h_ATAC_S165167_REP1",5.49976424012785,"NOTCH2","CM_48h_ATAC_S165167_REP1","CLBMa","48h","legacy"
"Interval_22374","SH_24h_ATAC_S165164_REP1",5.67827097408143,"NOTCH2","SH_24h_ATAC_S165164_REP1","SK_N_SH","24h","legacy"
"Interval_22374","CM_24h_rep1_REP1",6.02710611621818,"NOTCH2","CM_24h_rep1_REP1","CLBMa","24h","new_1"
"Interval_22374","SH_48h_rep2_REP1",5.54495608136216,"NOTCH2","SH_48h_rep2_REP1","SK_N_SH","48h","new_2"
"Interval_22374","SH_24h_rep1_REP1",5.24665197334344,"NOTCH2","SH_24h_rep1_REP1","SK_N_SH","24h","new_1"
"Interval_22374","SH_48h_rep1_REP1",5.34009087580854,"NOTCH2","SH_48h_rep1_REP1","SK_N_SH","48h","new_1"
"Interval_22374","CM_48h_rep2_REP1",6.30256704222647,"NOTCH2","CM_48h_rep2_REP1","CLBMa","48h","new_2"
"Interval_22374","SH_DMSO_ctrl_rep1_REP1",5.40970257129623,"NOTCH2","SH_DMSO_ctrl_rep1_REP1","SK_N_SH","control","new_1"
"Interval_22374","SH_24h_rep2_REP1",5.53221168115434,"NOTCH2","SH_24h_rep2_REP1","SK_N_SH","24h","new_2"
"Interval_22374","SH_control_ATAC_S165166_REP1",5.8379204984471,"NOTCH2","SH_control_ATAC_S165166_REP1","SK_N_SH","control","legacy"
"Interval_22374","SH_48h_ATAC_S165165_REP1",6.07303668357841,"NOTCH2","SH_48h_ATAC_S165165_REP1","SK_N_SH","48h","legacy"
"Interval_22374","SH_DMSO_ctrl_rep2_REP1",5.47337153898579,"NOTCH2","SH_DMSO_ctrl_rep2_REP1","SK_N_SH","control","new_2"
"Interval_22375","CM_48h_rep1_REP1",7.59283768490122,"NOTCH2","CM_48h_rep1_REP1","CLBMa","48h","new_1"
"Interval_22375","CM_24h_ATAC_S165170_REP1",6.82713993265502,"NOTCH2","CM_24h_ATAC_S165170_REP1","CLBMa","24h","legacy"
"Interval_22375","CM_DMSO_ctrl_rep1_REP1",7.66978423495299,"NOTCH2","CM_DMSO_ctrl_rep1_REP1","CLBMa","control","new_1"
"Interval_22375","CM_control_ATAC_S165169_REP1",7.12521573078715,"NOTCH2","CM_control_ATAC_S165169_REP1","CLBMa","control","legacy"
"Interval_22375","CM_24h_rep2_REP1",7.91616556690906,"NOTCH2","CM_24h_rep2_REP1","CLBMa","24h","new_2"
"Interval_22375","CM_DMSO_ctrl_rep2_REP1",7.76688391225857,"NOTCH2","CM_DMSO_ctrl_rep2_REP1","CLBMa","control","new_2"
"Interval_22375","CM_48h_ATAC_S165167_REP1",6.89807505044561,"NOTCH2","CM_48h_ATAC_S165167_REP1","CLBMa","48h","legacy"
"Interval_22375","SH_24h_ATAC_S165164_REP1",6.73089774953112,"NOTCH2","SH_24h_ATAC_S165164_REP1","SK_N_SH","24h","legacy"
"Interval_22375","CM_24h_rep1_REP1",7.57202529682138,"NOTCH2","CM_24h_rep1_REP1","CLBMa","24h","new_1"
"Interval_22375","SH_48h_rep2_REP1",6.74640202450793,"NOTCH2","SH_48h_rep2_REP1","SK_N_SH","48h","new_2"
"Interval_22375","SH_24h_rep1_REP1",7.07060057181424,"NOTCH2","SH_24h_rep1_REP1","SK_N_SH","24h","new_1"
"Interval_22375","SH_48h_rep1_REP1",6.93319099739614,"NOTCH2","SH_48h_rep1_REP1","SK_N_SH","48h","new_1"
"Interval_22375","CM_48h_rep2_REP1",7.8513097521465,"NOTCH2","CM_48h_rep2_REP1","CLBMa","48h","new_2"
"Interval_22375","SH_DMSO_ctrl_rep1_REP1",7.75585008398941,"NOTCH2","SH_DMSO_ctrl_rep1_REP1","SK_N_SH","control","new_1"
"Interval_22375","SH_24h_rep2_REP1",6.86231818250594,"NOTCH2","SH_24h_rep2_REP1","SK_N_SH","24h","new_2"
"Interval_22375","SH_control_ATAC_S165166_REP1",6.8346844458801,"NOTCH2","SH_control_ATAC_S165166_REP1","SK_N_SH","control","legacy"
"Interval_22375","SH_48h_ATAC_S165165_REP1",6.53118826361432,"NOTCH2","SH_48h_ATAC_S165165_REP1","SK_N_SH","48h","legacy"
"Interval_22375","SH_DMSO_ctrl_rep2_REP1",7.49794472431533,"NOTCH2","SH_DMSO_ctrl_rep2_REP1","SK_N_SH","control","new_2"
"Interval_22377","CM_48h_rep1_REP1",3.97553438790355,"NOTCH2","CM_48h_rep1_REP1","CLBMa","48h","new_1"
"Interval_22377","CM_24h_ATAC_S165170_REP1",4.23152443990454,"NOTCH2","CM_24h_ATAC_S165170_REP1","CLBMa","24h","legacy"
"Interval_22377","CM_DMSO_ctrl_rep1_REP1",4.14106931458761,"NOTCH2","CM_DMSO_ctrl_rep1_REP1","CLBMa","control","new_1"
"Interval_22377","CM_control_ATAC_S165169_REP1",5.16061187826058,"NOTCH2","CM_control_ATAC_S165169_REP1","CLBMa","control","legacy"
"Interval_22377","CM_24h_rep2_REP1",4.63136673264232,"NOTCH2","CM_24h_rep2_REP1","CLBMa","24h","new_2"
"Interval_22377","CM_DMSO_ctrl_rep2_REP1",4.82370184183063,"NOTCH2","CM_DMSO_ctrl_rep2_REP1","CLBMa","control","new_2"
"Interval_22377","CM_48h_ATAC_S165167_REP1",4.60766213464147,"NOTCH2","CM_48h_ATAC_S165167_REP1","CLBMa","48h","legacy"
"Interval_22377","SH_24h_ATAC_S165164_REP1",4.70311811729261,"NOTCH2","SH_24h_ATAC_S165164_REP1","SK_N_SH","24h","legacy"
"Interval_22377","CM_24h_rep1_REP1",4.42580002339768,"NOTCH2","CM_24h_rep1_REP1","CLBMa","24h","new_1"
"Interval_22377","SH_48h_rep2_REP1",4.01411646448596,"NOTCH2","SH_48h_rep2_REP1","SK_N_SH","48h","new_2"
"Interval_22377","SH_24h_rep1_REP1",3.83410245758678,"NOTCH2","SH_24h_rep1_REP1","SK_N_SH","24h","new_1"
"Interval_22377","SH_48h_rep1_REP1",4.33092720035118,"NOTCH2","SH_48h_rep1_REP1","SK_N_SH","48h","new_1"
"Interval_22377","CM_48h_rep2_REP1",4.5734456047004,"NOTCH2","CM_48h_rep2_REP1","CLBMa","48h","new_2"
"Interval_22377","SH_DMSO_ctrl_rep1_REP1",4.54599477488914,"NOTCH2","SH_DMSO_ctrl_rep1_REP1","SK_N_SH","control","new_1"
"Interval_22377","SH_24h_rep2_REP1",4.78990531614694,"NOTCH2","SH_24h_rep2_REP1","SK_N_SH","24h","new_2"
"Interval_22377","SH_control_ATAC_S165166_REP1",4.86233820276534,"NOTCH2","SH_control_ATAC_S165166_REP1","SK_N_SH","control","legacy"
"Interval_22377","SH_48h_ATAC_S165165_REP1",4.2055295962416,"NOTCH2","SH_48h_ATAC_S165165_REP1","SK_N_SH","48h","legacy"
"Interval_22377","SH_DMSO_ctrl_rep2_REP1",4.38334302117279,"NOTCH2","SH_DMSO_ctrl_rep2_REP1","SK_N_SH","control","new_2"
"Interval_22378","CM_48h_rep1_REP1",4.41815628734617,"NOTCH2","CM_48h_rep1_REP1","CLBMa","48h","new_1"
"Interval_22378","CM_24h_ATAC_S165170_REP1",4.79633499016001,"NOTCH2","CM_24h_ATAC_S165170_REP1","CLBMa","24h","legacy"
"Interval_22378","CM_DMSO_ctrl_rep1_REP1",3.86441244597949,"NOTCH2","CM_DMSO_ctrl_rep1_REP1","CLBMa","control","new_1"
"Interval_22378","CM_control_ATAC_S165169_REP1",5.20756594614139,"NOTCH2","CM_control_ATAC_S165169_REP1","CLBMa","control","legacy"
"Interval_22378","CM_24h_rep2_REP1",4.9625682699511,"NOTCH2","CM_24h_rep2_REP1","CLBMa","24h","new_2"
"Interval_22378","CM_DMSO_ctrl_rep2_REP1",4.33693877652063,"NOTCH2","CM_DMSO_ctrl_rep2_REP1","CLBMa","control","new_2"
"Interval_22378","CM_48h_ATAC_S165167_REP1",4.92147716693387,"NOTCH2","CM_48h_ATAC_S165167_REP1","CLBMa","48h","legacy"
"Interval_22378","SH_24h_ATAC_S165164_REP1",5.50613010493951,"NOTCH2","SH_24h_ATAC_S165164_REP1","SK_N_SH","24h","legacy"
"Interval_22378","CM_24h_rep1_REP1",4.53730787424598,"NOTCH2","CM_24h_rep1_REP1","CLBMa","24h","new_1"
"Interval_22378","SH_48h_rep2_REP1",5.20132886092749,"NOTCH2","SH_48h_rep2_REP1","SK_N_SH","48h","new_2"
"Interval_22378","SH_24h_rep1_REP1",5.08201454715682,"NOTCH2","SH_24h_rep1_REP1","SK_N_SH","24h","new_1"
"Interval_22378","SH_48h_rep1_REP1",5.04728505932595,"NOTCH2","SH_48h_rep1_REP1","SK_N_SH","48h","new_1"
"Interval_22378","CM_48h_rep2_REP1",4.65170890027993,"NOTCH2","CM_48h_rep2_REP1","CLBMa","48h","new_2"
"Interval_22378","SH_DMSO_ctrl_rep1_REP1",5.18284581385121,"NOTCH2","SH_DMSO_ctrl_rep1_REP1","SK_N_SH","control","new_1"
"Interval_22378","SH_24h_rep2_REP1",5.04533342004147,"NOTCH2","SH_24h_rep2_REP1","SK_N_SH","24h","new_2"
"Interval_22378","SH_control_ATAC_S165166_REP1",5.21202641434263,"NOTCH2","SH_control_ATAC_S165166_REP1","SK_N_SH","control","legacy"
"Interval_22378","SH_48h_ATAC_S165165_REP1",5.32416553261213,"NOTCH2","SH_48h_ATAC_S165165_REP1","SK_N_SH","48h","legacy"
"Interval_22378","SH_DMSO_ctrl_rep2_REP1",5.01462818178898,"NOTCH2","SH_DMSO_ctrl_rep2_REP1","SK_N_SH","control","new_2"
"Interval_22379","CM_48h_rep1_REP1",6.55777385112911,"NOTCH2","CM_48h_rep1_REP1","CLBMa","48h","new_1"
"Interval_22379","CM_24h_ATAC_S165170_REP1",6.8108620706333,"NOTCH2","CM_24h_ATAC_S165170_REP1","CLBMa","24h","legacy"
"Interval_22379","CM_DMSO_ctrl_rep1_REP1",6.9730509374976,"NOTCH2","CM_DMSO_ctrl_rep1_REP1","CLBMa","control","new_1"
"Interval_22379","CM_control_ATAC_S165169_REP1",6.74460301842949,"NOTCH2","CM_control_ATAC_S165169_REP1","CLBMa","control","legacy"
"Interval_22379","CM_24h_rep2_REP1",6.64674520021111,"NOTCH2","CM_24h_rep2_REP1","CLBMa","24h","new_2"
"Interval_22379","CM_DMSO_ctrl_rep2_REP1",6.84179993282146,"NOTCH2","CM_DMSO_ctrl_rep2_REP1","CLBMa","control","new_2"
"Interval_22379","CM_48h_ATAC_S165167_REP1",6.6022119318814,"NOTCH2","CM_48h_ATAC_S165167_REP1","CLBMa","48h","legacy"
"Interval_22379","SH_24h_ATAC_S165164_REP1",7.03755043686989,"NOTCH2","SH_24h_ATAC_S165164_REP1","SK_N_SH","24h","legacy"
"Interval_22379","CM_24h_rep1_REP1",7.0238097555359,"NOTCH2","CM_24h_rep1_REP1","CLBMa","24h","new_1"
"Interval_22379","SH_48h_rep2_REP1",6.65872109226988,"NOTCH2","SH_48h_rep2_REP1","SK_N_SH","48h","new_2"
"Interval_22379","SH_24h_rep1_REP1",6.29243483927038,"NOTCH2","SH_24h_rep1_REP1","SK_N_SH","24h","new_1"
"Interval_22379","SH_48h_rep1_REP1",6.55548695148711,"NOTCH2","SH_48h_rep1_REP1","SK_N_SH","48h","new_1"
"Interval_22379","CM_48h_rep2_REP1",6.78368764084475,"NOTCH2","CM_48h_rep2_REP1","CLBMa","48h","new_2"
"Interval_22379","SH_DMSO_ctrl_rep1_REP1",6.6858452464802,"NOTCH2","SH_DMSO_ctrl_rep1_REP1","SK_N_SH","control","new_1"
"Interval_22379","SH_24h_rep2_REP1",6.57412940061963,"NOTCH2","SH_24h_rep2_REP1","SK_N_SH","24h","new_2"
"Interval_22379","SH_control_ATAC_S165166_REP1",6.85794317218096,"NOTCH2","SH_control_ATAC_S165166_REP1","SK_N_SH","control","legacy"
"Interval_22379","SH_48h_ATAC_S165165_REP1",7.07061044617645,"NOTCH2","SH_48h_ATAC_S165165_REP1","SK_N_SH","48h","legacy"
"Interval_22379","SH_DMSO_ctrl_rep2_REP1",6.64138631105365,"NOTCH2","SH_DMSO_ctrl_rep2_REP1","SK_N_SH","control","new_2"
"Interval_22380","CM_48h_rep1_REP1",6.20957375827715,"NOTCH2","CM_48h_rep1_REP1","CLBMa","48h","new_1"
"Interval_22380","CM_24h_ATAC_S165170_REP1",4.86761323856463,"NOTCH2","CM_24h_ATAC_S165170_REP1","CLBMa","24h","legacy"
"Interval_22380","CM_DMSO_ctrl_rep1_REP1",6.48621510875975,"NOTCH2","CM_DMSO_ctrl_rep1_REP1","CLBMa","control","new_1"
"Interval_22380","CM_control_ATAC_S165169_REP1",5.56777422231172,"NOTCH2","CM_control_ATAC_S165169_REP1","CLBMa","control","legacy"
"Interval_22380","CM_24h_rep2_REP1",6.83143181975838,"NOTCH2","CM_24h_rep2_REP1","CLBMa","24h","new_2"
"Interval_22380","CM_DMSO_ctrl_rep2_REP1",6.42424903520909,"NOTCH2","CM_DMSO_ctrl_rep2_REP1","CLBMa","control","new_2"
"Interval_22380","CM_48h_ATAC_S165167_REP1",5.34525029881045,"NOTCH2","CM_48h_ATAC_S165167_REP1","CLBMa","48h","legacy"
"Interval_22380","SH_24h_ATAC_S165164_REP1",3.17514914384083,"NOTCH2","SH_24h_ATAC_S165164_REP1","SK_N_SH","24h","legacy"
"Interval_22380","CM_24h_rep1_REP1",6.47022670770917,"NOTCH2","CM_24h_rep1_REP1","CLBMa","24h","new_1"
"Interval_22380","SH_48h_rep2_REP1",3.17514914384083,"NOTCH2","SH_48h_rep2_REP1","SK_N_SH","48h","new_2"
"Interval_22380","SH_24h_rep1_REP1",4.09929047846117,"NOTCH2","SH_24h_rep1_REP1","SK_N_SH","24h","new_1"
"Interval_22380","SH_48h_rep1_REP1",3.80458807715515,"NOTCH2","SH_48h_rep1_REP1","SK_N_SH","48h","new_1"
"Interval_22380","CM_48h_rep2_REP1",6.25945229475697,"NOTCH2","CM_48h_rep2_REP1","CLBMa","48h","new_2"
"Interval_22380","SH_DMSO_ctrl_rep1_REP1",4.07884587428038,"NOTCH2","SH_DMSO_ctrl_rep1_REP1","SK_N_SH","control","new_1"
"Interval_22380","SH_24h_rep2_REP1",3.17514914384083,"NOTCH2","SH_24h_rep2_REP1","SK_N_SH","24h","new_2"
"Interval_22380","SH_control_ATAC_S165166_REP1",4.18497350193241,"NOTCH2","SH_control_ATAC_S165166_REP1","SK_N_SH","control","legacy"
"Interval_22380","SH_48h_ATAC_S165165_REP1",3.91130985581923,"NOTCH2","SH_48h_ATAC_S165165_REP1","SK_N_SH","48h","legacy"
"Interval_22380","SH_DMSO_ctrl_rep2_REP1",3.85023635346072,"NOTCH2","SH_DMSO_ctrl_rep2_REP1","SK_N_SH","control","new_2"
"Interval_22381","CM_48h_rep1_REP1",6.44303708516265,"NOTCH2","CM_48h_rep1_REP1","CLBMa","48h","new_1"
"Interval_22381","CM_24h_ATAC_S165170_REP1",5.05914199276111,"NOTCH2","CM_24h_ATAC_S165170_REP1","CLBMa","24h","legacy"
"Interval_22381","CM_DMSO_ctrl_rep1_REP1",6.26473055435903,"NOTCH2","CM_DMSO_ctrl_rep1_REP1","CLBMa","control","new_1"
"Interval_22381","CM_control_ATAC_S165169_REP1",5.53226814848926,"NOTCH2","CM_control_ATAC_S165169_REP1","CLBMa","control","legacy"
"Interval_22381","CM_24h_rep2_REP1",5.84306940657635,"NOTCH2","CM_24h_rep2_REP1","CLBMa","24h","new_2"
"Interval_22381","CM_DMSO_ctrl_rep2_REP1",5.76620819484038,"NOTCH2","CM_DMSO_ctrl_rep2_REP1","CLBMa","control","new_2"
"Interval_22381","CM_48h_ATAC_S165167_REP1",4.87468716923707,"NOTCH2","CM_48h_ATAC_S165167_REP1","CLBMa","48h","legacy"
"Interval_22381","SH_24h_ATAC_S165164_REP1",5.0091990067033,"NOTCH2","SH_24h_ATAC_S165164_REP1","SK_N_SH","24h","legacy"
"Interval_22381","CM_24h_rep1_REP1",6.12158395001722,"NOTCH2","CM_24h_rep1_REP1","CLBMa","24h","new_1"
"Interval_22381","SH_48h_rep2_REP1",4.51580202325875,"NOTCH2","SH_48h_rep2_REP1","SK_N_SH","48h","new_2"
"Interval_22381","SH_24h_rep1_REP1",5.12522175588907,"NOTCH2","SH_24h_rep1_REP1","SK_N_SH","24h","new_1"
"Interval_22381","SH_48h_rep1_REP1",4.96204866460348,"NOTCH2","SH_48h_rep1_REP1","SK_N_SH","48h","new_1"
"Interval_22381","CM_48h_rep2_REP1",5.70137095841228,"NOTCH2","CM_48h_rep2_REP1","CLBMa","48h","new_2"
"Interval_22381","SH_DMSO_ctrl_rep1_REP1",5.92264815260544,"NOTCH2","SH_DMSO_ctrl_rep1_REP1","SK_N_SH","control","new_1"
"Interval_22381","SH_24h_rep2_REP1",5.22877959559976,"NOTCH2","SH_24h_rep2_REP1","SK_N_SH","24h","new_2"
"Interval_22381","SH_control_ATAC_S165166_REP1",4.86233820276534,"NOTCH2","SH_control_ATAC_S165166_REP1","SK_N_SH","control","legacy"
"Interval_22381","SH_48h_ATAC_S165165_REP1",4.80558210886969,"NOTCH2","SH_48h_ATAC_S165165_REP1","SK_N_SH","48h","legacy"
"Interval_22381","SH_DMSO_ctrl_rep2_REP1",5.7590649407651,"NOTCH2","SH_DMSO_ctrl_rep2_REP1","SK_N_SH","control","new_2"
"Interval_88684","CM_48h_rep1_REP1",5.66338634165258,"MAML2","CM_48h_rep1_REP1","CLBMa","48h","new_1"
"Interval_88684","CM_24h_ATAC_S165170_REP1",3.17514914384083,"MAML2","CM_24h_ATAC_S165170_REP1","CLBMa","24h","legacy"
"Interval_88684","CM_DMSO_ctrl_rep1_REP1",5.82136683471876,"MAML2","CM_DMSO_ctrl_rep1_REP1","CLBMa","control","new_1"
"Interval_88684","CM_control_ATAC_S165169_REP1",4.37886416699489,"MAML2","CM_control_ATAC_S165169_REP1","CLBMa","control","legacy"
"Interval_88684","CM_24h_rep2_REP1",4.63136673264232,"MAML2","CM_24h_rep2_REP1","CLBMa","24h","new_2"
"Interval_88684","CM_DMSO_ctrl_rep2_REP1",4.58057005031979,"MAML2","CM_DMSO_ctrl_rep2_REP1","CLBMa","control","new_2"
"Interval_88684","CM_48h_ATAC_S165167_REP1",4.16177748128239,"MAML2","CM_48h_ATAC_S165167_REP1","CLBMa","48h","legacy"
"Interval_88684","SH_24h_ATAC_S165164_REP1",4.1372567723856,"MAML2","SH_24h_ATAC_S165164_REP1","SK_N_SH","24h","legacy"
"Interval_88684","CM_24h_rep1_REP1",6.0107162125514,"MAML2","CM_24h_rep1_REP1","CLBMa","24h","new_1"
"Interval_88684","SH_48h_rep2_REP1",3.86331362310218,"MAML2","SH_48h_rep2_REP1","SK_N_SH","48h","new_2"
"Interval_88684","SH_24h_rep1_REP1",3.83410245758678,"MAML2","SH_24h_rep1_REP1","SK_N_SH","24h","new_1"
"Interval_88684","SH_48h_rep1_REP1",3.94308207151381,"MAML2","SH_48h_rep1_REP1","SK_N_SH","48h","new_1"
"Interval_88684","CM_48h_rep2_REP1",4.44416486183963,"MAML2","CM_48h_rep2_REP1","CLBMa","48h","new_2"
"Interval_88684","SH_DMSO_ctrl_rep1_REP1",3.87962995751088,"MAML2","SH_DMSO_ctrl_rep1_REP1","SK_N_SH","control","new_1"
"Interval_88684","SH_24h_rep2_REP1",3.57465321421151,"MAML2","SH_24h_rep2_REP1","SK_N_SH","24h","new_2"
"Interval_88684","SH_control_ATAC_S165166_REP1",4.08191582698922,"MAML2","SH_control_ATAC_S165166_REP1","SK_N_SH","control","legacy"
"Interval_88684","SH_48h_ATAC_S165165_REP1",3.60322567301308,"MAML2","SH_48h_ATAC_S165165_REP1","SK_N_SH","48h","legacy"
"Interval_88684","SH_DMSO_ctrl_rep2_REP1",4.19446193178523,"MAML2","SH_DMSO_ctrl_rep2_REP1","SK_N_SH","control","new_2"
"Interval_88686","CM_48h_rep1_REP1",5.57681665787759,"MAML2","CM_48h_rep1_REP1","CLBMa","48h","new_1"
"Interval_88686","CM_24h_ATAC_S165170_REP1",5.99133829446771,"MAML2","CM_24h_ATAC_S165170_REP1","CLBMa","24h","legacy"
"Interval_88686","CM_DMSO_ctrl_rep1_REP1",5.61379162518899,"MAML2","CM_DMSO_ctrl_rep1_REP1","CLBMa","control","new_1"
"Interval_88686","CM_control_ATAC_S165169_REP1",6.81790036745834,"MAML2","CM_control_ATAC_S165169_REP1","CLBMa","control","legacy"
"Interval_88686","CM_24h_rep2_REP1",5.46282203561766,"MAML2","CM_24h_rep2_REP1","CLBMa","24h","new_2"
"Interval_88686","CM_DMSO_ctrl_rep2_REP1",5.82797487964293,"MAML2","CM_DMSO_ctrl_rep2_REP1","CLBMa","control","new_2"
"Interval_88686","CM_48h_ATAC_S165167_REP1",5.92212419100812,"MAML2","CM_48h_ATAC_S165167_REP1","CLBMa","48h","legacy"
"Interval_88686","SH_24h_ATAC_S165164_REP1",5.0091990067033,"MAML2","SH_24h_ATAC_S165164_REP1","SK_N_SH","24h","legacy"
"Interval_88686","CM_24h_rep1_REP1",5.20152148739222,"MAML2","CM_24h_rep1_REP1","CLBMa","24h","new_1"
"Interval_88686","SH_48h_rep2_REP1",5.15686532145331,"MAML2","SH_48h_rep2_REP1","SK_N_SH","48h","new_2"
"Interval_88686","SH_24h_rep1_REP1",5.28470114587879,"MAML2","SH_24h_rep1_REP1","SK_N_SH","24h","new_1"
"Interval_88686","SH_48h_rep1_REP1",5.34009087580854,"MAML2","SH_48h_rep1_REP1","SK_N_SH","48h","new_1"
"Interval_88686","CM_48h_rep2_REP1",5.46953004301713,"MAML2","CM_48h_rep2_REP1","CLBMa","48h","new_2"
"Interval_88686","SH_DMSO_ctrl_rep1_REP1",6.4622842365953,"MAML2","SH_DMSO_ctrl_rep1_REP1","SK_N_SH","control","new_1"
"Interval_88686","SH_24h_rep2_REP1",4.90606157352655,"MAML2","SH_24h_rep2_REP1","SK_N_SH","24h","new_2"
"Interval_88686","SH_control_ATAC_S165166_REP1",5.4227762790112,"MAML2","SH_control_ATAC_S165166_REP1","SK_N_SH","control","legacy"
"Interval_88686","SH_48h_ATAC_S165165_REP1",5.41231146273023,"MAML2","SH_48h_ATAC_S165165_REP1","SK_N_SH","48h","legacy"
"Interval_88686","SH_DMSO_ctrl_rep2_REP1",6.09955797450606,"MAML2","SH_DMSO_ctrl_rep2_REP1","SK_N_SH","control","new_2"
"Interval_88691","CM_48h_rep1_REP1",5.33211154730745,"MAML2","CM_48h_rep1_REP1","CLBMa","48h","new_1"
"Interval_88691","CM_24h_ATAC_S165170_REP1",4.35003823170277,"MAML2","CM_24h_ATAC_S165170_REP1","CLBMa","24h","legacy"
"Interval_88691","CM_DMSO_ctrl_rep1_REP1",4.73059400583784,"MAML2","CM_DMSO_ctrl_rep1_REP1","CLBMa","control","new_1"
"Interval_88691","CM_control_ATAC_S165169_REP1",4.46950219576167,"MAML2","CM_control_ATAC_S165169_REP1","CLBMa","control","legacy"
"Interval_88691","CM_24h_rep2_REP1",4.35939196957545,"MAML2","CM_24h_rep2_REP1","CLBMa","24h","new_2"
"Interval_88691","CM_DMSO_ctrl_rep2_REP1",3.76769412083753,"MAML2","CM_DMSO_ctrl_rep2_REP1","CLBMa","control","new_2"
"Interval_88691","CM_48h_ATAC_S165167_REP1",4.47987644746717,"MAML2","CM_48h_ATAC_S165167_REP1","CLBMa","48h","legacy"
"Interval_88691","SH_24h_ATAC_S165164_REP1",4.279626375605,"MAML2","SH_24h_ATAC_S165164_REP1","SK_N_SH","24h","legacy"
"Interval_88691","CM_24h_rep1_REP1",4.93385931328279,"MAML2","CM_24h_rep1_REP1","CLBMa","24h","new_1"
"Interval_88691","SH_48h_rep2_REP1",4.85056457428162,"MAML2","SH_48h_rep2_REP1","SK_N_SH","48h","new_2"
"Interval_88691","SH_24h_rep1_REP1",3.97880143653101,"MAML2","SH_24h_rep1_REP1","SK_N_SH","24h","new_1"
"Interval_88691","SH_48h_rep1_REP1",4.05852259844919,"MAML2","SH_48h_rep1_REP1","SK_N_SH","48h","new_1"
"Interval_88691","CM_48h_rep2_REP1",3.97740126260944,"MAML2","CM_48h_rep2_REP1","CLBMa","48h","new_2"
"Interval_88691","SH_DMSO_ctrl_rep1_REP1",4.49143679154461,"MAML2","SH_DMSO_ctrl_rep1_REP1","SK_N_SH","control","new_1"
"Interval_88691","SH_24h_rep2_REP1",4.66084516463788,"MAML2","SH_24h_rep2_REP1","SK_N_SH","24h","new_2"
"Interval_88691","SH_control_ATAC_S165166_REP1",4.08191582698922,"MAML2","SH_control_ATAC_S165166_REP1","SK_N_SH","control","legacy"
"Interval_88691","SH_48h_ATAC_S165165_REP1",4.65811378784321,"MAML2","SH_48h_ATAC_S165165_REP1","SK_N_SH","48h","legacy"
"Interval_88691","SH_DMSO_ctrl_rep2_REP1",4.6793889528882,"MAML2","SH_DMSO_ctrl_rep2_REP1","SK_N_SH","control","new_2"
"Interval_88692","CM_48h_rep1_REP1",6.95844267110797,"MAML2","CM_48h_rep1_REP1","CLBMa","48h","new_1"
"Interval_88692","CM_24h_ATAC_S165170_REP1",7.42640710163458,"MAML2","CM_24h_ATAC_S165170_REP1","CLBMa","24h","legacy"
"Interval_88692","CM_DMSO_ctrl_rep1_REP1",6.48621510875975,"MAML2","CM_DMSO_ctrl_rep1_REP1","CLBMa","control","new_1"
"Interval_88692","CM_control_ATAC_S165169_REP1",7.47149881650273,"MAML2","CM_control_ATAC_S165169_REP1","CLBMa","control","legacy"
"Interval_88692","CM_24h_rep2_REP1",6.7661459223499,"MAML2","CM_24h_rep2_REP1","CLBMa","24h","new_2"
"Interval_88692","CM_DMSO_ctrl_rep2_REP1",6.71934197788055,"MAML2","CM_DMSO_ctrl_rep2_REP1","CLBMa","control","new_2"
"Interval_88692","CM_48h_ATAC_S165167_REP1",7.53440919364079,"MAML2","CM_48h_ATAC_S165167_REP1","CLBMa","48h","legacy"
"Interval_88692","SH_24h_ATAC_S165164_REP1",7.18317857429128,"MAML2","SH_24h_ATAC_S165164_REP1","SK_N_SH","24h","legacy"
"Interval_88692","CM_24h_rep1_REP1",6.3461496268575,"MAML2","CM_24h_rep1_REP1","CLBMa","24h","new_1"
"Interval_88692","SH_48h_rep2_REP1",7.31222177344569,"MAML2","SH_48h_rep2_REP1","SK_N_SH","48h","new_2"
"Interval_88692","SH_24h_rep1_REP1",7.51186811100993,"MAML2","SH_24h_rep1_REP1","SK_N_SH","24h","new_1"
"Interval_88692","SH_48h_rep1_REP1",7.40564019590058,"MAML2","SH_48h_rep1_REP1","SK_N_SH","48h","new_1"
"Interval_88692","CM_48h_rep2_REP1",6.56346384253792,"MAML2","CM_48h_rep2_REP1","CLBMa","48h","new_2"
"Interval_88692","SH_DMSO_ctrl_rep1_REP1",7.33173946460969,"MAML2","SH_DMSO_ctrl_rep1_REP1","SK_N_SH","control","new_1"
"Interval_88692","SH_24h_rep2_REP1",7.17361227034428,"MAML2","SH_24h_rep2_REP1","SK_N_SH","24h","new_2"
"Interval_88692","SH_control_ATAC_S165166_REP1",7.10127238696768,"MAML2","SH_control_ATAC_S165166_REP1","SK_N_SH","control","legacy"
"Interval_88692","SH_48h_ATAC_S165165_REP1",7.44804105105815,"MAML2","SH_48h_ATAC_S165165_REP1","SK_N_SH","48h","legacy"
"Interval_88692","SH_DMSO_ctrl_rep2_REP1",7.22023816366752,"MAML2","SH_DMSO_ctrl_rep2_REP1","SK_N_SH","control","new_2"
"Interval_88693","CM_48h_rep1_REP1",4.29343013802408,"MAML2","CM_48h_rep1_REP1","CLBMa","48h","new_1"
"Interval_88693","CM_24h_ATAC_S165170_REP1",4.55126608807158,"MAML2","CM_24h_ATAC_S165170_REP1","CLBMa","24h","legacy"
"Interval_88693","CM_DMSO_ctrl_rep1_REP1",4.51783842566917,"MAML2","CM_DMSO_ctrl_rep1_REP1","CLBMa","control","new_1"
"Interval_88693","CM_control_ATAC_S165169_REP1",4.63008449473146,"MAML2","CM_control_ATAC_S165169_REP1","CLBMa","control","legacy"
"Interval_88693","CM_24h_rep2_REP1",3.97664966313015,"MAML2","CM_24h_rep2_REP1","CLBMa","24h","new_2"
"Interval_88693","CM_DMSO_ctrl_rep2_REP1",4.58057005031979,"MAML2","CM_DMSO_ctrl_rep2_REP1","CLBMa","control","new_2"
"Interval_88693","CM_48h_ATAC_S165167_REP1",4.92147716693387,"MAML2","CM_48h_ATAC_S165167_REP1","CLBMa","48h","legacy"
"Interval_88693","SH_24h_ATAC_S165164_REP1",4.93970972308055,"MAML2","SH_24h_ATAC_S165164_REP1","SK_N_SH","24h","legacy"
"Interval_88693","CM_24h_rep1_REP1",4.36510309640226,"MAML2","CM_24h_rep1_REP1","CLBMa","24h","new_1"
"Interval_88693","SH_48h_rep2_REP1",4.34601758185649,"MAML2","SH_48h_rep2_REP1","SK_N_SH","48h","new_2"
"Interval_88693","SH_24h_rep1_REP1",4.60252147576582,"MAML2","SH_24h_rep1_REP1","SK_N_SH","24h","new_1"
"Interval_88693","SH_48h_rep1_REP1",4.77109793773427,"MAML2","SH_48h_rep1_REP1","SK_N_SH","48h","new_1"
"Interval_88693","CM_48h_rep2_REP1",4.48905570914623,"MAML2","CM_48h_rep2_REP1","CLBMa","48h","new_2"
"Interval_88693","SH_DMSO_ctrl_rep1_REP1",4.59789805755744,"MAML2","SH_DMSO_ctrl_rep1_REP1","SK_N_SH","control","new_1"
"Interval_88693","SH_24h_rep2_REP1",4.514841947117,"MAML2","SH_24h_rep2_REP1","SK_N_SH","24h","new_2"
"Interval_88693","SH_control_ATAC_S165166_REP1",4.91189550521804,"MAML2","SH_control_ATAC_S165166_REP1","SK_N_SH","control","legacy"
"Interval_88693","SH_48h_ATAC_S165165_REP1",4.85084085200489,"MAML2","SH_48h_ATAC_S165165_REP1","SK_N_SH","48h","legacy"
"Interval_88693","SH_DMSO_ctrl_rep2_REP1",4.63536754130632,"MAML2","SH_DMSO_ctrl_rep2_REP1","SK_N_SH","control","new_2"
"Interval_88694","CM_48h_rep1_REP1",5.6207960359167,"MAML2","CM_48h_rep1_REP1","CLBMa","48h","new_1"
"Interval_88694","CM_24h_ATAC_S165170_REP1",4.79633499016001,"MAML2","CM_24h_ATAC_S165170_REP1","CLBMa","24h","legacy"
"Interval_88694","CM_DMSO_ctrl_rep1_REP1",6.11731580201579,"MAML2","CM_DMSO_ctrl_rep1_REP1","CLBMa","control","new_1"
"Interval_88694","CM_control_ATAC_S165169_REP1",5.37993956609711,"MAML2","CM_control_ATAC_S165169_REP1","CLBMa","control","legacy"
"Interval_88694","CM_24h_rep2_REP1",5.84306940657635,"MAML2","CM_24h_rep2_REP1","CLBMa","24h","new_2"
"Interval_88694","CM_DMSO_ctrl_rep2_REP1",6.10104833886709,"MAML2","CM_DMSO_ctrl_rep2_REP1","CLBMa","control","new_2"
"Interval_88694","CM_48h_ATAC_S165167_REP1",5.24296020990394,"MAML2","CM_48h_ATAC_S165167_REP1","CLBMa","48h","legacy"
"Interval_88694","SH_24h_ATAC_S165164_REP1",5.25389625615911,"MAML2","SH_24h_ATAC_S165164_REP1","SK_N_SH","24h","legacy"
"Interval_88694","CM_24h_rep1_REP1",5.69737610015176,"MAML2","CM_24h_rep1_REP1","CLBMa","24h","new_1"
"Interval_88694","SH_48h_rep2_REP1",4.24864070737469,"MAML2","SH_48h_rep2_REP1","SK_N_SH","48h","new_2"
"Interval_88694","SH_24h_rep1_REP1",4.29788957360436,"MAML2","SH_24h_rep1_REP1","SK_N_SH","24h","new_1"
"Interval_88694","SH_48h_rep1_REP1",4.05852259844919,"MAML2","SH_48h_rep1_REP1","SK_N_SH","48h","new_1"
"Interval_88694","CM_48h_rep2_REP1",5.78092765356375,"MAML2","CM_48h_rep2_REP1","CLBMa","48h","new_2"
"Interval_88694","SH_DMSO_ctrl_rep1_REP1",4.78416285642998,"MAML2","SH_DMSO_ctrl_rep1_REP1","SK_N_SH","control","new_1"
"Interval_88694","SH_24h_rep2_REP1",4.61431785676854,"MAML2","SH_24h_rep2_REP1","SK_N_SH","24h","new_2"
"Interval_88694","SH_control_ATAC_S165166_REP1",5.00530165494403,"MAML2","SH_control_ATAC_S165166_REP1","SK_N_SH","control","legacy"
"Interval_88694","SH_48h_ATAC_S165165_REP1",4.65811378784321,"MAML2","SH_48h_ATAC_S165165_REP1","SK_N_SH","48h","legacy"
"Interval_88694","SH_DMSO_ctrl_rep2_REP1",4.94784133771096,"MAML2","SH_DMSO_ctrl_rep2_REP1","SK_N_SH","control","new_2"
"Interval_88695","CM_48h_rep1_REP1",4.96030002381766,"MAML2","CM_48h_rep1_REP1","CLBMa","48h","new_1"
"Interval_88695","CM_24h_ATAC_S165170_REP1",5.37193530273589,"MAML2","CM_24h_ATAC_S165170_REP1","CLBMa","24h","legacy"
"Interval_88695","CM_DMSO_ctrl_rep1_REP1",5.15966208275656,"MAML2","CM_DMSO_ctrl_rep1_REP1","CLBMa","control","new_1"
"Interval_88695","CM_control_ATAC_S165169_REP1",5.16061187826058,"MAML2","CM_control_ATAC_S165169_REP1","CLBMa","control","legacy"
"Interval_88695","CM_24h_rep2_REP1",5.27975620920139,"MAML2","CM_24h_rep2_REP1","CLBMa","24h","new_2"
"Interval_88695","CM_DMSO_ctrl_rep2_REP1",4.58057005031979,"MAML2","CM_DMSO_ctrl_rep2_REP1","CLBMa","control","new_2"
"Interval_88695","CM_48h_ATAC_S165167_REP1",5.44010940179156,"MAML2","CM_48h_ATAC_S165167_REP1","CLBMa","48h","legacy"
"Interval_88695","SH_24h_ATAC_S165164_REP1",4.61204655262369,"MAML2","SH_24h_ATAC_S165164_REP1","SK_N_SH","24h","legacy"
"Interval_88695","CM_24h_rep1_REP1",4.53730787424598,"MAML2","CM_24h_rep1_REP1","CLBMa","24h","new_1"
"Interval_88695","SH_48h_rep2_REP1",5.70335153553934,"MAML2","SH_48h_rep2_REP1","SK_N_SH","48h","new_2"
"Interval_88695","SH_24h_rep1_REP1",5.87926412554988,"MAML2","SH_24h_rep1_REP1","SK_N_SH","24h","new_1"
"Interval_88695","SH_48h_rep1_REP1",5.85054714764469,"MAML2","SH_48h_rep1_REP1","SK_N_SH","48h","new_1"
"Interval_88695","CM_48h_rep2_REP1",4.75968930804693,"MAML2","CM_48h_rep2_REP1","CLBMa","48h","new_2"
"Interval_88695","SH_DMSO_ctrl_rep1_REP1",5.79194974540387,"MAML2","SH_DMSO_ctrl_rep1_REP1","SK_N_SH","control","new_1"
"Interval_88695","SH_24h_rep2_REP1",5.77923387627991,"MAML2","SH_24h_rep2_REP1","SK_N_SH","24h","new_2"
"Interval_88695","SH_control_ATAC_S165166_REP1",4.95949360247889,"MAML2","SH_control_ATAC_S165166_REP1","SK_N_SH","control","legacy"
"Interval_88695","SH_48h_ATAC_S165165_REP1",5.09161924876853,"MAML2","SH_48h_ATAC_S165165_REP1","SK_N_SH","48h","legacy"
"Interval_88695","SH_DMSO_ctrl_rep2_REP1",5.9795256460025,"MAML2","SH_DMSO_ctrl_rep2_REP1","SK_N_SH","control","new_2"
"Interval_88696","CM_48h_rep1_REP1",5.03041748065113,"MAML2","CM_48h_rep1_REP1","CLBMa","48h","new_1"
"Interval_88696","CM_24h_ATAC_S165170_REP1",5.11690113217176,"MAML2","CM_24h_ATAC_S165170_REP1","CLBMa","24h","legacy"
"Interval_88696","CM_DMSO_ctrl_rep1_REP1",4.79341374220676,"MAML2","CM_DMSO_ctrl_rep1_REP1","CLBMa","control","new_1"
"Interval_88696","CM_control_ATAC_S165169_REP1",5.56777422231172,"MAML2","CM_control_ATAC_S165169_REP1","CLBMa","control","legacy"
"Interval_88696","CM_24h_rep2_REP1",5.27975620920139,"MAML2","CM_24h_rep2_REP1","CLBMa","24h","new_2"
"Interval_88696","CM_DMSO_ctrl_rep2_REP1",5.22977499436375,"MAML2","CM_DMSO_ctrl_rep2_REP1","CLBMa","control","new_2"
"Interval_88696","CM_48h_ATAC_S165167_REP1",5.009960896234,"MAML2","CM_48h_ATAC_S165167_REP1","CLBMa","48h","legacy"
"Interval_88696","SH_24h_ATAC_S165164_REP1",5.25389625615911,"MAML2","SH_24h_ATAC_S165164_REP1","SK_N_SH","24h","legacy"
"Interval_88696","CM_24h_rep1_REP1",4.42580002339768,"MAML2","CM_24h_rep1_REP1","CLBMa","24h","new_1"
"Interval_88696","SH_48h_rep2_REP1",5.24429792586553,"MAML2","SH_48h_rep2_REP1","SK_N_SH","48h","new_2"
"Interval_88696","SH_24h_rep1_REP1",5.67180328708903,"MAML2","SH_24h_rep1_REP1","SK_N_SH","24h","new_1"
"Interval_88696","SH_48h_rep1_REP1",5.23797585492934,"MAML2","SH_48h_rep1_REP1","SK_N_SH","48h","new_1"
"Interval_88696","CM_48h_rep2_REP1",5.00671534673114,"MAML2","CM_48h_rep2_REP1","CLBMa","48h","new_2"
"Interval_88696","SH_DMSO_ctrl_rep1_REP1",5.7112539973192,"MAML2","SH_DMSO_ctrl_rep1_REP1","SK_N_SH","control","new_1"
"Interval_88696","SH_24h_rep2_REP1",5.36383018188509,"MAML2","SH_24h_rep2_REP1","SK_N_SH","24h","new_2"
"Interval_88696","SH_control_ATAC_S165166_REP1",5.45482603644132,"MAML2","SH_control_ATAC_S165166_REP1","SK_N_SH","control","legacy"
"Interval_88696","SH_48h_ATAC_S165165_REP1",5.05462418514752,"MAML2","SH_48h_ATAC_S165165_REP1","SK_N_SH","48h","legacy"
"Interval_88696","SH_DMSO_ctrl_rep2_REP1",5.64394593071309,"MAML2","SH_DMSO_ctrl_rep2_REP1","SK_N_SH","control","new_2"
"Interval_88701","CM_48h_rep1_REP1",5.27719153817684,"MAML2","CM_48h_rep1_REP1","CLBMa","48h","new_1"
"Interval_88701","CM_24h_ATAC_S165170_REP1",4.55126608807158,"MAML2","CM_24h_ATAC_S165170_REP1","CLBMa","24h","legacy"
"Interval_88701","CM_DMSO_ctrl_rep1_REP1",4.14106931458761,"MAML2","CM_DMSO_ctrl_rep1_REP1","CLBMa","control","new_1"
"Interval_88701","CM_control_ATAC_S165169_REP1",4.77018784935447,"MAML2","CM_control_ATAC_S165169_REP1","CLBMa","control","legacy"
"Interval_88701","CM_24h_rep2_REP1",5.27975620920139,"MAML2","CM_24h_rep2_REP1","CLBMa","24h","new_2"
"Interval_88701","CM_DMSO_ctrl_rep2_REP1",4.90825259565214,"MAML2","CM_DMSO_ctrl_rep2_REP1","CLBMa","control","new_2"
"Interval_88701","CM_48h_ATAC_S165167_REP1",4.72204943165928,"MAML2","CM_48h_ATAC_S165167_REP1","CLBMa","48h","legacy"
"Interval_88701","SH_24h_ATAC_S165164_REP1",4.61204655262369,"MAML2","SH_24h_ATAC_S165164_REP1","SK_N_SH","24h","legacy"
"Interval_88701","CM_24h_rep1_REP1",4.42580002339768,"MAML2","CM_24h_rep1_REP1","CLBMa","24h","new_1"
"Interval_88701","SH_48h_rep2_REP1",3.86331362310218,"MAML2","SH_48h_rep2_REP1","SK_N_SH","48h","new_2"
"Interval_88701","SH_24h_rep1_REP1",4.2041740061832,"MAML2","SH_24h_rep1_REP1","SK_N_SH","24h","new_1"
"Interval_88701","SH_48h_rep1_REP1",3.17514914384083,"MAML2","SH_48h_rep1_REP1","SK_N_SH","48h","new_1"
"Interval_88701","CM_48h_rep2_REP1",5.13904141920882,"MAML2","CM_48h_rep2_REP1","CLBMa","48h","new_2"
"Interval_88701","SH_DMSO_ctrl_rep1_REP1",3.98600477601242,"MAML2","SH_DMSO_ctrl_rep1_REP1","SK_N_SH","control","new_1"
"Interval_88701","SH_24h_rep2_REP1",3.96674516477357,"MAML2","SH_24h_rep2_REP1","SK_N_SH","24h","new_2"
"Interval_88701","SH_control_ATAC_S165166_REP1",4.36087517591991,"MAML2","SH_control_ATAC_S165166_REP1","SK_N_SH","control","legacy"
"Interval_88701","SH_48h_ATAC_S165165_REP1",4.2055295962416,"MAML2","SH_48h_ATAC_S165165_REP1","SK_N_SH","48h","legacy"
"Interval_88701","SH_DMSO_ctrl_rep2_REP1",3.85023635346072,"MAML2","SH_DMSO_ctrl_rep2_REP1","SK_N_SH","control","new_2"
"Interval_88702","CM_48h_rep1_REP1",4.62944852609327,"MAML2","CM_48h_rep1_REP1","CLBMa","48h","new_1"
"Interval_88702","CM_24h_ATAC_S165170_REP1",5.32479536911898,"MAML2","CM_24h_ATAC_S165170_REP1","CLBMa","24h","legacy"
"Interval_88702","CM_DMSO_ctrl_rep1_REP1",4.14106931458761,"MAML2","CM_DMSO_ctrl_rep1_REP1","CLBMa","control","new_1"
"Interval_88702","CM_control_ATAC_S165169_REP1",5.53226814848926,"MAML2","CM_control_ATAC_S165169_REP1","CLBMa","control","legacy"
"Interval_88702","CM_24h_rep2_REP1",4.58228545895525,"MAML2","CM_24h_rep2_REP1","CLBMa","24h","new_2"
"Interval_88702","CM_DMSO_ctrl_rep2_REP1",4.63358907224349,"MAML2","CM_DMSO_ctrl_rep2_REP1","CLBMa","control","new_2"
"Interval_88702","CM_48h_ATAC_S165167_REP1",5.52861778130558,"MAML2","CM_48h_ATAC_S165167_REP1","CLBMa","48h","legacy"
"Interval_88702","SH_24h_ATAC_S165164_REP1",4.7874046517013,"MAML2","SH_24h_ATAC_S165164_REP1","SK_N_SH","24h","legacy"
"Interval_88702","CM_24h_rep1_REP1",4.48305145970079,"MAML2","CM_24h_rep1_REP1","CLBMa","24h","new_1"
"Interval_88702","SH_48h_rep2_REP1",4.01411646448596,"MAML2","SH_48h_rep2_REP1","SK_N_SH","48h","new_2"
"Interval_88702","SH_24h_rep1_REP1",4.29788957360436,"MAML2","SH_24h_rep1_REP1","SK_N_SH","24h","new_1"
"Interval_88702","SH_48h_rep1_REP1",4.15910963995541,"MAML2","SH_48h_rep1_REP1","SK_N_SH","48h","new_1"
"Interval_88702","CM_48h_rep2_REP1",4.68885893998251,"MAML2","CM_48h_rep2_REP1","CLBMa","48h","new_2"
"Interval_88702","SH_DMSO_ctrl_rep1_REP1",4.64744147011027,"MAML2","SH_DMSO_ctrl_rep1_REP1","SK_N_SH","control","new_1"
"Interval_88702","SH_24h_rep2_REP1",4.40495755825252,"MAML2","SH_24h_rep2_REP1","SK_N_SH","24h","new_2"
"Interval_88702","SH_control_ATAC_S165166_REP1",4.63998644904318,"MAML2","SH_control_ATAC_S165166_REP1","SK_N_SH","control","legacy"
"Interval_88702","SH_48h_ATAC_S165165_REP1",4.2055295962416,"MAML2","SH_48h_ATAC_S165165_REP1","SK_N_SH","48h","legacy"
"Interval_88702","SH_DMSO_ctrl_rep2_REP1",4.43887777607009,"MAML2","SH_DMSO_ctrl_rep2_REP1","SK_N_SH","control","new_2"
"Interval_88703","CM_48h_rep1_REP1",6.39439965648724,"MAML2","CM_48h_rep1_REP1","CLBMa","48h","new_1"
"Interval_88703","CM_24h_ATAC_S165170_REP1",4.99857251137788,"MAML2","CM_24h_ATAC_S165170_REP1","CLBMa","24h","legacy"
"Interval_88703","CM_DMSO_ctrl_rep1_REP1",5.84860182129657,"MAML2","CM_DMSO_ctrl_rep1_REP1","CLBMa","control","new_1"
"Interval_88703","CM_control_ATAC_S165169_REP1",5.00825391449907,"MAML2","CM_control_ATAC_S165169_REP1","CLBMa","control","legacy"
"Interval_88703","CM_24h_rep2_REP1",5.27975620920139,"MAML2","CM_24h_rep2_REP1","CLBMa","24h","new_2"
"Interval_88703","CM_DMSO_ctrl_rep2_REP1",5.63358342553601,"MAML2","CM_DMSO_ctrl_rep2_REP1","CLBMa","control","new_2"
"Interval_88703","CM_48h_ATAC_S165167_REP1",4.72204943165928,"MAML2","CM_48h_ATAC_S165167_REP1","CLBMa","48h","legacy"
"Interval_88703","SH_24h_ATAC_S165164_REP1",4.1372567723856,"MAML2","SH_24h_ATAC_S165164_REP1","SK_N_SH","24h","legacy"
"Interval_88703","CM_24h_rep1_REP1",6.29328783649882,"MAML2","CM_24h_rep1_REP1","CLBMa","24h","new_1"
"Interval_88703","SH_48h_rep2_REP1",4.43446456162232,"MAML2","SH_48h_rep2_REP1","SK_N_SH","48h","new_2"
"Interval_88703","SH_24h_rep1_REP1",4.46150509497036,"MAML2","SH_24h_rep1_REP1","SK_N_SH","24h","new_1"
"Interval_88703","SH_48h_rep1_REP1",4.77109793773427,"MAML2","SH_48h_rep1_REP1","SK_N_SH","48h","new_1"
"Interval_88703","CM_48h_rep2_REP1",5.50791329646823,"MAML2","CM_48h_rep2_REP1","CLBMa","48h","new_2"
"Interval_88703","SH_DMSO_ctrl_rep1_REP1",5.15145913443383,"MAML2","SH_DMSO_ctrl_rep1_REP1","SK_N_SH","control","new_1"
"Interval_88703","SH_24h_rep2_REP1",4.13884305740236,"MAML2","SH_24h_rep2_REP1","SK_N_SH","24h","new_2"
"Interval_88703","SH_control_ATAC_S165166_REP1",4.81062450379284,"MAML2","SH_control_ATAC_S165166_REP1","SK_N_SH","control","legacy"
"Interval_88703","SH_48h_ATAC_S165165_REP1",4.85084085200489,"MAML2","SH_48h_ATAC_S165165_REP1","SK_N_SH","48h","legacy"
"Interval_88703","SH_DMSO_ctrl_rep2_REP1",4.58952061023164,"MAML2","SH_DMSO_ctrl_rep2_REP1","SK_N_SH","control","new_2"
"Interval_88704","CM_48h_rep1_REP1",5.66338634165258,"MAML2","CM_48h_rep1_REP1","CLBMa","48h","new_1"
"Interval_88704","CM_24h_ATAC_S165170_REP1",6.50112370568424,"MAML2","CM_24h_ATAC_S165170_REP1","CLBMa","24h","legacy"
"Interval_88704","CM_DMSO_ctrl_rep1_REP1",6.00158646216285,"MAML2","CM_DMSO_ctrl_rep1_REP1","CLBMa","control","new_1"
"Interval_88704","CM_control_ATAC_S165169_REP1",6.63519290955833,"MAML2","CM_control_ATAC_S165169_REP1","CLBMa","control","legacy"
"Interval_88704","CM_24h_rep2_REP1",6.21279867803583,"MAML2","CM_24h_rep2_REP1","CLBMa","24h","new_2"
"Interval_88704","CM_DMSO_ctrl_rep2_REP1",6.50087996854192,"MAML2","CM_DMSO_ctrl_rep2_REP1","CLBMa","control","new_2"
"Interval_88704","CM_48h_ATAC_S165167_REP1",6.72803296576324,"MAML2","CM_48h_ATAC_S165167_REP1","CLBMa","48h","legacy"
"Interval_88704","SH_24h_ATAC_S165164_REP1",6.54860455411953,"MAML2","SH_24h_ATAC_S165164_REP1","SK_N_SH","24h","legacy"
"Interval_88704","CM_24h_rep1_REP1",6.05931680493127,"MAML2","CM_24h_rep1_REP1","CLBMa","24h","new_1"
"Interval_88704","SH_48h_rep2_REP1",7.4572316480932,"MAML2","SH_48h_rep2_REP1","SK_N_SH","48h","new_2"
"Interval_88704","SH_24h_rep1_REP1",7.28163957578024,"MAML2","SH_24h_rep1_REP1","SK_N_SH","24h","new_1"
"Interval_88704","SH_48h_rep1_REP1",7.2315257017916,"MAML2","SH_48h_rep1_REP1","SK_N_SH","48h","new_1"
"Interval_88704","CM_48h_rep2_REP1",6.5546128756081,"MAML2","CM_48h_rep2_REP1","CLBMa","48h","new_2"
"Interval_88704","SH_DMSO_ctrl_rep1_REP1",7.47559603106798,"MAML2","SH_DMSO_ctrl_rep1_REP1","SK_N_SH","control","new_1"
"Interval_88704","SH_24h_rep2_REP1",7.01083884840182,"MAML2","SH_24h_rep2_REP1","SK_N_SH","24h","new_2"
"Interval_88704","SH_control_ATAC_S165166_REP1",6.92552577238534,"MAML2","SH_control_ATAC_S165166_REP1","SK_N_SH","control","legacy"
"Interval_88704","SH_48h_ATAC_S165165_REP1",6.8365033667038,"MAML2","SH_48h_ATAC_S165165_REP1","SK_N_SH","48h","legacy"
"Interval_88704","SH_DMSO_ctrl_rep2_REP1",7.50330660834047,"MAML2","SH_DMSO_ctrl_rep2_REP1","SK_N_SH","control","new_2"
"Interval_88705","CM_48h_rep1_REP1",6.09187174485418,"MAML2","CM_48h_rep1_REP1","CLBMa","48h","new_1"
"Interval_88705","CM_24h_ATAC_S165170_REP1",5.37193530273589,"MAML2","CM_24h_ATAC_S165170_REP1","CLBMa","24h","legacy"
"Interval_88705","CM_DMSO_ctrl_rep1_REP1",5.64546052089179,"MAML2","CM_DMSO_ctrl_rep1_REP1","CLBMa","control","new_1"
"Interval_88705","CM_control_ATAC_S165169_REP1",5.60236483161658,"MAML2","CM_control_ATAC_S165169_REP1","CLBMa","control","legacy"
"Interval_88705","CM_24h_rep2_REP1",5.60181297056663,"MAML2","CM_24h_rep2_REP1","CLBMa","24h","new_2"
"Interval_88705","CM_DMSO_ctrl_rep2_REP1",5.1651044026189,"MAML2","CM_DMSO_ctrl_rep2_REP1","CLBMa","control","new_2"
"Interval_88705","CM_48h_ATAC_S165167_REP1",5.61162500270461,"MAML2","CM_48h_ATAC_S165167_REP1","CLBMa","48h","legacy"
"Interval_88705","SH_24h_ATAC_S165164_REP1",6.78681049359203,"MAML2","SH_24h_ATAC_S165164_REP1","SK_N_SH","24h","legacy"
"Interval_88705","CM_24h_rep1_REP1",5.39693661814846,"MAML2","CM_24h_rep1_REP1","CLBMa","24h","new_1"
"Interval_88705","SH_48h_rep2_REP1",6.7177718749754,"MAML2","SH_48h_rep2_REP1","SK_N_SH","48h","new_2"
"Interval_88705","SH_24h_rep1_REP1",6.31020546035327,"MAML2","SH_24h_rep1_REP1","SK_N_SH","24h","new_1"
"Interval_88705","SH_48h_rep1_REP1",6.86958862321167,"MAML2","SH_48h_rep1_REP1","SK_N_SH","48h","new_1"
"Interval_88705","CM_48h_rep2_REP1",5.34721002566176,"MAML2","CM_48h_rep2_REP1","CLBMa","48h","new_2"
"Interval_88705","SH_DMSO_ctrl_rep1_REP1",6.4981523688482,"MAML2","SH_DMSO_ctrl_rep1_REP1","SK_N_SH","control","new_1"
"Interval_88705","SH_24h_rep2_REP1",6.00440528186845,"MAML2","SH_24h_rep2_REP1","SK_N_SH","24h","new_2"
"Interval_88705","SH_control_ATAC_S165166_REP1",6.4915737531287,"MAML2","SH_control_ATAC_S165166_REP1","SK_N_SH","control","legacy"
"Interval_88705","SH_48h_ATAC_S165165_REP1",6.64041762849938,"MAML2","SH_48h_ATAC_S165165_REP1","SK_N_SH","48h","legacy"
"Interval_88705","SH_DMSO_ctrl_rep2_REP1",6.5188469828018,"MAML2","SH_DMSO_ctrl_rep2_REP1","SK_N_SH","control","new_2"
"Interval_88706","CM_48h_rep1_REP1",6.97497747883107,"MAML2","CM_48h_rep1_REP1","CLBMa","48h","new_1"
"Interval_88706","CM_24h_ATAC_S165170_REP1",4.99857251137788,"MAML2","CM_24h_ATAC_S165170_REP1","CLBMa","24h","legacy"
"Interval_88706","CM_DMSO_ctrl_rep1_REP1",6.91108661965579,"MAML2","CM_DMSO_ctrl_rep1_REP1","CLBMa","control","new_1"
"Interval_88706","CM_control_ATAC_S165169_REP1",5.11185430532018,"MAML2","CM_control_ATAC_S165169_REP1","CLBMa","control","legacy"
"Interval_88706","CM_24h_rep2_REP1",6.07958402279058,"MAML2","CM_24h_rep2_REP1","CLBMa","24h","new_2"
"Interval_88706","CM_DMSO_ctrl_rep2_REP1",6.16562945850237,"MAML2","CM_DMSO_ctrl_rep2_REP1","CLBMa","control","new_2"
"Interval_88706","CM_48h_ATAC_S165167_REP1",5.47027185114079,"MAML2","CM_48h_ATAC_S165167_REP1","CLBMa","48h","legacy"
"Interval_88706","SH_24h_ATAC_S165164_REP1",5.96837941468891,"MAML2","SH_24h_ATAC_S165164_REP1","SK_N_SH","24h","legacy"
"Interval_88706","CM_24h_rep1_REP1",6.78809033826341,"MAML2","CM_24h_rep1_REP1","CLBMa","24h","new_1"
"Interval_88706","SH_48h_rep2_REP1",5.06295593847784,"MAML2","SH_48h_rep2_REP1","SK_N_SH","48h","new_2"
"Interval_88706","SH_24h_rep1_REP1",5.55483599728522,"MAML2","SH_24h_rep1_REP1","SK_N_SH","24h","new_1"
"Interval_88706","SH_48h_rep1_REP1",5.27291625348458,"MAML2","SH_48h_rep1_REP1","SK_N_SH","48h","new_1"
"Interval_88706","CM_48h_rep2_REP1",6.04709503541102,"MAML2","CM_48h_rep2_REP1","CLBMa","48h","new_2"
"Interval_88706","SH_DMSO_ctrl_rep1_REP1",6.00895728017373,"MAML2","SH_DMSO_ctrl_rep1_REP1","SK_N_SH","control","new_1"
"Interval_88706","SH_24h_rep2_REP1",5.28449821626079,"MAML2","SH_24h_rep2_REP1","SK_N_SH","24h","new_2"
"Interval_88706","SH_control_ATAC_S165166_REP1",5.73905503860733,"MAML2","SH_control_ATAC_S165166_REP1","SK_N_SH","control","legacy"
"Interval_88706","SH_48h_ATAC_S165165_REP1",5.62218040963992,"MAML2","SH_48h_ATAC_S165165_REP1","SK_N_SH","48h","legacy"
"Interval_88706","SH_DMSO_ctrl_rep2_REP1",5.91537241928782,"MAML2","SH_DMSO_ctrl_rep2_REP1","SK_N_SH","control","new_2"
"Interval_88707","CM_48h_rep1_REP1",6.44303708516265,"MAML2","CM_48h_rep1_REP1","CLBMa","48h","new_1"
"Interval_88707","CM_24h_ATAC_S165170_REP1",6.28121625037539,"MAML2","CM_24h_ATAC_S165170_REP1","CLBMa","24h","legacy"
"Interval_88707","CM_DMSO_ctrl_rep1_REP1",6.32345241661793,"MAML2","CM_DMSO_ctrl_rep1_REP1","CLBMa","control","new_1"
"Interval_88707","CM_control_ATAC_S165169_REP1",6.60231930934795,"MAML2","CM_control_ATAC_S165169_REP1","CLBMa","control","legacy"
"Interval_88707","CM_24h_rep2_REP1",6.93682964838317,"MAML2","CM_24h_rep2_REP1","CLBMa","24h","new_2"
"Interval_88707","CM_DMSO_ctrl_rep2_REP1",6.47579529858459,"MAML2","CM_DMSO_ctrl_rep2_REP1","CLBMa","control","new_2"
"Interval_88707","CM_48h_ATAC_S165167_REP1",6.52098807055506,"MAML2","CM_48h_ATAC_S165167_REP1","CLBMa","48h","legacy"
"Interval_88707","SH_24h_ATAC_S165164_REP1",6.31402534512229,"MAML2","SH_24h_ATAC_S165164_REP1","SK_N_SH","24h","legacy"
"Interval_88707","CM_24h_rep1_REP1",6.40955212499011,"MAML2","CM_24h_rep1_REP1","CLBMa","24h","new_1"
"Interval_88707","SH_48h_rep2_REP1",5.89804632163906,"MAML2","SH_48h_rep2_REP1","SK_N_SH","48h","new_2"
"Interval_88707","SH_24h_rep1_REP1",6.78554523496871,"MAML2","SH_24h_rep1_REP1","SK_N_SH","24h","new_1"
"Interval_88707","SH_48h_rep1_REP1",6.45752323755823,"MAML2","SH_48h_rep1_REP1","SK_N_SH","48h","new_1"
"Interval_88707","CM_48h_rep2_REP1",6.52772312421889,"MAML2","CM_48h_rep2_REP1","CLBMa","48h","new_2"
"Interval_88707","SH_DMSO_ctrl_rep1_REP1",6.86078065436289,"MAML2","SH_DMSO_ctrl_rep1_REP1","SK_N_SH","control","new_1"
"Interval_88707","SH_24h_rep2_REP1",6.48625474558654,"MAML2","SH_24h_rep2_REP1","SK_N_SH","24h","new_2"
"Interval_88707","SH_control_ATAC_S165166_REP1",6.50642556088255,"MAML2","SH_control_ATAC_S165166_REP1","SK_N_SH","control","legacy"
"Interval_88707","SH_48h_ATAC_S165165_REP1",6.37104851985268,"MAML2","SH_48h_ATAC_S165165_REP1","SK_N_SH","48h","legacy"
"Interval_88707","SH_DMSO_ctrl_rep2_REP1",6.67043543287361,"MAML2","SH_DMSO_ctrl_rep2_REP1","SK_N_SH","control","new_2"
"Interval_88708","CM_48h_rep1_REP1",5.6207960359167,"MAML2","CM_48h_rep1_REP1","CLBMa","48h","new_1"
"Interval_88708","CM_24h_ATAC_S165170_REP1",5.66192261030214,"MAML2","CM_24h_ATAC_S165170_REP1","CLBMa","24h","legacy"
"Interval_88708","CM_DMSO_ctrl_rep1_REP1",5.06565234256619,"MAML2","CM_DMSO_ctrl_rep1_REP1","CLBMa","control","new_1"
"Interval_88708","CM_control_ATAC_S165169_REP1",5.70111333406595,"MAML2","CM_control_ATAC_S165169_REP1","CLBMa","control","legacy"
"Interval_88708","CM_24h_rep2_REP1",5.74768413170321,"MAML2","CM_24h_rep2_REP1","CLBMa","24h","new_2"
"Interval_88708","CM_DMSO_ctrl_rep2_REP1",5.70151403350807,"MAML2","CM_DMSO_ctrl_rep2_REP1","CLBMa","control","new_2"
"Interval_88708","CM_48h_ATAC_S165167_REP1",5.76374020083713,"MAML2","CM_48h_ATAC_S165167_REP1","CLBMa","48h","legacy"
"Interval_88708","SH_24h_ATAC_S165164_REP1",6.28826813106464,"MAML2","SH_24h_ATAC_S165164_REP1","SK_N_SH","24h","legacy"
"Interval_88708","CM_24h_rep1_REP1",5.34403310622841,"MAML2","CM_24h_rep1_REP1","CLBMa","24h","new_1"
"Interval_88708","SH_48h_rep2_REP1",6.67371549950097,"MAML2","SH_48h_rep2_REP1","SK_N_SH","48h","new_2"
"Interval_88708","SH_24h_rep1_REP1",7.24551064627902,"MAML2","SH_24h_rep1_REP1","SK_N_SH","24h","new_1"
"Interval_88708","SH_48h_rep1_REP1",6.64711051247065,"MAML2","SH_48h_rep1_REP1","SK_N_SH","48h","new_1"
"Interval_88708","CM_48h_rep2_REP1",6.07235066641507,"MAML2","CM_48h_rep2_REP1","CLBMa","48h","new_2"
"Interval_88708","SH_DMSO_ctrl_rep1_REP1",7.32514525528402,"MAML2","SH_DMSO_ctrl_rep1_REP1","SK_N_SH","control","new_1"
"Interval_88708","SH_24h_rep2_REP1",6.90514824721867,"MAML2","SH_24h_rep2_REP1","SK_N_SH","24h","new_2"
"Interval_88708","SH_control_ATAC_S165166_REP1",6.28276736796682,"MAML2","SH_control_ATAC_S165166_REP1","SK_N_SH","control","legacy"
"Interval_88708","SH_48h_ATAC_S165165_REP1",6.20631616485521,"MAML2","SH_48h_ATAC_S165165_REP1","SK_N_SH","48h","legacy"
"Interval_88708","SH_DMSO_ctrl_rep2_REP1",7.29021894405128,"MAML2","SH_DMSO_ctrl_rep2_REP1","SK_N_SH","control","new_2"
"Interval_88709","CM_48h_rep1_REP1",4.96030002381766,"MAML2","CM_48h_rep1_REP1","CLBMa","48h","new_1"
"Interval_88709","CM_24h_ATAC_S165170_REP1",4.93486254299082,"MAML2","CM_24h_ATAC_S165170_REP1","CLBMa","24h","legacy"
"Interval_88709","CM_DMSO_ctrl_rep1_REP1",5.11353473794959,"MAML2","CM_DMSO_ctrl_rep1_REP1","CLBMa","control","new_1"
"Interval_88709","CM_control_ATAC_S165169_REP1",5.53226814848926,"MAML2","CM_control_ATAC_S165169_REP1","CLBMa","control","legacy"
"Interval_88709","CM_24h_rep2_REP1",5.70758243746663,"MAML2","CM_24h_rep2_REP1","CLBMa","24h","new_2"
"Interval_88709","CM_DMSO_ctrl_rep2_REP1",5.5121555345301,"MAML2","CM_DMSO_ctrl_rep2_REP1","CLBMa","control","new_2"
"Interval_88709","CM_48h_ATAC_S165167_REP1",5.09251234508686,"MAML2","CM_48h_ATAC_S165167_REP1","CLBMa","48h","legacy"
"Interval_88709","SH_24h_ATAC_S165164_REP1",5.25389625615911,"MAML2","SH_24h_ATAC_S165164_REP1","SK_N_SH","24h","legacy"
"Interval_88709","CM_24h_rep1_REP1",5.13977264846463,"MAML2","CM_24h_rep1_REP1","CLBMa","24h","new_1"
"Interval_88709","SH_48h_rep2_REP1",4.51580202325875,"MAML2","SH_48h_rep2_REP1","SK_N_SH","48h","new_2"
"Interval_88709","SH_24h_rep1_REP1",5.61458818002715,"MAML2","SH_24h_rep1_REP1","SK_N_SH","24h","new_1"
"Interval_88709","SH_48h_rep1_REP1",4.8703976979794,"MAML2","SH_48h_rep1_REP1","SK_N_SH","48h","new_1"
"Interval_88709","CM_48h_rep2_REP1",5.4300038477607,"MAML2","CM_48h_rep2_REP1","CLBMa","48h","new_2"
"Interval_88709","SH_DMSO_ctrl_rep1_REP1",5.60313684848215,"MAML2","SH_DMSO_ctrl_rep1_REP1","SK_N_SH","control","new_1"
"Interval_88709","SH_24h_rep2_REP1",5.1999882488247,"MAML2","SH_24h_rep2_REP1","SK_N_SH","24h","new_2"
"Interval_88709","SH_control_ATAC_S165166_REP1",5.48611897010163,"MAML2","SH_control_ATAC_S165166_REP1","SK_N_SH","control","legacy"
"Interval_88709","SH_48h_ATAC_S165165_REP1",5.19649693729106,"MAML2","SH_48h_ATAC_S165165_REP1","SK_N_SH","48h","legacy"
"Interval_88709","SH_DMSO_ctrl_rep2_REP1",5.58249392472067,"MAML2","SH_DMSO_ctrl_rep2_REP1","SK_N_SH","control","new_2"
"Interval_88711","CM_48h_rep1_REP1",6.34402408379811,"MAML2","CM_48h_rep1_REP1","CLBMa","48h","new_1"
"Interval_88711","CM_24h_ATAC_S165170_REP1",7.09224250672637,"MAML2","CM_24h_ATAC_S165170_REP1","CLBMa","24h","legacy"
"Interval_88711","CM_DMSO_ctrl_rep1_REP1",6.11731580201579,"MAML2","CM_DMSO_ctrl_rep1_REP1","CLBMa","control","new_1"
"Interval_88711","CM_control_ATAC_S165169_REP1",7.18169330896297,"MAML2","CM_control_ATAC_S165169_REP1","CLBMa","control","legacy"
"Interval_88711","CM_24h_rep2_REP1",6.7565700423311,"MAML2","CM_24h_rep2_REP1","CLBMa","24h","new_2"
"Interval_88711","CM_DMSO_ctrl_rep2_REP1",6.56171213142654,"MAML2","CM_DMSO_ctrl_rep2_REP1","CLBMa","control","new_2"
"Interval_88711","CM_48h_ATAC_S165167_REP1",6.96079127248066,"MAML2","CM_48h_ATAC_S165167_REP1","CLBMa","48h","legacy"
"Interval_88711","SH_24h_ATAC_S165164_REP1",6.63252650025354,"MAML2","SH_24h_ATAC_S165164_REP1","SK_N_SH","24h","legacy"
"Interval_88711","CM_24h_rep1_REP1",6.12158395001722,"MAML2","CM_24h_rep1_REP1","CLBMa","24h","new_1"
"Interval_88711","SH_48h_rep2_REP1",7.35913186705684,"MAML2","SH_48h_rep2_REP1","SK_N_SH","48h","new_2"
"Interval_88711","SH_24h_rep1_REP1",6.7471665817511,"MAML2","SH_24h_rep1_REP1","SK_N_SH","24h","new_1"
"Interval_88711","SH_48h_rep1_REP1",6.79161108225348,"MAML2","SH_48h_rep1_REP1","SK_N_SH","48h","new_1"
"Interval_88711","CM_48h_rep2_REP1",6.74539725475941,"MAML2","CM_48h_rep2_REP1","CLBMa","48h","new_2"
"Interval_88711","SH_DMSO_ctrl_rep1_REP1",6.92340263716428,"MAML2","SH_DMSO_ctrl_rep1_REP1","SK_N_SH","control","new_1"
"Interval_88711","SH_24h_rep2_REP1",6.50874025131667,"MAML2","SH_24h_rep2_REP1","SK_N_SH","24h","new_2"
"Interval_88711","SH_control_ATAC_S165166_REP1",6.36677801090101,"MAML2","SH_control_ATAC_S165166_REP1","SK_N_SH","control","legacy"
"Interval_88711","SH_48h_ATAC_S165165_REP1",6.71991676334278,"MAML2","SH_48h_ATAC_S165165_REP1","SK_N_SH","48h","legacy"
"Interval_88711","SH_DMSO_ctrl_rep2_REP1",6.95604656981783,"MAML2","SH_DMSO_ctrl_rep2_REP1","SK_N_SH","control","new_2"
"Interval_88712","CM_48h_rep1_REP1",4.14941790157107,"MAML2","CM_48h_rep1_REP1","CLBMa","48h","new_1"
"Interval_88712","CM_24h_ATAC_S165170_REP1",5.41743952360585,"MAML2","CM_24h_ATAC_S165170_REP1","CLBMa","24h","legacy"
"Interval_88712","CM_DMSO_ctrl_rep1_REP1",4.51783842566917,"MAML2","CM_DMSO_ctrl_rep1_REP1","CLBMa","control","new_1"
"Interval_88712","CM_control_ATAC_S165169_REP1",4.83431067248562,"MAML2","CM_control_ATAC_S165169_REP1","CLBMa","control","legacy"
"Interval_88712","CM_24h_rep2_REP1",4.58228545895525,"MAML2","CM_24h_rep2_REP1","CLBMa","24h","new_2"
"Interval_88712","CM_DMSO_ctrl_rep2_REP1",4.86672790421698,"MAML2","CM_DMSO_ctrl_rep2_REP1","CLBMa","control","new_2"
"Interval_88712","CM_48h_ATAC_S165167_REP1",5.16996033837027,"MAML2","CM_48h_ATAC_S165167_REP1","CLBMa","48h","legacy"
"Interval_88712","SH_24h_ATAC_S165164_REP1",4.70311811729261,"MAML2","SH_24h_ATAC_S165164_REP1","SK_N_SH","24h","legacy"
"Interval_88712","CM_24h_rep1_REP1",4.07289035833507,"MAML2","CM_24h_rep1_REP1","CLBMa","24h","new_1"
"Interval_88712","SH_48h_rep2_REP1",4.34601758185649,"MAML2","SH_48h_rep2_REP1","SK_N_SH","48h","new_2"
"Interval_88712","SH_24h_rep1_REP1",4.94257607882712,"MAML2","SH_24h_rep1_REP1","SK_N_SH","24h","new_1"
"Interval_88712","SH_48h_rep1_REP1",4.33092720035118,"MAML2","SH_48h_rep1_REP1","SK_N_SH","48h","new_1"
"Interval_88712","CM_48h_rep2_REP1",4.48905570914623,"MAML2","CM_48h_rep2_REP1","CLBMa","48h","new_2"
"Interval_88712","SH_DMSO_ctrl_rep1_REP1",4.86708080570995,"MAML2","SH_DMSO_ctrl_rep1_REP1","SK_N_SH","control","new_1"
"Interval_88712","SH_24h_rep2_REP1",4.46136895678142,"MAML2","SH_24h_rep2_REP1","SK_N_SH","24h","new_2"
"Interval_88712","SH_control_ATAC_S165166_REP1",4.57680773870518,"MAML2","SH_control_ATAC_S165166_REP1","SK_N_SH","control","legacy"
"Interval_88712","SH_48h_ATAC_S165165_REP1",4.48804297230036,"MAML2","SH_48h_ATAC_S165165_REP1","SK_N_SH","48h","legacy"
"Interval_88712","SH_DMSO_ctrl_rep2_REP1",4.6793889528882,"MAML2","SH_DMSO_ctrl_rep2_REP1","SK_N_SH","control","new_2"
"Interval_88713","CM_48h_rep1_REP1",5.03041748065113,"MAML2","CM_48h_rep1_REP1","CLBMa","48h","new_1"
"Interval_88713","CM_24h_ATAC_S165170_REP1",4.99857251137788,"MAML2","CM_24h_ATAC_S165170_REP1","CLBMa","24h","legacy"
"Interval_88713","CM_DMSO_ctrl_rep1_REP1",5.24718468556087,"MAML2","CM_DMSO_ctrl_rep1_REP1","CLBMa","control","new_1"
"Interval_88713","CM_control_ATAC_S165169_REP1",4.77018784935447,"MAML2","CM_control_ATAC_S165169_REP1","CLBMa","control","legacy"
"Interval_88713","CM_24h_rep2_REP1",4.63136673264232,"MAML2","CM_24h_rep2_REP1","CLBMa","24h","new_2"
"Interval_88713","CM_DMSO_ctrl_rep2_REP1",4.58057005031979,"MAML2","CM_DMSO_ctrl_rep2_REP1","CLBMa","control","new_2"
"Interval_88713","CM_48h_ATAC_S165167_REP1",5.37763668575724,"MAML2","CM_48h_ATAC_S165167_REP1","CLBMa","48h","legacy"
"Interval_88713","SH_24h_ATAC_S165164_REP1",5.45939979626143,"MAML2","SH_24h_ATAC_S165164_REP1","SK_N_SH","24h","legacy"
"Interval_88713","CM_24h_rep1_REP1",5.13977264846463,"MAML2","CM_24h_rep1_REP1","CLBMa","24h","new_1"
"Interval_88713","SH_48h_rep2_REP1",5.89804632163906,"MAML2","SH_48h_rep2_REP1","SK_N_SH","48h","new_2"
"Interval_88713","SH_24h_rep1_REP1",5.20744449966829,"MAML2","SH_24h_rep1_REP1","SK_N_SH","24h","new_1"
"Interval_88713","SH_48h_rep1_REP1",5.40397815701616,"MAML2","SH_48h_rep1_REP1","SK_N_SH","48h","new_1"
"Interval_88713","CM_48h_rep2_REP1",4.94955342530066,"MAML2","CM_48h_rep2_REP1","CLBMa","48h","new_2"
"Interval_88713","SH_DMSO_ctrl_rep1_REP1",5.30122382207475,"MAML2","SH_DMSO_ctrl_rep1_REP1","SK_N_SH","control","new_1"
"Interval_88713","SH_24h_rep2_REP1",5.3379188021524,"MAML2","SH_24h_rep2_REP1","SK_N_SH","24h","new_2"
"Interval_88713","SH_control_ATAC_S165166_REP1",5.13335991624732,"MAML2","SH_control_ATAC_S165166_REP1","SK_N_SH","control","legacy"
"Interval_88713","SH_48h_ATAC_S165165_REP1",5.76055513390801,"MAML2","SH_48h_ATAC_S165165_REP1","SK_N_SH","48h","legacy"
"Interval_88713","SH_DMSO_ctrl_rep2_REP1",4.80204155797069,"MAML2","SH_DMSO_ctrl_rep2_REP1","SK_N_SH","control","new_2"
"Interval_88715","CM_48h_rep1_REP1",4.41815628734617,"MAML2","CM_48h_rep1_REP1","CLBMa","48h","new_1"
"Interval_88715","CM_24h_ATAC_S165170_REP1",5.54525747048022,"MAML2","CM_24h_ATAC_S165170_REP1","CLBMa","24h","legacy"
"Interval_88715","CM_DMSO_ctrl_rep1_REP1",5.24718468556087,"MAML2","CM_DMSO_ctrl_rep1_REP1","CLBMa","control","new_1"
"Interval_88715","CM_control_ATAC_S165169_REP1",5.60236483161658,"MAML2","CM_control_ATAC_S165169_REP1","CLBMa","control","legacy"
"Interval_88715","CM_24h_rep2_REP1",5.94942046868549,"MAML2","CM_24h_rep2_REP1","CLBMa","24h","new_2"
"Interval_88715","CM_DMSO_ctrl_rep2_REP1",5.48648968895129,"MAML2","CM_DMSO_ctrl_rep2_REP1","CLBMa","control","new_2"
"Interval_88715","CM_48h_ATAC_S165167_REP1",5.78751771935922,"MAML2","CM_48h_ATAC_S165167_REP1","CLBMa","48h","legacy"
"Interval_88715","SH_24h_ATAC_S165164_REP1",5.13746312787037,"MAML2","SH_24h_ATAC_S165164_REP1","SK_N_SH","24h","legacy"
"Interval_88715","CM_24h_rep1_REP1",5.20152148739222,"MAML2","CM_24h_rep1_REP1","CLBMa","24h","new_1"
"Interval_88715","SH_48h_rep2_REP1",4.59130158580097,"MAML2","SH_48h_rep2_REP1","SK_N_SH","48h","new_2"
"Interval_88715","SH_24h_rep1_REP1",5.35760816094951,"MAML2","SH_24h_rep1_REP1","SK_N_SH","24h","new_1"
"Interval_88715","SH_48h_rep1_REP1",5.1651056743775,"MAML2","SH_48h_rep1_REP1","SK_N_SH","48h","new_1"
"Interval_88715","CM_48h_rep2_REP1",5.94120924686828,"MAML2","CM_48h_rep2_REP1","CLBMa","48h","new_2"
"Interval_88715","SH_DMSO_ctrl_rep1_REP1",5.3291990908845,"MAML2","SH_DMSO_ctrl_rep1_REP1","SK_N_SH","control","new_1"
"Interval_88715","SH_24h_rep2_REP1",5.04533342004147,"MAML2","SH_24h_rep2_REP1","SK_N_SH","24h","new_2"
"Interval_88715","SH_control_ATAC_S165166_REP1",4.91189550521804,"MAML2","SH_control_ATAC_S165166_REP1","SK_N_SH","control","legacy"
"Interval_88715","SH_48h_ATAC_S165165_REP1",5.01649521935909,"MAML2","SH_48h_ATAC_S165165_REP1","SK_N_SH","48h","legacy"
"Interval_88715","SH_DMSO_ctrl_rep2_REP1",4.84020138831541,"MAML2","SH_DMSO_ctrl_rep2_REP1","SK_N_SH","control","new_2"
"Interval_88716","CM_48h_rep1_REP1",7.10078744129998,"MAML2","CM_48h_rep1_REP1","CLBMa","48h","new_1"
"Interval_88716","CM_24h_ATAC_S165170_REP1",7.31579542682627,"MAML2","CM_24h_ATAC_S165170_REP1","CLBMa","24h","legacy"
"Interval_88716","CM_DMSO_ctrl_rep1_REP1",6.87257367464363,"MAML2","CM_DMSO_ctrl_rep1_REP1","CLBMa","control","new_1"
"Interval_88716","CM_control_ATAC_S165169_REP1",7.2253239693394,"MAML2","CM_control_ATAC_S165169_REP1","CLBMa","control","legacy"
"Interval_88716","CM_24h_rep2_REP1",7.48557480424257,"MAML2","CM_24h_rep2_REP1","CLBMa","24h","new_2"
"Interval_88716","CM_DMSO_ctrl_rep2_REP1",7.32638200200088,"MAML2","CM_DMSO_ctrl_rep2_REP1","CLBMa","control","new_2"
"Interval_88716","CM_48h_ATAC_S165167_REP1",7.27201273477252,"MAML2","CM_48h_ATAC_S165167_REP1","CLBMa","48h","legacy"
"Interval_88716","SH_24h_ATAC_S165164_REP1",6.78681049359203,"MAML2","SH_24h_ATAC_S165164_REP1","SK_N_SH","24h","legacy"
"Interval_88716","CM_24h_rep1_REP1",6.82556743477601,"MAML2","CM_24h_rep1_REP1","CLBMa","24h","new_1"
"Interval_88716","SH_48h_rep2_REP1",6.37604882454978,"MAML2","SH_48h_rep2_REP1","SK_N_SH","48h","new_2"
"Interval_88716","SH_24h_rep1_REP1",6.72099324127248,"MAML2","SH_24h_rep1_REP1","SK_N_SH","24h","new_1"
"Interval_88716","SH_48h_rep1_REP1",6.72119593049452,"MAML2","SH_48h_rep1_REP1","SK_N_SH","48h","new_1"
"Interval_88716","CM_48h_rep2_REP1",7.25548624541539,"MAML2","CM_48h_rep2_REP1","CLBMa","48h","new_2"
"Interval_88716","SH_DMSO_ctrl_rep1_REP1",7.0489993773355,"MAML2","SH_DMSO_ctrl_rep1_REP1","SK_N_SH","control","new_1"
"Interval_88716","SH_24h_rep2_REP1",6.53087392194931,"MAML2","SH_24h_rep2_REP1","SK_N_SH","24h","new_2"
"Interval_88716","SH_control_ATAC_S165166_REP1",6.85794317218096,"MAML2","SH_control_ATAC_S165166_REP1","SK_N_SH","control","legacy"
"Interval_88716","SH_48h_ATAC_S165165_REP1",7.04446149636887,"MAML2","SH_48h_ATAC_S165165_REP1","SK_N_SH","48h","legacy"
"Interval_88716","SH_DMSO_ctrl_rep2_REP1",6.85026276542835,"MAML2","SH_DMSO_ctrl_rep2_REP1","SK_N_SH","control","new_2"
"Interval_88717","CM_48h_rep1_REP1",3.17514914384083,"MAML2","CM_48h_rep1_REP1","CLBMa","48h","new_1"
"Interval_88717","CM_24h_ATAC_S165170_REP1",4.35003823170277,"MAML2","CM_24h_ATAC_S165170_REP1","CLBMa","24h","legacy"
"Interval_88717","CM_DMSO_ctrl_rep1_REP1",3.86441244597949,"MAML2","CM_DMSO_ctrl_rep1_REP1","CLBMa","control","new_1"
"Interval_88717","CM_control_ATAC_S165169_REP1",4.37886416699489,"MAML2","CM_control_ATAC_S165169_REP1","CLBMa","control","legacy"
"Interval_88717","CM_24h_rep2_REP1",4.22575404437535,"MAML2","CM_24h_rep2_REP1","CLBMa","24h","new_2"
"Interval_88717","CM_DMSO_ctrl_rep2_REP1",4.00744679541952,"MAML2","CM_DMSO_ctrl_rep2_REP1","CLBMa","control","new_2"
"Interval_88717","CM_48h_ATAC_S165167_REP1",4.82598621968637,"MAML2","CM_48h_ATAC_S165167_REP1","CLBMa","48h","legacy"
"Interval_88717","SH_24h_ATAC_S165164_REP1",5.07497678774381,"MAML2","SH_24h_ATAC_S165164_REP1","SK_N_SH","24h","legacy"
"Interval_88717","CM_24h_rep1_REP1",4.23087797702281,"MAML2","CM_24h_rep1_REP1","CLBMa","24h","new_1"
"Interval_88717","SH_48h_rep2_REP1",4.66189417920651,"MAML2","SH_48h_rep2_REP1","SK_N_SH","48h","new_2"
"Interval_88717","SH_24h_rep1_REP1",4.94257607882712,"MAML2","SH_24h_rep1_REP1","SK_N_SH","24h","new_1"
"Interval_88717","SH_48h_rep1_REP1",4.71807748720151,"MAML2","SH_48h_rep1_REP1","SK_N_SH","48h","new_1"
"Interval_88717","CM_48h_rep2_REP1",3.97740126260944,"MAML2","CM_48h_rep2_REP1","CLBMa","48h","new_2"
"Interval_88717","SH_DMSO_ctrl_rep1_REP1",4.94459440173625,"MAML2","SH_DMSO_ctrl_rep1_REP1","SK_N_SH","control","new_1"
"Interval_88717","SH_24h_rep2_REP1",4.70551022664181,"MAML2","SH_24h_rep2_REP1","SK_N_SH","24h","new_2"
"Interval_88717","SH_control_ATAC_S165166_REP1",4.91189550521804,"MAML2","SH_control_ATAC_S165166_REP1","SK_N_SH","control","legacy"
"Interval_88717","SH_48h_ATAC_S165165_REP1",5.19649693729106,"MAML2","SH_48h_ATAC_S165165_REP1","SK_N_SH","48h","legacy"
"Interval_88717","SH_DMSO_ctrl_rep2_REP1",4.80204155797069,"MAML2","SH_DMSO_ctrl_rep2_REP1","SK_N_SH","control","new_2"
"Interval_88719","CM_48h_rep1_REP1",5.85836368814883,"MAML2","CM_48h_rep1_REP1","CLBMa","48h","new_1"
"Interval_88719","CM_24h_ATAC_S165170_REP1",6.89045324279351,"MAML2","CM_24h_ATAC_S165170_REP1","CLBMa","24h","legacy"
"Interval_88719","CM_DMSO_ctrl_rep1_REP1",5.06565234256619,"MAML2","CM_DMSO_ctrl_rep1_REP1","CLBMa","control","new_1"
"Interval_88719","CM_control_ATAC_S165169_REP1",6.80353971059347,"MAML2","CM_control_ATAC_S165169_REP1","CLBMa","control","legacy"
"Interval_88719","CM_24h_rep2_REP1",6.28166993889249,"MAML2","CM_24h_rep2_REP1","CLBMa","24h","new_2"
"Interval_88719","CM_DMSO_ctrl_rep2_REP1",5.9062295398129,"MAML2","CM_DMSO_ctrl_rep2_REP1","CLBMa","control","new_2"
"Interval_88719","CM_48h_ATAC_S165167_REP1",6.67903395253684,"MAML2","CM_48h_ATAC_S165167_REP1","CLBMa","48h","legacy"
"Interval_88719","SH_24h_ATAC_S165164_REP1",5.86663862144253,"MAML2","SH_24h_ATAC_S165164_REP1","SK_N_SH","24h","legacy"
"Interval_88719","CM_24h_rep1_REP1",5.61188568831696,"MAML2","CM_24h_rep1_REP1","CLBMa","24h","new_1"
"Interval_88719","SH_48h_rep2_REP1",5.87186893623851,"MAML2","SH_48h_rep2_REP1","SK_N_SH","48h","new_2"
"Interval_88719","SH_24h_rep1_REP1",6.12146914158898,"MAML2","SH_24h_rep1_REP1","SK_N_SH","24h","new_1"
"Interval_88719","SH_48h_rep1_REP1",5.95816119763174,"MAML2","SH_48h_rep1_REP1","SK_N_SH","48h","new_1"
"Interval_88719","CM_48h_rep2_REP1",6.33405658391923,"MAML2","CM_48h_rep2_REP1","CLBMa","48h","new_2"
"Interval_88719","SH_DMSO_ctrl_rep1_REP1",6.4501229750952,"MAML2","SH_DMSO_ctrl_rep1_REP1","SK_N_SH","control","new_1"
"Interval_88719","SH_24h_rep2_REP1",5.87024724579652,"MAML2","SH_24h_rep2_REP1","SK_N_SH","24h","new_2"
"Interval_88719","SH_control_ATAC_S165166_REP1",5.99547150402614,"MAML2","SH_control_ATAC_S165166_REP1","SK_N_SH","control","legacy"
"Interval_88719","SH_48h_ATAC_S165165_REP1",5.78230870288431,"MAML2","SH_48h_ATAC_S165165_REP1","SK_N_SH","48h","legacy"
"Interval_88719","SH_DMSO_ctrl_rep2_REP1",5.89885733267451,"MAML2","SH_DMSO_ctrl_rep2_REP1","SK_N_SH","control","new_2"
"Interval_88721","CM_48h_rep1_REP1",6.02907165133239,"MAML2","CM_48h_rep1_REP1","CLBMa","48h","new_1"
"Interval_88721","CM_24h_ATAC_S165170_REP1",6.25721100383092,"MAML2","CM_24h_ATAC_S165170_REP1","CLBMa","24h","legacy"
"Interval_88721","CM_DMSO_ctrl_rep1_REP1",6.11731580201579,"MAML2","CM_DMSO_ctrl_rep1_REP1","CLBMa","control","new_1"
"Interval_88721","CM_control_ATAC_S165169_REP1",6.22313220955403,"MAML2","CM_control_ATAC_S165169_REP1","CLBMa","control","legacy"
"Interval_88721","CM_24h_rep2_REP1",6.45829094318992,"MAML2","CM_24h_rep2_REP1","CLBMa","24h","new_2"
"Interval_88721","CM_DMSO_ctrl_rep2_REP1",6.63142200354093,"MAML2","CM_DMSO_ctrl_rep2_REP1","CLBMa","control","new_2"
"Interval_88721","CM_48h_ATAC_S165167_REP1",6.44954811620232,"MAML2","CM_48h_ATAC_S165167_REP1","CLBMa","48h","legacy"
"Interval_88721","SH_24h_ATAC_S165164_REP1",6.95876664821993,"MAML2","SH_24h_ATAC_S165164_REP1","SK_N_SH","24h","legacy"
"Interval_88721","CM_24h_rep1_REP1",5.99413033602576,"MAML2","CM_24h_rep1_REP1","CLBMa","24h","new_1"
"Interval_88721","SH_48h_rep2_REP1",6.67371549950097,"MAML2","SH_48h_rep2_REP1","SK_N_SH","48h","new_2"
"Interval_88721","SH_24h_rep1_REP1",6.82291625573505,"MAML2","SH_24h_rep1_REP1","SK_N_SH","24h","new_1"
"Interval_88721","SH_48h_rep1_REP1",6.90174430096256,"MAML2","SH_48h_rep1_REP1","SK_N_SH","48h","new_1"
"Interval_88721","CM_48h_rep2_REP1",6.60690792561747,"MAML2","CM_48h_rep2_REP1","CLBMa","48h","new_2"
"Interval_88721","SH_DMSO_ctrl_rep1_REP1",7.31186513398196,"MAML2","SH_DMSO_ctrl_rep1_REP1","SK_N_SH","control","new_1"
"Interval_88721","SH_24h_rep2_REP1",6.61610345731168,"MAML2","SH_24h_rep2_REP1","SK_N_SH","24h","new_2"
"Interval_88721","SH_control_ATAC_S165166_REP1",7.14910222393871,"MAML2","SH_control_ATAC_S165166_REP1","SK_N_SH","control","legacy"
"Interval_88721","SH_48h_ATAC_S165165_REP1",6.56854132305455,"MAML2","SH_48h_ATAC_S165165_REP1","SK_N_SH","48h","legacy"
"Interval_88721","SH_DMSO_ctrl_rep2_REP1",6.82469479356523,"MAML2","SH_DMSO_ctrl_rep2_REP1","SK_N_SH","control","new_2"
"Interval_88722","CM_48h_rep1_REP1",6.26490843984035,"MAML2","CM_48h_rep1_REP1","CLBMa","48h","new_1"
"Interval_88722","CM_24h_ATAC_S165170_REP1",6.35086518686854,"MAML2","CM_24h_ATAC_S165170_REP1","CLBMa","24h","legacy"
"Interval_88722","CM_DMSO_ctrl_rep1_REP1",6.30414985461907,"MAML2","CM_DMSO_ctrl_rep1_REP1","CLBMa","control","new_1"
"Interval_88722","CM_control_ATAC_S165169_REP1",6.26598785205119,"MAML2","CM_control_ATAC_S165169_REP1","CLBMa","control","legacy"
"Interval_88722","CM_24h_rep2_REP1",6.7851065112538,"MAML2","CM_24h_rep2_REP1","CLBMa","24h","new_2"
"Interval_88722","CM_DMSO_ctrl_rep2_REP1",6.67606217091446,"MAML2","CM_DMSO_ctrl_rep2_REP1","CLBMa","control","new_2"
"Interval_88722","CM_48h_ATAC_S165167_REP1",6.13927911583504,"MAML2","CM_48h_ATAC_S165167_REP1","CLBMa","48h","legacy"
"Interval_88722","SH_24h_ATAC_S165164_REP1",6.31402534512229,"MAML2","SH_24h_ATAC_S165164_REP1","SK_N_SH","24h","legacy"
"Interval_88722","CM_24h_rep1_REP1",6.39709775835373,"MAML2","CM_24h_rep1_REP1","CLBMa","24h","new_1"
"Interval_88722","SH_48h_rep2_REP1",6.64356664006471,"MAML2","SH_48h_rep2_REP1","SK_N_SH","48h","new_2"
"Interval_88722","SH_24h_rep1_REP1",6.89484016787342,"MAML2","SH_24h_rep1_REP1","SK_N_SH","24h","new_1"
"Interval_88722","SH_48h_rep1_REP1",6.41336674351321,"MAML2","SH_48h_rep1_REP1","SK_N_SH","48h","new_1"
"Interval_88722","CM_48h_rep2_REP1",6.69804514169978,"MAML2","CM_48h_rep2_REP1","CLBMa","48h","new_2"
"Interval_88722","SH_DMSO_ctrl_rep1_REP1",7.3960654688766,"MAML2","SH_DMSO_ctrl_rep1_REP1","SK_N_SH","control","new_1"
"Interval_88722","SH_24h_rep2_REP1",6.58474000255163,"MAML2","SH_24h_rep2_REP1","SK_N_SH","24h","new_2"
"Interval_88722","SH_control_ATAC_S165166_REP1",6.36677801090101,"MAML2","SH_control_ATAC_S165166_REP1","SK_N_SH","control","legacy"
"Interval_88722","SH_48h_ATAC_S165165_REP1",6.05544395502577,"MAML2","SH_48h_ATAC_S165165_REP1","SK_N_SH","48h","legacy"
"Interval_88722","SH_DMSO_ctrl_rep2_REP1",7.17385606867257,"MAML2","SH_DMSO_ctrl_rep2_REP1","SK_N_SH","control","new_2"
"Interval_88724","CM_48h_rep1_REP1",3.74468746952153,"MAML2","CM_48h_rep1_REP1","CLBMa","48h","new_1"
"Interval_88724","CM_24h_ATAC_S165170_REP1",4.86761323856463,"MAML2","CM_24h_ATAC_S165170_REP1","CLBMa","24h","legacy"
"Interval_88724","CM_DMSO_ctrl_rep1_REP1",5.11353473794959,"MAML2","CM_DMSO_ctrl_rep1_REP1","CLBMa","control","new_1"
"Interval_88724","CM_control_ATAC_S165169_REP1",4.63008449473146,"MAML2","CM_control_ATAC_S165169_REP1","CLBMa","control","legacy"
"Interval_88724","CM_24h_rep2_REP1",4.8490463026189,"MAML2","CM_24h_rep2_REP1","CLBMa","24h","new_2"
"Interval_88724","CM_DMSO_ctrl_rep2_REP1",4.52481933825382,"MAML2","CM_DMSO_ctrl_rep2_REP1","CLBMa","control","new_2"
"Interval_88724","CM_48h_ATAC_S165167_REP1",4.60766213464147,"MAML2","CM_48h_ATAC_S165167_REP1","CLBMa","48h","legacy"
"Interval_88724","SH_24h_ATAC_S165164_REP1",5.36067643163672,"MAML2","SH_24h_ATAC_S165164_REP1","SK_N_SH","24h","legacy"
"Interval_88724","CM_24h_rep1_REP1",4.93385931328279,"MAML2","CM_24h_rep1_REP1","CLBMa","24h","new_1"
"Interval_88724","SH_48h_rep2_REP1",5.67312332106047,"MAML2","SH_48h_rep2_REP1","SK_N_SH","48h","new_2"
"Interval_88724","SH_24h_rep1_REP1",5.69952882255241,"MAML2","SH_24h_rep1_REP1","SK_N_SH","24h","new_1"
"Interval_88724","SH_48h_rep1_REP1",5.49435494208823,"MAML2","SH_48h_rep1_REP1","SK_N_SH","48h","new_1"
"Interval_88724","CM_48h_rep2_REP1",4.68885893998251,"MAML2","CM_48h_rep2_REP1","CLBMa","48h","new_2"
"Interval_88724","SH_DMSO_ctrl_rep1_REP1",5.83057828782005,"MAML2","SH_DMSO_ctrl_rep1_REP1","SK_N_SH","control","new_1"
"Interval_88724","SH_24h_rep2_REP1",5.28449821626079,"MAML2","SH_24h_rep2_REP1","SK_N_SH","24h","new_2"
"Interval_88724","SH_control_ATAC_S165166_REP1",5.21202641434263,"MAML2","SH_control_ATAC_S165166_REP1","SK_N_SH","control","legacy"
"Interval_88724","SH_48h_ATAC_S165165_REP1",5.05462418514752,"MAML2","SH_48h_ATAC_S165165_REP1","SK_N_SH","48h","legacy"
"Interval_88724","SH_DMSO_ctrl_rep2_REP1",5.42708842637946,"MAML2","SH_DMSO_ctrl_rep2_REP1","SK_N_SH","control","new_2"
"Interval_88725","CM_48h_rep1_REP1",3.17514914384083,"MAML2","CM_48h_rep1_REP1","CLBMa","48h","new_1"
"Interval_88725","CM_24h_ATAC_S165170_REP1",3.17514914384083,"MAML2","CM_24h_ATAC_S165170_REP1","CLBMa","24h","legacy"
"Interval_88725","CM_DMSO_ctrl_rep1_REP1",3.66482652783839,"MAML2","CM_DMSO_ctrl_rep1_REP1","CLBMa","control","new_1"
"Interval_88725","CM_control_ATAC_S165169_REP1",3.67838706707083,"MAML2","CM_control_ATAC_S165169_REP1","CLBMa","control","legacy"
"Interval_88725","CM_24h_rep2_REP1",3.97664966313015,"MAML2","CM_24h_rep2_REP1","CLBMa","24h","new_2"
"Interval_88725","CM_DMSO_ctrl_rep2_REP1",3.59560339758255,"MAML2","CM_DMSO_ctrl_rep2_REP1","CLBMa","control","new_2"
"Interval_88725","CM_48h_ATAC_S165167_REP1",3.80633290496338,"MAML2","CM_48h_ATAC_S165167_REP1","CLBMa","48h","legacy"
"Interval_88725","SH_24h_ATAC_S165164_REP1",5.13746312787037,"MAML2","SH_24h_ATAC_S165164_REP1","SK_N_SH","24h","legacy"
"Interval_88725","CM_24h_rep1_REP1",4.07289035833507,"MAML2","CM_24h_rep1_REP1","CLBMa","24h","new_1"
"Interval_88725","SH_48h_rep2_REP1",4.24864070737469,"MAML2","SH_48h_rep2_REP1","SK_N_SH","48h","new_2"
"Interval_88725","SH_24h_rep1_REP1",4.60252147576582,"MAML2","SH_24h_rep1_REP1","SK_N_SH","24h","new_1"
"Interval_88725","SH_48h_rep1_REP1",4.40633361550623,"MAML2","SH_48h_rep1_REP1","SK_N_SH","48h","new_1"
"Interval_88725","CM_48h_rep2_REP1",3.53761364271857,"MAML2","CM_48h_rep2_REP1","CLBMa","48h","new_2"
"Interval_88725","SH_DMSO_ctrl_rep1_REP1",4.74038481068501,"MAML2","SH_DMSO_ctrl_rep1_REP1","SK_N_SH","control","new_1"
"Interval_88725","SH_24h_rep2_REP1",4.46136895678142,"MAML2","SH_24h_rep2_REP1","SK_N_SH","24h","new_2"
"Interval_88725","SH_control_ATAC_S165166_REP1",4.43801590249524,"MAML2","SH_control_ATAC_S165166_REP1","SK_N_SH","control","legacy"
"Interval_88725","SH_48h_ATAC_S165165_REP1",4.11895243393294,"MAML2","SH_48h_ATAC_S165165_REP1","SK_N_SH","48h","legacy"
"Interval_88725","SH_DMSO_ctrl_rep2_REP1",4.91302254059205,"MAML2","SH_DMSO_ctrl_rep2_REP1","SK_N_SH","control","new_2"
"Interval_88726","CM_48h_rep1_REP1",5.78367930962779,"MAML2","CM_48h_rep1_REP1","CLBMa","48h","new_1"
"Interval_88726","CM_24h_ATAC_S165170_REP1",6.30481803165575,"MAML2","CM_24h_ATAC_S165170_REP1","CLBMa","24h","legacy"
"Interval_88726","CM_DMSO_ctrl_rep1_REP1",5.64546052089179,"MAML2","CM_DMSO_ctrl_rep1_REP1","CLBMa","control","new_1"
"Interval_88726","CM_control_ATAC_S165169_REP1",6.42542783682722,"MAML2","CM_control_ATAC_S165169_REP1","CLBMa","control","legacy"
"Interval_88726","CM_24h_rep2_REP1",6.44638326204344,"MAML2","CM_24h_rep2_REP1","CLBMa","24h","new_2"
"Interval_88726","CM_DMSO_ctrl_rep2_REP1",6.28648133095916,"MAML2","CM_DMSO_ctrl_rep2_REP1","CLBMa","control","new_2"
"Interval_88726","CM_48h_ATAC_S165167_REP1",6.53485301726028,"MAML2","CM_48h_ATAC_S165167_REP1","CLBMa","48h","legacy"
"Interval_88726","SH_24h_ATAC_S165164_REP1",7.18317857429128,"MAML2","SH_24h_ATAC_S165164_REP1","SK_N_SH","24h","legacy"
"Interval_88726","CM_24h_rep1_REP1",6.13672562350934,"MAML2","CM_24h_rep1_REP1","CLBMa","24h","new_1"
"Interval_88726","SH_48h_rep2_REP1",7.44858554903288,"MAML2","SH_48h_rep2_REP1","SK_N_SH","48h","new_2"
"Interval_88726","SH_24h_rep1_REP1",7.17039825216889,"MAML2","SH_24h_rep1_REP1","SK_N_SH","24h","new_1"
"Interval_88726","SH_48h_rep1_REP1",7.14480010723055,"MAML2","SH_48h_rep1_REP1","SK_N_SH","48h","new_1"
"Interval_88726","CM_48h_rep2_REP1",6.76083727703051,"MAML2","CM_48h_rep2_REP1","CLBMa","48h","new_2"
"Interval_88726","SH_DMSO_ctrl_rep1_REP1",7.40859156799706,"MAML2","SH_DMSO_ctrl_rep1_REP1","SK_N_SH","control","new_1"
"Interval_88726","SH_24h_rep2_REP1",7.29426479890785,"MAML2","SH_24h_rep2_REP1","SK_N_SH","24h","new_2"
"Interval_88726","SH_control_ATAC_S165166_REP1",6.63351495245009,"MAML2","SH_control_ATAC_S165166_REP1","SK_N_SH","control","legacy"
"Interval_88726","SH_48h_ATAC_S165165_REP1",7.13808978809848,"MAML2","SH_48h_ATAC_S165165_REP1","SK_N_SH","48h","legacy"
"Interval_88726","SH_DMSO_ctrl_rep2_REP1",7.23966535670045,"MAML2","SH_DMSO_ctrl_rep2_REP1","SK_N_SH","control","new_2"
"Interval_88727","CM_48h_rep1_REP1",4.29343013802408,"MAML2","CM_48h_rep1_REP1","CLBMa","48h","new_1"
"Interval_88727","CM_24h_ATAC_S165170_REP1",4.09491583184863,"MAML2","CM_24h_ATAC_S165170_REP1","CLBMa","24h","legacy"
"Interval_88727","CM_DMSO_ctrl_rep1_REP1",4.34782423599774,"MAML2","CM_DMSO_ctrl_rep1_REP1","CLBMa","control","new_1"
"Interval_88727","CM_control_ATAC_S165169_REP1",4.55280480375319,"MAML2","CM_control_ATAC_S165169_REP1","CLBMa","control","legacy"
"Interval_88727","CM_24h_rep2_REP1",4.29495259218773,"MAML2","CM_24h_rep2_REP1","CLBMa","24h","new_2"
"Interval_88727","CM_DMSO_ctrl_rep2_REP1",4.58057005031979,"MAML2","CM_DMSO_ctrl_rep2_REP1","CLBMa","control","new_2"
"Interval_88727","CM_48h_ATAC_S165167_REP1",4.775182347367,"MAML2","CM_48h_ATAC_S165167_REP1","CLBMa","48h","legacy"
"Interval_88727","SH_24h_ATAC_S165164_REP1",5.36067643163672,"MAML2","SH_24h_ATAC_S165164_REP1","SK_N_SH","24h","legacy"
"Interval_88727","CM_24h_rep1_REP1",4.07289035833507,"MAML2","CM_24h_rep1_REP1","CLBMa","24h","new_1"
"Interval_88727","SH_48h_rep2_REP1",4.90725052970802,"MAML2","SH_48h_rep2_REP1","SK_N_SH","48h","new_2"
"Interval_88727","SH_24h_rep1_REP1",5.67180328708903,"MAML2","SH_24h_rep1_REP1","SK_N_SH","24h","new_1"
"Interval_88727","SH_48h_rep1_REP1",5.85054714764469,"MAML2","SH_48h_rep1_REP1","SK_N_SH","48h","new_1"
"Interval_88727","CM_48h_rep2_REP1",4.24099918111277,"MAML2","CM_48h_rep2_REP1","CLBMa","48h","new_2"
"Interval_88727","SH_DMSO_ctrl_rep1_REP1",5.73188019941193,"MAML2","SH_DMSO_ctrl_rep1_REP1","SK_N_SH","control","new_1"
"Interval_88727","SH_24h_rep2_REP1",5.4141660889818,"MAML2","SH_24h_rep2_REP1","SK_N_SH","24h","new_2"
"Interval_88727","SH_control_ATAC_S165166_REP1",5.35624000985944,"MAML2","SH_control_ATAC_S165166_REP1","SK_N_SH","control","legacy"
"Interval_88727","SH_48h_ATAC_S165165_REP1",5.22961920440014,"MAML2","SH_48h_ATAC_S165165_REP1","SK_N_SH","48h","legacy"
"Interval_88727","SH_DMSO_ctrl_rep2_REP1",5.81317092045615,"MAML2","SH_DMSO_ctrl_rep2_REP1","SK_N_SH","control","new_2"
"Interval_88728","CM_48h_rep1_REP1",5.38481234407295,"MAML2","CM_48h_rep1_REP1","CLBMa","48h","new_1"
"Interval_88728","CM_24h_ATAC_S165170_REP1",7.3498838590848,"MAML2","CM_24h_ATAC_S165170_REP1","CLBMa","24h","legacy"
"Interval_88728","CM_DMSO_ctrl_rep1_REP1",5.20417180396463,"MAML2","CM_DMSO_ctrl_rep1_REP1","CLBMa","control","new_1"
"Interval_88728","CM_control_ATAC_S165169_REP1",7.41615536157386,"MAML2","CM_control_ATAC_S165169_REP1","CLBMa","control","legacy"
"Interval_88728","CM_24h_rep2_REP1",6.07958402279058,"MAML2","CM_24h_rep2_REP1","CLBMa","24h","new_2"
"Interval_88728","CM_DMSO_ctrl_rep2_REP1",5.98027958691632,"MAML2","CM_DMSO_ctrl_rep2_REP1","CLBMa","control","new_2"
"Interval_88728","CM_48h_ATAC_S165167_REP1",7.18728796711066,"MAML2","CM_48h_ATAC_S165167_REP1","CLBMa","48h","legacy"
"Interval_88728","SH_24h_ATAC_S165164_REP1",6.18023367719379,"MAML2","SH_24h_ATAC_S165164_REP1","SK_N_SH","24h","legacy"
"Interval_88728","CM_24h_rep1_REP1",5.28889676447378,"MAML2","CM_24h_rep1_REP1","CLBMa","24h","new_1"
"Interval_88728","SH_48h_rep2_REP1",6.70323765512813,"MAML2","SH_48h_rep2_REP1","SK_N_SH","48h","new_2"
"Interval_88728","SH_24h_rep1_REP1",6.46078836121751,"MAML2","SH_24h_rep1_REP1","SK_N_SH","24h","new_1"
"Interval_88728","SH_48h_rep1_REP1",6.73317652066465,"MAML2","SH_48h_rep1_REP1","SK_N_SH","48h","new_1"
"Interval_88728","CM_48h_rep2_REP1",5.96844911566317,"MAML2","CM_48h_rep2_REP1","CLBMa","48h","new_2"
"Interval_88728","SH_DMSO_ctrl_rep1_REP1",7.25053305301353,"MAML2","SH_DMSO_ctrl_rep1_REP1","SK_N_SH","control","new_1"
"Interval_88728","SH_24h_rep2_REP1",6.48625474558654,"MAML2","SH_24h_rep2_REP1","SK_N_SH","24h","new_2"
"Interval_88728","SH_control_ATAC_S165166_REP1",6.43055478637387,"MAML2","SH_control_ATAC_S165166_REP1","SK_N_SH","control","legacy"
"Interval_88728","SH_48h_ATAC_S165165_REP1",6.1245192931599,"MAML2","SH_48h_ATAC_S165165_REP1","SK_N_SH","48h","legacy"
"Interval_88728","SH_DMSO_ctrl_rep2_REP1",6.91628339812997,"MAML2","SH_DMSO_ctrl_rep2_REP1","SK_N_SH","control","new_2"
"Interval_88730","CM_48h_rep1_REP1",4.62944852609327,"MAML2","CM_48h_rep1_REP1","CLBMa","48h","new_1"
"Interval_88730","CM_24h_ATAC_S165170_REP1",4.55126608807158,"MAML2","CM_24h_ATAC_S165170_REP1","CLBMa","24h","legacy"
"Interval_88730","CM_DMSO_ctrl_rep1_REP1",4.66411913035382,"MAML2","CM_DMSO_ctrl_rep1_REP1","CLBMa","control","new_1"
"Interval_88730","CM_control_ATAC_S165169_REP1",4.16708130883002,"MAML2","CM_control_ATAC_S165169_REP1","CLBMa","control","legacy"
"Interval_88730","CM_24h_rep2_REP1",4.35939196957545,"MAML2","CM_24h_rep2_REP1","CLBMa","24h","new_2"
"Interval_88730","CM_DMSO_ctrl_rep2_REP1",4.40353670678072,"MAML2","CM_DMSO_ctrl_rep2_REP1","CLBMa","control","new_2"
"Interval_88730","CM_48h_ATAC_S165167_REP1",4.87468716923707,"MAML2","CM_48h_ATAC_S165167_REP1","CLBMa","48h","legacy"
"Interval_88730","SH_24h_ATAC_S165164_REP1",6.18023367719379,"MAML2","SH_24h_ATAC_S165164_REP1","SK_N_SH","24h","legacy"
"Interval_88730","CM_24h_rep1_REP1",4.30038310050463,"MAML2","CM_24h_rep1_REP1","CLBMa","24h","new_1"
"Interval_88730","SH_48h_rep2_REP1",5.79020421843322,"MAML2","SH_48h_rep2_REP1","SK_N_SH","48h","new_2"
"Interval_88730","SH_24h_rep1_REP1",5.87926412554988,"MAML2","SH_24h_rep1_REP1","SK_N_SH","24h","new_1"
"Interval_88730","SH_48h_rep1_REP1",6.16905682711481,"MAML2","SH_48h_rep1_REP1","SK_N_SH","48h","new_1"
"Interval_88730","CM_48h_rep2_REP1",4.18246552517583,"MAML2","CM_48h_rep2_REP1","CLBMa","48h","new_2"
"Interval_88730","SH_DMSO_ctrl_rep1_REP1",5.60313684848215,"MAML2","SH_DMSO_ctrl_rep1_REP1","SK_N_SH","control","new_1"
"Interval_88730","SH_24h_rep2_REP1",5.48624407904526,"MAML2","SH_24h_rep2_REP1","SK_N_SH","24h","new_2"
"Interval_88730","SH_control_ATAC_S165166_REP1",5.4227762790112,"MAML2","SH_control_ATAC_S165166_REP1","SK_N_SH","control","legacy"
"Interval_88730","SH_48h_ATAC_S165165_REP1",6.90601560462795,"MAML2","SH_48h_ATAC_S165165_REP1","SK_N_SH","48h","legacy"
"Interval_88730","SH_DMSO_ctrl_rep2_REP1",5.04670972684679,"MAML2","SH_DMSO_ctrl_rep2_REP1","SK_N_SH","control","new_2"
"Interval_88733","CM_48h_rep1_REP1",4.41815628734617,"MAML2","CM_48h_rep1_REP1","CLBMa","48h","new_1"
"Interval_88733","CM_24h_ATAC_S165170_REP1",5.17212695027773,"MAML2","CM_24h_ATAC_S165170_REP1","CLBMa","24h","legacy"
"Interval_88733","CM_DMSO_ctrl_rep1_REP1",4.25031072403679,"MAML2","CM_DMSO_ctrl_rep1_REP1","CLBMa","control","new_1"
"Interval_88733","CM_control_ATAC_S165169_REP1",4.8951260631567,"MAML2","CM_control_ATAC_S165169_REP1","CLBMa","control","legacy"
"Interval_88733","CM_24h_rep2_REP1",4.29495259218773,"MAML2","CM_24h_rep2_REP1","CLBMa","24h","new_2"
"Interval_88733","CM_DMSO_ctrl_rep2_REP1",4.40353670678072,"MAML2","CM_DMSO_ctrl_rep2_REP1","CLBMa","control","new_2"
"Interval_88733","CM_48h_ATAC_S165167_REP1",4.92147716693387,"MAML2","CM_48h_ATAC_S165167_REP1","CLBMa","48h","legacy"
"Interval_88733","SH_24h_ATAC_S165164_REP1",4.51270648380663,"MAML2","SH_24h_ATAC_S165164_REP1","SK_N_SH","24h","legacy"
"Interval_88733","CM_24h_rep1_REP1",4.1555452851229,"MAML2","CM_24h_rep1_REP1","CLBMa","24h","new_1"
"Interval_88733","SH_48h_rep2_REP1",3.86331362310218,"MAML2","SH_48h_rep2_REP1","SK_N_SH","48h","new_2"
"Interval_88733","SH_24h_rep1_REP1",4.72735809167953,"MAML2","SH_24h_rep1_REP1","SK_N_SH","24h","new_1"
"Interval_88733","SH_48h_rep1_REP1",4.47644257349596,"MAML2","SH_48h_rep1_REP1","SK_N_SH","48h","new_1"
"Interval_88733","CM_48h_rep2_REP1",4.85841462146113,"MAML2","CM_48h_rep2_REP1","CLBMa","48h","new_2"
"Interval_88733","SH_DMSO_ctrl_rep1_REP1",4.43386183388512,"MAML2","SH_DMSO_ctrl_rep1_REP1","SK_N_SH","control","new_1"
"Interval_88733","SH_24h_rep2_REP1",4.13884305740236,"MAML2","SH_24h_rep2_REP1","SK_N_SH","24h","new_2"
"Interval_88733","SH_control_ATAC_S165166_REP1",4.69975430810919,"MAML2","SH_control_ATAC_S165166_REP1","SK_N_SH","control","legacy"
"Interval_88733","SH_48h_ATAC_S165165_REP1",4.60433516818011,"MAML2","SH_48h_ATAC_S165165_REP1","SK_N_SH","48h","legacy"
"Interval_88733","SH_DMSO_ctrl_rep2_REP1",4.38334302117279,"MAML2","SH_DMSO_ctrl_rep2_REP1","SK_N_SH","control","new_2"
"Interval_88734","CM_48h_rep1_REP1",5.43548029870513,"MAML2","CM_48h_rep1_REP1","CLBMa","48h","new_1"
"Interval_88734","CM_24h_ATAC_S165170_REP1",4.79633499016001,"MAML2","CM_24h_ATAC_S165170_REP1","CLBMa","24h","legacy"
"Interval_88734","CM_DMSO_ctrl_rep1_REP1",5.01585741135407,"MAML2","CM_DMSO_ctrl_rep1_REP1","CLBMa","control","new_1"
"Interval_88734","CM_control_ATAC_S165169_REP1",5.20756594614139,"MAML2","CM_control_ATAC_S165169_REP1","CLBMa","control","legacy"
"Interval_88734","CM_24h_rep2_REP1",4.8490463026189,"MAML2","CM_24h_rep2_REP1","CLBMa","24h","new_2"
"Interval_88734","CM_DMSO_ctrl_rep2_REP1",5.02490911586931,"MAML2","CM_DMSO_ctrl_rep2_REP1","CLBMa","control","new_2"
"Interval_88734","CM_48h_ATAC_S165167_REP1",4.87468716923707,"MAML2","CM_48h_ATAC_S165167_REP1","CLBMa","48h","legacy"
"Interval_88734","SH_24h_ATAC_S165164_REP1",4.70311811729261,"MAML2","SH_24h_ATAC_S165164_REP1","SK_N_SH","24h","legacy"
"Interval_88734","CM_24h_rep1_REP1",5.13977264846463,"MAML2","CM_24h_rep1_REP1","CLBMa","24h","new_1"
"Interval_88734","SH_48h_rep2_REP1",4.51580202325875,"MAML2","SH_48h_rep2_REP1","SK_N_SH","48h","new_2"
"Interval_88734","SH_24h_rep1_REP1",5.16699788501725,"MAML2","SH_24h_rep1_REP1","SK_N_SH","24h","new_1"
"Interval_88734","SH_48h_rep1_REP1",4.82179620222672,"MAML2","SH_48h_rep1_REP1","SK_N_SH","48h","new_1"
"Interval_88734","CM_48h_rep2_REP1",4.72482364240508,"MAML2","CM_48h_rep2_REP1","CLBMa","48h","new_2"
"Interval_88734","SH_DMSO_ctrl_rep1_REP1",5.40970257129623,"MAML2","SH_DMSO_ctrl_rep1_REP1","SK_N_SH","control","new_1"
"Interval_88734","SH_24h_rep2_REP1",4.94239847194499,"MAML2","SH_24h_rep2_REP1","SK_N_SH","24h","new_2"
"Interval_88734","SH_control_ATAC_S165166_REP1",4.57680773870518,"MAML2","SH_control_ATAC_S165166_REP1","SK_N_SH","control","legacy"
"Interval_88734","SH_48h_ATAC_S165165_REP1",5.22961920440014,"MAML2","SH_48h_ATAC_S165165_REP1","SK_N_SH","48h","legacy"
"Interval_88734","SH_DMSO_ctrl_rep2_REP1",4.63536754130632,"MAML2","SH_DMSO_ctrl_rep2_REP1","SK_N_SH","control","new_2"
"Interval_88737","CM_48h_rep1_REP1",6.02907165133239,"MAML2","CM_48h_rep1_REP1","CLBMa","48h","new_1"
"Interval_88737","CM_24h_ATAC_S165170_REP1",6.9510746615673,"MAML2","CM_24h_ATAC_S165170_REP1","CLBMa","24h","legacy"
"Interval_88737","CM_DMSO_ctrl_rep1_REP1",6.24459787631762,"MAML2","CM_DMSO_ctrl_rep1_REP1","CLBMa","control","new_1"
"Interval_88737","CM_control_ATAC_S165169_REP1",6.60231930934795,"MAML2","CM_control_ATAC_S165169_REP1","CLBMa","control","legacy"
"Interval_88737","CM_24h_rep2_REP1",6.32142707105776,"MAML2","CM_24h_rep2_REP1","CLBMa","24h","new_2"
"Interval_88737","CM_DMSO_ctrl_rep2_REP1",6.38431495376469,"MAML2","CM_DMSO_ctrl_rep2_REP1","CLBMa","control","new_2"
"Interval_88737","CM_48h_ATAC_S165167_REP1",6.7400232955669,"MAML2","CM_48h_ATAC_S165167_REP1","CLBMa","48h","legacy"
"Interval_88737","SH_24h_ATAC_S165164_REP1",6.15187041957842,"MAML2","SH_24h_ATAC_S165164_REP1","SK_N_SH","24h","legacy"
"Interval_88737","CM_24h_rep1_REP1",5.81630286063079,"MAML2","CM_24h_rep1_REP1","CLBMa","24h","new_1"
"Interval_88737","SH_48h_rep2_REP1",6.37604882454978,"MAML2","SH_48h_rep2_REP1","SK_N_SH","48h","new_2"
"Interval_88737","SH_24h_rep1_REP1",6.37912453282401,"MAML2","SH_24h_rep1_REP1","SK_N_SH","24h","new_1"
"Interval_88737","SH_48h_rep1_REP1",6.55548695148711,"MAML2","SH_48h_rep1_REP1","SK_N_SH","48h","new_1"
"Interval_88737","CM_48h_rep2_REP1",6.2484634659709,"MAML2","CM_48h_rep2_REP1","CLBMa","48h","new_2"
"Interval_88737","SH_DMSO_ctrl_rep1_REP1",6.9749742759457,"MAML2","SH_DMSO_ctrl_rep1_REP1","SK_N_SH","control","new_1"
"Interval_88737","SH_24h_rep2_REP1",6.45184126725047,"MAML2","SH_24h_rep2_REP1","SK_N_SH","24h","new_2"
"Interval_88737","SH_control_ATAC_S165166_REP1",6.43055478637387,"MAML2","SH_control_ATAC_S165166_REP1","SK_N_SH","control","legacy"
"Interval_88737","SH_48h_ATAC_S165165_REP1",6.2835967449359,"MAML2","SH_48h_ATAC_S165165_REP1","SK_N_SH","48h","legacy"
"Interval_88737","SH_DMSO_ctrl_rep2_REP1",6.71756816590254,"MAML2","SH_DMSO_ctrl_rep2_REP1","SK_N_SH","control","new_2"
"Interval_88739","CM_48h_rep1_REP1",7.20246607316686,"MAML2","CM_48h_rep1_REP1","CLBMa","48h","new_1"
"Interval_88739","CM_24h_ATAC_S165170_REP1",6.65532022173524,"MAML2","CM_24h_ATAC_S165170_REP1","CLBMa","24h","legacy"
"Interval_88739","CM_DMSO_ctrl_rep1_REP1",7.50394300719836,"MAML2","CM_DMSO_ctrl_rep1_REP1","CLBMa","control","new_1"
"Interval_88739","CM_control_ATAC_S165169_REP1",6.56866545187104,"MAML2","CM_control_ATAC_S165169_REP1","CLBMa","control","legacy"
"Interval_88739","CM_24h_rep2_REP1",7.73402681506567,"MAML2","CM_24h_rep2_REP1","CLBMa","24h","new_2"
"Interval_88739","CM_DMSO_ctrl_rep2_REP1",7.64942726912138,"MAML2","CM_DMSO_ctrl_rep2_REP1","CLBMa","control","new_2"
"Interval_88739","CM_48h_ATAC_S165167_REP1",6.57565138852525,"MAML2","CM_48h_ATAC_S165167_REP1","CLBMa","48h","legacy"
"Interval_88739","SH_24h_ATAC_S165164_REP1",6.28826813106464,"MAML2","SH_24h_ATAC_S165164_REP1","SK_N_SH","24h","legacy"
"Interval_88739","CM_24h_rep1_REP1",7.34662823266979,"MAML2","CM_24h_rep1_REP1","CLBMa","24h","new_1"
"Interval_88739","SH_48h_rep2_REP1",6.37604882454978,"MAML2","SH_48h_rep2_REP1","SK_N_SH","48h","new_2"
"Interval_88739","SH_24h_rep1_REP1",6.99635177087828,"MAML2","SH_24h_rep1_REP1","SK_N_SH","24h","new_1"
"Interval_88739","SH_48h_rep1_REP1",6.69692752345158,"MAML2","SH_48h_rep1_REP1","SK_N_SH","48h","new_1"
"Interval_88739","CM_48h_rep2_REP1",7.42435038207282,"MAML2","CM_48h_rep2_REP1","CLBMa","48h","new_2"
"Interval_88739","SH_DMSO_ctrl_rep1_REP1",7.35781713356185,"MAML2","SH_DMSO_ctrl_rep1_REP1","SK_N_SH","control","new_1"
"Interval_88739","SH_24h_rep2_REP1",6.6568710287699,"MAML2","SH_24h_rep2_REP1","SK_N_SH","24h","new_2"
"Interval_88739","SH_control_ATAC_S165166_REP1",6.36677801090101,"MAML2","SH_control_ATAC_S165166_REP1","SK_N_SH","control","legacy"
"Interval_88739","SH_48h_ATAC_S165165_REP1",5.98275652645717,"MAML2","SH_48h_ATAC_S165165_REP1","SK_N_SH","48h","legacy"
"Interval_88739","SH_DMSO_ctrl_rep2_REP1",7.11893968728606,"MAML2","SH_DMSO_ctrl_rep2_REP1","SK_N_SH","control","new_2"
"Interval_88740","CM_48h_rep1_REP1",6.60118525979382,"MAML2","CM_48h_rep1_REP1","CLBMa","48h","new_1"
"Interval_88740","CM_24h_ATAC_S165170_REP1",5.7344565796128,"MAML2","CM_24h_ATAC_S165170_REP1","CLBMa","24h","legacy"
"Interval_88740","CM_DMSO_ctrl_rep1_REP1",7.23797823083273,"MAML2","CM_DMSO_ctrl_rep1_REP1","CLBMa","control","new_1"
"Interval_88740","CM_control_ATAC_S165169_REP1",6.1332730878115,"MAML2","CM_control_ATAC_S165169_REP1","CLBMa","control","legacy"
"Interval_88740","CM_24h_rep2_REP1",6.84954816758682,"MAML2","CM_24h_rep2_REP1","CLBMa","24h","new_2"
"Interval_88740","CM_DMSO_ctrl_rep2_REP1",6.89929453799317,"MAML2","CM_DMSO_ctrl_rep2_REP1","CLBMa","control","new_2"
"Interval_88740","CM_48h_ATAC_S165167_REP1",5.78751771935922,"MAML2","CM_48h_ATAC_S165167_REP1","CLBMa","48h","legacy"
"Interval_88740","SH_24h_ATAC_S165164_REP1",6.6527533984917,"MAML2","SH_24h_ATAC_S165164_REP1","SK_N_SH","24h","legacy"
"Interval_88740","CM_24h_rep1_REP1",6.87106851386649,"MAML2","CM_24h_rep1_REP1","CLBMa","24h","new_1"
"Interval_88740","SH_48h_rep2_REP1",7.11848547622447,"MAML2","SH_48h_rep2_REP1","SK_N_SH","48h","new_2"
"Interval_88740","SH_24h_rep1_REP1",6.99635177087828,"MAML2","SH_24h_rep1_REP1","SK_N_SH","24h","new_1"
"Interval_88740","SH_48h_rep1_REP1",7.17137385210803,"MAML2","SH_48h_rep1_REP1","SK_N_SH","48h","new_1"
"Interval_88740","CM_48h_rep2_REP1",6.66557719182522,"MAML2","CM_48h_rep2_REP1","CLBMa","48h","new_2"
"Interval_88740","SH_DMSO_ctrl_rep1_REP1",7.49333979264186,"MAML2","SH_DMSO_ctrl_rep1_REP1","SK_N_SH","control","new_1"
"Interval_88740","SH_24h_rep2_REP1",6.77259131126785,"MAML2","SH_24h_rep2_REP1","SK_N_SH","24h","new_2"
"Interval_88740","SH_control_ATAC_S165166_REP1",7.11096714061163,"MAML2","SH_control_ATAC_S165166_REP1","SK_N_SH","control","legacy"
"Interval_88740","SH_48h_ATAC_S165165_REP1",7.00883494269127,"MAML2","SH_48h_ATAC_S165165_REP1","SK_N_SH","48h","legacy"
"Interval_88740","SH_DMSO_ctrl_rep2_REP1",7.09067025224445,"MAML2","SH_DMSO_ctrl_rep2_REP1","SK_N_SH","control","new_2"
"Interval_88741","CM_48h_rep1_REP1",9.53051008188373,"MAML2","CM_48h_rep1_REP1","CLBMa","48h","new_1"
"Interval_88741","CM_24h_ATAC_S165170_REP1",8.04758934003606,"MAML2","CM_24h_ATAC_S165170_REP1","CLBMa","24h","legacy"
"Interval_88741","CM_DMSO_ctrl_rep1_REP1",9.41351476690667,"MAML2","CM_DMSO_ctrl_rep1_REP1","CLBMa","control","new_1"
"Interval_88741","CM_control_ATAC_S165169_REP1",8.32599376524816,"MAML2","CM_control_ATAC_S165169_REP1","CLBMa","control","legacy"
"Interval_88741","CM_24h_rep2_REP1",9.32849381787719,"MAML2","CM_24h_rep2_REP1","CLBMa","24h","new_2"
"Interval_88741","CM_DMSO_ctrl_rep2_REP1",9.19239424103541,"MAML2","CM_DMSO_ctrl_rep2_REP1","CLBMa","control","new_2"
"Interval_88741","CM_48h_ATAC_S165167_REP1",7.86906089912604,"MAML2","CM_48h_ATAC_S165167_REP1","CLBMa","48h","legacy"
"Interval_88741","SH_24h_ATAC_S165164_REP1",7.88176040755799,"MAML2","SH_24h_ATAC_S165164_REP1","SK_N_SH","24h","legacy"
"Interval_88741","CM_24h_rep1_REP1",9.31027531142899,"MAML2","CM_24h_rep1_REP1","CLBMa","24h","new_1"
"Interval_88741","SH_48h_rep2_REP1",7.96707020014911,"MAML2","SH_48h_rep2_REP1","SK_N_SH","48h","new_2"
"Interval_88741","SH_24h_rep1_REP1",8.33823888050038,"MAML2","SH_24h_rep1_REP1","SK_N_SH","24h","new_1"
"Interval_88741","SH_48h_rep1_REP1",8.28202812815506,"MAML2","SH_48h_rep1_REP1","SK_N_SH","48h","new_1"
"Interval_88741","CM_48h_rep2_REP1",9.23221087299202,"MAML2","CM_48h_rep2_REP1","CLBMa","48h","new_2"
"Interval_88741","SH_DMSO_ctrl_rep1_REP1",8.90904181535872,"MAML2","SH_DMSO_ctrl_rep1_REP1","SK_N_SH","control","new_1"
"Interval_88741","SH_24h_rep2_REP1",8.15006306734461,"MAML2","SH_24h_rep2_REP1","SK_N_SH","24h","new_2"
"Interval_88741","SH_control_ATAC_S165166_REP1",8.00799299687788,"MAML2","SH_control_ATAC_S165166_REP1","SK_N_SH","control","legacy"
"Interval_88741","SH_48h_ATAC_S165165_REP1",7.64610068001595,"MAML2","SH_48h_ATAC_S165165_REP1","SK_N_SH","48h","legacy"
"Interval_88741","SH_DMSO_ctrl_rep2_REP1",8.59663287015003,"MAML2","SH_DMSO_ctrl_rep2_REP1","SK_N_SH","control","new_2"
"Interval_88743","CM_48h_rep1_REP1",5.99657393358249,"MAML2","CM_48h_rep1_REP1","CLBMa","48h","new_1"
"Interval_88743","CM_24h_ATAC_S165170_REP1",5.7344565796128,"MAML2","CM_24h_ATAC_S165170_REP1","CLBMa","24h","legacy"
"Interval_88743","CM_DMSO_ctrl_rep1_REP1",5.7652166643563,"MAML2","CM_DMSO_ctrl_rep1_REP1","CLBMa","control","new_1"
"Interval_88743","CM_control_ATAC_S165169_REP1",6.1562851167296,"MAML2","CM_control_ATAC_S165169_REP1","CLBMa","control","legacy"
"Interval_88743","CM_24h_rep2_REP1",5.41306766807135,"MAML2","CM_24h_rep2_REP1","CLBMa","24h","new_2"
"Interval_88743","CM_DMSO_ctrl_rep2_REP1",5.48648968895129,"MAML2","CM_DMSO_ctrl_rep2_REP1","CLBMa","control","new_2"
"Interval_88743","CM_48h_ATAC_S165167_REP1",5.96422032222928,"MAML2","CM_48h_ATAC_S165167_REP1","CLBMa","48h","legacy"
"Interval_88743","SH_24h_ATAC_S165164_REP1",5.55127749254344,"MAML2","SH_24h_ATAC_S165164_REP1","SK_N_SH","24h","legacy"
"Interval_88743","CM_24h_rep1_REP1",5.79718705719042,"MAML2","CM_24h_rep1_REP1","CLBMa","24h","new_1"
"Interval_88743","SH_48h_rep2_REP1",6.33874373498624,"MAML2","SH_48h_rep2_REP1","SK_N_SH","48h","new_2"
"Interval_88743","SH_24h_rep1_REP1",6.68080687542498,"MAML2","SH_24h_rep1_REP1","SK_N_SH","24h","new_1"
"Interval_88743","SH_48h_rep1_REP1",6.58227486687663,"MAML2","SH_48h_rep1_REP1","SK_N_SH","48h","new_1"
"Interval_88743","CM_48h_rep2_REP1",5.08777940412427,"MAML2","CM_48h_rep2_REP1","CLBMa","48h","new_2"
"Interval_88743","SH_DMSO_ctrl_rep1_REP1",7.16444522679172,"MAML2","SH_DMSO_ctrl_rep1_REP1","SK_N_SH","control","new_1"
"Interval_88743","SH_24h_rep2_REP1",6.42842412696165,"MAML2","SH_24h_rep2_REP1","SK_N_SH","24h","new_2"
"Interval_88743","SH_control_ATAC_S165166_REP1",5.73905503860733,"MAML2","SH_control_ATAC_S165166_REP1","SK_N_SH","control","legacy"
"Interval_88743","SH_48h_ATAC_S165165_REP1",5.86602293861611,"MAML2","SH_48h_ATAC_S165165_REP1","SK_N_SH","48h","legacy"
"Interval_88743","SH_DMSO_ctrl_rep2_REP1",6.83326853260786,"MAML2","SH_DMSO_ctrl_rep2_REP1","SK_N_SH","control","new_2"
"Interval_88744","CM_48h_rep1_REP1",6.39439965648724,"MAML2","CM_48h_rep1_REP1","CLBMa","48h","new_1"
"Interval_88744","CM_24h_ATAC_S165170_REP1",5.41743952360585,"MAML2","CM_24h_ATAC_S165170_REP1","CLBMa","24h","legacy"
"Interval_88744","CM_DMSO_ctrl_rep1_REP1",6.30414985461907,"MAML2","CM_DMSO_ctrl_rep1_REP1","CLBMa","control","new_1"
"Interval_88744","CM_control_ATAC_S165169_REP1",5.37993956609711,"MAML2","CM_control_ATAC_S165169_REP1","CLBMa","control","legacy"
"Interval_88744","CM_24h_rep2_REP1",5.80570916174907,"MAML2","CM_24h_rep2_REP1","CLBMa","24h","new_2"
"Interval_88744","CM_DMSO_ctrl_rep2_REP1",5.76620819484038,"MAML2","CM_DMSO_ctrl_rep2_REP1","CLBMa","control","new_2"
"Interval_88744","CM_48h_ATAC_S165167_REP1",5.16996033837027,"MAML2","CM_48h_ATAC_S165167_REP1","CLBMa","48h","legacy"
"Interval_88744","SH_24h_ATAC_S165164_REP1",5.93529220351566,"MAML2","SH_24h_ATAC_S165164_REP1","SK_N_SH","24h","legacy"
"Interval_88744","CM_24h_rep1_REP1",6.0107162125514,"MAML2","CM_24h_rep1_REP1","CLBMa","24h","new_1"
"Interval_88744","SH_48h_rep2_REP1",5.99805621217971,"MAML2","SH_48h_rep2_REP1","SK_N_SH","48h","new_2"
"Interval_88744","SH_24h_rep1_REP1",6.32775424277272,"MAML2","SH_24h_rep1_REP1","SK_N_SH","24h","new_1"
"Interval_88744","SH_48h_rep1_REP1",6.1330120240927,"MAML2","SH_48h_rep1_REP1","SK_N_SH","48h","new_1"
"Interval_88744","CM_48h_rep2_REP1",5.74965997923261,"MAML2","CM_48h_rep2_REP1","CLBMa","48h","new_2"
"Interval_88744","SH_DMSO_ctrl_rep1_REP1",6.63317257034292,"MAML2","SH_DMSO_ctrl_rep1_REP1","SK_N_SH","control","new_1"
"Interval_88744","SH_24h_rep2_REP1",6.05154206898563,"MAML2","SH_24h_rep2_REP1","SK_N_SH","24h","new_2"
"Interval_88744","SH_control_ATAC_S165166_REP1",5.99547150402614,"MAML2","SH_control_ATAC_S165166_REP1","SK_N_SH","control","legacy"
"Interval_88744","SH_48h_ATAC_S165165_REP1",6.00128852343867,"MAML2","SH_48h_ATAC_S165165_REP1","SK_N_SH","48h","legacy"
"Interval_88744","SH_DMSO_ctrl_rep2_REP1",6.12801509661203,"MAML2","SH_DMSO_ctrl_rep2_REP1","SK_N_SH","control","new_2"
"Interval_88746","CM_48h_rep1_REP1",6.15196215060153,"MAML2","CM_48h_rep1_REP1","CLBMa","48h","new_1"
"Interval_88746","CM_24h_ATAC_S165170_REP1",5.62414567835229,"MAML2","CM_24h_ATAC_S165170_REP1","CLBMa","24h","legacy"
"Interval_88746","CM_DMSO_ctrl_rep1_REP1",6.20344383568178,"MAML2","CM_DMSO_ctrl_rep1_REP1","CLBMa","control","new_1"
"Interval_88746","CM_control_ATAC_S165169_REP1",5.53226814848926,"MAML2","CM_control_ATAC_S165169_REP1","CLBMa","control","legacy"
"Interval_88746","CM_24h_rep2_REP1",6.29504768581699,"MAML2","CM_24h_rep2_REP1","CLBMa","24h","new_2"
"Interval_88746","CM_DMSO_ctrl_rep2_REP1",6.31513493036536,"MAML2","CM_DMSO_ctrl_rep2_REP1","CLBMa","control","new_2"
"Interval_88746","CM_48h_ATAC_S165167_REP1",5.63819343775078,"MAML2","CM_48h_ATAC_S165167_REP1","CLBMa","48h","legacy"
"Interval_88746","SH_24h_ATAC_S165164_REP1",5.96837941468891,"MAML2","SH_24h_ATAC_S165164_REP1","SK_N_SH","24h","legacy"
"Interval_88746","CM_24h_rep1_REP1",6.26609210785386,"MAML2","CM_24h_rep1_REP1","CLBMa","24h","new_1"
"Interval_88746","SH_48h_rep2_REP1",5.76186347129215,"MAML2","SH_48h_rep2_REP1","SK_N_SH","48h","new_2"
"Interval_88746","SH_24h_rep1_REP1",5.99462489541651,"MAML2","SH_24h_rep1_REP1","SK_N_SH","24h","new_1"
"Interval_88746","SH_48h_rep1_REP1",5.57898310949725,"MAML2","SH_48h_rep1_REP1","SK_N_SH","48h","new_1"
"Interval_88746","CM_48h_rep2_REP1",6.35466471757306,"MAML2","CM_48h_rep2_REP1","CLBMa","48h","new_2"
"Interval_88746","SH_DMSO_ctrl_rep1_REP1",6.04202986267538,"MAML2","SH_DMSO_ctrl_rep1_REP1","SK_N_SH","control","new_1"
"Interval_88746","SH_24h_rep2_REP1",5.55461553337844,"MAML2","SH_24h_rep2_REP1","SK_N_SH","24h","new_2"
"Interval_88746","SH_control_ATAC_S165166_REP1",6.26534540076807,"MAML2","SH_control_ATAC_S165166_REP1","SK_N_SH","control","legacy"
"Interval_88746","SH_48h_ATAC_S165165_REP1",6.01957607328112,"MAML2","SH_48h_ATAC_S165165_REP1","SK_N_SH","48h","legacy"
"Interval_88746","SH_DMSO_ctrl_rep2_REP1",5.84808932701787,"MAML2","SH_DMSO_ctrl_rep2_REP1","SK_N_SH","control","new_2"
"Interval_88748","CM_48h_rep1_REP1",7.90806009676208,"MAML2","CM_48h_rep1_REP1","CLBMa","48h","new_1"
"Interval_88748","CM_24h_ATAC_S165170_REP1",7.15792148436694,"MAML2","CM_24h_ATAC_S165170_REP1","CLBMa","24h","legacy"
"Interval_88748","CM_DMSO_ctrl_rep1_REP1",8.18983160862691,"MAML2","CM_DMSO_ctrl_rep1_REP1","CLBMa","control","new_1"
"Interval_88748","CM_control_ATAC_S165169_REP1",7.28837485328053,"MAML2","CM_control_ATAC_S165169_REP1","CLBMa","control","legacy"
"Interval_88748","CM_24h_rep2_REP1",7.98301925880428,"MAML2","CM_24h_rep2_REP1","CLBMa","24h","new_2"
"Interval_88748","CM_DMSO_ctrl_rep2_REP1",8.02007021995275,"MAML2","CM_DMSO_ctrl_rep2_REP1","CLBMa","control","new_2"
"Interval_88748","CM_48h_ATAC_S165167_REP1",6.72803296576324,"MAML2","CM_48h_ATAC_S165167_REP1","CLBMa","48h","legacy"
"Interval_88748","SH_24h_ATAC_S165164_REP1",7.15521474386456,"MAML2","SH_24h_ATAC_S165164_REP1","SK_N_SH","24h","legacy"
"Interval_88748","CM_24h_rep1_REP1",7.70809407072541,"MAML2","CM_24h_rep1_REP1","CLBMa","24h","new_1"
"Interval_88748","SH_48h_rep2_REP1",7.23381795216153,"MAML2","SH_48h_rep2_REP1","SK_N_SH","48h","new_2"
"Interval_88748","SH_24h_rep1_REP1",7.39313958352484,"MAML2","SH_24h_rep1_REP1","SK_N_SH","24h","new_1"
"Interval_88748","SH_48h_rep1_REP1",7.09938351042173,"MAML2","SH_48h_rep1_REP1","SK_N_SH","48h","new_1"
"Interval_88748","CM_48h_rep2_REP1",7.93828278040318,"MAML2","CM_48h_rep2_REP1","CLBMa","48h","new_2"
"Interval_88748","SH_DMSO_ctrl_rep1_REP1",7.92648451065088,"MAML2","SH_DMSO_ctrl_rep1_REP1","SK_N_SH","control","new_1"
"Interval_88748","SH_24h_rep2_REP1",7.1453617578589,"MAML2","SH_24h_rep2_REP1","SK_N_SH","24h","new_2"
"Interval_88748","SH_control_ATAC_S165166_REP1",7.10127238696768,"MAML2","SH_control_ATAC_S165166_REP1","SK_N_SH","control","legacy"
"Interval_88748","SH_48h_ATAC_S165165_REP1",7.14630522363882,"MAML2","SH_48h_ATAC_S165165_REP1","SK_N_SH","48h","legacy"
"Interval_88748","SH_DMSO_ctrl_rep2_REP1",7.71675983227117,"MAML2","SH_DMSO_ctrl_rep2_REP1","SK_N_SH","control","new_2"
"Interval_88749","CM_48h_rep1_REP1",4.14941790157107,"MAML2","CM_48h_rep1_REP1","CLBMa","48h","new_1"
"Interval_88749","CM_24h_ATAC_S165170_REP1",4.79633499016001,"MAML2","CM_24h_ATAC_S165170_REP1","CLBMa","24h","legacy"
"Interval_88749","CM_DMSO_ctrl_rep1_REP1",4.66411913035382,"MAML2","CM_DMSO_ctrl_rep1_REP1","CLBMa","control","new_1"
"Interval_88749","CM_control_ATAC_S165169_REP1",4.03827815102121,"MAML2","CM_control_ATAC_S165169_REP1","CLBMa","control","legacy"
"Interval_88749","CM_24h_rep2_REP1",4.15075947860284,"MAML2","CM_24h_rep2_REP1","CLBMa","24h","new_2"
"Interval_88749","CM_DMSO_ctrl_rep2_REP1",4.40353670678072,"MAML2","CM_DMSO_ctrl_rep2_REP1","CLBMa","control","new_2"
"Interval_88749","CM_48h_ATAC_S165167_REP1",4.66631794008609,"MAML2","CM_48h_ATAC_S165167_REP1","CLBMa","48h","legacy"
"Interval_88749","SH_24h_ATAC_S165164_REP1",4.93970972308055,"MAML2","SH_24h_ATAC_S165164_REP1","SK_N_SH","24h","legacy"
"Interval_88749","CM_24h_rep1_REP1",4.07289035833507,"MAML2","CM_24h_rep1_REP1","CLBMa","24h","new_1"
"Interval_88749","SH_48h_rep2_REP1",4.13955630454605,"MAML2","SH_48h_rep2_REP1","SK_N_SH","48h","new_2"
"Interval_88749","SH_24h_rep1_REP1",5.03726145099865,"MAML2","SH_24h_rep1_REP1","SK_N_SH","24h","new_1"
"Interval_88749","SH_48h_rep1_REP1",4.82179620222672,"MAML2","SH_48h_rep1_REP1","SK_N_SH","48h","new_1"
"Interval_88749","CM_48h_rep2_REP1",4.29597851761299,"MAML2","CM_48h_rep2_REP1","CLBMa","48h","new_2"
"Interval_88749","SH_DMSO_ctrl_rep1_REP1",4.59789805755744,"MAML2","SH_DMSO_ctrl_rep1_REP1","SK_N_SH","control","new_1"
"Interval_88749","SH_24h_rep2_REP1",4.90606157352655,"MAML2","SH_24h_rep2_REP1","SK_N_SH","24h","new_2"
"Interval_88749","SH_control_ATAC_S165166_REP1",4.18497350193241,"MAML2","SH_control_ATAC_S165166_REP1","SK_N_SH","control","legacy"
"Interval_88749","SH_48h_ATAC_S165165_REP1",4.7585017118101,"MAML2","SH_48h_ATAC_S165165_REP1","SK_N_SH","48h","legacy"
"Interval_88749","SH_DMSO_ctrl_rep2_REP1",4.58952061023164,"MAML2","SH_DMSO_ctrl_rep2_REP1","SK_N_SH","control","new_2"
"Interval_88751","CM_48h_rep1_REP1",7.00748357823403,"MAML2","CM_48h_rep1_REP1","CLBMa","48h","new_1"
"Interval_88751","CM_24h_ATAC_S165170_REP1",5.83649642085645,"MAML2","CM_24h_ATAC_S165170_REP1","CLBMa","24h","legacy"
"Interval_88751","CM_DMSO_ctrl_rep1_REP1",7.21768090319989,"MAML2","CM_DMSO_ctrl_rep1_REP1","CLBMa","control","new_1"
"Interval_88751","CM_control_ATAC_S165169_REP1",6.22313220955403,"MAML2","CM_control_ATAC_S165169_REP1","CLBMa","control","legacy"
"Interval_88751","CM_24h_rep2_REP1",6.26816352654016,"MAML2","CM_24h_rep2_REP1","CLBMa","24h","new_2"
"Interval_88751","CM_DMSO_ctrl_rep2_REP1",6.43731307969378,"MAML2","CM_DMSO_ctrl_rep2_REP1","CLBMa","control","new_2"
"Interval_88751","CM_48h_ATAC_S165167_REP1",5.83386796168403,"MAML2","CM_48h_ATAC_S165167_REP1","CLBMa","48h","legacy"
"Interval_88751","SH_24h_ATAC_S165164_REP1",6.12291928673119,"MAML2","SH_24h_ATAC_S165164_REP1","SK_N_SH","24h","legacy"
"Interval_88751","CM_24h_rep1_REP1",6.86208377160379,"MAML2","CM_24h_rep1_REP1","CLBMa","24h","new_1"
"Interval_88751","SH_48h_rep2_REP1",6.04547691164506,"MAML2","SH_48h_rep2_REP1","SK_N_SH","48h","new_2"
"Interval_88751","SH_24h_rep1_REP1",5.87926412554988,"MAML2","SH_24h_rep1_REP1","SK_N_SH","24h","new_1"
"Interval_88751","SH_48h_rep1_REP1",6.22143952888453,"MAML2","SH_48h_rep1_REP1","SK_N_SH","48h","new_1"
"Interval_88751","CM_48h_rep2_REP1",6.35466471757306,"MAML2","CM_48h_rep2_REP1","CLBMa","48h","new_2"
"Interval_88751","SH_DMSO_ctrl_rep1_REP1",6.98339128876153,"MAML2","SH_DMSO_ctrl_rep1_REP1","SK_N_SH","control","new_1"
"Interval_88751","SH_24h_rep2_REP1",6.11200395780231,"MAML2","SH_24h_rep2_REP1","SK_N_SH","24h","new_2"
"Interval_88751","SH_control_ATAC_S165166_REP1",6.41487894747451,"MAML2","SH_control_ATAC_S165166_REP1","SK_N_SH","control","legacy"
"Interval_88751","SH_48h_ATAC_S165165_REP1",6.19033513300925,"MAML2","SH_48h_ATAC_S165165_REP1","SK_N_SH","48h","legacy"
"Interval_88751","SH_DMSO_ctrl_rep2_REP1",6.68947655247611,"MAML2","SH_DMSO_ctrl_rep2_REP1","SK_N_SH","control","new_2"
"Interval_88752","CM_48h_rep1_REP1",3.17514914384083,"MAML2","CM_48h_rep1_REP1","CLBMa","48h","new_1"
"Interval_88752","CM_24h_ATAC_S165170_REP1",4.09491583184863,"MAML2","CM_24h_ATAC_S165170_REP1","CLBMa","24h","legacy"
"Interval_88752","CM_DMSO_ctrl_rep1_REP1",3.17514914384083,"MAML2","CM_DMSO_ctrl_rep1_REP1","CLBMa","control","new_1"
"Interval_88752","CM_control_ATAC_S165169_REP1",3.67838706707083,"MAML2","CM_control_ATAC_S165169_REP1","CLBMa","control","legacy"
"Interval_88752","CM_24h_rep2_REP1",3.17514914384083,"MAML2","CM_24h_rep2_REP1","CLBMa","24h","new_2"
"Interval_88752","CM_DMSO_ctrl_rep2_REP1",3.59560339758255,"MAML2","CM_DMSO_ctrl_rep2_REP1","CLBMa","control","new_2"
"Interval_88752","CM_48h_ATAC_S165167_REP1",3.94519475628518,"MAML2","CM_48h_ATAC_S165167_REP1","CLBMa","48h","legacy"
"Interval_88752","SH_24h_ATAC_S165164_REP1",4.1372567723856,"MAML2","SH_24h_ATAC_S165164_REP1","SK_N_SH","24h","legacy"
"Interval_88752","CM_24h_rep1_REP1",3.58179270613422,"MAML2","CM_24h_rep1_REP1","CLBMa","24h","new_1"
"Interval_88752","SH_48h_rep2_REP1",4.01411646448596,"MAML2","SH_48h_rep2_REP1","SK_N_SH","48h","new_2"
"Interval_88752","SH_24h_rep1_REP1",4.6666810532775,"MAML2","SH_24h_rep1_REP1","SK_N_SH","24h","new_1"
"Interval_88752","SH_48h_rep1_REP1",4.8703976979794,"MAML2","SH_48h_rep1_REP1","SK_N_SH","48h","new_1"
"Interval_88752","CM_48h_rep2_REP1",3.68642096474873,"MAML2","CM_48h_rep2_REP1","CLBMa","48h","new_2"
"Interval_88752","SH_DMSO_ctrl_rep1_REP1",5.11927550326783,"MAML2","SH_DMSO_ctrl_rep1_REP1","SK_N_SH","control","new_1"
"Interval_88752","SH_24h_rep2_REP1",4.56572924250918,"MAML2","SH_24h_rep2_REP1","SK_N_SH","24h","new_2"
"Interval_88752","SH_control_ATAC_S165166_REP1",3.96357403217119,"MAML2","SH_control_ATAC_S165166_REP1","SK_N_SH","control","legacy"
"Interval_88752","SH_48h_ATAC_S165165_REP1",4.02222617522227,"MAML2","SH_48h_ATAC_S165165_REP1","SK_N_SH","48h","legacy"
"Interval_88752","SH_DMSO_ctrl_rep2_REP1",4.54165315365723,"MAML2","SH_DMSO_ctrl_rep2_REP1","SK_N_SH","control","new_2"
"Interval_88753","CM_48h_rep1_REP1",4.14941790157107,"MAML2","CM_48h_rep1_REP1","CLBMa","48h","new_1"
"Interval_88753","CM_24h_ATAC_S165170_REP1",4.79633499016001,"MAML2","CM_24h_ATAC_S165170_REP1","CLBMa","24h","legacy"
"Interval_88753","CM_DMSO_ctrl_rep1_REP1",4.01544415062291,"MAML2","CM_DMSO_ctrl_rep1_REP1","CLBMa","control","new_1"
"Interval_88753","CM_control_ATAC_S165169_REP1",4.46950219576167,"MAML2","CM_control_ATAC_S165169_REP1","CLBMa","control","legacy"
"Interval_88753","CM_24h_rep2_REP1",4.41983011822573,"MAML2","CM_24h_rep2_REP1","CLBMa","24h","new_2"
"Interval_88753","CM_DMSO_ctrl_rep2_REP1",4.18778068316274,"MAML2","CM_DMSO_ctrl_rep2_REP1","CLBMa","control","new_2"
"Interval_88753","CM_48h_ATAC_S165167_REP1",4.66631794008609,"MAML2","CM_48h_ATAC_S165167_REP1","CLBMa","48h","legacy"
"Interval_88753","SH_24h_ATAC_S165164_REP1",4.40297692347719,"MAML2","SH_24h_ATAC_S165164_REP1","SK_N_SH","24h","legacy"
"Interval_88753","CM_24h_rep1_REP1",4.23087797702281,"MAML2","CM_24h_rep1_REP1","CLBMa","24h","new_1"
"Interval_88753","SH_48h_rep2_REP1",5.01321571431762,"MAML2","SH_48h_rep2_REP1","SK_N_SH","48h","new_2"
"Interval_88753","SH_24h_rep1_REP1",4.72735809167953,"MAML2","SH_24h_rep1_REP1","SK_N_SH","24h","new_1"
"Interval_88753","SH_48h_rep1_REP1",4.54209780469436,"MAML2","SH_48h_rep1_REP1","SK_N_SH","48h","new_1"
"Interval_88753","CM_48h_rep2_REP1",4.34791405965594,"MAML2","CM_48h_rep2_REP1","CLBMa","48h","new_2"
"Interval_88753","SH_DMSO_ctrl_rep1_REP1",4.86708080570995,"MAML2","SH_DMSO_ctrl_rep1_REP1","SK_N_SH","control","new_1"
"Interval_88753","SH_24h_rep2_REP1",4.46136895678142,"MAML2","SH_24h_rep2_REP1","SK_N_SH","24h","new_2"
"Interval_88753","SH_control_ATAC_S165166_REP1",4.63998644904318,"MAML2","SH_control_ATAC_S165166_REP1","SK_N_SH","control","legacy"
"Interval_88753","SH_48h_ATAC_S165165_REP1",4.7585017118101,"MAML2","SH_48h_ATAC_S165165_REP1","SK_N_SH","48h","legacy"
"Interval_88753","SH_DMSO_ctrl_rep2_REP1",5.19583431208768,"MAML2","SH_DMSO_ctrl_rep2_REP1","SK_N_SH","control","new_2"
"Interval_88754","CM_48h_rep1_REP1",6.18106456821542,"MAML2","CM_48h_rep1_REP1","CLBMa","48h","new_1"
"Interval_88754","CM_24h_ATAC_S165170_REP1",6.48061264458964,"MAML2","CM_24h_ATAC_S165170_REP1","CLBMa","24h","legacy"
"Interval_88754","CM_DMSO_ctrl_rep1_REP1",6.07217278690434,"MAML2","CM_DMSO_ctrl_rep1_REP1","CLBMa","control","new_1"
"Interval_88754","CM_control_ATAC_S165169_REP1",5.96056879278727,"MAML2","CM_control_ATAC_S165169_REP1","CLBMa","control","legacy"
"Interval_88754","CM_24h_rep2_REP1",6.34732074227082,"MAML2","CM_24h_rep2_REP1","CLBMa","24h","new_2"
"Interval_88754","CM_DMSO_ctrl_rep2_REP1",6.34321623636256,"MAML2","CM_DMSO_ctrl_rep2_REP1","CLBMa","control","new_2"
"Interval_88754","CM_48h_ATAC_S165167_REP1",6.44954811620232,"MAML2","CM_48h_ATAC_S165167_REP1","CLBMa","48h","legacy"
"Interval_88754","SH_24h_ATAC_S165164_REP1",6.97487491944311,"MAML2","SH_24h_ATAC_S165164_REP1","SK_N_SH","24h","legacy"
"Interval_88754","CM_24h_rep1_REP1",6.0107162125514,"MAML2","CM_24h_rep1_REP1","CLBMa","24h","new_1"
"Interval_88754","SH_48h_rep2_REP1",7.37747446099508,"MAML2","SH_48h_rep2_REP1","SK_N_SH","48h","new_2"
"Interval_88754","SH_24h_rep1_REP1",7.16072595298689,"MAML2","SH_24h_rep1_REP1","SK_N_SH","24h","new_1"
"Interval_88754","SH_48h_rep1_REP1",7.17137385210803,"MAML2","SH_48h_rep1_REP1","SK_N_SH","48h","new_1"
"Interval_88754","CM_48h_rep2_REP1",6.20362598906963,"MAML2","CM_48h_rep2_REP1","CLBMa","48h","new_2"
"Interval_88754","SH_DMSO_ctrl_rep1_REP1",7.08070745662701,"MAML2","SH_DMSO_ctrl_rep1_REP1","SK_N_SH","control","new_1"
"Interval_88754","SH_24h_rep2_REP1",6.99507933727365,"MAML2","SH_24h_rep2_REP1","SK_N_SH","24h","new_2"
"Interval_88754","SH_control_ATAC_S165166_REP1",6.75015074533893,"MAML2","SH_control_ATAC_S165166_REP1","SK_N_SH","control","legacy"
"Interval_88754","SH_48h_ATAC_S165165_REP1",7.06194716787254,"MAML2","SH_48h_ATAC_S165165_REP1","SK_N_SH","48h","legacy"
"Interval_88754","SH_DMSO_ctrl_rep2_REP1",7.08351471369619,"MAML2","SH_DMSO_ctrl_rep2_REP1","SK_N_SH","control","new_2"
"Interval_88755","CM_48h_rep1_REP1",5.38481234407295,"MAML2","CM_48h_rep1_REP1","CLBMa","48h","new_1"
"Interval_88755","CM_24h_ATAC_S165170_REP1",4.55126608807158,"MAML2","CM_24h_ATAC_S165170_REP1","CLBMa","24h","legacy"
"Interval_88755","CM_DMSO_ctrl_rep1_REP1",5.28880756727339,"MAML2","CM_DMSO_ctrl_rep1_REP1","CLBMa","control","new_1"
"Interval_88755","CM_control_ATAC_S165169_REP1",5.00825391449907,"MAML2","CM_control_ATAC_S165169_REP1","CLBMa","control","legacy"
"Interval_88755","CM_24h_rep2_REP1",5.27975620920139,"MAML2","CM_24h_rep2_REP1","CLBMa","24h","new_2"
"Interval_88755","CM_DMSO_ctrl_rep2_REP1",5.5121555345301,"MAML2","CM_DMSO_ctrl_rep2_REP1","CLBMa","control","new_2"
"Interval_88755","CM_48h_ATAC_S165167_REP1",4.60766213464147,"MAML2","CM_48h_ATAC_S165167_REP1","CLBMa","48h","legacy"
"Interval_88755","SH_24h_ATAC_S165164_REP1",4.1372567723856,"MAML2","SH_24h_ATAC_S165164_REP1","SK_N_SH","24h","legacy"
"Interval_88755","CM_24h_rep1_REP1",5.56701935926729,"MAML2","CM_24h_rep1_REP1","CLBMa","24h","new_1"
"Interval_88755","SH_48h_rep2_REP1",4.66189417920651,"MAML2","SH_48h_rep2_REP1","SK_N_SH","48h","new_2"
"Interval_88755","SH_24h_rep1_REP1",5.20744449966829,"MAML2","SH_24h_rep1_REP1","SK_N_SH","24h","new_1"
"Interval_88755","SH_48h_rep1_REP1",4.71807748720151,"MAML2","SH_48h_rep1_REP1","SK_N_SH","48h","new_1"
"Interval_88755","CM_48h_rep2_REP1",5.65130159884678,"MAML2","CM_48h_rep2_REP1","CLBMa","48h","new_2"
"Interval_88755","SH_DMSO_ctrl_rep1_REP1",5.3291990908845,"MAML2","SH_DMSO_ctrl_rep1_REP1","SK_N_SH","control","new_1"
"Interval_88755","SH_24h_rep2_REP1",4.56572924250918,"MAML2","SH_24h_rep2_REP1","SK_N_SH","24h","new_2"
"Interval_88755","SH_control_ATAC_S165166_REP1",4.7565221493719,"MAML2","SH_control_ATAC_S165166_REP1","SK_N_SH","control","legacy"
"Interval_88755","SH_48h_ATAC_S165165_REP1",4.54777170535209,"MAML2","SH_48h_ATAC_S165165_REP1","SK_N_SH","48h","legacy"
"Interval_88755","SH_DMSO_ctrl_rep2_REP1",5.01462818178898,"MAML2","SH_DMSO_ctrl_rep2_REP1","SK_N_SH","control","new_2"
"Interval_88756","CM_48h_rep1_REP1",6.7239770184676,"MAML2","CM_48h_rep1_REP1","CLBMa","48h","new_1"
"Interval_88756","CM_24h_ATAC_S165170_REP1",6.20793161586496,"MAML2","CM_24h_ATAC_S165170_REP1","CLBMa","24h","legacy"
"Interval_88756","CM_DMSO_ctrl_rep1_REP1",6.77844378415311,"MAML2","CM_DMSO_ctrl_rep1_REP1","CLBMa","control","new_1"
"Interval_88756","CM_control_ATAC_S165169_REP1",6.08607805407632,"MAML2","CM_control_ATAC_S165169_REP1","CLBMa","control","legacy"
"Interval_88756","CM_24h_rep2_REP1",6.97854648138224,"MAML2","CM_24h_rep2_REP1","CLBMa","24h","new_2"
"Interval_88756","CM_DMSO_ctrl_rep2_REP1",6.92719530801919,"MAML2","CM_DMSO_ctrl_rep2_REP1","CLBMa","control","new_2"
"Interval_88756","CM_48h_ATAC_S165167_REP1",6.19306370542062,"MAML2","CM_48h_ATAC_S165167_REP1","CLBMa","48h","legacy"
"Interval_88756","SH_24h_ATAC_S165164_REP1",6.43618260679734,"MAML2","SH_24h_ATAC_S165164_REP1","SK_N_SH","24h","legacy"
"Interval_88756","CM_24h_rep1_REP1",6.6167811244432,"MAML2","CM_24h_rep1_REP1","CLBMa","24h","new_1"
"Interval_88756","SH_48h_rep2_REP1",6.9810619829787,"MAML2","SH_48h_rep2_REP1","SK_N_SH","48h","new_2"
"Interval_88756","SH_24h_rep1_REP1",7.06022685460538,"MAML2","SH_24h_rep1_REP1","SK_N_SH","24h","new_1"
"Interval_88756","SH_48h_rep1_REP1",6.86958862321167,"MAML2","SH_48h_rep1_REP1","SK_N_SH","48h","new_1"
"Interval_88756","CM_48h_rep2_REP1",6.89972572920574,"MAML2","CM_48h_rep2_REP1","CLBMa","48h","new_2"
"Interval_88756","SH_DMSO_ctrl_rep1_REP1",7.23653967494077,"MAML2","SH_DMSO_ctrl_rep1_REP1","SK_N_SH","control","new_1"
"Interval_88756","SH_24h_rep2_REP1",6.84481924877327,"MAML2","SH_24h_rep2_REP1","SK_N_SH","24h","new_2"
"Interval_88756","SH_control_ATAC_S165166_REP1",6.0578621847641,"MAML2","SH_control_ATAC_S165166_REP1","SK_N_SH","control","legacy"
"Interval_88756","SH_48h_ATAC_S165165_REP1",6.35684546901259,"MAML2","SH_48h_ATAC_S165165_REP1","SK_N_SH","48h","legacy"
"Interval_88756","SH_DMSO_ctrl_rep2_REP1",6.98707836669747,"MAML2","SH_DMSO_ctrl_rep2_REP1","SK_N_SH","control","new_2"
"Interval_88757","CM_48h_rep1_REP1",6.20957375827715,"MAML2","CM_48h_rep1_REP1","CLBMa","48h","new_1"
"Interval_88757","CM_24h_ATAC_S165170_REP1",5.05914199276111,"MAML2","CM_24h_ATAC_S165170_REP1","CLBMa","24h","legacy"
"Interval_88757","CM_DMSO_ctrl_rep1_REP1",6.24459787631762,"MAML2","CM_DMSO_ctrl_rep1_REP1","CLBMa","control","new_1"
"Interval_88757","CM_control_ATAC_S165169_REP1",5.419696605849,"MAML2","CM_control_ATAC_S165169_REP1","CLBMa","control","legacy"
"Interval_88757","CM_24h_rep2_REP1",5.87943988366843,"MAML2","CM_24h_rep2_REP1","CLBMa","24h","new_2"
"Interval_88757","CM_DMSO_ctrl_rep2_REP1",5.78710845836749,"MAML2","CM_DMSO_ctrl_rep2_REP1","CLBMa","control","new_2"
"Interval_88757","CM_48h_ATAC_S165167_REP1",5.37763668575724,"MAML2","CM_48h_ATAC_S165167_REP1","CLBMa","48h","legacy"
"Interval_88757","SH_24h_ATAC_S165164_REP1",5.93529220351566,"MAML2","SH_24h_ATAC_S165164_REP1","SK_N_SH","24h","legacy"
"Interval_88757","CM_24h_rep1_REP1",5.97734355773464,"MAML2","CM_24h_rep1_REP1","CLBMa","24h","new_1"
"Interval_88757","SH_48h_rep2_REP1",5.54495608136216,"MAML2","SH_48h_rep2_REP1","SK_N_SH","48h","new_2"
"Interval_88757","SH_24h_rep1_REP1",5.9265709627371,"MAML2","SH_24h_rep1_REP1","SK_N_SH","24h","new_1"
"Interval_88757","SH_48h_rep1_REP1",5.57898310949725,"MAML2","SH_48h_rep1_REP1","SK_N_SH","48h","new_1"
"Interval_88757","CM_48h_rep2_REP1",5.73375321113789,"MAML2","CM_48h_rep2_REP1","CLBMa","48h","new_2"
"Interval_88757","SH_DMSO_ctrl_rep1_REP1",5.75219861842486,"MAML2","SH_DMSO_ctrl_rep1_REP1","SK_N_SH","control","new_1"
"Interval_88757","SH_24h_rep2_REP1",5.53221168115434,"MAML2","SH_24h_rep2_REP1","SK_N_SH","24h","new_2"
"Interval_88757","SH_control_ATAC_S165166_REP1",5.65989617238369,"MAML2","SH_control_ATAC_S165166_REP1","SK_N_SH","control","legacy"
"Interval_88757","SH_48h_ATAC_S165165_REP1",5.69313055281204,"MAML2","SH_48h_ATAC_S165165_REP1","SK_N_SH","48h","legacy"
"Interval_88757","SH_DMSO_ctrl_rep2_REP1",5.70272462108187,"MAML2","SH_DMSO_ctrl_rep2_REP1","SK_N_SH","control","new_2"
"Interval_88758","CM_48h_rep1_REP1",4.52906998824893,"MAML2","CM_48h_rep1_REP1","CLBMa","48h","new_1"
"Interval_88758","CM_24h_ATAC_S165170_REP1",4.35003823170277,"MAML2","CM_24h_ATAC_S165170_REP1","CLBMa","24h","legacy"
"Interval_88758","CM_DMSO_ctrl_rep1_REP1",4.14106931458761,"MAML2","CM_DMSO_ctrl_rep1_REP1","CLBMa","control","new_1"
"Interval_88758","CM_control_ATAC_S165169_REP1",4.63008449473146,"MAML2","CM_control_ATAC_S165169_REP1","CLBMa","control","legacy"
"Interval_88758","CM_24h_rep2_REP1",3.97664966313015,"MAML2","CM_24h_rep2_REP1","CLBMa","24h","new_2"
"Interval_88758","CM_DMSO_ctrl_rep2_REP1",4.26538020772324,"MAML2","CM_DMSO_ctrl_rep2_REP1","CLBMa","control","new_2"
"Interval_88758","CM_48h_ATAC_S165167_REP1",5.05192159549075,"MAML2","CM_48h_ATAC_S165167_REP1","CLBMa","48h","legacy"
"Interval_88758","SH_24h_ATAC_S165164_REP1",4.7874046517013,"MAML2","SH_24h_ATAC_S165164_REP1","SK_N_SH","24h","legacy"
"Interval_88758","CM_24h_rep1_REP1",4.1555452851229,"MAML2","CM_24h_rep1_REP1","CLBMa","24h","new_1"
"Interval_88758","SH_48h_rep2_REP1",5.73292174331574,"MAML2","SH_48h_rep2_REP1","SK_N_SH","48h","new_2"
"Interval_88758","SH_24h_rep1_REP1",5.85498694633333,"MAML2","SH_24h_rep1_REP1","SK_N_SH","24h","new_1"
"Interval_88758","SH_48h_rep1_REP1",5.57898310949725,"MAML2","SH_48h_rep1_REP1","SK_N_SH","48h","new_1"
"Interval_88758","CM_48h_rep2_REP1",4.05179013177012,"MAML2","CM_48h_rep2_REP1","CLBMa","48h","new_2"
"Interval_88758","SH_DMSO_ctrl_rep1_REP1",5.24339514103588,"MAML2","SH_DMSO_ctrl_rep1_REP1","SK_N_SH","control","new_1"
"Interval_88758","SH_24h_rep2_REP1",5.48624407904526,"MAML2","SH_24h_rep2_REP1","SK_N_SH","24h","new_2"
"Interval_88758","SH_control_ATAC_S165166_REP1",4.27709452398273,"MAML2","SH_control_ATAC_S165166_REP1","SK_N_SH","control","legacy"
"Interval_88758","SH_48h_ATAC_S165165_REP1",4.11895243393294,"MAML2","SH_48h_ATAC_S165165_REP1","SK_N_SH","48h","legacy"
"Interval_88758","SH_DMSO_ctrl_rep2_REP1",5.53990786205216,"MAML2","SH_DMSO_ctrl_rep2_REP1","SK_N_SH","control","new_2"
"Interval_88759","CM_48h_rep1_REP1",5.92919767866172,"MAML2","CM_48h_rep1_REP1","CLBMa","48h","new_1"
"Interval_88759","CM_24h_ATAC_S165170_REP1",4.99857251137788,"MAML2","CM_24h_ATAC_S165170_REP1","CLBMa","24h","legacy"
"Interval_88759","CM_DMSO_ctrl_rep1_REP1",5.51404818886681,"MAML2","CM_DMSO_ctrl_rep1_REP1","CLBMa","control","new_1"
"Interval_88759","CM_control_ATAC_S165169_REP1",5.37993956609711,"MAML2","CM_control_ATAC_S165169_REP1","CLBMa","control","legacy"
"Interval_88759","CM_24h_rep2_REP1",5.94942046868549,"MAML2","CM_24h_rep2_REP1","CLBMa","24h","new_2"
"Interval_88759","CM_DMSO_ctrl_rep2_REP1",5.5121555345301,"MAML2","CM_DMSO_ctrl_rep2_REP1","CLBMa","control","new_2"
"Interval_88759","CM_48h_ATAC_S165167_REP1",4.92147716693387,"MAML2","CM_48h_ATAC_S165167_REP1","CLBMa","48h","legacy"
"Interval_88759","SH_24h_ATAC_S165164_REP1",5.36067643163672,"MAML2","SH_24h_ATAC_S165164_REP1","SK_N_SH","24h","legacy"
"Interval_88759","CM_24h_rep1_REP1",5.4477949959877,"MAML2","CM_24h_rep1_REP1","CLBMa","24h","new_1"
"Interval_88759","SH_48h_rep2_REP1",5.20132886092749,"MAML2","SH_48h_rep2_REP1","SK_N_SH","48h","new_2"
"Interval_88759","SH_24h_rep1_REP1",4.99083185173972,"MAML2","SH_24h_rep1_REP1","SK_N_SH","24h","new_1"
"Interval_88759","SH_48h_rep1_REP1",4.91709379764703,"MAML2","SH_48h_rep1_REP1","SK_N_SH","48h","new_1"
"Interval_88759","CM_48h_rep2_REP1",5.96844911566317,"MAML2","CM_48h_rep2_REP1","CLBMa","48h","new_2"
"Interval_88759","SH_DMSO_ctrl_rep1_REP1",5.3291990908845,"MAML2","SH_DMSO_ctrl_rep1_REP1","SK_N_SH","control","new_1"
"Interval_88759","SH_24h_rep2_REP1",5.10949093808531,"MAML2","SH_24h_rep2_REP1","SK_N_SH","24h","new_2"
"Interval_88759","SH_control_ATAC_S165166_REP1",4.86233820276534,"MAML2","SH_control_ATAC_S165166_REP1","SK_N_SH","control","legacy"
"Interval_88759","SH_48h_ATAC_S165165_REP1",5.01649521935909,"MAML2","SH_48h_ATAC_S165165_REP1","SK_N_SH","48h","legacy"
"Interval_88759","SH_DMSO_ctrl_rep2_REP1",4.94784133771096,"MAML2","SH_DMSO_ctrl_rep2_REP1","SK_N_SH","control","new_2"
"Interval_88760","CM_48h_rep1_REP1",4.88589868733418,"MAML2","CM_48h_rep1_REP1","CLBMa","48h","new_1"
"Interval_88760","CM_24h_ATAC_S165170_REP1",5.05914199276111,"MAML2","CM_24h_ATAC_S165170_REP1","CLBMa","24h","legacy"
"Interval_88760","CM_DMSO_ctrl_rep1_REP1",5.4431578578485,"MAML2","CM_DMSO_ctrl_rep1_REP1","CLBMa","control","new_1"
"Interval_88760","CM_control_ATAC_S165169_REP1",5.76316625620947,"MAML2","CM_control_ATAC_S165169_REP1","CLBMa","control","legacy"
"Interval_88760","CM_24h_rep2_REP1",5.38746902167129,"MAML2","CM_24h_rep2_REP1","CLBMa","24h","new_2"
"Interval_88760","CM_DMSO_ctrl_rep2_REP1",5.1651044026189,"MAML2","CM_DMSO_ctrl_rep2_REP1","CLBMa","control","new_2"
"Interval_88760","CM_48h_ATAC_S165167_REP1",5.63819343775078,"MAML2","CM_48h_ATAC_S165167_REP1","CLBMa","48h","legacy"
"Interval_88760","SH_24h_ATAC_S165164_REP1",5.90139284360136,"MAML2","SH_24h_ATAC_S165164_REP1","SK_N_SH","24h","legacy"
"Interval_88760","CM_24h_rep1_REP1",4.89591074044438,"MAML2","CM_24h_rep1_REP1","CLBMa","24h","new_1"
"Interval_88760","SH_48h_rep2_REP1",6.37604882454978,"MAML2","SH_48h_rep2_REP1","SK_N_SH","48h","new_2"
"Interval_88760","SH_24h_rep1_REP1",6.32775424277272,"MAML2","SH_24h_rep1_REP1","SK_N_SH","24h","new_1"
"Interval_88760","SH_48h_rep1_REP1",5.55136417794708,"MAML2","SH_48h_rep1_REP1","SK_N_SH","48h","new_1"
"Interval_88760","CM_48h_rep2_REP1",4.88956938927039,"MAML2","CM_48h_rep2_REP1","CLBMa","48h","new_2"
"Interval_88760","SH_DMSO_ctrl_rep1_REP1",6.23975239148895,"MAML2","SH_DMSO_ctrl_rep1_REP1","SK_N_SH","control","new_1"
"Interval_88760","SH_24h_rep2_REP1",5.92209578739452,"MAML2","SH_24h_rep2_REP1","SK_N_SH","24h","new_2"
"Interval_88760","SH_control_ATAC_S165166_REP1",5.45482603644132,"MAML2","SH_control_ATAC_S165166_REP1","SK_N_SH","control","legacy"
"Interval_88760","SH_48h_ATAC_S165165_REP1",5.86602293861611,"MAML2","SH_48h_ATAC_S165165_REP1","SK_N_SH","48h","legacy"
"Interval_88760","SH_DMSO_ctrl_rep2_REP1",6.2232831683908,"MAML2","SH_DMSO_ctrl_rep2_REP1","SK_N_SH","control","new_2"
"Interval_88761","CM_48h_rep1_REP1",7.20246607316686,"MAML2","CM_48h_rep1_REP1","CLBMa","48h","new_1"
"Interval_88761","CM_24h_ATAC_S165170_REP1",6.02032899368742,"MAML2","CM_24h_ATAC_S165170_REP1","CLBMa","24h","legacy"
"Interval_88761","CM_DMSO_ctrl_rep1_REP1",7.14428495083826,"MAML2","CM_DMSO_ctrl_rep1_REP1","CLBMa","control","new_1"
"Interval_88761","CM_control_ATAC_S165169_REP1",6.6188513359803,"MAML2","CM_control_ATAC_S165169_REP1","CLBMa","control","legacy"
"Interval_88761","CM_24h_rep2_REP1",6.79449292547644,"MAML2","CM_24h_rep2_REP1","CLBMa","24h","new_2"
"Interval_88761","CM_DMSO_ctrl_rep2_REP1",6.76134301961169,"MAML2","CM_DMSO_ctrl_rep2_REP1","CLBMa","control","new_2"
"Interval_88761","CM_48h_ATAC_S165167_REP1",6.27835303739257,"MAML2","CM_48h_ATAC_S165167_REP1","CLBMa","48h","legacy"
"Interval_88761","SH_24h_ATAC_S165164_REP1",6.76841596577764,"MAML2","SH_24h_ATAC_S165164_REP1","SK_N_SH","24h","legacy"
"Interval_88761","CM_24h_rep1_REP1",7.12477631209417,"MAML2","CM_24h_rep1_REP1","CLBMa","24h","new_1"
"Interval_88761","SH_48h_rep2_REP1",7.54905235568038,"MAML2","SH_48h_rep2_REP1","SK_N_SH","48h","new_2"
"Interval_88761","SH_24h_rep1_REP1",7.71682698602162,"MAML2","SH_24h_rep1_REP1","SK_N_SH","24h","new_1"
"Interval_88761","SH_48h_rep1_REP1",7.49939385251531,"MAML2","SH_48h_rep1_REP1","SK_N_SH","48h","new_1"
"Interval_88761","CM_48h_rep2_REP1",6.51864515072988,"MAML2","CM_48h_rep2_REP1","CLBMa","48h","new_2"
"Interval_88761","SH_DMSO_ctrl_rep1_REP1",7.79449796245659,"MAML2","SH_DMSO_ctrl_rep1_REP1","SK_N_SH","control","new_1"
"Interval_88761","SH_24h_rep2_REP1",7.19444017156365,"MAML2","SH_24h_rep2_REP1","SK_N_SH","24h","new_2"
"Interval_88761","SH_control_ATAC_S165166_REP1",7.0915114705808,"MAML2","SH_control_ATAC_S165166_REP1","SK_N_SH","control","legacy"
"Interval_88761","SH_48h_ATAC_S165165_REP1",6.98151959534393,"MAML2","SH_48h_ATAC_S165165_REP1","SK_N_SH","48h","legacy"
"Interval_88761","SH_DMSO_ctrl_rep2_REP1",7.77107549792636,"MAML2","SH_DMSO_ctrl_rep2_REP1","SK_N_SH","control","new_2"
"Interval_88762","CM_48h_rep1_REP1",5.03041748065113,"MAML2","CM_48h_rep1_REP1","CLBMa","48h","new_1"
"Interval_88762","CM_24h_ATAC_S165170_REP1",4.93486254299082,"MAML2","CM_24h_ATAC_S165170_REP1","CLBMa","24h","legacy"
"Interval_88762","CM_DMSO_ctrl_rep1_REP1",5.4431578578485,"MAML2","CM_DMSO_ctrl_rep1_REP1","CLBMa","control","new_1"
"Interval_88762","CM_control_ATAC_S165169_REP1",4.27901230977966,"MAML2","CM_control_ATAC_S165169_REP1","CLBMa","control","legacy"
"Interval_88762","CM_24h_rep2_REP1",4.9625682699511,"MAML2","CM_24h_rep2_REP1","CLBMa","24h","new_2"
"Interval_88762","CM_DMSO_ctrl_rep2_REP1",4.94839176456926,"MAML2","CM_DMSO_ctrl_rep2_REP1","CLBMa","control","new_2"
"Interval_88762","CM_48h_ATAC_S165167_REP1",4.96652089002938,"MAML2","CM_48h_ATAC_S165167_REP1","CLBMa","48h","legacy"
"Interval_88762","SH_24h_ATAC_S165164_REP1",5.36067643163672,"MAML2","SH_24h_ATAC_S165164_REP1","SK_N_SH","24h","legacy"
"Interval_88762","CM_24h_rep1_REP1",5.37075161713704,"MAML2","CM_24h_rep1_REP1","CLBMa","24h","new_1"
"Interval_88762","SH_48h_rep2_REP1",5.01321571431762,"MAML2","SH_48h_rep2_REP1","SK_N_SH","48h","new_2"
"Interval_88762","SH_24h_rep1_REP1",5.24665197334344,"MAML2","SH_24h_rep1_REP1","SK_N_SH","24h","new_1"
"Interval_88762","SH_48h_rep1_REP1",4.91709379764703,"MAML2","SH_48h_rep1_REP1","SK_N_SH","48h","new_1"
"Interval_88762","CM_48h_rep2_REP1",5.06134090367293,"MAML2","CM_48h_rep2_REP1","CLBMa","48h","new_2"
"Interval_88762","SH_DMSO_ctrl_rep1_REP1",4.64744147011027,"MAML2","SH_DMSO_ctrl_rep1_REP1","SK_N_SH","control","new_1"
"Interval_88762","SH_24h_rep2_REP1",5.1999882488247,"MAML2","SH_24h_rep2_REP1","SK_N_SH","24h","new_2"
"Interval_88762","SH_control_ATAC_S165166_REP1",5.35624000985944,"MAML2","SH_control_ATAC_S165166_REP1","SK_N_SH","control","legacy"
"Interval_88762","SH_48h_ATAC_S165165_REP1",5.572719701658,"MAML2","SH_48h_ATAC_S165165_REP1","SK_N_SH","48h","legacy"
"Interval_88762","SH_DMSO_ctrl_rep2_REP1",4.94784133771096,"MAML2","SH_DMSO_ctrl_rep2_REP1","SK_N_SH","control","new_2"
"Interval_88763","CM_48h_rep1_REP1",3.17514914384083,"MAML2","CM_48h_rep1_REP1","CLBMa","48h","new_1"
"Interval_88763","CM_24h_ATAC_S165170_REP1",4.09491583184863,"MAML2","CM_24h_ATAC_S165170_REP1","CLBMa","24h","legacy"
"Interval_88763","CM_DMSO_ctrl_rep1_REP1",3.86441244597949,"MAML2","CM_DMSO_ctrl_rep1_REP1","CLBMa","control","new_1"
"Interval_88763","CM_control_ATAC_S165169_REP1",4.46950219576167,"MAML2","CM_control_ATAC_S165169_REP1","CLBMa","control","legacy"
"Interval_88763","CM_24h_rep2_REP1",4.15075947860284,"MAML2","CM_24h_rep2_REP1","CLBMa","24h","new_2"
"Interval_88763","CM_DMSO_ctrl_rep2_REP1",4.18778068316274,"MAML2","CM_DMSO_ctrl_rep2_REP1","CLBMa","control","new_2"
"Interval_88763","CM_48h_ATAC_S165167_REP1",4.66631794008609,"MAML2","CM_48h_ATAC_S165167_REP1","CLBMa","48h","legacy"
"Interval_88763","SH_24h_ATAC_S165164_REP1",5.55127749254344,"MAML2","SH_24h_ATAC_S165164_REP1","SK_N_SH","24h","legacy"
"Interval_88763","CM_24h_rep1_REP1",3.98062860895229,"MAML2","CM_24h_rep1_REP1","CLBMa","24h","new_1"
"Interval_88763","SH_48h_rep2_REP1",5.06295593847784,"MAML2","SH_48h_rep2_REP1","SK_N_SH","48h","new_2"
"Interval_88763","SH_24h_rep1_REP1",4.83986580125542,"MAML2","SH_24h_rep1_REP1","SK_N_SH","24h","new_1"
"Interval_88763","SH_48h_rep1_REP1",4.6624661543199,"MAML2","SH_48h_rep1_REP1","SK_N_SH","48h","new_1"
"Interval_88763","CM_48h_rep2_REP1",4.18246552517583,"MAML2","CM_48h_rep2_REP1","CLBMa","48h","new_2"
"Interval_88763","SH_DMSO_ctrl_rep1_REP1",4.37281609938889,"MAML2","SH_DMSO_ctrl_rep1_REP1","SK_N_SH","control","new_1"
"Interval_88763","SH_24h_rep2_REP1",5.0778237524484,"MAML2","SH_24h_rep2_REP1","SK_N_SH","24h","new_2"
"Interval_88763","SH_control_ATAC_S165166_REP1",5.13335991624732,"MAML2","SH_control_ATAC_S165166_REP1","SK_N_SH","control","legacy"
"Interval_88763","SH_48h_ATAC_S165165_REP1",5.32416553261213,"MAML2","SH_48h_ATAC_S165165_REP1","SK_N_SH","48h","legacy"
"Interval_88763","SH_DMSO_ctrl_rep2_REP1",4.58952061023164,"MAML2","SH_DMSO_ctrl_rep2_REP1","SK_N_SH","control","new_2"
"Interval_88765","CM_48h_rep1_REP1",9.04950896820071,"MAML2","CM_48h_rep1_REP1","CLBMa","48h","new_1"
"Interval_88765","CM_24h_ATAC_S165170_REP1",8.68039578306897,"MAML2","CM_24h_ATAC_S165170_REP1","CLBMa","24h","legacy"
"Interval_88765","CM_DMSO_ctrl_rep1_REP1",8.90425361327527,"MAML2","CM_DMSO_ctrl_rep1_REP1","CLBMa","control","new_1"
"Interval_88765","CM_control_ATAC_S165169_REP1",8.6269360930507,"MAML2","CM_control_ATAC_S165169_REP1","CLBMa","control","legacy"
"Interval_88765","CM_24h_rep2_REP1",8.72317676927457,"MAML2","CM_24h_rep2_REP1","CLBMa","24h","new_2"
"Interval_88765","CM_DMSO_ctrl_rep2_REP1",8.56774401159417,"MAML2","CM_DMSO_ctrl_rep2_REP1","CLBMa","control","new_2"
"Interval_88765","CM_48h_ATAC_S165167_REP1",8.5316163747497,"MAML2","CM_48h_ATAC_S165167_REP1","CLBMa","48h","legacy"
"Interval_88765","SH_24h_ATAC_S165164_REP1",8.24799379216212,"MAML2","SH_24h_ATAC_S165164_REP1","SK_N_SH","24h","legacy"
"Interval_88765","CM_24h_rep1_REP1",8.91188780316887,"MAML2","CM_24h_rep1_REP1","CLBMa","24h","new_1"
"Interval_88765","SH_48h_rep2_REP1",8.96772352363935,"MAML2","SH_48h_rep2_REP1","SK_N_SH","48h","new_2"
"Interval_88765","SH_24h_rep1_REP1",8.58524846504518,"MAML2","SH_24h_rep1_REP1","SK_N_SH","24h","new_1"
"Interval_88765","SH_48h_rep1_REP1",8.66102020964815,"MAML2","SH_48h_rep1_REP1","SK_N_SH","48h","new_1"
"Interval_88765","CM_48h_rep2_REP1",8.51698975822952,"MAML2","CM_48h_rep2_REP1","CLBMa","48h","new_2"
"Interval_88765","SH_DMSO_ctrl_rep1_REP1",8.82996309668698,"MAML2","SH_DMSO_ctrl_rep1_REP1","SK_N_SH","control","new_1"
"Interval_88765","SH_24h_rep2_REP1",8.52542114108117,"MAML2","SH_24h_rep2_REP1","SK_N_SH","24h","new_2"
"Interval_88765","SH_control_ATAC_S165166_REP1",8.21929264268636,"MAML2","SH_control_ATAC_S165166_REP1","SK_N_SH","control","legacy"
"Interval_88765","SH_48h_ATAC_S165165_REP1",8.47859452539161,"MAML2","SH_48h_ATAC_S165165_REP1","SK_N_SH","48h","legacy"
"Interval_88765","SH_DMSO_ctrl_rep2_REP1",8.78196315087281,"MAML2","SH_DMSO_ctrl_rep2_REP1","SK_N_SH","control","new_2"
"Interval_88766","CM_48h_rep1_REP1",5.38481234407295,"MAML2","CM_48h_rep1_REP1","CLBMa","48h","new_1"
"Interval_88766","CM_24h_ATAC_S165170_REP1",4.23152443990454,"MAML2","CM_24h_ATAC_S165170_REP1","CLBMa","24h","legacy"
"Interval_88766","CM_DMSO_ctrl_rep1_REP1",5.01585741135407,"MAML2","CM_DMSO_ctrl_rep1_REP1","CLBMa","control","new_1"
"Interval_88766","CM_control_ATAC_S165169_REP1",4.03827815102121,"MAML2","CM_control_ATAC_S165169_REP1","CLBMa","control","legacy"
"Interval_88766","CM_24h_rep2_REP1",4.47684147620745,"MAML2","CM_24h_rep2_REP1","CLBMa","24h","new_2"
"Interval_88766","CM_DMSO_ctrl_rep2_REP1",4.26538020772324,"MAML2","CM_DMSO_ctrl_rep2_REP1","CLBMa","control","new_2"
"Interval_88766","CM_48h_ATAC_S165167_REP1",4.06093501051795,"MAML2","CM_48h_ATAC_S165167_REP1","CLBMa","48h","legacy"
"Interval_88766","SH_24h_ATAC_S165164_REP1",3.96542701036001,"MAML2","SH_24h_ATAC_S165164_REP1","SK_N_SH","24h","legacy"
"Interval_88766","CM_24h_rep1_REP1",4.73066430649846,"MAML2","CM_24h_rep1_REP1","CLBMa","24h","new_1"
"Interval_88766","SH_48h_rep2_REP1",3.86331362310218,"MAML2","SH_48h_rep2_REP1","SK_N_SH","48h","new_2"
"Interval_88766","SH_24h_rep1_REP1",3.97880143653101,"MAML2","SH_24h_rep1_REP1","SK_N_SH","24h","new_1"
"Interval_88766","SH_48h_rep1_REP1",3.62198008547794,"MAML2","SH_48h_rep1_REP1","SK_N_SH","48h","new_1"
"Interval_88766","CM_48h_rep2_REP1",4.72482364240508,"MAML2","CM_48h_rep2_REP1","CLBMa","48h","new_2"
"Interval_88766","SH_DMSO_ctrl_rep1_REP1",3.87962995751088,"MAML2","SH_DMSO_ctrl_rep1_REP1","SK_N_SH","control","new_1"
"Interval_88766","SH_24h_rep2_REP1",3.17514914384083,"MAML2","SH_24h_rep2_REP1","SK_N_SH","24h","new_2"
"Interval_88766","SH_control_ATAC_S165166_REP1",3.82151650848281,"MAML2","SH_control_ATAC_S165166_REP1","SK_N_SH","control","legacy"
"Interval_88766","SH_48h_ATAC_S165165_REP1",3.17514914384083,"MAML2","SH_48h_ATAC_S165165_REP1","SK_N_SH","48h","legacy"
"Interval_88766","SH_DMSO_ctrl_rep2_REP1",3.17514914384083,"MAML2","SH_DMSO_ctrl_rep2_REP1","SK_N_SH","control","new_2"
"Interval_88768","CM_48h_rep1_REP1",6.89031849934388,"MAML2","CM_48h_rep1_REP1","CLBMa","48h","new_1"
"Interval_88768","CM_24h_ATAC_S165170_REP1",5.900534277688,"MAML2","CM_24h_ATAC_S165170_REP1","CLBMa","24h","legacy"
"Interval_88768","CM_DMSO_ctrl_rep1_REP1",6.89836418201531,"MAML2","CM_DMSO_ctrl_rep1_REP1","CLBMa","control","new_1"
"Interval_88768","CM_control_ATAC_S165169_REP1",6.1332730878115,"MAML2","CM_control_ATAC_S165169_REP1","CLBMa","control","legacy"
"Interval_88768","CM_24h_rep2_REP1",6.44638326204344,"MAML2","CM_24h_rep2_REP1","CLBMa","24h","new_2"
"Interval_88768","CM_DMSO_ctrl_rep2_REP1",6.25723098989447,"MAML2","CM_DMSO_ctrl_rep2_REP1","CLBMa","control","new_2"
"Interval_88768","CM_48h_ATAC_S165167_REP1",5.85646854356848,"MAML2","CM_48h_ATAC_S165167_REP1","CLBMa","48h","legacy"
"Interval_88768","SH_24h_ATAC_S165164_REP1",6.36416636430521,"MAML2","SH_24h_ATAC_S165164_REP1","SK_N_SH","24h","legacy"
"Interval_88768","CM_24h_rep1_REP1",6.87106851386649,"MAML2","CM_24h_rep1_REP1","CLBMa","24h","new_1"
"Interval_88768","SH_48h_rep2_REP1",5.79020421843322,"MAML2","SH_48h_rep2_REP1","SK_N_SH","48h","new_2"
"Interval_88768","SH_24h_rep1_REP1",6.37912453282401,"MAML2","SH_24h_rep1_REP1","SK_N_SH","24h","new_1"
"Interval_88768","SH_48h_rep1_REP1",6.2553036943174,"MAML2","SH_48h_rep1_REP1","SK_N_SH","48h","new_1"
"Interval_88768","CM_48h_rep2_REP1",6.34439836828136,"MAML2","CM_48h_rep2_REP1","CLBMa","48h","new_2"
"Interval_88768","SH_DMSO_ctrl_rep1_REP1",6.33567957791141,"MAML2","SH_DMSO_ctrl_rep1_REP1","SK_N_SH","control","new_1"
"Interval_88768","SH_24h_rep2_REP1",6.22559421612152,"MAML2","SH_24h_rep2_REP1","SK_N_SH","24h","new_2"
"Interval_88768","SH_control_ATAC_S165166_REP1",6.193409113698,"MAML2","SH_control_ATAC_S165166_REP1","SK_N_SH","control","legacy"
"Interval_88768","SH_48h_ATAC_S165165_REP1",6.29855497453224,"MAML2","SH_48h_ATAC_S165165_REP1","SK_N_SH","48h","legacy"
"Interval_88768","SH_DMSO_ctrl_rep2_REP1",6.52947331837297,"MAML2","SH_DMSO_ctrl_rep2_REP1","SK_N_SH","control","new_2"
"Interval_88769","CM_48h_rep1_REP1",6.36943704646055,"MAML2","CM_48h_rep1_REP1","CLBMa","48h","new_1"
"Interval_88769","CM_24h_ATAC_S165170_REP1",6.23278786931974,"MAML2","CM_24h_ATAC_S165170_REP1","CLBMa","24h","legacy"
"Interval_88769","CM_DMSO_ctrl_rep1_REP1",6.53655152596401,"MAML2","CM_DMSO_ctrl_rep1_REP1","CLBMa","control","new_1"
"Interval_88769","CM_control_ATAC_S165169_REP1",6.17892425168237,"MAML2","CM_control_ATAC_S165169_REP1","CLBMa","control","legacy"
"Interval_88769","CM_24h_rep2_REP1",6.51636926505719,"MAML2","CM_24h_rep2_REP1","CLBMa","24h","new_2"
"Interval_88769","CM_DMSO_ctrl_rep2_REP1",6.63142200354093,"MAML2","CM_DMSO_ctrl_rep2_REP1","CLBMa","control","new_2"
"Interval_88769","CM_48h_ATAC_S165167_REP1",6.06418183134816,"MAML2","CM_48h_ATAC_S165167_REP1","CLBMa","48h","legacy"
"Interval_88769","SH_24h_ATAC_S165164_REP1",6.28826813106464,"MAML2","SH_24h_ATAC_S165164_REP1","SK_N_SH","24h","legacy"
"Interval_88769","CM_24h_rep1_REP1",6.4341357646354,"MAML2","CM_24h_rep1_REP1","CLBMa","24h","new_1"
"Interval_88769","SH_48h_rep2_REP1",6.81555399942783,"MAML2","SH_48h_rep2_REP1","SK_N_SH","48h","new_2"
"Interval_88769","SH_24h_rep1_REP1",6.82291625573505,"MAML2","SH_24h_rep1_REP1","SK_N_SH","24h","new_1"
"Interval_88769","SH_48h_rep1_REP1",6.74505701807343,"MAML2","SH_48h_rep1_REP1","SK_N_SH","48h","new_1"
"Interval_88769","CM_48h_rep2_REP1",6.68999745612057,"MAML2","CM_48h_rep2_REP1","CLBMa","48h","new_2"
"Interval_88769","SH_DMSO_ctrl_rep1_REP1",7.58443847622619,"MAML2","SH_DMSO_ctrl_rep1_REP1","SK_N_SH","control","new_1"
"Interval_88769","SH_24h_rep2_REP1",6.70623760659118,"MAML2","SH_24h_rep2_REP1","SK_N_SH","24h","new_2"
"Interval_88769","SH_control_ATAC_S165166_REP1",6.91448205668338,"MAML2","SH_control_ATAC_S165166_REP1","SK_N_SH","control","legacy"
"Interval_88769","SH_48h_ATAC_S165165_REP1",6.31335564970946,"MAML2","SH_48h_ATAC_S165165_REP1","SK_N_SH","48h","legacy"
"Interval_88769","SH_DMSO_ctrl_rep2_REP1",7.49256273756664,"MAML2","SH_DMSO_ctrl_rep2_REP1","SK_N_SH","control","new_2"
"Interval_88770","CM_48h_rep1_REP1",4.88589868733418,"MAML2","CM_48h_rep1_REP1","CLBMa","48h","new_1"
"Interval_88770","CM_24h_ATAC_S165170_REP1",5.05914199276111,"MAML2","CM_24h_ATAC_S165170_REP1","CLBMa","24h","legacy"
"Interval_88770","CM_DMSO_ctrl_rep1_REP1",5.01585741135407,"MAML2","CM_DMSO_ctrl_rep1_REP1","CLBMa","control","new_1"
"Interval_88770","CM_control_ATAC_S165169_REP1",4.77018784935447,"MAML2","CM_control_ATAC_S165169_REP1","CLBMa","control","legacy"
"Interval_88770","CM_24h_rep2_REP1",5.0991748243073,"MAML2","CM_24h_rep2_REP1","CLBMa","24h","new_2"
"Interval_88770","CM_DMSO_ctrl_rep2_REP1",4.58057005031979,"MAML2","CM_DMSO_ctrl_rep2_REP1","CLBMa","control","new_2"
"Interval_88770","CM_48h_ATAC_S165167_REP1",4.82598621968637,"MAML2","CM_48h_ATAC_S165167_REP1","CLBMa","48h","legacy"
"Interval_88770","SH_24h_ATAC_S165164_REP1",5.36067643163672,"MAML2","SH_24h_ATAC_S165164_REP1","SK_N_SH","24h","legacy"
"Interval_88770","CM_24h_rep1_REP1",4.93385931328279,"MAML2","CM_24h_rep1_REP1","CLBMa","24h","new_1"
"Interval_88770","SH_48h_rep2_REP1",4.96138447250686,"MAML2","SH_48h_rep2_REP1","SK_N_SH","48h","new_2"
"Interval_88770","SH_24h_rep1_REP1",4.60252147576582,"MAML2","SH_24h_rep1_REP1","SK_N_SH","24h","new_1"
"Interval_88770","SH_48h_rep1_REP1",4.8703976979794,"MAML2","SH_48h_rep1_REP1","SK_N_SH","48h","new_1"
"Interval_88770","CM_48h_rep2_REP1",4.91993408308038,"MAML2","CM_48h_rep2_REP1","CLBMa","48h","new_2"
"Interval_88770","SH_DMSO_ctrl_rep1_REP1",4.9815653771983,"MAML2","SH_DMSO_ctrl_rep1_REP1","SK_N_SH","control","new_1"
"Interval_88770","SH_24h_rep2_REP1",5.04533342004147,"MAML2","SH_24h_rep2_REP1","SK_N_SH","24h","new_2"
"Interval_88770","SH_control_ATAC_S165166_REP1",5.13335991624732,"MAML2","SH_control_ATAC_S165166_REP1","SK_N_SH","control","legacy"
"Interval_88770","SH_48h_ATAC_S165165_REP1",4.7094172377724,"MAML2","SH_48h_ATAC_S165165_REP1","SK_N_SH","48h","legacy"
"Interval_88770","SH_DMSO_ctrl_rep2_REP1",4.54165315365723,"MAML2","SH_DMSO_ctrl_rep2_REP1","SK_N_SH","control","new_2"
"Interval_88771","CM_48h_rep1_REP1",4.14941790157107,"MAML2","CM_48h_rep1_REP1","CLBMa","48h","new_1"
"Interval_88771","CM_24h_ATAC_S165170_REP1",4.45559429768913,"MAML2","CM_24h_ATAC_S165170_REP1","CLBMa","24h","legacy"
"Interval_88771","CM_DMSO_ctrl_rep1_REP1",4.25031072403679,"MAML2","CM_DMSO_ctrl_rep1_REP1","CLBMa","control","new_1"
"Interval_88771","CM_control_ATAC_S165169_REP1",4.8951260631567,"MAML2","CM_control_ATAC_S165169_REP1","CLBMa","control","legacy"
"Interval_88771","CM_24h_rep2_REP1",4.41983011822573,"MAML2","CM_24h_rep2_REP1","CLBMa","24h","new_2"
"Interval_88771","CM_DMSO_ctrl_rep2_REP1",4.00744679541952,"MAML2","CM_DMSO_ctrl_rep2_REP1","CLBMa","control","new_2"
"Interval_88771","CM_48h_ATAC_S165167_REP1",4.82598621968637,"MAML2","CM_48h_ATAC_S165167_REP1","CLBMa","48h","legacy"
"Interval_88771","SH_24h_ATAC_S165164_REP1",5.45939979626143,"MAML2","SH_24h_ATAC_S165164_REP1","SK_N_SH","24h","legacy"
"Interval_88771","CM_24h_rep1_REP1",4.1555452851229,"MAML2","CM_24h_rep1_REP1","CLBMa","24h","new_1"
"Interval_88771","SH_48h_rep2_REP1",5.87186893623851,"MAML2","SH_48h_rep2_REP1","SK_N_SH","48h","new_2"
"Interval_88771","SH_24h_rep1_REP1",5.52393109285057,"MAML2","SH_24h_rep1_REP1","SK_N_SH","24h","new_1"
"Interval_88771","SH_48h_rep1_REP1",5.6325748848472,"MAML2","SH_48h_rep1_REP1","SK_N_SH","48h","new_1"
"Interval_88771","CM_48h_rep2_REP1",4.34791405965594,"MAML2","CM_48h_rep2_REP1","CLBMa","48h","new_2"
"Interval_88771","SH_DMSO_ctrl_rep1_REP1",5.05232620764745,"MAML2","SH_DMSO_ctrl_rep1_REP1","SK_N_SH","control","new_1"
"Interval_88771","SH_24h_rep2_REP1",5.55461553337844,"MAML2","SH_24h_rep2_REP1","SK_N_SH","24h","new_2"
"Interval_88771","SH_control_ATAC_S165166_REP1",4.91189550521804,"MAML2","SH_control_ATAC_S165166_REP1","SK_N_SH","control","legacy"
"Interval_88771","SH_48h_ATAC_S165165_REP1",5.19649693729106,"MAML2","SH_48h_ATAC_S165165_REP1","SK_N_SH","48h","legacy"
"Interval_88771","SH_DMSO_ctrl_rep2_REP1",5.22366515700356,"MAML2","SH_DMSO_ctrl_rep2_REP1","SK_N_SH","control","new_2"
"Interval_88772","CM_48h_rep1_REP1",5.66338634165258,"MAML2","CM_48h_rep1_REP1","CLBMa","48h","new_1"
"Interval_88772","CM_24h_ATAC_S165170_REP1",5.22505463580675,"MAML2","CM_24h_ATAC_S165170_REP1","CLBMa","24h","legacy"
"Interval_88772","CM_DMSO_ctrl_rep1_REP1",5.82136683471876,"MAML2","CM_DMSO_ctrl_rep1_REP1","CLBMa","control","new_1"
"Interval_88772","CM_control_ATAC_S165169_REP1",5.29661315682741,"MAML2","CM_control_ATAC_S165169_REP1","CLBMa","control","legacy"
"Interval_88772","CM_24h_rep2_REP1",5.96637517631524,"MAML2","CM_24h_rep2_REP1","CLBMa","24h","new_2"
"Interval_88772","CM_DMSO_ctrl_rep2_REP1",5.74498301449936,"MAML2","CM_DMSO_ctrl_rep2_REP1","CLBMa","control","new_2"
"Interval_88772","CM_48h_ATAC_S165167_REP1",5.27796138471966,"MAML2","CM_48h_ATAC_S165167_REP1","CLBMa","48h","legacy"
"Interval_88772","SH_24h_ATAC_S165164_REP1",5.25389625615911,"MAML2","SH_24h_ATAC_S165164_REP1","SK_N_SH","24h","legacy"
"Interval_88772","CM_24h_rep1_REP1",5.4226107087271,"MAML2","CM_24h_rep1_REP1","CLBMa","24h","new_1"
"Interval_88772","SH_48h_rep2_REP1",4.34601758185649,"MAML2","SH_48h_rep2_REP1","SK_N_SH","48h","new_2"
"Interval_88772","SH_24h_rep1_REP1",4.09929047846117,"MAML2","SH_24h_rep1_REP1","SK_N_SH","24h","new_1"
"Interval_88772","SH_48h_rep1_REP1",4.82179620222672,"MAML2","SH_48h_rep1_REP1","SK_N_SH","48h","new_1"
"Interval_88772","CM_48h_rep2_REP1",5.96844911566317,"MAML2","CM_48h_rep2_REP1","CLBMa","48h","new_2"
"Interval_88772","SH_DMSO_ctrl_rep1_REP1",4.59789805755744,"MAML2","SH_DMSO_ctrl_rep1_REP1","SK_N_SH","control","new_1"
"Interval_88772","SH_24h_rep2_REP1",4.74848198312509,"MAML2","SH_24h_rep2_REP1","SK_N_SH","24h","new_2"
"Interval_88772","SH_control_ATAC_S165166_REP1",5.13335991624732,"MAML2","SH_control_ATAC_S165166_REP1","SK_N_SH","control","legacy"
"Interval_88772","SH_48h_ATAC_S165165_REP1",5.05462418514752,"MAML2","SH_48h_ATAC_S165165_REP1","SK_N_SH","48h","legacy"
"Interval_88772","SH_DMSO_ctrl_rep2_REP1",3.72800914822095,"MAML2","SH_DMSO_ctrl_rep2_REP1","SK_N_SH","control","new_2"
"Interval_88773","CM_48h_rep1_REP1",6.76265765937446,"MAML2","CM_48h_rep1_REP1","CLBMa","48h","new_1"
"Interval_88773","CM_24h_ATAC_S165170_REP1",6.39545374198797,"MAML2","CM_24h_ATAC_S165170_REP1","CLBMa","24h","legacy"
"Interval_88773","CM_DMSO_ctrl_rep1_REP1",6.81954909133133,"MAML2","CM_DMSO_ctrl_rep1_REP1","CLBMa","control","new_1"
"Interval_88773","CM_control_ATAC_S165169_REP1",6.36773296435441,"MAML2","CM_control_ATAC_S165169_REP1","CLBMa","control","legacy"
"Interval_88773","CM_24h_rep2_REP1",7.00300380657634,"MAML2","CM_24h_rep2_REP1","CLBMa","24h","new_2"
"Interval_88773","CM_DMSO_ctrl_rep2_REP1",6.62003907851225,"MAML2","CM_DMSO_ctrl_rep2_REP1","CLBMa","control","new_2"
"Interval_88773","CM_48h_ATAC_S165167_REP1",6.65388578491698,"MAML2","CM_48h_ATAC_S165167_REP1","CLBMa","48h","legacy"
"Interval_88773","SH_24h_ATAC_S165164_REP1",6.94247453837911,"MAML2","SH_24h_ATAC_S165164_REP1","SK_N_SH","24h","legacy"
"Interval_88773","CM_24h_rep1_REP1",6.94097857488197,"MAML2","CM_24h_rep1_REP1","CLBMa","24h","new_1"
"Interval_88773","SH_48h_rep2_REP1",6.9810619829787,"MAML2","SH_48h_rep2_REP1","SK_N_SH","48h","new_2"
"Interval_88773","SH_24h_rep1_REP1",7.22709865538567,"MAML2","SH_24h_rep1_REP1","SK_N_SH","24h","new_1"
"Interval_88773","SH_48h_rep1_REP1",6.88038795426454,"MAML2","SH_48h_rep1_REP1","SK_N_SH","48h","new_1"
"Interval_88773","CM_48h_rep2_REP1",6.73761393804082,"MAML2","CM_48h_rep2_REP1","CLBMa","48h","new_2"
"Interval_88773","SH_DMSO_ctrl_rep1_REP1",7.19372003638529,"MAML2","SH_DMSO_ctrl_rep1_REP1","SK_N_SH","control","new_1"
"Interval_88773","SH_24h_rep2_REP1",7.10191185538737,"MAML2","SH_24h_rep2_REP1","SK_N_SH","24h","new_2"
"Interval_88773","SH_control_ATAC_S165166_REP1",6.90335218146384,"MAML2","SH_control_ATAC_S165166_REP1","SK_N_SH","control","legacy"
"Interval_88773","SH_48h_ATAC_S165165_REP1",6.85671228175379,"MAML2","SH_48h_ATAC_S165165_REP1","SK_N_SH","48h","legacy"
"Interval_88773","SH_DMSO_ctrl_rep2_REP1",6.99473208048662,"MAML2","SH_DMSO_ctrl_rep2_REP1","SK_N_SH","control","new_2"
"Interval_88776","CM_48h_rep1_REP1",5.99657393358249,"MAML2","CM_48h_rep1_REP1","CLBMa","48h","new_1"
"Interval_88776","CM_24h_ATAC_S165170_REP1",6.1826261411674,"MAML2","CM_24h_ATAC_S165170_REP1","CLBMa","24h","legacy"
"Interval_88776","CM_DMSO_ctrl_rep1_REP1",5.20417180396463,"MAML2","CM_DMSO_ctrl_rep1_REP1","CLBMa","control","new_1"
"Interval_88776","CM_control_ATAC_S165169_REP1",6.24472373567276,"MAML2","CM_control_ATAC_S165169_REP1","CLBMa","control","legacy"
"Interval_88776","CM_24h_rep2_REP1",5.6662612786607,"MAML2","CM_24h_rep2_REP1","CLBMa","24h","new_2"
"Interval_88776","CM_DMSO_ctrl_rep2_REP1",5.98027958691632,"MAML2","CM_DMSO_ctrl_rep2_REP1","CLBMa","control","new_2"
"Interval_88776","CM_48h_ATAC_S165167_REP1",6.35875676053999,"MAML2","CM_48h_ATAC_S165167_REP1","CLBMa","48h","legacy"
"Interval_88776","SH_24h_ATAC_S165164_REP1",5.96837941468891,"MAML2","SH_24h_ATAC_S165164_REP1","SK_N_SH","24h","legacy"
"Interval_88776","CM_24h_rep1_REP1",5.37075161713704,"MAML2","CM_24h_rep1_REP1","CLBMa","24h","new_1"
"Interval_88776","SH_48h_rep2_REP1",6.22049373873248,"MAML2","SH_48h_rep2_REP1","SK_N_SH","48h","new_2"
"Interval_88776","SH_24h_rep1_REP1",6.63945043185195,"MAML2","SH_24h_rep1_REP1","SK_N_SH","24h","new_1"
"Interval_88776","SH_48h_rep1_REP1",6.28836964769388,"MAML2","SH_48h_rep1_REP1","SK_N_SH","48h","new_1"
"Interval_88776","CM_48h_rep2_REP1",5.98187053214687,"MAML2","CM_48h_rep2_REP1","CLBMa","48h","new_2"
"Interval_88776","SH_DMSO_ctrl_rep1_REP1",6.55598251274949,"MAML2","SH_DMSO_ctrl_rep1_REP1","SK_N_SH","control","new_1"
"Interval_88776","SH_24h_rep2_REP1",6.29217673219112,"MAML2","SH_24h_rep2_REP1","SK_N_SH","24h","new_2"
"Interval_88776","SH_control_ATAC_S165166_REP1",6.09795263486777,"MAML2","SH_control_ATAC_S165166_REP1","SK_N_SH","control","legacy"
"Interval_88776","SH_48h_ATAC_S165165_REP1",6.31335564970946,"MAML2","SH_48h_ATAC_S165165_REP1","SK_N_SH","48h","legacy"
"Interval_88776","SH_DMSO_ctrl_rep2_REP1",6.43083272763241,"MAML2","SH_DMSO_ctrl_rep2_REP1","SK_N_SH","control","new_2"
"Interval_88779","CM_48h_rep1_REP1",5.6207960359167,"MAML2","CM_48h_rep1_REP1","CLBMa","48h","new_1"
"Interval_88779","CM_24h_ATAC_S165170_REP1",4.72041525073197,"MAML2","CM_24h_ATAC_S165170_REP1","CLBMa","24h","legacy"
"Interval_88779","CM_DMSO_ctrl_rep1_REP1",5.61379162518899,"MAML2","CM_DMSO_ctrl_rep1_REP1","CLBMa","control","new_1"
"Interval_88779","CM_control_ATAC_S165169_REP1",4.77018784935447,"MAML2","CM_control_ATAC_S165169_REP1","CLBMa","control","legacy"
"Interval_88779","CM_24h_rep2_REP1",5.91487391347364,"MAML2","CM_24h_rep2_REP1","CLBMa","24h","new_2"
"Interval_88779","CM_DMSO_ctrl_rep2_REP1",5.98027958691632,"MAML2","CM_DMSO_ctrl_rep2_REP1","CLBMa","control","new_2"
"Interval_88779","CM_48h_ATAC_S165167_REP1",5.24296020990394,"MAML2","CM_48h_ATAC_S165167_REP1","CLBMa","48h","legacy"
"Interval_88779","SH_24h_ATAC_S165164_REP1",5.71808308068284,"MAML2","SH_24h_ATAC_S165164_REP1","SK_N_SH","24h","legacy"
"Interval_88779","CM_24h_rep1_REP1",5.47250922877883,"MAML2","CM_24h_rep1_REP1","CLBMa","24h","new_1"
"Interval_88779","SH_48h_rep2_REP1",4.90725052970802,"MAML2","SH_48h_rep2_REP1","SK_N_SH","48h","new_2"
"Interval_88779","SH_24h_rep1_REP1",5.24665197334344,"MAML2","SH_24h_rep1_REP1","SK_N_SH","24h","new_1"
"Interval_88779","SH_48h_rep1_REP1",5.0877996242745,"MAML2","SH_48h_rep1_REP1","SK_N_SH","48h","new_1"
"Interval_88779","CM_48h_rep2_REP1",6.0342930452994,"MAML2","CM_48h_rep2_REP1","CLBMa","48h","new_2"
"Interval_88779","SH_DMSO_ctrl_rep1_REP1",5.53384315720151,"MAML2","SH_DMSO_ctrl_rep1_REP1","SK_N_SH","control","new_1"
"Interval_88779","SH_24h_rep2_REP1",5.04533342004147,"MAML2","SH_24h_rep2_REP1","SK_N_SH","24h","new_2"
"Interval_88779","SH_control_ATAC_S165166_REP1",5.51669254259226,"MAML2","SH_control_ATAC_S165166_REP1","SK_N_SH","control","legacy"
"Interval_88779","SH_48h_ATAC_S165165_REP1",5.2619088427615,"MAML2","SH_48h_ATAC_S165165_REP1","SK_N_SH","48h","legacy"
"Interval_88779","SH_DMSO_ctrl_rep2_REP1",4.94784133771096,"MAML2","SH_DMSO_ctrl_rep2_REP1","SK_N_SH","control","new_2"
"Interval_88780","CM_48h_rep1_REP1",8.93643881765268,"MAML2","CM_48h_rep1_REP1","CLBMa","48h","new_1"
"Interval_88780","CM_24h_ATAC_S165170_REP1",8.2592648935919,"MAML2","CM_24h_ATAC_S165170_REP1","CLBMa","24h","legacy"
"Interval_88780","CM_DMSO_ctrl_rep1_REP1",8.97224818260581,"MAML2","CM_DMSO_ctrl_rep1_REP1","CLBMa","control","new_1"
"Interval_88780","CM_control_ATAC_S165169_REP1",8.07566334385059,"MAML2","CM_control_ATAC_S165169_REP1","CLBMa","control","legacy"
"Interval_88780","CM_24h_rep2_REP1",8.56592447957081,"MAML2","CM_24h_rep2_REP1","CLBMa","24h","new_2"
"Interval_88780","CM_DMSO_ctrl_rep2_REP1",8.35257468844491,"MAML2","CM_DMSO_ctrl_rep2_REP1","CLBMa","control","new_2"
"Interval_88780","CM_48h_ATAC_S165167_REP1",8.24021182025075,"MAML2","CM_48h_ATAC_S165167_REP1","CLBMa","48h","legacy"
"Interval_88780","SH_24h_ATAC_S165164_REP1",8.57169605487955,"MAML2","SH_24h_ATAC_S165164_REP1","SK_N_SH","24h","legacy"
"Interval_88780","CM_24h_rep1_REP1",8.64386230863103,"MAML2","CM_24h_rep1_REP1","CLBMa","24h","new_1"
"Interval_88780","SH_48h_rep2_REP1",8.80492043653291,"MAML2","SH_48h_rep2_REP1","SK_N_SH","48h","new_2"
"Interval_88780","SH_24h_rep1_REP1",8.71275388192073,"MAML2","SH_24h_rep1_REP1","SK_N_SH","24h","new_1"
"Interval_88780","SH_48h_rep1_REP1",9.03237005454915,"MAML2","SH_48h_rep1_REP1","SK_N_SH","48h","new_1"
"Interval_88780","CM_48h_rep2_REP1",8.47109343931469,"MAML2","CM_48h_rep2_REP1","CLBMa","48h","new_2"
"Interval_88780","SH_DMSO_ctrl_rep1_REP1",8.96932299070272,"MAML2","SH_DMSO_ctrl_rep1_REP1","SK_N_SH","control","new_1"
"Interval_88780","SH_24h_rep2_REP1",8.47540640810898,"MAML2","SH_24h_rep2_REP1","SK_N_SH","24h","new_2"
"Interval_88780","SH_control_ATAC_S165166_REP1",8.31434847690322,"MAML2","SH_control_ATAC_S165166_REP1","SK_N_SH","control","legacy"
"Interval_88780","SH_48h_ATAC_S165165_REP1",8.64959574131775,"MAML2","SH_48h_ATAC_S165165_REP1","SK_N_SH","48h","legacy"
"Interval_88780","SH_DMSO_ctrl_rep2_REP1",8.7027786631259,"MAML2","SH_DMSO_ctrl_rep2_REP1","SK_N_SH","control","new_2"
"Interval_88781","CM_48h_rep1_REP1",6.29177827651102,"MAML2","CM_48h_rep1_REP1","CLBMa","48h","new_1"
"Interval_88781","CM_24h_ATAC_S165170_REP1",6.37333585608879,"MAML2","CM_24h_ATAC_S165170_REP1","CLBMa","24h","legacy"
"Interval_88781","CM_DMSO_ctrl_rep1_REP1",6.75036560401417,"MAML2","CM_DMSO_ctrl_rep1_REP1","CLBMa","control","new_1"
"Interval_88781","CM_control_ATAC_S165169_REP1",7.15936901102526,"MAML2","CM_control_ATAC_S165169_REP1","CLBMa","control","legacy"
"Interval_88781","CM_24h_rep2_REP1",6.82228652183504,"MAML2","CM_24h_rep2_REP1","CLBMa","24h","new_2"
"Interval_88781","CM_DMSO_ctrl_rep2_REP1",6.83198790536655,"MAML2","CM_DMSO_ctrl_rep2_REP1","CLBMa","control","new_2"
"Interval_88781","CM_48h_ATAC_S165167_REP1",6.99114540312406,"MAML2","CM_48h_ATAC_S165167_REP1","CLBMa","48h","legacy"
"Interval_88781","SH_24h_ATAC_S165164_REP1",7.15521474386456,"MAML2","SH_24h_ATAC_S165164_REP1","SK_N_SH","24h","legacy"
"Interval_88781","CM_24h_rep1_REP1",6.48205499679738,"MAML2","CM_24h_rep1_REP1","CLBMa","24h","new_1"
"Interval_88781","SH_48h_rep2_REP1",7.31222177344569,"MAML2","SH_48h_rep2_REP1","SK_N_SH","48h","new_2"
"Interval_88781","SH_24h_rep1_REP1",7.68351076521477,"MAML2","SH_24h_rep1_REP1","SK_N_SH","24h","new_1"
"Interval_88781","SH_48h_rep1_REP1",7.63264200105526,"MAML2","SH_48h_rep1_REP1","SK_N_SH","48h","new_1"
"Interval_88781","CM_48h_rep2_REP1",6.83562072975236,"MAML2","CM_48h_rep2_REP1","CLBMa","48h","new_2"
"Interval_88781","SH_DMSO_ctrl_rep1_REP1",7.97354224612195,"MAML2","SH_DMSO_ctrl_rep1_REP1","SK_N_SH","control","new_1"
"Interval_88781","SH_24h_rep2_REP1",7.32605182683547,"MAML2","SH_24h_rep2_REP1","SK_N_SH","24h","new_2"
"Interval_88781","SH_control_ATAC_S165166_REP1",6.86943172761506,"MAML2","SH_control_ATAC_S165166_REP1","SK_N_SH","control","legacy"
"Interval_88781","SH_48h_ATAC_S165165_REP1",7.07922154618653,"MAML2","SH_48h_ATAC_S165165_REP1","SK_N_SH","48h","legacy"
"Interval_88781","SH_DMSO_ctrl_rep2_REP1",7.6263282398013,"MAML2","SH_DMSO_ctrl_rep2_REP1","SK_N_SH","control","new_2"
"Interval_88782","CM_48h_rep1_REP1",6.62240243529636,"MAML2","CM_48h_rep1_REP1","CLBMa","48h","new_1"
"Interval_88782","CM_24h_ATAC_S165170_REP1",4.45559429768913,"MAML2","CM_24h_ATAC_S165170_REP1","CLBMa","24h","legacy"
"Interval_88782","CM_DMSO_ctrl_rep1_REP1",6.60099836682328,"MAML2","CM_DMSO_ctrl_rep1_REP1","CLBMa","control","new_1"
"Interval_88782","CM_control_ATAC_S165169_REP1",5.87941093730557,"MAML2","CM_control_ATAC_S165169_REP1","CLBMa","control","legacy"
"Interval_88782","CM_24h_rep2_REP1",5.9831246476624,"MAML2","CM_24h_rep2_REP1","CLBMa","24h","new_2"
"Interval_88782","CM_DMSO_ctrl_rep2_REP1",6.01586976021483,"MAML2","CM_DMSO_ctrl_rep2_REP1","CLBMa","control","new_2"
"Interval_88782","CM_48h_ATAC_S165167_REP1",4.87468716923707,"MAML2","CM_48h_ATAC_S165167_REP1","CLBMa","48h","legacy"
"Interval_88782","SH_24h_ATAC_S165164_REP1",5.07497678774381,"MAML2","SH_24h_ATAC_S165164_REP1","SK_N_SH","24h","legacy"
"Interval_88782","CM_24h_rep1_REP1",6.3066907671389,"MAML2","CM_24h_rep1_REP1","CLBMa","24h","new_1"
"Interval_88782","SH_48h_rep2_REP1",5.47596629172911,"MAML2","SH_48h_rep2_REP1","SK_N_SH","48h","new_2"
"Interval_88782","SH_24h_rep1_REP1",5.45988671392827,"MAML2","SH_24h_rep1_REP1","SK_N_SH","24h","new_1"
"Interval_88782","SH_48h_rep1_REP1",5.7091758398816,"MAML2","SH_48h_rep1_REP1","SK_N_SH","48h","new_1"
"Interval_88782","CM_48h_rep2_REP1",5.68488578196624,"MAML2","CM_48h_rep2_REP1","CLBMa","48h","new_2"
"Interval_88782","SH_DMSO_ctrl_rep1_REP1",6.09020835335726,"MAML2","SH_DMSO_ctrl_rep1_REP1","SK_N_SH","control","new_1"
"Interval_88782","SH_24h_rep2_REP1",5.48624407904526,"MAML2","SH_24h_rep2_REP1","SK_N_SH","24h","new_2"
"Interval_88782","SH_control_ATAC_S165166_REP1",5.17330099485441,"MAML2","SH_control_ATAC_S165166_REP1","SK_N_SH","control","legacy"
"Interval_88782","SH_48h_ATAC_S165165_REP1",4.85084085200489,"MAML2","SH_48h_ATAC_S165165_REP1","SK_N_SH","48h","legacy"
"Interval_88782","SH_DMSO_ctrl_rep2_REP1",5.66382355624009,"MAML2","SH_DMSO_ctrl_rep2_REP1","SK_N_SH","control","new_2"
"Interval_88783","CM_48h_rep1_REP1",4.14941790157107,"MAML2","CM_48h_rep1_REP1","CLBMa","48h","new_1"
"Interval_88783","CM_24h_ATAC_S165170_REP1",3.93026933283598,"MAML2","CM_24h_ATAC_S165170_REP1","CLBMa","24h","legacy"
"Interval_88783","CM_DMSO_ctrl_rep1_REP1",4.25031072403679,"MAML2","CM_DMSO_ctrl_rep1_REP1","CLBMa","control","new_1"
"Interval_88783","CM_control_ATAC_S165169_REP1",4.27901230977966,"MAML2","CM_control_ATAC_S165169_REP1","CLBMa","control","legacy"
"Interval_88783","CM_24h_rep2_REP1",4.15075947860284,"MAML2","CM_24h_rep2_REP1","CLBMa","24h","new_2"
"Interval_88783","CM_DMSO_ctrl_rep2_REP1",3.89838037946737,"MAML2","CM_DMSO_ctrl_rep2_REP1","CLBMa","control","new_2"
"Interval_88783","CM_48h_ATAC_S165167_REP1",3.94519475628518,"MAML2","CM_48h_ATAC_S165167_REP1","CLBMa","48h","legacy"
"Interval_88783","SH_24h_ATAC_S165164_REP1",4.86599329462119,"MAML2","SH_24h_ATAC_S165164_REP1","SK_N_SH","24h","legacy"
"Interval_88783","CM_24h_rep1_REP1",3.74835780259237,"MAML2","CM_24h_rep1_REP1","CLBMa","24h","new_1"
"Interval_88783","SH_48h_rep2_REP1",4.51580202325875,"MAML2","SH_48h_rep2_REP1","SK_N_SH","48h","new_2"
"Interval_88783","SH_24h_rep1_REP1",5.08201454715682,"MAML2","SH_24h_rep1_REP1","SK_N_SH","24h","new_1"
"Interval_88783","SH_48h_rep1_REP1",4.60393920828683,"MAML2","SH_48h_rep1_REP1","SK_N_SH","48h","new_1"
"Interval_88783","CM_48h_rep2_REP1",4.24099918111277,"MAML2","CM_48h_rep2_REP1","CLBMa","48h","new_2"
"Interval_88783","SH_DMSO_ctrl_rep1_REP1",5.4354778775858,"MAML2","SH_DMSO_ctrl_rep1_REP1","SK_N_SH","control","new_1"
"Interval_88783","SH_24h_rep2_REP1",4.70551022664181,"MAML2","SH_24h_rep2_REP1","SK_N_SH","24h","new_2"
"Interval_88783","SH_control_ATAC_S165166_REP1",4.86233820276534,"MAML2","SH_control_ATAC_S165166_REP1","SK_N_SH","control","legacy"
"Interval_88783","SH_48h_ATAC_S165165_REP1",4.7094172377724,"MAML2","SH_48h_ATAC_S165165_REP1","SK_N_SH","48h","legacy"
"Interval_88783","SH_DMSO_ctrl_rep2_REP1",5.01462818178898,"MAML2","SH_DMSO_ctrl_rep2_REP1","SK_N_SH","control","new_2"
"Interval_88784","CM_48h_rep1_REP1",5.96329593679844,"MAML2","CM_48h_rep1_REP1","CLBMa","48h","new_1"
"Interval_88784","CM_24h_ATAC_S165170_REP1",5.17212695027773,"MAML2","CM_24h_ATAC_S165170_REP1","CLBMa","24h","legacy"
"Interval_88784","CM_DMSO_ctrl_rep1_REP1",5.7652166643563,"MAML2","CM_DMSO_ctrl_rep1_REP1","CLBMa","control","new_1"
"Interval_88784","CM_control_ATAC_S165169_REP1",4.8951260631567,"MAML2","CM_control_ATAC_S165169_REP1","CLBMa","control","legacy"
"Interval_88784","CM_24h_rep2_REP1",5.80570916174907,"MAML2","CM_24h_rep2_REP1","CLBMa","24h","new_2"
"Interval_88784","CM_DMSO_ctrl_rep2_REP1",5.76620819484038,"MAML2","CM_DMSO_ctrl_rep2_REP1","CLBMa","control","new_2"
"Interval_88784","CM_48h_ATAC_S165167_REP1",5.61162500270461,"MAML2","CM_48h_ATAC_S165167_REP1","CLBMa","48h","legacy"
"Interval_88784","SH_24h_ATAC_S165164_REP1",5.75676290585776,"MAML2","SH_24h_ATAC_S165164_REP1","SK_N_SH","24h","legacy"
"Interval_88784","CM_24h_rep1_REP1",5.99413033602576,"MAML2","CM_24h_rep1_REP1","CLBMa","24h","new_1"
"Interval_88784","SH_48h_rep2_REP1",5.36524767723603,"MAML2","SH_48h_rep2_REP1","SK_N_SH","48h","new_2"
"Interval_88784","SH_24h_rep1_REP1",5.08201454715682,"MAML2","SH_24h_rep1_REP1","SK_N_SH","24h","new_1"
"Interval_88784","SH_48h_rep1_REP1",5.2020597679617,"MAML2","SH_48h_rep1_REP1","SK_N_SH","48h","new_1"
"Interval_88784","CM_48h_rep2_REP1",5.82652807341811,"MAML2","CM_48h_rep2_REP1","CLBMa","48h","new_2"
"Interval_88784","SH_DMSO_ctrl_rep1_REP1",5.18284581385121,"MAML2","SH_DMSO_ctrl_rep1_REP1","SK_N_SH","control","new_1"
"Interval_88784","SH_24h_rep2_REP1",5.1999882488247,"MAML2","SH_24h_rep2_REP1","SK_N_SH","24h","new_2"
"Interval_88784","SH_control_ATAC_S165166_REP1",5.45482603644132,"MAML2","SH_control_ATAC_S165166_REP1","SK_N_SH","control","legacy"
"Interval_88784","SH_48h_ATAC_S165165_REP1",5.2619088427615,"MAML2","SH_48h_ATAC_S165165_REP1","SK_N_SH","48h","legacy"
"Interval_88784","SH_DMSO_ctrl_rep2_REP1",5.16738359987418,"MAML2","SH_DMSO_ctrl_rep2_REP1","SK_N_SH","control","new_2"
"Interval_88785","CM_48h_rep1_REP1",4.29343013802408,"MAML2","CM_48h_rep1_REP1","CLBMa","48h","new_1"
"Interval_88785","CM_24h_ATAC_S165170_REP1",3.93026933283598,"MAML2","CM_24h_ATAC_S165170_REP1","CLBMa","24h","legacy"
"Interval_88785","CM_DMSO_ctrl_rep1_REP1",3.86441244597949,"MAML2","CM_DMSO_ctrl_rep1_REP1","CLBMa","control","new_1"
"Interval_88785","CM_control_ATAC_S165169_REP1",4.03827815102121,"MAML2","CM_control_ATAC_S165169_REP1","CLBMa","control","legacy"
"Interval_88785","CM_24h_rep2_REP1",3.97664966313015,"MAML2","CM_24h_rep2_REP1","CLBMa","24h","new_2"
"Interval_88785","CM_DMSO_ctrl_rep2_REP1",4.18778068316274,"MAML2","CM_DMSO_ctrl_rep2_REP1","CLBMa","control","new_2"
"Interval_88785","CM_48h_ATAC_S165167_REP1",4.33401771895579,"MAML2","CM_48h_ATAC_S165167_REP1","CLBMa","48h","legacy"
"Interval_88785","SH_24h_ATAC_S165164_REP1",5.36067643163672,"MAML2","SH_24h_ATAC_S165164_REP1","SK_N_SH","24h","legacy"
"Interval_88785","CM_24h_rep1_REP1",3.87493007345349,"MAML2","CM_24h_rep1_REP1","CLBMa","24h","new_1"
"Interval_88785","SH_48h_rep2_REP1",5.32616746111636,"MAML2","SH_48h_rep2_REP1","SK_N_SH","48h","new_2"
"Interval_88785","SH_24h_rep1_REP1",5.58504412585313,"MAML2","SH_24h_rep1_REP1","SK_N_SH","24h","new_1"
"Interval_88785","SH_48h_rep1_REP1",5.49435494208823,"MAML2","SH_48h_rep1_REP1","SK_N_SH","48h","new_1"
"Interval_88785","CM_48h_rep2_REP1",4.11970345641092,"MAML2","CM_48h_rep2_REP1","CLBMa","48h","new_2"
"Interval_88785","SH_DMSO_ctrl_rep1_REP1",4.90646202626179,"MAML2","SH_DMSO_ctrl_rep1_REP1","SK_N_SH","control","new_1"
"Interval_88785","SH_24h_rep2_REP1",5.61966651459312,"MAML2","SH_24h_rep2_REP1","SK_N_SH","24h","new_2"
"Interval_88785","SH_control_ATAC_S165166_REP1",4.69975430810919,"MAML2","SH_control_ATAC_S165166_REP1","SK_N_SH","control","legacy"
"Interval_88785","SH_48h_ATAC_S165165_REP1",5.12755359665942,"MAML2","SH_48h_ATAC_S165165_REP1","SK_N_SH","48h","legacy"
"Interval_88785","SH_DMSO_ctrl_rep2_REP1",4.98169000461305,"MAML2","SH_DMSO_ctrl_rep2_REP1","SK_N_SH","control","new_2"
"Interval_88786","CM_48h_rep1_REP1",5.96329593679844,"MAML2","CM_48h_rep1_REP1","CLBMa","48h","new_1"
"Interval_88786","CM_24h_ATAC_S165170_REP1",5.76932319845019,"MAML2","CM_24h_ATAC_S165170_REP1","CLBMa","24h","legacy"
"Interval_88786","CM_DMSO_ctrl_rep1_REP1",6.60099836682328,"MAML2","CM_DMSO_ctrl_rep1_REP1","CLBMa","control","new_1"
"Interval_88786","CM_control_ATAC_S165169_REP1",6.34796419605822,"MAML2","CM_control_ATAC_S165169_REP1","CLBMa","control","legacy"
"Interval_88786","CM_24h_rep2_REP1",6.26816352654016,"MAML2","CM_24h_rep2_REP1","CLBMa","24h","new_2"
"Interval_88786","CM_DMSO_ctrl_rep2_REP1",6.52552745836059,"MAML2","CM_DMSO_ctrl_rep2_REP1","CLBMa","control","new_2"
"Interval_88786","CM_48h_ATAC_S165167_REP1",5.68981331240937,"MAML2","CM_48h_ATAC_S165167_REP1","CLBMa","48h","legacy"
"Interval_88786","SH_24h_ATAC_S165164_REP1",5.19700571389287,"MAML2","SH_24h_ATAC_S165164_REP1","SK_N_SH","24h","legacy"
"Interval_88786","CM_24h_rep1_REP1",6.16652507735962,"MAML2","CM_24h_rep1_REP1","CLBMa","24h","new_1"
"Interval_88786","SH_48h_rep2_REP1",5.51090722837752,"MAML2","SH_48h_rep2_REP1","SK_N_SH","48h","new_2"
"Interval_88786","SH_24h_rep1_REP1",5.83027311177229,"MAML2","SH_24h_rep1_REP1","SK_N_SH","24h","new_1"
"Interval_88786","SH_48h_rep1_REP1",5.55136417794708,"MAML2","SH_48h_rep1_REP1","SK_N_SH","48h","new_1"
"Interval_88786","CM_48h_rep2_REP1",6.16902975379675,"MAML2","CM_48h_rep2_REP1","CLBMa","48h","new_2"
"Interval_88786","SH_DMSO_ctrl_rep1_REP1",6.81430414022389,"MAML2","SH_DMSO_ctrl_rep1_REP1","SK_N_SH","control","new_1"
"Interval_88786","SH_24h_rep2_REP1",5.83456332163884,"MAML2","SH_24h_rep2_REP1","SK_N_SH","24h","new_2"
"Interval_88786","SH_control_ATAC_S165166_REP1",5.71317785797017,"MAML2","SH_control_ATAC_S165166_REP1","SK_N_SH","control","legacy"
"Interval_88786","SH_48h_ATAC_S165165_REP1",5.12755359665942,"MAML2","SH_48h_ATAC_S165165_REP1","SK_N_SH","48h","legacy"
"Interval_88786","SH_DMSO_ctrl_rep2_REP1",6.57119858991247,"MAML2","SH_DMSO_ctrl_rep2_REP1","SK_N_SH","control","new_2"
"Interval_88787","CM_48h_rep1_REP1",5.89423590079545,"MAML2","CM_48h_rep1_REP1","CLBMa","48h","new_1"
"Interval_88787","CM_24h_ATAC_S165170_REP1",6.10383878678161,"MAML2","CM_24h_ATAC_S165170_REP1","CLBMa","24h","legacy"
"Interval_88787","CM_DMSO_ctrl_rep1_REP1",5.67640438315937,"MAML2","CM_DMSO_ctrl_rep1_REP1","CLBMa","control","new_1"
"Interval_88787","CM_control_ATAC_S165169_REP1",6.3279138378003,"MAML2","CM_control_ATAC_S165169_REP1","CLBMa","control","legacy"
"Interval_88787","CM_24h_rep2_REP1",6.07958402279058,"MAML2","CM_24h_rep2_REP1","CLBMa","24h","new_2"
"Interval_88787","CM_DMSO_ctrl_rep2_REP1",5.99818889125646,"MAML2","CM_DMSO_ctrl_rep2_REP1","CLBMa","control","new_2"
"Interval_88787","CM_48h_ATAC_S165167_REP1",6.12088064298816,"MAML2","CM_48h_ATAC_S165167_REP1","CLBMa","48h","legacy"
"Interval_88787","SH_24h_ATAC_S165164_REP1",6.89245149641317,"MAML2","SH_24h_ATAC_S165164_REP1","SK_N_SH","24h","legacy"
"Interval_88787","CM_24h_rep1_REP1",5.65530609025967,"MAML2","CM_24h_rep1_REP1","CLBMa","24h","new_1"
"Interval_88787","SH_48h_rep2_REP1",7.07412950716746,"MAML2","SH_48h_rep2_REP1","SK_N_SH","48h","new_2"
"Interval_88787","SH_24h_rep1_REP1",7.22709865538567,"MAML2","SH_24h_rep1_REP1","SK_N_SH","24h","new_1"
"Interval_88787","SH_48h_rep1_REP1",7.10858291309005,"MAML2","SH_48h_rep1_REP1","SK_N_SH","48h","new_1"
"Interval_88787","CM_48h_rep2_REP1",5.87066084231216,"MAML2","CM_48h_rep2_REP1","CLBMa","48h","new_2"
"Interval_88787","SH_DMSO_ctrl_rep1_REP1",7.2574788148644,"MAML2","SH_DMSO_ctrl_rep1_REP1","SK_N_SH","control","new_1"
"Interval_88787","SH_24h_rep2_REP1",7.07219421698584,"MAML2","SH_24h_rep2_REP1","SK_N_SH","24h","new_2"
"Interval_88787","SH_control_ATAC_S165166_REP1",6.56432140459201,"MAML2","SH_control_ATAC_S165166_REP1","SK_N_SH","control","legacy"
"Interval_88787","SH_48h_ATAC_S165165_REP1",6.65205075822728,"MAML2","SH_48h_ATAC_S165165_REP1","SK_N_SH","48h","legacy"
"Interval_88787","SH_DMSO_ctrl_rep2_REP1",7.20054381038813,"MAML2","SH_DMSO_ctrl_rep2_REP1","SK_N_SH","control","new_2"
"Interval_88788","CM_48h_rep1_REP1",5.21983690863986,"MAML2","CM_48h_rep1_REP1","CLBMa","48h","new_1"
"Interval_88788","CM_24h_ATAC_S165170_REP1",5.37193530273589,"MAML2","CM_24h_ATAC_S165170_REP1","CLBMa","24h","legacy"
"Interval_88788","CM_DMSO_ctrl_rep1_REP1",5.36825350554677,"MAML2","CM_DMSO_ctrl_rep1_REP1","CLBMa","control","new_1"
"Interval_88788","CM_control_ATAC_S165169_REP1",5.49579318790613,"MAML2","CM_control_ATAC_S165169_REP1","CLBMa","control","legacy"
"Interval_88788","CM_24h_rep2_REP1",5.19265681133299,"MAML2","CM_24h_rep2_REP1","CLBMa","24h","new_2"
"Interval_88788","CM_DMSO_ctrl_rep2_REP1",5.1651044026189,"MAML2","CM_DMSO_ctrl_rep2_REP1","CLBMa","control","new_2"
"Interval_88788","CM_48h_ATAC_S165167_REP1",5.09251234508686,"MAML2","CM_48h_ATAC_S165167_REP1","CLBMa","48h","legacy"
"Interval_88788","SH_24h_ATAC_S165164_REP1",5.96837941468891,"MAML2","SH_24h_ATAC_S165164_REP1","SK_N_SH","24h","legacy"
"Interval_88788","CM_24h_rep1_REP1",5.04108599653137,"MAML2","CM_24h_rep1_REP1","CLBMa","24h","new_1"
"Interval_88788","SH_48h_rep2_REP1",6.37604882454978,"MAML2","SH_48h_rep2_REP1","SK_N_SH","48h","new_2"
"Interval_88788","SH_24h_rep1_REP1",6.72099324127248,"MAML2","SH_24h_rep1_REP1","SK_N_SH","24h","new_1"
"Interval_88788","SH_48h_rep1_REP1",6.64711051247065,"MAML2","SH_48h_rep1_REP1","SK_N_SH","48h","new_1"
"Interval_88788","CM_48h_rep2_REP1",5.36840291658708,"MAML2","CM_48h_rep2_REP1","CLBMa","48h","new_2"
"Interval_88788","SH_DMSO_ctrl_rep1_REP1",6.4743417025347,"MAML2","SH_DMSO_ctrl_rep1_REP1","SK_N_SH","control","new_1"
"Interval_88788","SH_24h_rep2_REP1",6.38039062528987,"MAML2","SH_24h_rep2_REP1","SK_N_SH","24h","new_2"
"Interval_88788","SH_control_ATAC_S165166_REP1",6.24770444103647,"MAML2","SH_control_ATAC_S165166_REP1","SK_N_SH","control","legacy"
"Interval_88788","SH_48h_ATAC_S165165_REP1",6.23774132320217,"MAML2","SH_48h_ATAC_S165165_REP1","SK_N_SH","48h","legacy"
"Interval_88788","SH_DMSO_ctrl_rep2_REP1",6.46448373670603,"MAML2","SH_DMSO_ctrl_rep2_REP1","SK_N_SH","control","new_2"
"Interval_88789","CM_48h_rep1_REP1",5.27719153817684,"MAML2","CM_48h_rep1_REP1","CLBMa","48h","new_1"
"Interval_88789","CM_24h_ATAC_S165170_REP1",4.72041525073197,"MAML2","CM_24h_ATAC_S165170_REP1","CLBMa","24h","legacy"
"Interval_88789","CM_DMSO_ctrl_rep1_REP1",4.66411913035382,"MAML2","CM_DMSO_ctrl_rep1_REP1","CLBMa","control","new_1"
"Interval_88789","CM_control_ATAC_S165169_REP1",5.00825391449907,"MAML2","CM_control_ATAC_S165169_REP1","CLBMa","control","legacy"
"Interval_88789","CM_24h_rep2_REP1",4.80866966702782,"MAML2","CM_24h_rep2_REP1","CLBMa","24h","new_2"
"Interval_88789","CM_DMSO_ctrl_rep2_REP1",4.73259397589862,"MAML2","CM_DMSO_ctrl_rep2_REP1","CLBMa","control","new_2"
"Interval_88789","CM_48h_ATAC_S165167_REP1",4.82598621968637,"MAML2","CM_48h_ATAC_S165167_REP1","CLBMa","48h","legacy"
"Interval_88789","SH_24h_ATAC_S165164_REP1",6.0322724210563,"MAML2","SH_24h_ATAC_S165164_REP1","SK_N_SH","24h","legacy"
"Interval_88789","CM_24h_rep1_REP1",5.31675684192288,"MAML2","CM_24h_rep1_REP1","CLBMa","24h","new_1"
"Interval_88789","SH_48h_rep2_REP1",6.43021772855916,"MAML2","SH_48h_rep2_REP1","SK_N_SH","48h","new_2"
"Interval_88789","SH_24h_rep1_REP1",6.08045950176816,"MAML2","SH_24h_rep1_REP1","SK_N_SH","24h","new_1"
"Interval_88789","SH_48h_rep1_REP1",6.20419553769722,"MAML2","SH_48h_rep1_REP1","SK_N_SH","48h","new_1"
"Interval_88789","CM_48h_rep2_REP1",5.03432917080102,"MAML2","CM_48h_rep2_REP1","CLBMa","48h","new_2"
"Interval_88789","SH_DMSO_ctrl_rep1_REP1",5.7112539973192,"MAML2","SH_DMSO_ctrl_rep1_REP1","SK_N_SH","control","new_1"
"Interval_88789","SH_24h_rep2_REP1",5.79792656130972,"MAML2","SH_24h_rep2_REP1","SK_N_SH","24h","new_2"
"Interval_88789","SH_control_ATAC_S165166_REP1",5.7893809251542,"MAML2","SH_control_ATAC_S165166_REP1","SK_N_SH","control","legacy"
"Interval_88789","SH_48h_ATAC_S165165_REP1",6.14126624820251,"MAML2","SH_48h_ATAC_S165165_REP1","SK_N_SH","48h","legacy"
"Interval_88789","SH_DMSO_ctrl_rep2_REP1",5.74054259802812,"MAML2","SH_DMSO_ctrl_rep2_REP1","SK_N_SH","control","new_2"
"Interval_88790","CM_48h_rep1_REP1",6.34402408379811,"MAML2","CM_48h_rep1_REP1","CLBMa","48h","new_1"
"Interval_88790","CM_24h_ATAC_S165170_REP1",6.20793161586496,"MAML2","CM_24h_ATAC_S165170_REP1","CLBMa","24h","legacy"
"Interval_88790","CM_DMSO_ctrl_rep1_REP1",6.48621510875975,"MAML2","CM_DMSO_ctrl_rep1_REP1","CLBMa","control","new_1"
"Interval_88790","CM_control_ATAC_S165169_REP1",5.66899126909546,"MAML2","CM_control_ATAC_S165169_REP1","CLBMa","control","legacy"
"Interval_88790","CM_24h_rep2_REP1",6.21279867803583,"MAML2","CM_24h_rep2_REP1","CLBMa","24h","new_2"
"Interval_88790","CM_DMSO_ctrl_rep2_REP1",6.34321623636256,"MAML2","CM_DMSO_ctrl_rep2_REP1","CLBMa","control","new_2"
"Interval_88790","CM_48h_ATAC_S165167_REP1",6.06418183134816,"MAML2","CM_48h_ATAC_S165167_REP1","CLBMa","48h","legacy"
"Interval_88790","SH_24h_ATAC_S165164_REP1",7.03755043686989,"MAML2","SH_24h_ATAC_S165164_REP1","SK_N_SH","24h","legacy"
"Interval_88790","CM_24h_rep1_REP1",6.15170481369709,"MAML2","CM_24h_rep1_REP1","CLBMa","24h","new_1"
"Interval_88790","SH_48h_rep2_REP1",7.0049033374981,"MAML2","SH_48h_rep2_REP1","SK_N_SH","48h","new_2"
"Interval_88790","SH_24h_rep1_REP1",6.906482473329,"MAML2","SH_24h_rep1_REP1","SK_N_SH","24h","new_1"
"Interval_88790","SH_48h_rep1_REP1",6.72119593049452,"MAML2","SH_48h_rep1_REP1","SK_N_SH","48h","new_1"
"Interval_88790","CM_48h_rep2_REP1",6.20362598906963,"MAML2","CM_48h_rep2_REP1","CLBMa","48h","new_2"
"Interval_88790","SH_DMSO_ctrl_rep1_REP1",7.12698904058508,"MAML2","SH_DMSO_ctrl_rep1_REP1","SK_N_SH","control","new_1"
"Interval_88790","SH_24h_rep2_REP1",6.79099466314652,"MAML2","SH_24h_rep2_REP1","SK_N_SH","24h","new_2"
"Interval_88790","SH_control_ATAC_S165166_REP1",7.22245311773286,"MAML2","SH_control_ATAC_S165166_REP1","SK_N_SH","control","legacy"
"Interval_88790","SH_48h_ATAC_S165165_REP1",7.12151603616217,"MAML2","SH_48h_ATAC_S165165_REP1","SK_N_SH","48h","legacy"
"Interval_88790","SH_DMSO_ctrl_rep2_REP1",6.82469479356523,"MAML2","SH_DMSO_ctrl_rep2_REP1","SK_N_SH","control","new_2"
"Interval_88791","CM_48h_rep1_REP1",5.09677422738885,"MAML2","CM_48h_rep1_REP1","CLBMa","48h","new_1"
"Interval_88791","CM_24h_ATAC_S165170_REP1",5.62414567835229,"MAML2","CM_24h_ATAC_S165170_REP1","CLBMa","24h","legacy"
"Interval_88791","CM_DMSO_ctrl_rep1_REP1",5.7362517562085,"MAML2","CM_DMSO_ctrl_rep1_REP1","CLBMa","control","new_1"
"Interval_88791","CM_control_ATAC_S165169_REP1",5.79316514898128,"MAML2","CM_control_ATAC_S165169_REP1","CLBMa","control","legacy"
"Interval_88791","CM_24h_rep2_REP1",4.99816234353472,"MAML2","CM_24h_rep2_REP1","CLBMa","24h","new_2"
"Interval_88791","CM_DMSO_ctrl_rep2_REP1",5.22977499436375,"MAML2","CM_DMSO_ctrl_rep2_REP1","CLBMa","control","new_2"
"Interval_88791","CM_48h_ATAC_S165167_REP1",5.58452214646034,"MAML2","CM_48h_ATAC_S165167_REP1","CLBMa","48h","legacy"
"Interval_88791","SH_24h_ATAC_S165164_REP1",6.15187041957842,"MAML2","SH_24h_ATAC_S165164_REP1","SK_N_SH","24h","legacy"
"Interval_88791","CM_24h_rep1_REP1",5.10773195294683,"MAML2","CM_24h_rep1_REP1","CLBMa","24h","new_1"
"Interval_88791","SH_48h_rep2_REP1",7.0049033374981,"MAML2","SH_48h_rep2_REP1","SK_N_SH","48h","new_2"
"Interval_88791","SH_24h_rep1_REP1",6.98542265492354,"MAML2","SH_24h_rep1_REP1","SK_N_SH","24h","new_1"
"Interval_88791","SH_48h_rep1_REP1",6.65972955595543,"MAML2","SH_48h_rep1_REP1","SK_N_SH","48h","new_1"
"Interval_88791","CM_48h_rep2_REP1",5.18830616598169,"MAML2","CM_48h_rep2_REP1","CLBMa","48h","new_2"
"Interval_88791","SH_DMSO_ctrl_rep1_REP1",6.80482406753347,"MAML2","SH_DMSO_ctrl_rep1_REP1","SK_N_SH","control","new_1"
"Interval_88791","SH_24h_rep2_REP1",6.57412940061963,"MAML2","SH_24h_rep2_REP1","SK_N_SH","24h","new_2"
"Interval_88791","SH_control_ATAC_S165166_REP1",6.43055478637387,"MAML2","SH_control_ATAC_S165166_REP1","SK_N_SH","control","legacy"
"Interval_88791","SH_48h_ATAC_S165165_REP1",6.38510980176347,"MAML2","SH_48h_ATAC_S165165_REP1","SK_N_SH","48h","legacy"
"Interval_88791","SH_DMSO_ctrl_rep2_REP1",6.84179098410356,"MAML2","SH_DMSO_ctrl_rep2_REP1","SK_N_SH","control","new_2"
"Interval_88792","CM_48h_rep1_REP1",6.70423482951941,"MAML2","CM_48h_rep1_REP1","CLBMa","48h","new_1"
"Interval_88792","CM_24h_ATAC_S165170_REP1",6.69138548905982,"MAML2","CM_24h_ATAC_S165170_REP1","CLBMa","24h","legacy"
"Interval_88792","CM_DMSO_ctrl_rep1_REP1",6.28457849838818,"MAML2","CM_DMSO_ctrl_rep1_REP1","CLBMa","control","new_1"
"Interval_88792","CM_control_ATAC_S165169_REP1",6.77437642916587,"MAML2","CM_control_ATAC_S165169_REP1","CLBMa","control","legacy"
"Interval_88792","CM_24h_rep2_REP1",6.308299257548,"MAML2","CM_24h_rep2_REP1","CLBMa","24h","new_2"
"Interval_88792","CM_DMSO_ctrl_rep2_REP1",6.14976209401711,"MAML2","CM_DMSO_ctrl_rep2_REP1","CLBMa","control","new_2"
"Interval_88792","CM_48h_ATAC_S165167_REP1",6.79850439303248,"MAML2","CM_48h_ATAC_S165167_REP1","CLBMa","48h","legacy"
"Interval_88792","SH_24h_ATAC_S165164_REP1",6.48222956213983,"MAML2","SH_24h_ATAC_S165164_REP1","SK_N_SH","24h","legacy"
"Interval_88792","CM_24h_rep1_REP1",6.42189748295976,"MAML2","CM_24h_rep1_REP1","CLBMa","24h","new_1"
"Interval_88792","SH_48h_rep2_REP1",7.06282215256209,"MAML2","SH_48h_rep2_REP1","SK_N_SH","48h","new_2"
"Interval_88792","SH_24h_rep1_REP1",6.92948585256167,"MAML2","SH_24h_rep1_REP1","SK_N_SH","24h","new_1"
"Interval_88792","SH_48h_rep1_REP1",7.28114715045503,"MAML2","SH_48h_rep1_REP1","SK_N_SH","48h","new_1"
"Interval_88792","CM_48h_rep2_REP1",6.02137195661989,"MAML2","CM_48h_rep2_REP1","CLBMa","48h","new_2"
"Interval_88792","SH_DMSO_ctrl_rep1_REP1",7.13455912457339,"MAML2","SH_DMSO_ctrl_rep1_REP1","SK_N_SH","control","new_1"
"Interval_88792","SH_24h_rep2_REP1",6.9549025027657,"MAML2","SH_24h_rep2_REP1","SK_N_SH","24h","new_2"
"Interval_88792","SH_control_ATAC_S165166_REP1",6.50642556088255,"MAML2","SH_control_ATAC_S165166_REP1","SK_N_SH","control","legacy"
"Interval_88792","SH_48h_ATAC_S165165_REP1",6.85671228175379,"MAML2","SH_48h_ATAC_S165165_REP1","SK_N_SH","48h","legacy"
"Interval_88792","SH_DMSO_ctrl_rep2_REP1",7.24608297193233,"MAML2","SH_DMSO_ctrl_rep2_REP1","SK_N_SH","control","new_2"
"Interval_88793","CM_48h_rep1_REP1",9.14347775291516,"MAML2","CM_48h_rep1_REP1","CLBMa","48h","new_1"
"Interval_88793","CM_24h_ATAC_S165170_REP1",8.35726277129047,"MAML2","CM_24h_ATAC_S165170_REP1","CLBMa","24h","legacy"
"Interval_88793","CM_DMSO_ctrl_rep1_REP1",8.80265000503982,"MAML2","CM_DMSO_ctrl_rep1_REP1","CLBMa","control","new_1"
"Interval_88793","CM_control_ATAC_S165169_REP1",8.51310806878186,"MAML2","CM_control_ATAC_S165169_REP1","CLBMa","control","legacy"
"Interval_88793","CM_24h_rep2_REP1",8.89993586264333,"MAML2","CM_24h_rep2_REP1","CLBMa","24h","new_2"
"Interval_88793","CM_DMSO_ctrl_rep2_REP1",8.72624159771958,"MAML2","CM_DMSO_ctrl_rep2_REP1","CLBMa","control","new_2"
"Interval_88793","CM_48h_ATAC_S165167_REP1",8.3177795715928,"MAML2","CM_48h_ATAC_S165167_REP1","CLBMa","48h","legacy"
"Interval_88793","SH_24h_ATAC_S165164_REP1",8.30619480991579,"MAML2","SH_24h_ATAC_S165164_REP1","SK_N_SH","24h","legacy"
"Interval_88793","CM_24h_rep1_REP1",8.67990258736575,"MAML2","CM_24h_rep1_REP1","CLBMa","24h","new_1"
"Interval_88793","SH_48h_rep2_REP1",8.54652102156142,"MAML2","SH_48h_rep2_REP1","SK_N_SH","48h","new_2"
"Interval_88793","SH_24h_rep1_REP1",8.32965945492601,"MAML2","SH_24h_rep1_REP1","SK_N_SH","24h","new_1"
"Interval_88793","SH_48h_rep1_REP1",8.47511832124427,"MAML2","SH_48h_rep1_REP1","SK_N_SH","48h","new_1"
"Interval_88793","CM_48h_rep2_REP1",8.91850695092706,"MAML2","CM_48h_rep2_REP1","CLBMa","48h","new_2"
"Interval_88793","SH_DMSO_ctrl_rep1_REP1",8.67049560895012,"MAML2","SH_DMSO_ctrl_rep1_REP1","SK_N_SH","control","new_1"
"Interval_88793","SH_24h_rep2_REP1",8.5172049821332,"MAML2","SH_24h_rep2_REP1","SK_N_SH","24h","new_2"
"Interval_88793","SH_control_ATAC_S165166_REP1",8.2281980521117,"MAML2","SH_control_ATAC_S165166_REP1","SK_N_SH","control","legacy"
"Interval_88793","SH_48h_ATAC_S165165_REP1",8.44580255576005,"MAML2","SH_48h_ATAC_S165165_REP1","SK_N_SH","48h","legacy"
"Interval_88793","SH_DMSO_ctrl_rep2_REP1",8.68169378094472,"MAML2","SH_DMSO_ctrl_rep2_REP1","SK_N_SH","control","new_2"
"Interval_491600","CM_48h_rep1_REP1",6.80031452739234,"NOTCH1","CM_48h_rep1_REP1","CLBMa","48h","new_1"
"Interval_491600","CM_24h_ATAC_S165170_REP1",6.35086518686854,"NOTCH1","CM_24h_ATAC_S165170_REP1","CLBMa","24h","legacy"
"Interval_491600","CM_DMSO_ctrl_rep1_REP1",6.5031937139155,"NOTCH1","CM_DMSO_ctrl_rep1_REP1","CLBMa","control","new_1"
"Interval_491600","CM_control_ATAC_S165169_REP1",6.42542783682722,"NOTCH1","CM_control_ATAC_S165169_REP1","CLBMa","control","legacy"
"Interval_491600","CM_24h_rep2_REP1",6.71760854522492,"NOTCH1","CM_24h_rep2_REP1","CLBMa","24h","new_2"
"Interval_491600","CM_DMSO_ctrl_rep2_REP1",6.60856407467565,"NOTCH1","CM_DMSO_ctrl_rep2_REP1","CLBMa","control","new_2"
"Interval_491600","CM_48h_ATAC_S165167_REP1",6.1753644405312,"NOTCH1","CM_48h_ATAC_S165167_REP1","CLBMa","48h","legacy"
"Interval_491600","SH_24h_ATAC_S165164_REP1",5.93529220351566,"NOTCH1","SH_24h_ATAC_S165164_REP1","SK_N_SH","24h","legacy"
"Interval_491600","CM_24h_rep1_REP1",6.4341357646354,"NOTCH1","CM_24h_rep1_REP1","CLBMa","24h","new_1"
"Interval_491600","SH_48h_rep2_REP1",7.06282215256209,"NOTCH1","SH_48h_rep2_REP1","SK_N_SH","48h","new_2"
"Interval_491600","SH_24h_rep1_REP1",6.3450867900513,"NOTCH1","SH_24h_rep1_REP1","SK_N_SH","24h","new_1"
"Interval_491600","SH_48h_rep1_REP1",6.8587068581211,"NOTCH1","SH_48h_rep1_REP1","SK_N_SH","48h","new_1"
"Interval_491600","CM_48h_rep2_REP1",6.59832497321458,"NOTCH1","CM_48h_rep2_REP1","CLBMa","48h","new_2"
"Interval_491600","SH_DMSO_ctrl_rep1_REP1",6.6006043252589,"NOTCH1","SH_DMSO_ctrl_rep1_REP1","SK_N_SH","control","new_1"
"Interval_491600","SH_24h_rep2_REP1",6.60572586147265,"NOTCH1","SH_24h_rep2_REP1","SK_N_SH","24h","new_2"
"Interval_491600","SH_control_ATAC_S165166_REP1",6.47656428314034,"NOTCH1","SH_control_ATAC_S165166_REP1","SK_N_SH","control","legacy"
"Interval_491600","SH_48h_ATAC_S165165_REP1",6.43999325441107,"NOTCH1","SH_48h_ATAC_S165165_REP1","SK_N_SH","48h","legacy"
"Interval_491600","SH_DMSO_ctrl_rep2_REP1",6.80739092559147,"NOTCH1","SH_DMSO_ctrl_rep2_REP1","SK_N_SH","control","new_2"
"Interval_491603","CM_48h_rep1_REP1",3.97553438790355,"NOTCH1","CM_48h_rep1_REP1","CLBMa","48h","new_1"
"Interval_491603","CM_24h_ATAC_S165170_REP1",4.63906985537323,"NOTCH1","CM_24h_ATAC_S165170_REP1","CLBMa","24h","legacy"
"Interval_491603","CM_DMSO_ctrl_rep1_REP1",4.43639228536096,"NOTCH1","CM_DMSO_ctrl_rep1_REP1","CLBMa","control","new_1"
"Interval_491603","CM_control_ATAC_S165169_REP1",4.83431067248562,"NOTCH1","CM_control_ATAC_S165169_REP1","CLBMa","control","legacy"
"Interval_491603","CM_24h_rep2_REP1",4.58228545895525,"NOTCH1","CM_24h_rep2_REP1","CLBMa","24h","new_2"
"Interval_491603","CM_DMSO_ctrl_rep2_REP1",4.18778068316274,"NOTCH1","CM_DMSO_ctrl_rep2_REP1","CLBMa","control","new_2"
"Interval_491603","CM_48h_ATAC_S165167_REP1",5.13182989424607,"NOTCH1","CM_48h_ATAC_S165167_REP1","CLBMa","48h","legacy"
"Interval_491603","SH_24h_ATAC_S165164_REP1",3.96542701036001,"NOTCH1","SH_24h_ATAC_S165164_REP1","SK_N_SH","24h","legacy"
"Interval_491603","CM_24h_rep1_REP1",4.1555452851229,"NOTCH1","CM_24h_rep1_REP1","CLBMa","24h","new_1"
"Interval_491603","SH_48h_rep2_REP1",4.72828627448464,"NOTCH1","SH_48h_rep2_REP1","SK_N_SH","48h","new_2"
"Interval_491603","SH_24h_rep1_REP1",5.03726145099865,"NOTCH1","SH_24h_rep1_REP1","SK_N_SH","24h","new_1"
"Interval_491603","SH_48h_rep1_REP1",4.60393920828683,"NOTCH1","SH_48h_rep1_REP1","SK_N_SH","48h","new_1"
"Interval_491603","CM_48h_rep2_REP1",4.39720370041588,"NOTCH1","CM_48h_rep2_REP1","CLBMa","48h","new_2"
"Interval_491603","SH_DMSO_ctrl_rep1_REP1",4.86708080570995,"NOTCH1","SH_DMSO_ctrl_rep1_REP1","SK_N_SH","control","new_1"
"Interval_491603","SH_24h_rep2_REP1",4.66084516463788,"NOTCH1","SH_24h_rep2_REP1","SK_N_SH","24h","new_2"
"Interval_491603","SH_control_ATAC_S165166_REP1",4.95949360247889,"NOTCH1","SH_control_ATAC_S165166_REP1","SK_N_SH","control","legacy"
"Interval_491603","SH_48h_ATAC_S165165_REP1",4.35704977111415,"NOTCH1","SH_48h_ATAC_S165165_REP1","SK_N_SH","48h","legacy"
"Interval_491603","SH_DMSO_ctrl_rep2_REP1",4.80204155797069,"NOTCH1","SH_DMSO_ctrl_rep2_REP1","SK_N_SH","control","new_2"
"Interval_491605","CM_48h_rep1_REP1",4.52906998824893,"NOTCH1","CM_48h_rep1_REP1","CLBMa","48h","new_1"
"Interval_491605","CM_24h_ATAC_S165170_REP1",4.45559429768913,"NOTCH1","CM_24h_ATAC_S165170_REP1","CLBMa","24h","legacy"
"Interval_491605","CM_DMSO_ctrl_rep1_REP1",4.25031072403679,"NOTCH1","CM_DMSO_ctrl_rep1_REP1","CLBMa","control","new_1"
"Interval_491605","CM_control_ATAC_S165169_REP1",4.63008449473146,"NOTCH1","CM_control_ATAC_S165169_REP1","CLBMa","control","legacy"
"Interval_491605","CM_24h_rep2_REP1",4.80866966702782,"NOTCH1","CM_24h_rep2_REP1","CLBMa","24h","new_2"
"Interval_491605","CM_DMSO_ctrl_rep2_REP1",5.13149384946816,"NOTCH1","CM_DMSO_ctrl_rep2_REP1","CLBMa","control","new_2"
"Interval_491605","CM_48h_ATAC_S165167_REP1",4.25196138147726,"NOTCH1","CM_48h_ATAC_S165167_REP1","CLBMa","48h","legacy"
"Interval_491605","SH_24h_ATAC_S165164_REP1",4.93970972308055,"NOTCH1","SH_24h_ATAC_S165164_REP1","SK_N_SH","24h","legacy"
"Interval_491605","CM_24h_rep1_REP1",4.53730787424598,"NOTCH1","CM_24h_rep1_REP1","CLBMa","24h","new_1"
"Interval_491605","SH_48h_rep2_REP1",5.01321571431762,"NOTCH1","SH_48h_rep2_REP1","SK_N_SH","48h","new_2"
"Interval_491605","SH_24h_rep1_REP1",5.24665197334344,"NOTCH1","SH_24h_rep1_REP1","SK_N_SH","24h","new_1"
"Interval_491605","SH_48h_rep1_REP1",5.12704455358813,"NOTCH1","SH_48h_rep1_REP1","SK_N_SH","48h","new_1"
"Interval_491605","CM_48h_rep2_REP1",4.79353227214853,"NOTCH1","CM_48h_rep2_REP1","CLBMa","48h","new_2"
"Interval_491605","SH_DMSO_ctrl_rep1_REP1",5.55734106559585,"NOTCH1","SH_DMSO_ctrl_rep1_REP1","SK_N_SH","control","new_1"
"Interval_491605","SH_24h_rep2_REP1",5.17053347170963,"NOTCH1","SH_24h_rep2_REP1","SK_N_SH","24h","new_2"
"Interval_491605","SH_control_ATAC_S165166_REP1",4.81062450379284,"NOTCH1","SH_control_ATAC_S165166_REP1","SK_N_SH","control","legacy"
"Interval_491605","SH_48h_ATAC_S165165_REP1",4.65811378784321,"NOTCH1","SH_48h_ATAC_S165165_REP1","SK_N_SH","48h","legacy"
"Interval_491605","SH_DMSO_ctrl_rep2_REP1",5.19583431208768,"NOTCH1","SH_DMSO_ctrl_rep2_REP1","SK_N_SH","control","new_2"
"Interval_491611","CM_48h_rep1_REP1",3.17514914384083,"NOTCH1","CM_48h_rep1_REP1","CLBMa","48h","new_1"
"Interval_491611","CM_24h_ATAC_S165170_REP1",4.72041525073197,"NOTCH1","CM_24h_ATAC_S165170_REP1","CLBMa","24h","legacy"
"Interval_491611","CM_DMSO_ctrl_rep1_REP1",4.66411913035382,"NOTCH1","CM_DMSO_ctrl_rep1_REP1","CLBMa","control","new_1"
"Interval_491611","CM_control_ATAC_S165169_REP1",4.77018784935447,"NOTCH1","CM_control_ATAC_S165169_REP1","CLBMa","control","legacy"
"Interval_491611","CM_24h_rep2_REP1",4.41983011822573,"NOTCH1","CM_24h_rep2_REP1","CLBMa","24h","new_2"
"Interval_491611","CM_DMSO_ctrl_rep2_REP1",4.18778068316274,"NOTCH1","CM_DMSO_ctrl_rep2_REP1","CLBMa","control","new_2"
"Interval_491611","CM_48h_ATAC_S165167_REP1",4.5456819388433,"NOTCH1","CM_48h_ATAC_S165167_REP1","CLBMa","48h","legacy"
"Interval_491611","SH_24h_ATAC_S165164_REP1",4.1372567723856,"NOTCH1","SH_24h_ATAC_S165164_REP1","SK_N_SH","24h","legacy"
"Interval_491611","CM_24h_rep1_REP1",3.98062860895229,"NOTCH1","CM_24h_rep1_REP1","CLBMa","24h","new_1"
"Interval_491611","SH_48h_rep2_REP1",5.06295593847784,"NOTCH1","SH_48h_rep2_REP1","SK_N_SH","48h","new_2"
"Interval_491611","SH_24h_rep1_REP1",5.08201454715682,"NOTCH1","SH_24h_rep1_REP1","SK_N_SH","24h","new_1"
"Interval_491611","SH_48h_rep1_REP1",4.60393920828683,"NOTCH1","SH_48h_rep1_REP1","SK_N_SH","48h","new_1"
"Interval_491611","CM_48h_rep2_REP1",4.18246552517583,"NOTCH1","CM_48h_rep2_REP1","CLBMa","48h","new_2"
"Interval_491611","SH_DMSO_ctrl_rep1_REP1",4.78416285642998,"NOTCH1","SH_DMSO_ctrl_rep1_REP1","SK_N_SH","control","new_1"
"Interval_491611","SH_24h_rep2_REP1",4.78990531614694,"NOTCH1","SH_24h_rep2_REP1","SK_N_SH","24h","new_2"
"Interval_491611","SH_control_ATAC_S165166_REP1",4.63998644904318,"NOTCH1","SH_control_ATAC_S165166_REP1","SK_N_SH","control","legacy"
"Interval_491611","SH_48h_ATAC_S165165_REP1",4.89443441486647,"NOTCH1","SH_48h_ATAC_S165165_REP1","SK_N_SH","48h","legacy"
"Interval_491611","SH_DMSO_ctrl_rep2_REP1",4.43887777607009,"NOTCH1","SH_DMSO_ctrl_rep2_REP1","SK_N_SH","control","new_2"
"Interval_491614","CM_48h_rep1_REP1",4.72144323865241,"NOTCH1","CM_48h_rep1_REP1","CLBMa","48h","new_1"
"Interval_491614","CM_24h_ATAC_S165170_REP1",4.55126608807158,"NOTCH1","CM_24h_ATAC_S165170_REP1","CLBMa","24h","legacy"
"Interval_491614","CM_DMSO_ctrl_rep1_REP1",4.43639228536096,"NOTCH1","CM_DMSO_ctrl_rep1_REP1","CLBMa","control","new_1"
"Interval_491614","CM_control_ATAC_S165169_REP1",4.03827815102121,"NOTCH1","CM_control_ATAC_S165169_REP1","CLBMa","control","legacy"
"Interval_491614","CM_24h_rep2_REP1",4.29495259218773,"NOTCH1","CM_24h_rep2_REP1","CLBMa","24h","new_2"
"Interval_491614","CM_DMSO_ctrl_rep2_REP1",4.40353670678072,"NOTCH1","CM_DMSO_ctrl_rep2_REP1","CLBMa","control","new_2"
"Interval_491614","CM_48h_ATAC_S165167_REP1",4.82598621968637,"NOTCH1","CM_48h_ATAC_S165167_REP1","CLBMa","48h","legacy"
"Interval_491614","SH_24h_ATAC_S165164_REP1",4.1372567723856,"NOTCH1","SH_24h_ATAC_S165164_REP1","SK_N_SH","24h","legacy"
"Interval_491614","CM_24h_rep1_REP1",4.58892886553357,"NOTCH1","CM_24h_rep1_REP1","CLBMa","24h","new_1"
"Interval_491614","SH_48h_rep2_REP1",4.85056457428162,"NOTCH1","SH_48h_rep2_REP1","SK_N_SH","48h","new_2"
"Interval_491614","SH_24h_rep1_REP1",4.53435387919636,"NOTCH1","SH_24h_rep1_REP1","SK_N_SH","24h","new_1"
"Interval_491614","SH_48h_rep1_REP1",5.04728505932595,"NOTCH1","SH_48h_rep1_REP1","SK_N_SH","48h","new_1"
"Interval_491614","CM_48h_rep2_REP1",4.29597851761299,"NOTCH1","CM_48h_rep2_REP1","CLBMa","48h","new_2"
"Interval_491614","SH_DMSO_ctrl_rep1_REP1",4.37281609938889,"NOTCH1","SH_DMSO_ctrl_rep1_REP1","SK_N_SH","control","new_1"
"Interval_491614","SH_24h_rep2_REP1",4.74848198312509,"NOTCH1","SH_24h_rep2_REP1","SK_N_SH","24h","new_2"
"Interval_491614","SH_control_ATAC_S165166_REP1",4.36087517591991,"NOTCH1","SH_control_ATAC_S165166_REP1","SK_N_SH","control","legacy"
"Interval_491614","SH_48h_ATAC_S165165_REP1",4.35704977111415,"NOTCH1","SH_48h_ATAC_S165165_REP1","SK_N_SH","48h","legacy"
"Interval_491614","SH_DMSO_ctrl_rep2_REP1",4.38334302117279,"NOTCH1","SH_DMSO_ctrl_rep2_REP1","SK_N_SH","control","new_2"
"Interval_491617","CM_48h_rep1_REP1",4.29343013802408,"NOTCH1","CM_48h_rep1_REP1","CLBMa","48h","new_1"
"Interval_491617","CM_24h_ATAC_S165170_REP1",4.35003823170277,"NOTCH1","CM_24h_ATAC_S165170_REP1","CLBMa","24h","legacy"
"Interval_491617","CM_DMSO_ctrl_rep1_REP1",4.25031072403679,"NOTCH1","CM_DMSO_ctrl_rep1_REP1","CLBMa","control","new_1"
"Interval_491617","CM_control_ATAC_S165169_REP1",4.03827815102121,"NOTCH1","CM_control_ATAC_S165169_REP1","CLBMa","control","legacy"
"Interval_491617","CM_24h_rep2_REP1",3.87145201236203,"NOTCH1","CM_24h_rep2_REP1","CLBMa","24h","new_2"
"Interval_491617","CM_DMSO_ctrl_rep2_REP1",4.00744679541952,"NOTCH1","CM_DMSO_ctrl_rep2_REP1","CLBMa","control","new_2"
"Interval_491617","CM_48h_ATAC_S165167_REP1",4.72204943165928,"NOTCH1","CM_48h_ATAC_S165167_REP1","CLBMa","48h","legacy"
"Interval_491617","SH_24h_ATAC_S165164_REP1",4.279626375605,"NOTCH1","SH_24h_ATAC_S165164_REP1","SK_N_SH","24h","legacy"
"Interval_491617","CM_24h_rep1_REP1",3.87493007345349,"NOTCH1","CM_24h_rep1_REP1","CLBMa","24h","new_1"
"Interval_491617","SH_48h_rep2_REP1",4.85056457428162,"NOTCH1","SH_48h_rep2_REP1","SK_N_SH","48h","new_2"
"Interval_491617","SH_24h_rep1_REP1",4.78497238859748,"NOTCH1","SH_24h_rep1_REP1","SK_N_SH","24h","new_1"
"Interval_491617","SH_48h_rep1_REP1",5.2020597679617,"NOTCH1","SH_48h_rep1_REP1","SK_N_SH","48h","new_1"
"Interval_491617","CM_48h_rep2_REP1",3.97740126260944,"NOTCH1","CM_48h_rep2_REP1","CLBMa","48h","new_2"
"Interval_491617","SH_DMSO_ctrl_rep1_REP1",4.6948688794926,"NOTCH1","SH_DMSO_ctrl_rep1_REP1","SK_N_SH","control","new_1"
"Interval_491617","SH_24h_rep2_REP1",4.70551022664181,"NOTCH1","SH_24h_rep2_REP1","SK_N_SH","24h","new_2"
"Interval_491617","SH_control_ATAC_S165166_REP1",4.63998644904318,"NOTCH1","SH_control_ATAC_S165166_REP1","SK_N_SH","control","legacy"
"Interval_491617","SH_48h_ATAC_S165165_REP1",4.2055295962416,"NOTCH1","SH_48h_ATAC_S165165_REP1","SK_N_SH","48h","legacy"
"Interval_491617","SH_DMSO_ctrl_rep2_REP1",4.54165315365723,"NOTCH1","SH_DMSO_ctrl_rep2_REP1","SK_N_SH","control","new_2"
"Interval_491618","CM_48h_rep1_REP1",8.26347918157967,"NOTCH1","CM_48h_rep1_REP1","CLBMa","48h","new_1"
"Interval_491618","CM_24h_ATAC_S165170_REP1",8.1858419913035,"NOTCH1","CM_24h_ATAC_S165170_REP1","CLBMa","24h","legacy"
"Interval_491618","CM_DMSO_ctrl_rep1_REP1",8.41096138392836,"NOTCH1","CM_DMSO_ctrl_rep1_REP1","CLBMa","control","new_1"
"Interval_491618","CM_control_ATAC_S165169_REP1",8.08159480260111,"NOTCH1","CM_control_ATAC_S165169_REP1","CLBMa","control","legacy"
"Interval_491618","CM_24h_rep2_REP1",8.22658015716313,"NOTCH1","CM_24h_rep2_REP1","CLBMa","24h","new_2"
"Interval_491618","CM_DMSO_ctrl_rep2_REP1",8.34573294115687,"NOTCH1","CM_DMSO_ctrl_rep2_REP1","CLBMa","control","new_2"
"Interval_491618","CM_48h_ATAC_S165167_REP1",7.8471821353695,"NOTCH1","CM_48h_ATAC_S165167_REP1","CLBMa","48h","legacy"
"Interval_491618","SH_24h_ATAC_S165164_REP1",8.26765661949749,"NOTCH1","SH_24h_ATAC_S165164_REP1","SK_N_SH","24h","legacy"
"Interval_491618","CM_24h_rep1_REP1",8.43073751311965,"NOTCH1","CM_24h_rep1_REP1","CLBMa","24h","new_1"
"Interval_491618","SH_48h_rep2_REP1",8.30499522434428,"NOTCH1","SH_48h_rep2_REP1","SK_N_SH","48h","new_2"
"Interval_491618","SH_24h_rep1_REP1",8.40917182161499,"NOTCH1","SH_24h_rep1_REP1","SK_N_SH","24h","new_1"
"Interval_491618","SH_48h_rep1_REP1",8.34155444542776,"NOTCH1","SH_48h_rep1_REP1","SK_N_SH","48h","new_1"
"Interval_491618","CM_48h_rep2_REP1",8.34188589764967,"NOTCH1","CM_48h_rep2_REP1","CLBMa","48h","new_2"
"Interval_491618","SH_DMSO_ctrl_rep1_REP1",8.41267622431186,"NOTCH1","SH_DMSO_ctrl_rep1_REP1","SK_N_SH","control","new_1"
"Interval_491618","SH_24h_rep2_REP1",8.51994891037699,"NOTCH1","SH_24h_rep2_REP1","SK_N_SH","24h","new_2"
"Interval_491618","SH_control_ATAC_S165166_REP1",8.39167838999207,"NOTCH1","SH_control_ATAC_S165166_REP1","SK_N_SH","control","legacy"
"Interval_491618","SH_48h_ATAC_S165165_REP1",8.52642425804418,"NOTCH1","SH_48h_ATAC_S165165_REP1","SK_N_SH","48h","legacy"
"Interval_491618","SH_DMSO_ctrl_rep2_REP1",8.38680012661588,"NOTCH1","SH_DMSO_ctrl_rep2_REP1","SK_N_SH","control","new_2"
"Interval_491620","CM_48h_rep1_REP1",5.09677422738885,"NOTCH1","CM_48h_rep1_REP1","CLBMa","48h","new_1"
"Interval_491620","CM_24h_ATAC_S165170_REP1",5.11690113217176,"NOTCH1","CM_24h_ATAC_S165170_REP1","CLBMa","24h","legacy"
"Interval_491620","CM_DMSO_ctrl_rep1_REP1",5.01585741135407,"NOTCH1","CM_DMSO_ctrl_rep1_REP1","CLBMa","control","new_1"
"Interval_491620","CM_control_ATAC_S165169_REP1",4.70230234726446,"NOTCH1","CM_control_ATAC_S165169_REP1","CLBMa","control","legacy"
"Interval_491620","CM_24h_rep2_REP1",4.80866966702782,"NOTCH1","CM_24h_rep2_REP1","CLBMa","24h","new_2"
"Interval_491620","CM_DMSO_ctrl_rep2_REP1",4.26538020772324,"NOTCH1","CM_DMSO_ctrl_rep2_REP1","CLBMa","control","new_2"
"Interval_491620","CM_48h_ATAC_S165167_REP1",4.5456819388433,"NOTCH1","CM_48h_ATAC_S165167_REP1","CLBMa","48h","legacy"
"Interval_491620","SH_24h_ATAC_S165164_REP1",4.7874046517013,"NOTCH1","SH_24h_ATAC_S165164_REP1","SK_N_SH","24h","legacy"
"Interval_491620","CM_24h_rep1_REP1",4.77421861182476,"NOTCH1","CM_24h_rep1_REP1","CLBMa","24h","new_1"
"Interval_491620","SH_48h_rep2_REP1",4.43446456162232,"NOTCH1","SH_48h_rep2_REP1","SK_N_SH","48h","new_2"
"Interval_491620","SH_24h_rep1_REP1",5.24665197334344,"NOTCH1","SH_24h_rep1_REP1","SK_N_SH","24h","new_1"
"Interval_491620","SH_48h_rep1_REP1",5.2020597679617,"NOTCH1","SH_48h_rep1_REP1","SK_N_SH","48h","new_1"
"Interval_491620","CM_48h_rep2_REP1",4.29597851761299,"NOTCH1","CM_48h_rep2_REP1","CLBMa","48h","new_2"
"Interval_491620","SH_DMSO_ctrl_rep1_REP1",5.35658677391518,"NOTCH1","SH_DMSO_ctrl_rep1_REP1","SK_N_SH","control","new_1"
"Interval_491620","SH_24h_rep2_REP1",5.48624407904526,"NOTCH1","SH_24h_rep2_REP1","SK_N_SH","24h","new_2"
"Interval_491620","SH_control_ATAC_S165166_REP1",4.86233820276534,"NOTCH1","SH_control_ATAC_S165166_REP1","SK_N_SH","control","legacy"
"Interval_491620","SH_48h_ATAC_S165165_REP1",5.01649521935909,"NOTCH1","SH_48h_ATAC_S165165_REP1","SK_N_SH","48h","legacy"
"Interval_491620","SH_DMSO_ctrl_rep2_REP1",4.87716727417764,"NOTCH1","SH_DMSO_ctrl_rep2_REP1","SK_N_SH","control","new_2"
