ensembl_id	gene_symbol	baseMean	MeanExpr_DMSO	MeanExpr_TDI	log2FoldChange	lfcSE	FoldChange	pvalue	padj	gene_biotype	location	DMSO-OE_WWTR1_DMSO_RNA_S165191_R1	DMSO-OE_WWTR1_DMSO_RNA_S165191_R2	TDI-OE_WWTR1_TDI_RNA_S165188_R1	TDI-OE_WWTR1_TDI_RNA_S165188_R2
ENSG00000100604	CHGA	15609.1602922235	20853.3602911482	10364.9602932988	-1.00771094115166	0.0229508531820738	-2.01071825227084	0	0	protein_coding	chr14:92923150-92935285:+	20790.4153587377	20916.3052235587	10280.3275974479	10449.5929891497
ENSG00000102241	HTATSF1	5843.78937944664	1818.37154979224	9869.20720910104	2.43875557914698	0.0435915112480813	5.42173868045065	0	0	protein_coding	chrX:136497079-136512346:+	1781.72726484692	1855.01583473757	9885.07212699577	9853.34229120631
ENSG00000130600	H19	8542.16037311724	16305.236745459	779.084000775506	-4.38643417355742	0.0462003811944596	-20.9145372653234	0	0	lncRNA	chr11:1995176-2001470:-	16352.8244968052	16257.6489941127	808.016427940655	750.151573610357
ENSG00000132872	SYT4	6069.6290190904	3027.94474960078	9111.31328858002	1.58776666122252	0.0390351929034402	3.00583675844034	0	0	protein_coding	chr18:43267892-43277535:-	3055.16044020692	3000.72905899463	9125.88679447228	9096.73978268776
ENSG00000147256	ARHGAP36	10360.5878558625	17534.3398746376	3186.83583708749	-2.45913001148069	0.0331317217902855	-5.49885030035491	0	0	protein_coding	chrX:131058346-131089885:+	17290.6324878118	17778.0472614633	3229.30168749372	3144.36998668125
ENSG00000167244	IGF2	4256.1308971923	7173.40130196681	1338.86049241778	-2.41875489878255	0.0599460384710427	-5.34709348022631	0	0	protein_coding	chr11:2129112-2141238:-	7078.34592981887	7268.45667411475	1413.33774282892	1264.38324200665
ENSG00000026025	VIM	5282.83515514136	2650.87125745283	7914.79905282989	1.57555371155998	0.0479687594418419	2.9804986328769	1.08673186334755e-237	1.21795473584676e-234	protein_coding	chr10:17228241-17237593:+	2556.57897663377	2745.16353827188	8005.53562414635	7824.06248151343
ENSG00000080644	CHRNA3	3236.22386706384	5020.24127954134	1452.20645458635	-1.78604655474681	0.0567998241027503	-3.44868546491138	3.35128800180783e-218	3.46703633356258e-215	protein_coding	chr15:78593052-78621295:-	5081.86171421208	4958.62084487059	1464.93286251498	1439.48004665771
ENSG00000165731	RET	3328.49285676424	5124.61869277553	1532.36702075294	-1.73776239335953	0.0603544249495151	-3.3351748388652	1.89150034655435e-183	1.69591921072063e-180	protein_coding	chr10:43077064-43130351:+	5153.08763757968	5096.14974797139	1592.99932030718	1471.7347211987
ENSG00000143153	ATP1B1	4292.97230282083	2476.71910770834	6109.22549793331	1.29952401391611	0.0472300234326138	2.46147658164599	1.02792153570642e-167	8.13206866689159e-165	protein_coding	chr1:169105697-169132722:+	2443.26500763987	2510.17320777681	6106.65095141467	6111.80004445195
ENSG00000053438	NNAT	3824.02092036267	2421.55986121546	5226.48197950989	1.10607274708427	0.0505105079590856	2.15258878990746	2.92828572974294e-107	1.23070358685353e-104	protein_coding	chr20:37521206-37523690:+	2403.33532332774	2439.78439910318	5163.1973342981	5289.76662472168
ENSG00000189060	H1-0	2435.65296072066	3558.23250529466	1313.07341614666	-1.4324720734148	0.0673303296170562	-2.69908810997593	1.53668713695413e-101	5.90483008711318e-99	protein_coding	chr22:37805093-37807436:+	3563.45452969384	3553.01048089548	1274.21518796115	1351.93164433218
ENSG00000177606	JUN	1930.55046177346	869.606683256701	2991.49424029021	1.77508240715079	0.0839960416058387	3.42257559563786	2.89477177740486e-100	1.08143848984217e-97	protein_coding	chr1:58780791-58784047:-	921.620281150375	817.593085363026	2982.382186139	3000.60629444143
ENSG00000162407	PLPP3	548.051503798624	78.3560444825983	1017.74696311465	3.6819417051802	0.180530495527217	12.8343800537793	1.6815294418035e-93	5.95128670074087e-91	protein_coding	chr1:56494761-56645301:-	89.5719945380341	67.1400944271624	988.599346841873	1046.89457938743
ENSG00000158966	CACHD1	821.272034944066	247.002430235315	1395.54163965282	2.48659680449891	0.123380693592333	5.60454325428994	1.74771217668616e-91	5.73292221079321e-89	protein_coding	chr1:64470129-64693058:+	255.765815729085	238.239044741544	1370.95603737251	1420.12724193312
ENSG00000183654	MARCHF11	1235.06254144578	484.865341711073	1985.25974118048	2.02426060807415	0.100917469589186	4.0678334392266	1.16926675605331e-90	3.74415919099069e-88	protein_coding	chr5:16067139-16180762:-	473.760308460205	495.970374961942	2052.74869036691	1917.77079199405
ENSG00000203875	SNHG5	5300.32964676458	3389.82964457712	7210.82964895204	1.08507369861769	0.054275962505098	2.12148385382639	9.1021370419961e-90	2.78215093358649e-87	lncRNA	chr6:85650491-85678932:-	3569.92961363635	3209.72967551789	7136.71066228998	7284.94863561409
ENSG00000198910	L1CAM	2562.85024749403	4088.62081146554	1037.07968352253	-1.9695728518145	0.0991540455550671	-3.91652142847351	5.37445773937984e-89	1.60624626970932e-86	protein_coding	chrX:153861514-153886173:-	4013.47286369818	4163.7687592329	1156.28348582158	917.875881223483
ENSG00000066382	MPPED2	502.212119771698	65.923122375681	938.501117167716	3.81210800709608	0.194162447052473	14.0462002885644	7.53265250004324e-87	2.15546049942727e-84	protein_coding	chr11:30384493-30586872:-	77.7010073101019	54.14523744126	917.656057273538	959.346177061894
ENSG00000101210	EEF1A2	3728.71513187388	4997.62131279757	2459.80895095019	-1.01833800590489	0.0518825192298077	-2.02558412884262	1.01760671271874e-86	2.85120680819881e-84	protein_coding	chr20:63488014-63499185:-	5011.71497150157	4983.52765409357	2514.34074327257	2405.2771586278
ENSG00000066583	ISOC1	2460.72776240156	1351.74428059114	3569.71124421198	1.39453318547911	0.0712213981952966	2.62903470293539	1.9401584464398e-86	5.32514100942223e-84	protein_coding	chr5:129094749-129114028:+	1407.25157683851	1296.23698434377	3510.31082149817	3629.11166692578
ENSG00000128045	RASL11B	836.933089004442	275.107678466274	1398.75849954261	2.33384751524386	0.122877939936894	5.04148068200209	1.34174017524784e-81	3.4047289843223e-79	protein_coding	chr4:52862317-52866835:+	284.903693470374	265.311663462174	1442.82066836382	1354.69633072141
ENSG00000125870	SNRPB2	3254.89346787794	2008.95865851992	4500.82827723596	1.15808169365145	0.0620470825008686	2.23160500732181	9.66352213705914e-79	2.20375665416912e-76	protein_coding	chr20:16729961-16742564:+	2097.92719737275	1919.99011966708	4524.70772818308	4476.94882628884
ENSG00000171617	ENC1	892.202166793359	234.532267210993	1549.87206637572	2.70931223868791	0.145338481752776	6.54009793091539	9.66775541646055e-79	2.20375665416912e-76	protein_coding	chr5:74627406-74641424:-	265.478441642848	203.586092779138	1631.69566007172	1468.04847267973
ENSG00000254656	RTL1	3198.26780729433	4278.12129135264	2118.41432323602	-1.00967375997015	0.0557883627322388	-2.01345574113747	4.84000559232547e-74	9.86261139563412e-72	protein_coding	chr14:100879753-100903722:-	4331.83115753818	4224.41142516711	2145.80417408641	2091.02447238563
ENSG00000143850	PLEKHA6	1199.82365962688	1836.64127708201	563.006042171752	-1.69594761945797	0.0949867399838875	-3.23989626010215	1.90770401677355e-72	3.71836395965036e-70	protein_coding	chr1:204218853-204377665:-	1862.66581412828	1810.61674003574	571.231682238547	554.780402104957
ENSG00000251562	MALAT1	3061.93310900591	4278.21066955442	1845.6555484574	-1.20613585010681	0.0680822926359384	-2.30718845425863	2.90022648511425e-71	5.57216371404308e-69	lncRNA	chr11:65497688-65506516:+	4280.03048599811	4276.39085311072	1948.63710957182	1742.67398734298
ENSG00000138083	SIX3	1848.44654637943	983.668791716607	2713.22430104224	1.45497764643936	0.084738892240643	2.74152313162781	3.659883305537e-67	6.56290274348894e-65	protein_coding	chr2:44941702-44946071:+	1028.45916620177	938.878417231449	2633.19378683511	2793.25481524938
ENSG00000155849	ELMO1	1254.95375234328	608.031590059002	1901.87591462756	1.63451085509975	0.0980031317385782	3.10482263325004	1.44205990719108e-63	2.45497008757124e-61	protein_coding	chr7:36854361-37449249:-	638.874948994171	577.188231123832	1906.25540411541	1897.49642513971
ENSG00000003147	ICA1	2787.35672353699	3866.35388223314	1708.35956484083	-1.17073896449427	0.0719506400061659	-2.25126979961209	1.50425304640893e-60	2.38008226131221e-58	protein_coding	chr7:8113184-8262687:-	3856.99166842089	3875.71609604539	1808.59321328108	1608.12591640058
ENSG00000132718	SYT11	2098.01852974089	2898.17493614529	1297.86212333649	-1.15134448708582	0.071662458588876	-2.22120798454302	4.28647764762621e-59	6.70335324220057e-57	protein_coding	chr1:155859567-155885199:+	2951.55909712679	2844.7907751638	1320.28225910942	1275.44198756356
ENSG00000149294	NCAM1	2421.15946560963	3264.33226762292	1577.98666359635	-1.04166888788098	0.0664253187132647	-2.05860764277541	2.22448806285828e-56	3.32412666193122e-54	protein_coding	chr11:112961247-113278436:+	3186.82048037126	3341.84405487457	1573.6511504249	1582.32217676779
ENSG00000153956	CACNA2D1	1058.83992060049	1639.44129301743	478.23854818356	-1.76296631295609	0.11678283627437	-3.39395235684098	1.18652649282847e-52	1.61187826283334e-50	protein_coding	chr7:81946444-82443777:-	1613.3750823417	1665.50750369316	435.794493062634	520.682603304486
ENSG00000255690	TRIL	476.248544764496	790.781806188629	161.715283340362	-2.27023256055885	0.152227973754094	-4.82400887202853	1.75621688712216e-51	2.33855058563425e-49	protein_coding	chr7:28953358-28958330:-	789.960240986036	791.603371391221	157.549383327083	165.881183353642
ENSG00000100234	TIMP3	543.994872049837	878.359299449073	209.630444650601	-2.04891612936779	0.139397102455715	-4.13794976064725	4.36957502568075e-50	5.59680138289338e-48	protein_coding	chr22:32801701-32863043:+	869.819609610307	886.898989287839	208.22316159018	211.037727711022
ENSG00000166352	IFTAP	1096.68068715819	572.98428734593	1620.37708697045	1.48732344877531	0.102154129748408	2.80368340681345	4.08894503836058e-49	5.09187239082514e-47	protein_coding	chr11:36594493-36659290:+	553.619677084476	592.348897607385	1585.62858892345	1655.12558501745
ENSG00000272636	DOC2B	1111.42153332675	1618.83258596409	604.010480689419	-1.41025297205511	0.0969793910735617	-2.65783763083669	5.25934665586385e-49	6.48926175914797e-47	protein_coding	chr17:142789-181650:-	1632.80033416922	1604.86483775895	613.613387694956	594.407573683882
ENSG00000173114	LRRN3	645.907966990903	1007.54855756687	284.267376414938	-1.80893320782571	0.126641016640553	-3.50383104032294	1.90903678999282e-47	2.21333067143219e-45	protein_coding	chr7:111091006-111125454:+	996.083746489223	1019.01336864451	288.37986538817	280.154887441706
ENSG00000163539	CLASP2	1229.30798016415	1752.32367034326	706.292289985036	-1.29952495496296	0.0918240952872311	-2.46147818722825	1.57196663726385e-46	1.77658649618165e-44	protein_coding	chr3:33496245-33718356:-	1776.3313615615	1728.31597912502	710.354237106323	702.230342863749
ENSG00000182836	PLCXD3	787.584782899603	374.053809543513	1201.11575625569	1.66805324687491	0.118173209146411	3.17785488623779	2.35303521410357e-46	2.63716421620658e-44	protein_coding	chr5:41306952-41510628:-	365.84224275173	382.265376335296	1172.86763143495	1229.36388107643
ENSG00000154319	FAM167A	742.733372243023	1127.02332772503	358.443416761015	-1.63648730678747	0.119946409475774	-3.10907906799051	1.60188293651948e-43	1.69635619001973e-41	protein_coding	chr8:11421476-11475908:-	1104.0018121977	1150.04484325236	369.457910609125	347.428922912905
ENSG00000125170	DOK4	1337.00957581197	1881.57437597477	792.444775649167	-1.23559504442998	0.0916940047575781	-2.35478451297523	1.91730040672535e-42	1.98352101308071e-40	protein_coding	chr16:57471922-57487327:-	1866.98253675662	1896.16621519293	823.679232131067	761.210319167266
ENSG00000196482	ESRRG	430.861978295181	154.045792102279	707.678164488083	2.1763719506287	0.164900926514325	4.52015407850525	6.21417190534189e-41	6.33139378446538e-39	protein_coding	chr1:216503246-217137755:-	155.402014620204	152.689569584353	680.87131157143	734.485017404735
ENSG00000072182	ASIC4	180.59189147206	339.990723148145	21.1930597959747	-3.95724843923019	0.305465472170356	-15.5328261155914	2.15025418295224e-39	2.09556293525541e-37	protein_coding	chr2:219514170-219538772:+	337.783545667526	342.197900628763	23.9548769971004	18.4312425948491
ENSG00000121440	PDZRN3	856.707971282165	1260.98510673555	452.430835828784	-1.46301607559949	0.113108720745698	-2.75684102458826	2.24413936025235e-39	2.17132591770028e-37	protein_coding	chr3:73382431-73624941:-	1288.54170455919	1233.4285089119	468.962784289388	435.89888736818
ENSG00000107282	APBA1	616.57975953718	201.118631850511	1032.04088722385	2.33264816976516	0.18256786456921	5.03729132506985	1.39309726276772e-38	1.32877766574206e-36	protein_coding	chr9:69427532-69672371:-	174.827266447729	227.409997253292	907.521301620918	1156.56047282678
ENSG00000115414	FN1	508.118976844302	176.788653873478	839.449299815127	2.22197965004295	0.174620099389826	4.66533167178224	2.85046161126029e-38	2.6997083246366e-36	protein_coding	chr2:215360440-215436073:-	154.322833963119	199.254473783837	783.140209520589	895.758390109665
ENSG00000165973	NELL1	248.583901913763	50.2675546644712	446.900249163056	3.11548038925731	0.244799263076942	8.66668572078877	3.15252213694322e-38	2.96491400138107e-36	protein_coding	chr11:20669551-21575686:+	50.7214908829832	49.8136184459592	479.097539942008	414.702958384104
ENSG00000151892	GFRA1	201.898953701234	7.57474710416573	396.223160298303	5.64351497196455	0.441357890795119	49.9881756902095	8.93974048027207e-38	8.34934511938744e-36	protein_coding	chr10:116056925-116273467:-	3.23754197125425	11.9119522370772	405.390226104776	387.05609449183
ENSG00000125879	OTOR	192.686652712879	10.8011168001986	374.572188625559	5.05440823653746	0.397406276445443	33.2298583138426	1.09340174617998e-37	1.01414897133617e-35	protein_coding	chr20:16748358-16770062:+	16.1877098562712	5.414523744126	357.480472110575	391.663905140543
ENSG00000143196	DPT	198.109361352337	28.0978000474782	368.120922657196	3.66589766462582	0.294314932595895	12.6924411401561	1.21004582548289e-36	1.09958826398104e-34	protein_coding	chr1:168695468-168729206:-	33.4546003696272	22.7409997253292	360.244496379471	375.997348934921
ENSG00000170345	FOS	548.607791319499	868.693224682066	228.522357956933	-1.90334468906903	0.153288508669044	-3.74079443581227	1.40568328839843e-36	1.2687942648101e-34	protein_coding	chr14:75278826-75282230:+	823.414841355663	913.971608008469	209.144503013146	247.90021290072
ENSG00000117114	ADGRL2	1628.77092694865	2205.70470636598	1051.83714753131	-1.05691124303173	0.0852315429882082	-2.08047253501956	2.77123861986156e-36	2.48469254656787e-34	protein_coding	chr1:81306147-81992436:+	2296.49643827635	2114.91297445562	1052.17190502649	1051.50239003614
ENSG00000139174	PRICKLE1	659.625092936395	307.042196281396	1012.20798959139	1.70078107288713	0.13769572992452	3.25076907049026	3.49047110945971e-36	3.1088308576903e-34	protein_coding	chr12:42456757-42590355:-	291.378777412882	322.70561514991	1068.75605063986	955.659928542924
ENSG00000154734	ADAMTS1	636.311328432942	946.429610863702	326.193046002182	-1.51769837842352	0.126266953569928	-2.86333878689075	2.12367971388698e-34	1.81919544408063e-32	protein_coding	chr21:26835755-26845409:-	958.312423491257	934.546798236148	333.525595113475	318.860496890889
ENSG00000171680	PLEKHG5	416.184085049447	723.172879175993	109.195290922902	-2.69115655078779	0.224547495302171	-6.45830936684304	2.48212614471723e-34	2.11279205824696e-32	protein_coding	chr1:6466092-6520061:-	747.872195359731	698.473562992254	81.9993866439205	136.391195201883
ENSG00000136158	SPRY2	754.562941262119	385.407550993345	1123.71833153089	1.52469845305238	0.127847530215654	2.8772657014001	6.77234233540976e-34	5.72837937540414e-32	protein_coding	chr13:80335976-80341126:-	375.554868665493	395.260233321198	1057.69995356428	1189.73670949751
ENSG00000091129	NRCAM	1033.78046363476	610.288639804293	1457.27228746522	1.2405671868312	0.104923824166184	2.36291410566628	2.73275576220461e-33	2.29705201536812e-31	protein_coding	chr7:108147623-108456717:-	585.995096797019	634.582182811567	1487.96639808912	1426.57817684132
ENSG00000105808	RASA4	1011.87465932711	1418.35781901085	605.39149964337	-1.21311696382104	0.10301655361836	-2.31837985453089	4.73008207456948e-33	3.92684406301759e-31	protein_coding	chr7:102573807-102616756:-	1398.61813158183	1438.09750643987	624.669484770541	586.1135145162
ENSG00000076356	PLXNA2	1495.39672681084	956.237201116847	2034.55625250483	1.07641967733155	0.0916189299004425	2.10879620229831	7.6348940438394e-33	6.18564397563832e-31	protein_coding	chr1:208022242-208244384:-	922.69946180746	989.774940426233	2111.7145414367	1957.39796357297
ENSG00000144868	TMEM108	925.008613632031	1345.52243488698	504.49479237708	-1.39671936810772	0.120204206413642	-2.63302162102925	2.60165146204222e-32	2.08271491148844e-30	protein_coding	chr3:133038391-133397792:+	1247.53283958997	1443.51203018399	504.895099785039	504.094484969122
ENSG00000130513	GDF15	168.84511287266	24.8583960303537	312.831829714967	3.6149932725449	0.310646217179507	12.2524068422209	3.57977843424419e-32	2.83202589189118e-30	protein_coding	chr19:18374731-18389176:+	28.0586970842035	21.658094976504	321.548156614924	304.11550281501
ENSG00000120738	EGR1	692.855506465836	1025.42579615184	360.285216779838	-1.48884227493235	0.128795382308826	-2.80663659502704	5.02451884492436e-32	3.9517399968063e-30	protein_coding	chr5:138465479-138469303:+	990.687843203799	1060.16374909987	380.51400768471	340.056425874965
ENSG00000036565	SLC18A1	206.282887575143	366.493958806309	46.0718163439766	-2.94803986678669	0.257686879618518	-7.71699872180287	1.71953148553943e-31	1.32907924994367e-29	protein_coding	chr8:20144855-20183206:-	353.971255523798	379.01666208882	52.5164611090278	39.6271715789255
ENSG00000117016	RIMS3	789.360317471716	1144.25297732098	434.467657622449	-1.37831513423186	0.120599026419933	-2.59964591500304	2.43208106076117e-31	1.86908903921011e-29	protein_coding	chr1:40620680-40665682:-	1160.1192063661	1128.38674827586	408.154250373672	460.781064871227
ENSG00000196411	EPHB4	257.705914335885	67.5847204163233	447.827108255448	2.68802002408529	0.2383774271804	6.44428377209689	1.13096168979404e-30	8.59339195821474e-29	protein_coding	chr7:100802565-100827523:-	56.1173941684069	79.0520466642396	434.873151639668	460.781064871227
ENSG00000076770	MBNL3	281.077564208503	81.6233791877762	480.531749229229	2.52025275256906	0.223581514279726	5.73682596570738	1.19592171173757e-30	9.03592758492054e-29	protein_coding	chrX:132369317-132489968:-	78.7801879671867	84.4665704083656	525.164611090278	435.89888736818
ENSG00000196562	SULF2	1032.38491418403	581.686628299807	1483.08320006826	1.33172302963744	0.120245259845656	2.51703107790992	1.45706775090766e-29	1.06500566206288e-27	protein_coding	chr20:47656348-47786616:-	530.956883285696	632.416373313917	1428.07920559637	1538.08719454015
ENSG00000100095	SEZ6L	558.935606202083	844.201248714324	273.669963689842	-1.60120048875499	0.145049668532904	-3.03395668499978	1.80148633368535e-29	1.30963187576942e-27	protein_coding	chr22:26169462-26383597:+	896.799126037426	791.603371391221	283.773158273343	263.566769106342
ENSG00000168539	CHRM1	217.438647836565	374.061257726994	60.8160379461362	-2.57983040733573	0.234152978093351	-5.97869414172761	2.01396289946759e-29	1.45622510940536e-27	protein_coding	chr11:62908679-62921807:-	361.525520123391	386.596995330597	58.9658510697856	62.6662248224868
ENSG00000174695	TMEM167A	1452.1026993663	891.275950508426	2012.92944822418	1.15872054846397	0.104895998781429	2.23259342640069	2.1018907237314e-29	1.51167531248469e-27	protein_coding	chr5:83052846-83077863:-	915.145197207867	867.406703808986	1862.03101581307	2163.82788063528
ENSG00000166974	MAPRE2	446.985840986528	693.556858619879	200.414823353176	-1.7637301613771	0.161072506880194	-3.39574979254212	4.55505558638166e-29	3.24131971329349e-27	protein_coding	chr18:34976928-35143470:+	652.904297536273	734.209419703486	208.22316159018	192.606485116173
ENSG00000242265	PEG10	935.582003958479	513.411491839453	1357.7525160775	1.382554443076	0.126922856216623	2.60729611788798	1.0317714072846e-28	7.30331245082661e-27	protein_coding	chr7:94656325-94669695:+	561.173941684069	465.649041994836	1413.33774282892	1302.16728932609
ENSG00000067842	ATP2B3	439.117664524755	696.251086170851	181.984242878659	-1.90609674616429	0.17563393535036	-3.74793711321821	1.32276889862052e-28	9.31409367410856e-27	protein_coding	chrX:153517676-153582939:+	660.458562135866	732.043610205836	202.695113052388	161.273372704929
ENSG00000162849	KIF26B	1156.55936718281	747.575476941964	1565.54325742366	1.05182387044474	0.0969499052360581	2.07314908886821	2.21888310653975e-28	1.54620512434472e-26	protein_coding	chr1:245154985-245709432:+	726.288582218036	768.862371665892	1592.99932030718	1538.08719454015
ENSG00000038427	VCAN	375.347483721903	157.283334073533	593.411633370273	1.88557286534045	0.17571392368133	3.69499616071559	5.10553243551578e-28	3.53939720233257e-26	protein_coding	chr5:83471618-83582303:+	161.877098562712	152.689569584353	620.984119078679	565.839147661866
ENSG00000106348	IMPDH1	1145.04542488927	731.910599001403	1558.18025077714	1.07447846731345	0.100629303347978	2.10596063181255	1.36260197920374e-27	9.25537071631875e-26	protein_coding	chr7:128392277-128410252:-	704.704969076341	759.116228926466	1513.76395793215	1602.59654362213
ENSG00000160271	RALGDS	2049.66499026508	2746.18549580815	1353.14448472202	-1.00648462851993	0.0949617544627304	-2.00900983749984	3.39908589634386e-27	2.2630844663331e-25	protein_coding	chr9:133097720-133149334:-	2545.78717006292	2946.58382155337	1415.18042567485	1291.10854376918
ENSG00000015592	STMN4	407.047759652799	627.04014658542	187.055372720178	-1.71700591123743	0.162707591558904	-3.28753421935498	3.52964610106873e-27	2.33843401050608e-25	protein_coding	chr8:27235323-27258420:-	605.420348624544	648.659944546295	181.504260324184	192.606485116173
ENSG00000245532	NEAT1	1496.74614579955	2069.26655917131	924.22573242779	-1.14534607026568	0.108311126719203	-2.21199185036549	3.73568699999597e-27	2.46280659132087e-25	lncRNA	chr11:65422774-65445540:+	1978.13814443634	2160.39497390628	843.948743436306	1004.50272141927
ENSG00000110881	ASIC1	339.183598338547	543.835237329421	134.531959347673	-1.98125898231843	0.189262516244233	-3.94837490401575	7.83245416610774e-27	5.08882493140014e-25	protein_coding	chr12:50057548-50083611:+	501.819005544408	585.851469114433	134.515847752948	134.548070942398
ENSG00000168348	INSM2	632.549280994423	907.575383116911	357.523178871935	-1.32271223180081	0.126322717147263	-2.50135917506433	9.84523724766693e-27	6.36579787230157e-25	protein_coding	chr14:35534164-35537054:+	882.769777495324	932.380988738498	358.40181353354	356.644544210329
ENSG00000124942	AHNAK	423.062654224521	705.604740205483	140.52056824356	-2.2879671351974	0.219345213191442	-4.88367479858804	1.06376760761147e-26	6.84526820802233e-25	protein_coding	chr11:62433542-62556235:-	574.124109569086	837.08537084188	147.414627674464	133.626508812656
ENSG00000104722	NEFM	1478.45929493268	921.439009576563	2035.47958028879	1.12585439791772	0.107862872950911	2.18230749650769	1.63569209804365e-26	1.02796369283126e-24	protein_coding	chr8:24913758-24919098:+	1006.87555306007	836.002466093055	2096.97307866925	1973.98608190833
ENSG00000156453	PCDH1	189.794895582195	330.752515957467	48.8372752069237	-2.71119394723833	0.261243507952006	-6.54863375246223	1.98140163727321e-26	1.23943584277616e-24	protein_coding	chr5:141853111-141879246:-	357.208797495052	304.296234419881	46.06707114827	51.6074792655774
ENSG00000119139	TJP2	307.107237612199	118.933317783749	495.281157440649	2.02210620534438	0.198731829593894	4.06176340298275	1.74096177270546e-25	1.04996389601416e-23	protein_coding	chr9:69121264-69274615:+	107.918065708475	129.948569859024	488.310954171662	502.251360709637
ENSG00000125968	ID1	1241.04396394481	783.843475798257	1698.24445209137	1.09848709564743	0.107799767216319	2.14130023982446	2.36148586434393e-25	1.41784032989114e-23	protein_coding	chr20:31605283-31606515:+	731.68448550346	836.002466093055	1624.324928688	1772.16397549474
ENSG00000266074	BAHCC1	950.014483650442	611.840377138592	1288.18859016229	1.05712534184865	0.104963633794312	2.08078130419703	8.09796025855493e-25	4.73519423988284e-23	protein_coding	chr17:81395475-81466332:+	628.083142423324	595.59761185386	1296.32738211232	1280.04979821227
ENSG00000121753	ADGRB2	704.068674593345	1016.05724575024	392.080103436449	-1.34985200226009	0.13521846656499	-2.54885976844515	1.47729078212941e-24	8.52707456174182e-23	protein_coding	chr1:31727117-31764893:-	1085.65574102726	946.458750473225	372.221934878021	411.938271994877
ENSG00000100359	SGSM3	525.203061265355	773.972575985525	276.433546545184	-1.45896590274604	0.146422753989638	-2.74911241671127	1.67621329653423e-24	9.59293303195268e-23	protein_coding	chr22:40370591-40410289:+	803.989589528138	743.955562442913	292.986572502997	259.880520587372
ENSG00000099889	ARVCF	585.990361319239	841.641088466009	330.339634172469	-1.32573718298717	0.133058733776445	-2.50660936807344	1.83267655690245e-24	1.04439267007547e-22	protein_coding	chr22:19969896-20016823:-	811.543854127731	871.738322804286	337.210960805336	323.468307539601
ENSG00000198873	GRK5	278.440333410184	451.373500424041	105.507166396327	-2.05770977579158	0.2072227879868	-4.16324879367486	1.97339914175279e-24	1.11513634695098e-22	protein_coding	chr10:119207571-119459745:+	428.434720862645	474.312279985438	97.6621908343323	113.352141958322
ENSG00000166073	GPR176	809.506807493509	1108.06877052885	510.944844458169	-1.09829329619622	0.110311024557035	-2.14101261497778	2.40633760947599e-24	1.35256716519766e-22	protein_coding	chr15:39799008-39920266:-	1106.16017351187	1109.97736754583	512.265831168762	509.623857747577
ENSG00000122641	INHBA	110.63868814414	10.2652505633967	211.012125724884	4.27722270015216	0.431425210704157	19.3897554157512	5.22173712799868e-24	2.90194804274604e-22	protein_coding	chr7:41667168-41705834:-	12.950167885017	7.5803332417764	213.751210127973	208.273041321794
ENSG00000254122	PCDHGB7	668.993717686296	951.896271892195	386.091163480397	-1.27879681895009	0.1299889252728	-2.42636538078923	6.63989242245901e-24	3.67489354689923e-22	protein_coding	chr5:141417645-141512975:+	928.095365092884	975.697178691506	362.087179225402	410.095147735392
ENSG00000101445	PPP1R16B	402.350842090227	613.961497535357	190.740186645097	-1.65498594052738	0.168689591568867	-3.14920121626766	7.07309864862406e-24	3.89861080841578e-22	protein_coding	chr20:38805697-38923024:+	653.983478193358	573.939516877356	193.481698822734	187.99867446746
ENSG00000185088	RPS27L	648.210850940746	367.601070151447	928.820631730044	1.31329100353901	0.135293461503929	2.48507777378792	2.44428848935982e-23	1.32553370537904e-21	protein_coding	chr15:63125872-63158021:-	339.941906981696	395.260233321198	951.745689923257	905.895573536832
ENSG00000185630	PBX1	631.442008535993	349.733141795831	913.150875276155	1.35953225007645	0.140292203373599	2.56601970651268	2.78857854419409e-23	1.50616838718338e-21	protein_coding	chr1:164555584-164899296:+	339.941906981696	359.524376609967	978.464591189254	847.837159363057
ENSG00000136574	GATA4	497.959469834112	722.707770682259	273.211168985965	-1.37709369173656	0.142989250260411	-2.5974458837366	4.77862330675054e-23	2.54022548824064e-21	protein_coding	chr8:11676959-11760002:+	703.625788419256	741.789752945262	267.189012659966	279.233325311963
ENSG00000168763	CNNM3	495.575590813048	725.31262003146	265.838561594636	-1.42075749610786	0.147562847601987	-2.67726045304244	4.76686247059705e-23	2.54022548824064e-21	protein_coding	chr2:96816245-96835382:+	762.980724558917	687.644515504002	268.110354082931	263.566769106342
ENSG00000180628	PCGF5	352.98587828669	128.686908706657	577.284847866722	2.12280196563878	0.221469874326123	4.35539016914557	5.91339131977364e-23	3.10660936951702e-21	protein_coding	chr10:91163012-91284337:+	103.601343080136	153.772474333178	616.377411963852	538.192283769593
ENSG00000072195	SPEG	693.042415262978	965.905137929724	420.179692596231	-1.17900629938594	0.122866019913661	-2.26420769063986	7.75061995874377e-23	4.04023596221492e-21	protein_coding	chr2:219434843-219493629:+	968.02504940502	963.785226454428	439.479858754495	400.879526437967
ENSG00000155254	MARVELD1	512.237464320021	738.365200439339	286.109728200703	-1.34198293266668	0.140174407112492	-2.53499505445895	8.50492506014427e-23	4.41632189706101e-21	protein_coding	chr10:97713173-97718150:+	729.52612418929	747.204276689388	294.829255348928	277.390201052478
ENSG00000112936	C7	250.391867208068	93.4999525533191	407.283781862817	2.08059016216113	0.218080627321832	4.22980209030945	9.59751550039157e-23	4.96449946018332e-21	protein_coding	chr5:40909497-40984643:+	99.2846204517969	87.7152846548412	389.727421914364	424.840141811271
ENSG00000163497	FEV	787.300507418801	1078.40061268837	496.200402149233	-1.09933603779857	0.116290091474576	-2.14256064131737	3.30941759027746e-22	1.68592262013794e-20	protein_coding	chr2:218981087-218985184:-	1041.40933408678	1115.39189128996	507.659124053935	484.74168024453
ENSG00000198963	RORB	585.575546668352	334.008678387423	837.142414949281	1.30007717947813	0.138552839397559	2.46242055463273	5.57215267153632e-22	2.80673712657273e-20	protein_coding	chr9:74497335-74693177:+	352.892074866713	315.125281908133	808.016427940655	866.268401957906
ENSG00000054356	PTPRN	1055.89141580779	1418.39505992825	693.387771687317	-1.01373414880595	0.108145858547826	-2.01913048764675	7.75887487184446e-22	3.89362343848642e-20	protein_coding	chr2:219289623-219309648:-	1377.03451844014	1459.75560141637	732.466431257492	654.309112117142
ENSG00000092096	SLC22A17	1244.47306231221	1669.76821212215	819.177912502283	-1.00842661271317	0.108405442031076	-2.01171594811946	1.52389648666119e-21	7.56268776719791e-20	protein_coding	chr14:23346306-23352912:-	1610.13754037045	1729.39888387385	758.263991100524	880.091833904043
ENSG00000091428	RAPGEF4	236.011785893223	398.309305685736	73.7142661007091	-2.37909547833419	0.261614987321403	-5.20210485290058	5.65595401526577e-21	2.75604802722135e-19	protein_coding	chr2:172735274-173052893:+	429.51390151973	367.104709851743	89.3701180276437	58.0584141737746
ENSG00000117971	CHRNB4	357.468240363943	536.174836115225	178.761644612662	-1.55089433248599	0.170260369212358	-2.92998713990687	6.0975124765328e-21	2.96048538977941e-19	protein_coding	chr15:78624111-78727754:-	548.223773799052	524.125898431397	178.740236055287	178.783053170036
ENSG00000148700	ADD3	627.508424894589	949.08845954314	305.928390246038	-1.59820338541858	0.175628588691608	-3.02766038339373	6.32112806390418e-21	3.05801623494415e-19	protein_coding	chr10:109996368-110135565:+	986.37112057546	911.805798510819	252.447549892519	359.409230599557
ENSG00000112769	LAMA4	307.599767463211	131.902106127469	483.297428798953	1.8331080175424	0.201640419571015	3.56303836444435	6.77960290332202e-21	3.26806019522501e-19	protein_coding	chr6:112107931-112254939:-	123.026594907661	140.777617347276	516.872538283589	449.722319314317
ENSG00000054793	ATP9A	746.914505666243	1036.79257192276	457.036439409726	-1.15754939487546	0.128480951784881	-2.23078178310176	1.95051460662393e-20	9.36873962303043e-19	protein_coding	chr20:51596514-51768390:-	992.846204517969	1080.73893932755	487.389612748696	426.683266070756
ENSG00000168209	DDIT4	1113.26607577735	731.945977872938	1494.58617368176	1.0100114585612	0.112810000647767	2.01392709560423	3.977467747757e-20	1.89691360778666e-18	protein_coding	chr10:72273924-72276036:+	684.200536591731	779.691419154144	1566.28041904118	1422.89192832235
ENSG00000173821	RNF213	934.032373750874	1304.60068309984	563.46406440191	-1.18558958142509	0.133440737285551	-2.27456329484358	5.84586792291026e-20	2.75863430509544e-18	protein_coding	chr17:80260866-80398786:+	1428.83518998021	1180.36617621947	594.265217812683	532.662910991138
ENSG00000174521	TTC9B	725.319813951637	982.081675510774	468.5579523925	-1.04590486329041	0.117545134401367	-2.06466091501047	6.05160442836337e-20	2.84573524325381e-18	protein_coding	chr19:40216058-40218399:-	1006.87555306007	957.287797961477	470.805467135319	466.310437649681
ENSG00000117600	PLPPR4	260.399779806876	413.449489664717	107.350069949035	-1.90024532882509	0.215027637405643	-3.73276666535752	6.37805075579461e-20	2.98879458587741e-18	protein_coding	chr1:99263953-99309590:+	441.384888747662	385.514090581771	99.5048736802631	115.195266217807
ENSG00000133019	CHRM3	366.303000134117	187.565564077364	545.04043619087	1.50479934590486	0.1705009859389	2.83785198849354	8.43740754365997e-20	3.88611965940695e-18	protein_coding	chr1:239386565-239915452:+	184.539892361492	190.591235793235	530.69265962807	559.388212753669
ENSG00000143995	MEIS1	741.061479277556	464.833465903677	1017.28949265143	1.10661708831455	0.125040732339925	2.15340113338899	8.93278795221745e-20	4.1002411320605e-18	protein_coding	chr2:66433452-66573869:+	472.68112780312	456.985804004235	960.959104152911	1073.61988114996
ENSG00000082684	SEMA5B	276.448724858116	118.894214820475	434.003234895757	1.82504198399299	0.207446187981543	3.54317318509802	9.69438814635168e-20	4.42557796491645e-18	protein_coding	chr3:122909082-123028605:-	130.580859507255	107.207570133695	438.55851733153	429.447952459983
ENSG00000165655	ZNF503	945.584760682514	620.03292049785	1271.13660086718	1.01504590812508	0.114658989831847	2.02096720132441	9.7073797282352e-20	4.42557796491645e-18	protein_coding	chr10:75397830-75401764:-	587.074277454103	652.991563541596	1322.12494195535	1220.14825977901
ENSG00000156639	ZFAND3	735.235754882786	991.318020655582	479.153489109991	-1.02733860603004	0.116317227210333	-2.03826072466628	1.11532985315026e-19	5.06759161993847e-18	protein_coding	chr6:37819727-38154624:+	988.52948188963	994.106559421534	491.074978440558	467.231999779424
ENSG00000123610	TNFAIP6	151.859085356487	44.3283369587646	259.38983375421	2.48811792591654	0.284038106614382	5.61045558255944	1.3168729817424e-19	5.9232858633624e-18	protein_coding	chr2:151357592-151380046:+	41.0088649692205	47.6478089483088	249.683525623623	269.096141884796
ENSG00000163513	TGFBR2	89.6006026485047	9.19351808979285	170.007687207217	4.1076925498282	0.465991357557899	17.2400559315634	1.51725007965582e-19	6.80183210709706e-18	protein_coding	chr3:30606601-30694142:+	6.47508394250849	11.9119522370772	171.369504671564	168.645869742869
ENSG00000184564	SLITRK6	350.272818173193	145.363933652975	555.181702693412	1.88802768948118	0.216169568176447	3.70128874988204	1.63370172320105e-19	7.29955298183751e-18	protein_coding	chr13:85792790-85806683:-	166.193821191051	124.534046114898	496.60302697835	613.760378408474
ENSG00000261762	AC027228.2	160.904617296538	269.747154052384	52.0620805406911	-2.314986171478	0.267070268871337	-4.9759989170153	2.7526509527627e-19	1.20196112544499e-17	lncRNA	chr15:78589123-78591276:-	253.607454414916	285.886853689853	51.5951196860624	52.5290413953198
ENSG00000168546	GFRA2	108.761358386621	194.02575165291	23.4969651203309	-2.96969742266994	0.342475874532041	-7.83371923757482	2.87129853532223e-19	1.24971177998539e-17	protein_coding	chr8:21690398-21812357:-	206.123505503187	181.927997802634	23.9548769971004	23.0390532435613
ENSG00000187714	SLC18A3	686.80854637968	949.752806944987	423.864285814373	-1.13813383970096	0.132034118484618	-2.20096139379551	6.41301461429122e-19	2.76437928037188e-17	protein_coding	chr10:49610310-49612720:+	915.145197207867	984.360416682107	453.299980098976	394.42859152977
ENSG00000049540	ELN	639.647283350194	1006.09178457195	273.202782128437	-1.825417234419	0.213932843764821	-3.54409489768349	6.4637385734335e-19	2.77734249438042e-17	protein_coding	chr7:74027789-74069907:+	898.957487351596	1113.22608179231	337.210960805336	209.194603451537
ENSG00000126522	ASL	266.166867596728	419.457603067622	112.876132125834	-1.84704504759776	0.216172368242608	-3.59762558131228	8.45437129742146e-19	3.59819112591839e-17	protein_coding	chr7:66075800-66094697:+	411.167830349289	427.747375785954	127.145116369225	98.6071478824425
ENSG00000149809	TM7SF2	489.410881971195	688.103231912479	290.718532029912	-1.21449539832648	0.142195501472249	-2.32059602765073	1.1953999061476e-18	5.07158780371578e-17	protein_coding	chr11:65111845-65116408:+	675.567091335053	700.639372489905	286.537182542239	294.899881517585
ENSG00000102996	MMP15	140.751816707821	240.499415604753	41.0042178108899	-2.48593558341796	0.294419921075261	-5.6019751488094	1.91122654344995e-18	7.98263533629143e-17	protein_coding	chr16:58025754-58046901:+	259.00335770034	221.995473509166	44.2243883023392	37.7840473194406
ENSG00000188848	BEND4	351.587814869837	184.860164251171	518.315465488504	1.45129037713207	0.172801484846669	2.73452523757766	3.5805485607819e-18	1.47262377963168e-16	protein_coding	chr4:42110853-42152878:-	183.460711704407	186.259616797934	527.928635359174	508.702295617834
ENSG00000215788	TNFRSF25	252.870635527646	389.177235109661	116.564035945632	-1.69460016102816	0.203734803238925	-3.23687165176878	6.1753836170249e-18	2.4940761040651e-16	protein_coding	chr1:6460786-6466195:-	387.425855893425	390.928614325897	113.324995024744	119.803076866519
ENSG00000132359	RAP1GAP2	579.660588951096	852.471998000131	306.849179902061	-1.43696650697972	0.173272534307463	-2.70750970093317	8.31407840791081e-18	3.33779225396993e-16	protein_coding	chr17:2755705-3037741:+	810.464673470646	894.479322529616	258.896939853277	354.801419950844
ENSG00000120885	CLU	352.720685568565	540.504593064655	164.936778072474	-1.66792056053031	0.201608819912249	-3.17756262865946	8.85856033629349e-18	3.5457969631789e-16	protein_coding	chr8:27596917-27614700:-	549.302954456137	531.706231673173	190.717674553838	139.15588159111
ENSG00000115596	WNT6	105.798921833777	188.101430314166	23.4964133533882	-2.91739372606608	0.356645858928431	-7.5548008534388	1.82412979295794e-17	7.21550634867391e-16	protein_coding	chr2:218859805-218874233:+	187.777434332746	188.425426295585	28.5615841119274	18.4312425948491
ENSG00000041982	TNC	1466.1840517494	86.9634210970931	2845.40468240172	4.89210170464229	0.602093534838236	29.6940444931519	2.18257803720035e-17	8.58289240418347e-16	protein_coding	chr9:115019575-115118257:-	121.947414250577	51.9794279436096	3165.72912930911	2525.08023549432
ENSG00000240583	AQP1	341.340511134133	539.85886612151	142.822156146757	-1.86499590907005	0.232069996126987	-3.64266900514071	5.82839799950335e-17	2.2460207649089e-15	protein_coding	chr7:30911694-30925517:+	609.737071252883	469.980660990137	166.762797556737	118.881514736776
ENSG00000168453	HR	798.454869306028	1126.50049580932	470.409242802736	-1.22726317272065	0.152512932088605	-2.34122432412078	7.34462595183709e-17	2.79033543576997e-15	protein_coding	chr8:22114419-22133384:-	1093.21000562685	1159.79098599179	402.626201835879	538.192283769593
ENSG00000075223	SEMA3C	538.609725079785	340.519141201466	736.700308958104	1.08583123188431	0.13513615746717	2.12259809942259	9.72646637147822e-17	3.65394542541929e-15	protein_coding	chr7:80742538-80922359:-	345.33781026712	335.700472135812	739.837162641216	733.563455274993
ENSG00000214140	PRCD	335.619392896941	489.712344438604	181.526441355278	-1.39324278053831	0.174487564473696	-2.62668423903075	1.1037250025975e-16	4.13481826181999e-15	protein_coding	chr17:76527586-76553578:+	488.868837659391	490.555851217816	177.818894632322	185.233988078233
ENSG00000167037	SGSM1	124.750233618978	210.79960298448	38.7008642534764	-2.3744688354018	0.298765192737454	-5.18544871326585	1.19217056003994e-16	4.4414132581654e-15	protein_coding	chr22:24806169-24927578:+	212.598589445695	209.000616523264	39.6176811875122	37.7840473194406
ENSG00000141753	IGFBP4	661.240299906076	410.234292243905	912.246307568246	1.1237806977209	0.140903247058817	2.17917294587908	1.50260253219018e-16	5.56708029075087e-15	protein_coding	chr17:40443450-40457725:+	421.959636920137	398.508947567674	836.578012052582	987.91460308391
ENSG00000126217	MCF2L	411.39297190682	586.434942596215	236.351001217426	-1.27605713223366	0.160633518374853	-2.42176207031498	1.65490747160754e-16	6.09776728373968e-15	protein_coding	chr13:112894378-113099742:+	603.261987310375	569.607897882055	247.840842777692	224.861159657159
ENSG00000069020	MAST4	224.965434801318	76.752169863933	373.178699738704	2.2151207996225	0.282656856995767	4.64320442566956	2.85268149887454e-16	1.03691117509091e-14	protein_coding	chr5:66596361-67169595:+	77.7010073101019	75.803332417764	450.53595583008	295.821443647327
ENSG00000181790	ADGRB1	697.183276940057	960.365857112293	434.000696767821	-1.11584287929197	0.141706429456755	-2.16721589417386	3.31348997417298e-16	1.20116244373726e-14	protein_coding	chr8:142449430-142545009:+	1040.3301534297	880.401560794888	459.749370059734	408.252023475907
ENSG00000053108	FSTL4	110.966458428419	30.2710577286095	191.661859128228	2.58383542721295	0.330173546958846	5.99531446352704	3.45914048110497e-16	1.25059086909626e-14	protein_coding	chr5:133196455-133612541:-	29.1378777412882	31.4042377159308	192.560357399768	190.763360856688
ENSG00000250510	GPR162	314.805838297966	475.727684997387	153.883991598545	-1.5815064624901	0.202632801878047	-2.99282197160378	4.1886008262399e-16	1.50621637732889e-14	protein_coding	chr12:6821624-6829972:+	434.909804805154	516.545565189621	140.965237713706	166.802745483384
ENSG00000082701	GSK3B	658.624462356646	972.164627525109	345.084297188182	-1.45180719119056	0.186194794925254	-2.7355049971302	4.67279722966334e-16	1.6713949452591e-14	protein_coding	chr3:119821321-120094447:-	792.118602300206	1152.21065275001	339.974985074232	350.193609302132
ENSG00000176697	BDNF	118.346582621634	202.138227039748	34.5549382035206	-2.4710109316846	0.318003177974513	-5.54432155324369	4.83497959603558e-16	1.72481805270776e-14	protein_coding	chr11:27654893-27722058:-	211.519408788611	192.757045290886	30.4042669578582	38.705609449183
ENSG00000101665	SMAD7	273.695158047034	134.577713219738	412.81260287433	1.57055451393357	0.202860274557465	2.97018854287373	7.24678974115425e-16	2.5447017031014e-14	protein_coding	chr18:48919853-48952052:-	141.372666078102	127.782760361374	394.334129029191	431.291076719468
ENSG00000175097	RAG2	87.8566931804358	16.7626790563479	158.950707304524	3.14619255668107	0.407429380580414	8.85316037826859	8.69627814558734e-16	3.04573554114594e-14	protein_coding	chr11:36575574-36598279:-	12.950167885017	20.5751902276788	156.628041904118	161.273372704929
ENSG00000104327	CALB1	231.161245457253	104.338310270922	357.984180643583	1.72650995194076	0.223964223627385	3.30926299804698	8.8851229782123e-16	3.10379269958383e-14	protein_coding	chr8:90058608-90095475:-	93.8887171663731	114.787903375471	356.559130687609	359.409230599557
ENSG00000105696	TMEM59L	575.052140557312	783.828579431295	366.275701683329	-1.0679171720407	0.138574390114859	-2.09640458886883	1.31198090448668e-15	4.54763690320654e-14	protein_coding	chr19:18607430-18621039:+	740.317930760138	827.339228102453	377.749983415814	354.801419950844
ENSG00000113163	CERT1	382.025591491314	585.751974735665	178.299208246963	-1.66410596457721	0.218686750236335	-3.16917200781833	1.85688242801674e-15	6.4033876344608e-14	protein_coding	chr5:75356345-75512138:-	685.279717248815	486.224232222515	192.560357399768	164.038059094157
ENSG00000149527	PLCH2	301.434777866838	454.052831608051	148.816724125624	-1.56082605964324	0.20500864930478	-2.95022719483997	1.87655901985575e-15	6.43822506582653e-14	protein_coding	chr1:2425980-2505532:+	444.622430718916	463.483232497186	129.909140638121	167.724307613126
ENSG00000115556	PLCD4	216.730928120875	336.248969719883	97.2128865218679	-1.73514614874079	0.229324455244159	-3.32913217146804	2.57212000788934e-15	8.735465148006e-14	protein_coding	chr2:218607855-218637184:+	309.724848583323	362.773090856442	99.5048736802631	94.9208993634727
ENSG00000124191	TOX2	317.05077128468	156.790294891746	477.311247677614	1.55783318380575	0.206514862062115	2.94411328220942	3.35213699746416e-15	1.1355891808286e-13	protein_coding	chr20:43914852-44069616:+	133.818401478509	179.762188304983	483.704247056835	470.918248298394
ENSG00000244398	AC116533.1	579.110841125558	380.51958325667	777.702098994446	1.00329534639796	0.132754075391409	2.00457354149134	4.66635612638215e-15	1.56503300607764e-13	processed_pseudogene	chr11:16974693-16975013:-	384.188313922171	376.85085259117	804.331062248794	751.073135740099
ENSG00000079308	TNS1	166.199774194237	266.976582620734	65.4229657677402	-1.96393565629186	0.26267791123111	-3.90124784790331	4.82501876099148e-15	1.61021531802914e-13	protein_coding	chr2:217799588-218033982:-	290.299596755797	243.65356848567	66.3365824535087	64.5093490819717
ENSG00000172638	EFEMP2	192.354858320129	302.699405010874	82.0103116293847	-1.82413588545875	0.244116167233332	-3.5409485596795	5.12081701830593e-15	1.7046997049306e-13	protein_coding	chr11:65866441-65873592:-	297.853861355391	307.544948666357	72.7859724142665	91.2346508445029
ENSG00000169432	SCN9A	242.220514493959	85.9233434032831	398.517685584634	2.14218178648001	0.288006517501376	4.41429114693769	6.2094155056904e-15	2.05185329572556e-13	protein_coding	chr2:166195185-166376001:-	97.1262591376274	74.7204276689388	483.704247056835	313.331124112434
ENSG00000151552	QDPR	633.131294363146	913.80281495868	352.459773767612	-1.33277515320401	0.178457088640177	-2.51886735898087	6.42992458196313e-15	2.11719656789083e-13	protein_coding	chr4:17460261-17512206:-	1039.25097277261	788.354657144746	315.098766654167	389.820780881058
ENSG00000169231	THBS3	617.575504845028	833.400131914125	401.75087777593	-1.02314234928978	0.136291815020992	-2.03234080514764	6.43864522468101e-15	2.11719656789083e-13	protein_coding	chr1:155195588-155209051:-	880.611416181155	786.188847647095	419.210347449257	384.291408102603
ENSG00000198626	RYR2	221.962641157247	95.1578265022209	348.767455812273	1.81398990612096	0.24577716481546	3.51613364277806	1.05764206920445e-14	3.41108589657809e-13	protein_coding	chr1:237042184-237833988:+	79.8593686242714	110.45628438017	365.772544917263	331.762366707283
ENSG00000148400	NOTCH1	67.0557257665418	6.48811826360007	127.623333269484	4.15519844287139	0.556923284882722	17.8171964805728	1.06602373414975e-14	3.4298931101866e-13	protein_coding	chr9:136494433-136546048:-	5.39590328542374	7.5803332417764	108.718287909917	146.52837862905
ENSG00000181072	CHRM2	733.973884453792	992.015884883093	475.931884024491	-1.0287947126697	0.139747247239032	-2.04031897201039	1.92904512855164e-14	6.07581450442413e-13	protein_coding	chr7:136868669-137020255:+	897.878306694511	1086.15346307168	458.828028636769	493.035739412213
ENSG00000179604	CDC42EP4	611.590994454386	832.942471603873	390.2395173049	-1.06160215622032	0.144547178812297	-2.08724818694969	2.11382233884715e-14	6.62675912241382e-13	protein_coding	chr17:73283624-73312005:-	832.048286612341	833.836656595404	351.031082149817	429.447952459983
ENSG00000240053	LY6G5B	247.531698657552	369.746397144525	125.31700017058	-1.50974024776703	0.208372919677422	-2.84758764676784	3.13046326705449e-14	9.70082960336771e-13	protein_coding	chr6:31670167-31673776:+	351.812894209628	387.679900079422	128.987799215156	121.646201126004
ENSG00000165699	TSC1	583.326529782204	800.375261166697	366.277798397711	-1.0935345702127	0.150421354035779	-2.13396212462783	3.53988889708954e-14	1.08942713448415e-12	protein_coding	chr9:132891348-132946874:-	878.453054866985	722.297467466409	360.244496379471	372.311100415951
ENSG00000118515	SGK1	302.580034894259	108.03909869004	497.120971098478	2.12658664087482	0.296062969473068	4.36683082497815	4.09882590609127e-14	1.25000248551069e-12	protein_coding	chr6:134169246-134318112:-	145.689388706441	70.388808673638	515.951196860624	478.290745336333
ENSG00000140323	DISP2	496.428254941029	670.81027275694	322.046237125118	-1.02680772173711	0.142007933268479	-2.03751082153024	5.13695519270579e-14	1.5523108909799e-12	protein_coding	chr15:40358219-40378621:+	656.141839507527	685.478706006352	331.682912267544	312.409561982692
ENSG00000124762	CDKN1A	489.358001917406	306.980748767679	671.735255067133	1.09524345850061	0.152015086419264	2.13649132408525	5.88054663811468e-14	1.76929466970927e-12	protein_coding	chr6:36676460-36687337:+	326.991739096679	286.969758438678	697.455457184807	646.01505294946
ENSG00000049860	HEXB	583.218544582168	367.072652098126	799.364437066209	1.08867247474509	0.151105699267521	2.12678246200041	5.90212077173307e-14	1.77182192542496e-12	protein_coding	chr5:74640023-74722647:+	332.387642382103	401.757661814149	757.342649677558	841.38622445486
ENSG00000156650	KAT6B	431.591248103749	642.038815078263	221.143681129236	-1.48586212782856	0.208262143864792	-2.80084496425527	6.97085031085458e-14	2.08335479623741e-12	protein_coding	chr10:74824927-75032624:+	699.309065790917	584.768564365608	260.739622699208	181.547739559263
ENSG00000088881	EBF4	541.323733697599	752.3033087338	330.344158661398	-1.14942547702847	0.161317548090596	-2.21825539464136	9.61077371511112e-14	2.8533177857512e-12	protein_coding	chr20:2692874-2760108:+	810.464673470646	694.141943996954	299.435962463755	361.252354859042
ENSG00000079689	SCGN	59.9119709410773	6.48625621772985	113.337685664425	3.97882519671895	0.555733668088032	15.766878890847	9.77251098889564e-14	2.89494494030083e-12	protein_coding	chr6:25652201-25701783:+	6.47508394250849	6.4974284929512	120.695726408467	105.979644920382
ENSG00000166803	PCLAF	453.444230056246	272.471174337279	634.417285775213	1.18031195408316	0.166405996619624	2.26625775074014	1.21443257608332e-13	3.57393954392659e-12	protein_coding	chr15:64364304-64387687:-	243.894828501153	301.047520173406	653.231068882468	615.603502667959
ENSG00000116717	GADD45A	494.128340902078	321.586928555727	666.669753248429	1.01949884563323	0.14349529141529	2.02721463613287	1.33189453323293e-13	3.90253803430277e-12	protein_coding	chr1:67685201-67688334:+	334.546003696272	308.627853415182	671.657897341776	661.681609155081
ENSG00000011347	SYT7	340.164938699538	498.805312051404	181.524565347673	-1.40846641720142	0.200065790250683	-2.65454834672916	1.45287751583784e-13	4.23855742093344e-12	protein_coding	chr11:61513714-61581148:-	553.619677084476	443.990947018332	193.481698822734	169.567431872611
ENSG00000112902	SEMA5A	436.73505857625	601.640298180653	271.829818971848	-1.10929699742327	0.156898865353218	-2.15740494737339	1.4906811995374e-13	4.33943105034165e-12	protein_coding	chr5:9035033-9546075:-	577.361651540341	625.918944820966	258.896939853277	284.762698090418
ENSG00000095739	BAMBI	177.798749297822	80.5441985306914	275.053300064953	1.70880639601362	0.245837913288777	3.26890261067561	2.54073141215937e-13	7.28577756122203e-12	protein_coding	chr10:28677510-28682932:+	76.6218266530172	84.4665704083656	275.481085466654	274.625514663251
ENSG00000171914	TLN2	510.865806119447	688.624201782319	333.107410456575	-1.01437348374484	0.14491355790486	-2.02002547009694	2.76637274876458e-13	7.88240404621501e-12	protein_coding	chr15:62390526-62844631:+	687.438078562985	689.810325001653	311.413400962305	354.801419950844
ENSG00000144278	GALNT13	313.571044132262	150.750526709047	476.391561555477	1.6008772038985	0.231211989320896	3.03327690005736	3.09237079645172e-13	8.7372468154368e-12	protein_coding	chr2:153871922-154453979:+	182.381531047323	119.119522370772	468.041442866423	484.74168024453
ENSG00000021762	OSBPL5	167.082963971658	269.201977586231	64.9639503570854	-1.97438417809798	0.286680492391037	-3.92960466388842	3.48238543892577e-13	9.75720870169015e-12	protein_coding	chr11:3087107-3166739:-	255.765815729085	282.638139443377	51.5951196860624	78.3327810281085
ENSG00000149231	CCDC82	413.484998578758	567.580935877026	259.38906128049	-1.09239791486194	0.15709111235092	-2.13228150320094	3.49082055339954e-13	9.76050844546163e-12	protein_coding	chr11:96352769-96389956:-	547.144593141968	588.017278612084	256.132915584381	262.645206976599
ENSG00000285437	POLR2J3	634.312555386987	360.085908515128	908.539202258845	1.28926486893378	0.187000642494782	2.44403487023159	4.51427751111132e-13	1.2466636190336e-11	protein_coding	chr7:102562133-102572583:-	302.17058398373	418.001233046527	1010.71154099304	806.366863524647
ENSG00000185133	INPP5J	139.594526785207	228.047873039133	51.1411805312798	-2.07466639322705	0.30371642403525	-4.21246994555974	5.10812244501279e-13	1.40202324006075e-11	protein_coding	chr22:31122731-31134697:+	257.924177043255	198.171569035012	46.06707114827	56.2152899142896
ENSG00000156687	UNC5D	111.33650976043	38.3816710695772	184.291348451282	2.17644135880947	0.322123106016923	4.52037154873254	9.19766433481005e-13	2.45435292934247e-11	protein_coding	chr8:35235475-35796550:+	35.6129616837967	41.1503804553576	175.976211786391	192.606485116173
ENSG00000170667	RASA4B	626.010736345961	843.358547882758	408.662924809164	-1.01019567647792	0.148316910082475	-2.01418427063504	1.04350667649412e-12	2.76807126078292e-11	protein_coding	chr7:102482445-102517781:-	757.584821273494	929.132274492022	416.44632318036	400.879526437967
ENSG00000162390	ACOT11	244.076199901581	357.306026854127	130.846372949035	-1.39587430312812	0.206522963632241	-2.63147976862588	1.06307200542192e-12	2.81442035451168e-11	protein_coding	chr1:54542257-54639192:+	344.258629610035	370.353424098219	128.987799215156	132.704946682913
ENSG00000182752	PAPPA	61.0307769367747	9.18420786044172	112.877346013108	3.47493172255521	0.514905191691695	11.1188195334937	1.28415452350269e-12	3.37316292706791e-11	protein_coding	chr9:116153791-116402321:+	11.8709872279322	6.4974284929512	117.010360716606	108.744331309609
ENSG00000116852	KIF21B	82.2626753889802	22.1604443876419	142.364906390319	2.5771565750621	0.385080351007321	5.96762373521699	1.47621766455712e-12	3.86257808767096e-11	protein_coding	chr1:200969390-201023700:-	22.6627937987797	21.658094976504	137.279872021844	147.449940758793
ENSG00000129990	SYT5	216.707748044417	350.946389755572	82.4691063332624	-2.0057087384404	0.301914952795325	-4.01585934079821	1.80339447165759e-12	4.67318925805838e-11	protein_coding	chr19:55171196-55180289:-	264.399260985763	437.493518525381	89.3701180276437	75.5680946388812
ENSG00000084764	MAPRE3	334.162630541372	466.988103126106	201.337157956639	-1.17005403642445	0.174521907090674	-2.2502012495264	1.82904189942424e-12	4.73053548179935e-11	protein_coding	chr2:26970637-27027219:+	479.156211745628	454.819994506584	201.773771629422	200.900544283855
ENSG00000140992	PDPK1	461.911745089384	627.574150776351	296.249339402418	-1.04504199023948	0.155868641499733	-2.06342641461314	2.06616970149794e-12	5.32335561598579e-11	protein_coding	chr16:2537979-2603188:+	609.737071252883	645.411230299819	274.559744043689	317.938934761146
ENSG00000164438	TLX3	446.865214290889	601.630987951302	292.099440630475	-1.00621392138118	0.150363759394183	-2.00863290248009	2.3715937265276e-12	6.0869397000133e-11	protein_coding	chr5:171309248-171312139:+	582.757554825764	620.50442107684	298.514621040789	285.684260220161
ENSG00000166147	FBN1	305.68464578217	493.418718995331	117.950572569009	-1.98072543487817	0.300380049038713	-3.94691495872967	2.47827593394404e-12	6.31256307492679e-11	protein_coding	chr15:48408313-48645721:-	537.431967228205	449.405470762458	78.3140209520589	157.58712418596
ENSG00000116329	OPRD1	155.008224814035	239.985893918394	70.0305557096754	-1.70657276352867	0.258013358550966	-3.26384549359494	2.48684028525259e-12	6.32240359099472e-11	protein_coding	chr1:28812142-28871267:+	242.815647844068	237.156139992719	68.1792652994395	71.8818461199114
ENSG00000185386	MAPK11	363.492922923341	508.142207673204	218.843638173478	-1.1709241816946	0.175962470563251	-2.25155884244162	2.56292140645623e-12	6.49128625149337e-11	protein_coding	chr22:50263713-50270767:-	476.997850431459	539.28656491495	228.492672895419	209.194603451537
ENSG00000172339	ALG14	179.57333178527	276.214789811412	82.9318737591272	-1.66734088644859	0.252766552078561	-3.17628614218875	2.84961911664682e-12	7.17687780894813e-11	protein_coding	chr1:94974405-95072951:-	270.874344928272	281.555234694552	72.7859724142665	93.0777751039878
ENSG00000115935	WIPF1	450.466539921386	609.752773567491	291.18030627528	-1.02865806247588	0.154512404150076	-2.04012572480898	2.91015934660451e-12	7.29045131727551e-11	protein_coding	chr2:174559572-174682916:-	582.757554825764	636.747992309218	278.245109735551	304.11550281501
ENSG00000198753	PLXNB3	249.26278608221	407.763510197361	90.7620619670593	-2.07753811415087	0.318518515707015	-4.22086332424531	3.94371818248729e-12	9.76778376358592e-11	protein_coding	chrX:153764196-153779346:+	284.903693470374	530.623326924348	98.5835322572977	82.9405916768208
ENSG00000121577	POPDC2	376.797037462098	217.315651936133	536.278422988062	1.2542249849049	0.191021975828674	2.38538971158265	4.43580940684377e-12	1.09663971898239e-10	protein_coding	chr3:119636457-119665324:-	201.806782874848	232.824520997418	590.579852120821	481.976993855303
ENSG00000004399	PLXND1	212.322534418724	326.508413118066	98.1366557193809	-1.66412712710545	0.254982900515574	-3.16921849594098	4.44518403522894e-12	1.09694091907879e-10	protein_coding	chr3:129555175-129606818:-	306.487306612069	346.529519624064	81.0780452209551	115.195266217807
ENSG00000027644	INSRR	86.7371317021378	148.134505084625	25.3397583196502	-2.4384182164486	0.377264835410521	-5.42047099844116	6.10595330458379e-12	1.47962100888914e-10	protein_coding	chr1:156840063-156859117:-	129.50167885017	166.767331319081	26.7189012659966	23.9606153733038
ENSG00000131370	SH3BP5	420.6627982755	271.866412403279	569.45918414772	1.02840273060986	0.157081453113977	2.03976469007866	6.34342314694311e-12	1.53164628192528e-10	protein_coding	chr3:15254353-15341368:-	280.586970842035	263.145853964524	552.80485377924	586.1135145162
ENSG00000184545	DUSP8	380.616833245225	518.891187189037	242.342479301414	-1.05799732473721	0.162019105444854	-2.08203933453321	6.67396237440778e-12	1.60856845830484e-10	protein_coding	chr11:1554051-1572271:-	523.402618686103	514.37975569197	236.784745702108	247.90021290072
ENSG00000248174	LINC02268	376.651697654103	531.234731094183	222.068664214022	-1.20974973767598	0.186593855790343	-2.31297510439889	7.74820501998266e-12	1.84761718641395e-10	lncRNA	chr4:174091766-174220398:-	587.074277454103	475.395184734263	232.178038587281	211.959289840764
ENSG00000246985	SOCS2-AS1	196.47876582999	93.4869182322275	299.470613427752	1.61090310355136	0.250451516411013	3.05442984283279	8.86655331547342e-12	2.11055354937703e-10	lncRNA	chr12:93542022-93571768:-	106.83888505139	80.1349514130648	309.570718116374	289.37050873913
ENSG00000163364	LINC01116	405.942136668576	555.721120924315	256.163152412837	-1.07534197450183	0.166039057378358	-2.10722150568053	9.3099761815702e-12	2.20828694296186e-10	lncRNA	chr2:176629572-176637931:-	516.927534743595	594.514707105035	259.818281276243	252.508023549432
ENSG00000132821	VSTM2L	322.101315642526	465.438227837678	178.764403447375	-1.32524557229537	0.20610082376747	-2.50575536497497	1.00217157483671e-11	2.3687531651984e-10	protein_coding	chr20:37903111-37945350:+	435.988985462238	494.887470213117	155.706700481152	201.822106413597
ENSG00000076706	MCAM	395.912244997279	548.559345029516	243.265144965041	-1.12824010993138	0.174782107590639	-2.18591925379749	1.01003555477892e-11	2.38315231161785e-10	protein_coding	chr11:119308529-119321521:-	588.153458111188	508.965231947844	227.571331472454	258.958958457629
ENSG00000135049	AGTPBP1	401.724684008347	554.656836634192	248.792531382503	-1.11237624948726	0.17261594976777	-2.16201457590057	1.10299279629567e-11	2.59338288765394e-10	protein_coding	chr9:85546539-85742029:-	506.135728172747	603.177945095637	244.155477085831	253.429585679175
ENSG00000111885	MAN1A1	92.9198840041561	154.049516194019	31.7902518142932	-2.17766638107094	0.341826413919609	-4.52421151997565	1.14997043950649e-11	2.69911909963747e-10	protein_coding	chr6:119177205-119349761:-	153.243653306034	154.855379082004	30.4042669578582	33.1762366707283
ENSG00000148187	MRRF	357.967202930074	218.353867584073	497.580538276076	1.14285964771295	0.177622513135771	2.20818286126588	1.17744577835965e-11	2.7539944822885e-10	protein_coding	chr9:122264603-122331337:+	227.707118644882	209.000616523264	526.085952513243	469.075124038909
ENSG00000103226	NOMO3	473.260211166976	647.968722554618	298.551699779334	-1.07550010085612	0.167153787010873	-2.10745248000717	1.2252315872489e-11	2.85583008958587e-10	protein_coding	chr16:16232528-16294811:+	714.417594990104	581.519850119133	287.458523965205	309.644875593464
ENSG00000147255	IGSF1	305.580644144539	441.15293896153	170.008349327548	-1.31986483244863	0.2067514259069	-2.496427194068	1.36233000245417e-11	3.14810587680519e-10	protein_coding	chrX:131273506-131578899:-	389.584217207594	492.721660715466	165.841456133772	174.175242521324
ENSG00000126500	AP006333.1	95.7683922275892	161.58888442665	29.947900028528	-2.32394533131145	0.36766699611903	-5.00699609867816	1.52814143212135e-11	3.50716281921503e-10	protein_coding	chr11:64103188-64119173:+	176.985627761899	146.192141091402	23.9548769971004	35.9409230599557
ENSG00000180884	ZNF792	140.474282563021	217.829173622492	63.1193915035497	-1.71033706457773	0.27019405852029	-3.27237268690244	1.62064945325919e-11	3.71313705227986e-10	protein_coding	chr19:34956354-34964229:-	217.994492731119	217.663854513865	63.5725581846125	62.6662248224868
ENSG00000143333	RGS16	228.060828637256	121.634993518202	334.48666375631	1.39960346300066	0.220745877154394	2.63829056528346	1.78685692354576e-11	4.08004053731188e-10	protein_coding	chr1:182598623-182604389:-	111.155607679729	132.114379356674	337.210960805336	331.762366707283
ENSG00000155970	MICU3	97.7289579088612	163.207655412278	32.2502604054448	-2.23492445626423	0.355321597184283	-4.70738045020039	1.88510350460247e-11	4.28980660463598e-10	protein_coding	chr8:17027238-17122642:+	180.223169733153	146.192141091402	36.853656918616	27.6468638922736
ENSG00000184486	POU3F2	324.247796144946	195.138449135659	453.357143154233	1.16796599781718	0.18453588499066	2.24694684823388	2.27188268917721e-11	5.14386368463709e-10	protein_coding	chr6:98834574-98839458:+	188.856614989831	201.420283281487	429.345103101876	477.369183206591
ENSG00000147852	VLDLR	377.60087089385	515.625714529729	239.57602725797	-1.06258271771592	0.168058499641282	-2.08866731631442	2.57804360424621e-11	5.80772335569637e-10	protein_coding	chr9:2621787-2660056:+	533.115244599866	498.136184459592	251.526208469554	227.625846046386
ENSG00000135298	ADGRB3	246.241370337444	358.870798509517	133.61194216537	-1.36546466836496	0.21745630222732	-2.57659300365441	2.60540699286888e-11	5.85955161322635e-10	protein_coding	chr6:68635282-69389506:+	378.792410636747	338.949186382288	121.617067831433	145.606816499308
ENSG00000179431	FJX1	274.347072690208	155.694355821829	392.999789558586	1.28108492665417	0.203944328322124	2.43021663836246	2.81270780821131e-11	6.31520990194223e-10	protein_coding	chr11:35618460-35620865:+	141.372666078102	170.016045565556	387.884739068433	398.11484004874
ENSG00000163625	WDFY3	422.720585268689	622.909628544103	222.531541993276	-1.42128814934281	0.227538453884093	-2.67824538623547	3.04002346276036e-11	6.79157401173822e-10	protein_coding	chr4:84669610-84966391:-	488.868837659391	756.950419428815	214.672551550938	230.390532435613
ENSG00000182118	FAM89A	54.3541135916848	9.19165604392262	99.516571139447	3.27968866770679	0.524586112083438	9.71146312400227	3.25895842613527e-11	7.24458378067657e-10	protein_coding	chr1:231018958-231040254:-	7.55426459959324	10.829047488252	101.347556526194	97.6855857527
ENSG00000156113	KCNMA1	417.498252353265	272.450691832707	562.545812873824	1.00581700056458	0.159936859373465	2.00808035428013	3.5258664957899e-11	7.81208871530122e-10	protein_coding	chr10:76869601-77638369:-	255.765815729085	289.135567936329	566.624975123721	558.466650623927
ENSG00000154917	RAB6B	336.143490786397	469.107361477001	203.179620095792	-1.15779121977273	0.185092532460378	-2.23115573863282	3.57630367315752e-11	7.91080725333806e-10	protein_coding	chr3:133824235-133895882:-	506.135728172747	432.078994781255	207.301820167215	199.05742002437
ENSG00000185909	KLHDC8B	379.792882445615	517.242623469486	242.343141421745	-1.05041476973702	0.16767157005746	-2.07112520329008	3.79457238348996e-11	8.37983645083028e-10	protein_coding	chr3:49171598-49176486:+	537.431967228205	497.053279710767	231.256697164315	253.429585679175
ENSG00000164176	EDIL3	125.382383210951	41.5968684903887	209.167897931513	2.22401311170758	0.360034510150962	4.67191203819924	3.91952213873728e-11	8.64158249899634e-10	protein_coding	chr5:83940554-84384880:-	55.0382135113222	28.1555234694552	222.964624357627	195.3711715054
ENSG00000113140	SPARC	473.453056997505	650.194117520116	296.711996474894	-1.08629278813915	0.173835449235819	-2.1232772832653	4.01010921884883e-11	8.82683451461504e-10	protein_coding	chr5:151661096-151686975:-	679.883813963392	620.50442107684	258.896939853277	334.527053096511
ENSG00000070182	SPTB	155.016169587764	240.000790285355	70.0315488901722	-1.69710088614352	0.275044526328745	-3.24248721532664	4.4486539480054e-11	9.77613512201382e-10	protein_coding	chr14:64746283-64879907:-	234.18220258739	245.81937798332	59.8871924927509	80.1759052875934
ENSG00000177706	FAM20C	347.076609472691	491.891188257345	202.262030688037	-1.22820329847759	0.197856009647962	-2.3427504696567	4.53369257722724e-11	9.91441162132181e-10	protein_coding	chr7:192571-260772:+	481.314573059798	502.467803454893	174.13352894046	230.390532435613
ENSG00000267303	AC011511.4	84.5438350124568	0	169.087670024914	10.0274162721994	2.85995191817578	1043.6456732281	4.55172690392834e-11	9.93769076800849e-10	protein_coding	chr19:10315471-10320678:-	0	0	158.470724750049	179.704615299778
ENSG00000101680	LAMA1	444.714236740204	278.968602830231	610.459870650177	1.08457186761295	0.174311241045487	2.1207460393861	4.88693502190192e-11	1.06522510712413e-09	protein_coding	chr18:6941742-7117797:-	243.894828501153	314.042377159308	626.512167616472	594.407573683882
ENSG00000143847	PPFIA4	291.625909358605	408.637865808721	174.613952908489	-1.17524344128662	0.189996952285292	-2.25830984611522	5.48935483416693e-11	1.19267097196625e-09	protein_coding	chr1:203026498-203078740:+	405.771927063866	411.503804553576	184.26828459308	164.959621223899
ENSG00000138696	BMPR1B	341.336431266926	485.946384414028	196.726478119825	-1.24895021091074	0.202340591518104	-2.37668418655401	5.556020694689e-11	1.20520842456246e-09	protein_coding	chr4:94757955-95158448:+	474.839489117289	497.053279710767	225.728648626523	167.724307613126
ENSG00000138735	PDE5A	168.260652994646	257.275128982192	79.2461770071	-1.62219703550878	0.264428149628867	-3.07843484764326	5.70888642501588e-11	1.2363738088573e-09	protein_coding	chr4:119494397-119628804:-	264.399260985763	250.150996978621	68.1792652994395	90.3130887147604
ENSG00000114626	ABTB1	141.680997052377	224.851296077024	58.5106980277292	-1.85173849814033	0.304328949946475	-3.60934862263286	7.20605506624638e-11	1.54568157234366e-09	protein_coding	chr3:127672935-127680926:+	227.707118644882	221.995473509166	70.9432895683357	46.0781064871227
ENSG00000101347	SAMHD1	145.13476257885	221.621202289251	68.6483228684503	-1.61300933991397	0.265724837205175	-3.05889235877185	8.65376472320105e-11	1.8473727263862e-09	protein_coding	chr20:36890229-36951843:-	216.915312074034	226.327092504467	67.2579238764741	70.0387218604264
ENSG00000135870	RC3H1	424.957890801003	608.491112415124	241.424669186881	-1.27445115043828	0.210539872994909	-2.41906770890219	1.1389355512011e-10	2.40463802638988e-09	protein_coding	chr1:173931084-174022357:-	686.3588979059	530.623326924348	205.459137321284	277.390201052478
ENSG00000176014	TUBB6	135.38318735263	58.3744439136984	212.391930791561	1.77603738746345	0.295310864724045	3.42484189186437	1.19647162227527e-10	2.5110912887026e-09	protein_coding	chr18:12307669-12344320:+	59.3549361396612	57.3939516877356	234.942062856177	189.841798726945
ENSG00000130226	DPP6	267.544827518073	375.678166666751	159.411488369395	-1.18253853572522	0.195552711380924	-2.26975807730945	1.29107101563651e-10	2.70040654576911e-09	protein_coding	chr7:153887097-154894285:+	365.84224275173	385.514090581771	156.628041904118	162.194934834672
ENSG00000126878	AIF1L	294.935365403127	172.455172832307	417.415557973947	1.21974952055334	0.201806577858822	2.32906276799829	1.31048769048314e-10	2.73676225920928e-09	protein_coding	chr9:131096476-131123152:+	155.402014620204	189.50833104441	434.873151639668	399.957964308225
ENSG00000229312	AL353693.1	43.3174500528775	3.24312810886492	83.3917719968902	4.4577942039206	0.723937556098288	21.9750448376772	1.34216009195449e-10	2.79422772085076e-09	lncRNA	chr9:69472466-69494513:+	3.23754197125425	3.2487142464756	80.1567037979897	86.6268401957906
ENSG00000139926	FRMD6	262.714736030133	369.70357008951	155.725901970756	-1.19246823229539	0.197474767325549	-2.28543411988803	1.35012508342172e-10	2.80646557139702e-09	protein_coding	chr14:51489100-51730727:+	376.634049322577	362.773090856442	151.099993366325	160.351810575187
ENSG00000173926	MARCHF3	51.2592288967037	1.61877098562712	100.89968680778	5.67531559980629	0.896501825520961	51.1022744903575	1.53999869293521e-10	3.18637575712086e-09	protein_coding	chr5:126867714-127030558:-	3.23754197125425	0	94.8981665654361	106.901207050125
ENSG00000174721	FGFBP3	144.935310390444	65.9585012472153	223.912119533673	1.67964672665727	0.282752800830975	3.20349497314314	1.93692278479263e-10	3.9469203837388e-09	protein_coding	chr10:91906584-91909486:-	57.1965748254917	74.7204276689388	229.414014318384	218.410224748961
ENSG00000047346	FAM214A	204.596932439628	309.67497631865	99.5188885606061	-1.55962137165914	0.262738814529737	-2.94776470645554	1.97331012652898e-10	4.01498455244905e-09	protein_coding	chr15:52581317-52709817:-	334.546003696272	284.803948941028	81.9993866439205	117.038390477292
ENSG00000214944	ARHGEF28	138.754037631735	228.673117477706	48.8349577857646	-2.11473127301691	0.360862758983151	-4.33109336567753	2.60831199813488e-10	5.22789687971923e-09	protein_coding	chr5:73626158-73941993:+	209.361047474441	247.985187480971	65.4152410305433	32.2546745409859
ENSG00000166762	CATSPER2	59.2681259365217	103.793133804769	14.7431180682743	-2.67132137507872	0.454858231181863	-6.37012364239835	2.61488857296771e-10	5.23327922884564e-09	protein_coding	chr15:43628503-43668118:-	96.0470784805426	111.539189128996	15.6628041904118	13.8234319461368
ENSG00000272752	STAG3L5P-PVRIG2P-PILRB	316.303185375298	437.26035981778	195.346010932816	-1.11039930627138	0.187477755225165	-2.15905396899254	2.96469623265581e-10	5.88085540309557e-09	lncRNA	chr7:100336104-100367831:+	448.939153347255	425.581566288304	210.065844436111	180.626177429521
ENSG00000113721	PDGFRB	374.480807384567	553.155374538389	195.806240230745	-1.42639081780845	0.242781290827341	-2.68773484478087	3.01976303596193e-10	5.98126554796052e-09	protein_coding	chr5:150113839-150155872:-	434.909804805154	671.400944271624	214.672551550938	176.939928910551
ENSG00000123728	RAP2C	507.050178053063	306.439296393266	707.661059712861	1.15346770610718	0.195299368857544	2.22447935026518	3.2263007117616e-10	6.35293093301343e-09	protein_coding	chrX:132203024-132219480:-	326.991739096679	285.886853689853	823.679232131067	591.642887294655
ENSG00000100154	TTC28	597.943273070025	811.641486460629	384.245059679422	-1.03108273610676	0.175262676761817	-2.0435573566068	4.12984487836716e-10	8.04960634335651e-09	protein_coding	chr22:27978014-28679865:-	938.887171663731	684.395801257527	386.963397645468	381.526721713376
ENSG00000145808	ADAMTS19	187.942913440461	90.2382039857519	285.64762289517	1.58089275105929	0.271762670026264	2.99154911878842	4.14382456134898e-10	8.06516592266026e-09	protein_coding	chr5:129460281-129738683:+	106.83888505139	73.6375229201136	305.885352424513	265.409893365827
ENSG00000168140	VASN	210.738903688365	308.138135351313	113.339672025418	-1.37322879716677	0.235631229337741	-2.59049679230801	4.22032641708698e-10	8.19035641896143e-09	protein_coding	chr16:4371848-4383538:+	283.824512813289	332.451757889337	104.11158079509	122.567763255746
ENSG00000135324	MRAP2	108.700888189178	43.2491563016799	174.152620076676	1.90830693587532	0.329383916192408	3.75368330369813	4.42314994400463e-10	8.55927245998823e-09	protein_coding	chr6:84033772-84090881:+	38.850503655051	47.6478089483088	188.874991707907	159.430248445444
ENSG00000099814	CEP170B	417.065087424581	570.13550998773	263.994664861432	-1.06083162737479	0.180905455155326	-2.08613370642378	4.4584536936465e-10	8.60958175790105e-09	protein_coding	chr14:104865268-104896770:+	635.637407022917	504.633612952543	274.559744043689	253.429585679175
ENSG00000058404	CAMK2B	175.093737668085	262.650549763044	87.5369255731262	-1.50602702169795	0.260978925326688	-2.84026791484575	5.4872936054345e-10	1.04976688050482e-08	protein_coding	chr7:44217150-44334577:-	287.062054784543	238.239044741544	95.8195079884015	79.254343157851
ENSG00000263020	AL662899.4	60.815155119028	0	121.630310238056	9.46322137653724	2.81008527297423	705.851740509089	5.52996166943232e-10	1.0564269104005e-08	protein_coding	chr6:31666102-31673546:+	0	0	132.673164907017	110.587455569094
ENSG00000134709	HOOK1	192.202146667528	101.059803290523	283.344490044533	1.41409994780379	0.24594347797299	2.66493426653992	6.76685176596404e-10	1.28107814055918e-08	protein_coding	chr1:59814786-59876322:+	111.155607679729	90.9639989013168	299.435962463755	267.253017625311
ENSG00000167157	PRRX2	284.328452391918	175.657335932027	392.999568851809	1.1082813599738	0.191448686047524	2.15588669846391	6.86444469892558e-10	1.2929960329951e-08	protein_coding	chr9:129665647-129722674:+	182.381531047323	168.933140816731	389.727421914364	396.271715789255
ENSG00000064309	CDON	172.30813733751	255.69546095984	88.9208137151793	-1.44708296365568	0.252755146491661	-2.72656200379689	7.41965472419477e-10	1.39172854094415e-08	protein_coding	chr11:125955796-126063335:-	238.498925215729	272.89199670395	82.9207280668859	94.9208993634727
ENSG00000041515	MYO16	170.411269819284	89.7265443452629	251.095995293305	1.41125851316761	0.246063683131161	2.65969075746546	7.43227227318374e-10	1.39215361841293e-08	protein_coding	chr13:108596152-109208005:+	89.5719945380341	89.8810941524916	247.840842777692	254.351147808917
ENSG00000182095	TNRC18	662.021734311876	892.334648660938	431.708819962814	-1.00002126422249	0.17305014085151	-2.00002947868898	7.99642123178464e-10	1.49366484925377e-08	protein_coding	chr7:5306790-5425414:-	929.174545749969	855.494751571908	359.323154956506	504.094484969122
ENSG00000061337	LZTS1	342.513792873466	464.799949078013	220.22763666892	-1.02817307407694	0.178120105649238	-2.0394400143915	8.03542863595127e-10	1.49886934431219e-08	protein_coding	chr8:20246165-20303963:-	492.106379630645	437.493518525381	214.672551550938	225.782721786901
ENSG00000140905	GCSH	296.858889343003	170.307983793359	423.409794892648	1.25058356507322	0.218115560214116	2.37937648480299	8.24049060371546e-10	1.53499110982506e-08	protein_coding	chr16:81081945-81096395:-	144.610208049356	196.005759537361	400.783518989949	446.036070795347
ENSG00000144452	ABCA12	357.688465305401	489.16344388071	226.213486730093	-1.06081361261394	0.184322288101176	-2.08610765728372	8.53243274499197e-10	1.5871741077095e-08	protein_coding	chr2:214931542-215138626:-	493.18556028773	485.14132747369	250.604867046589	201.822106413597
ENSG00000135750	KCNK1	201.948286069805	111.334364083271	292.56220805634	1.32522154538371	0.231945623873975	2.50571363400637	8.86957819765549e-10	1.64760990580482e-08	protein_coding	chr1:233614106-233672514:+	118.709872279322	103.958855887219	281.930475427412	303.193940685267
ENSG00000287088	AP001066.1	51.2015338536514	91.34531533089	11.0577523764127	-2.87712585834888	0.511008615810422	-7.34685019761151	1.10972305086071e-09	2.03888870369203e-08	lncRNA	chr21:44530172-44533145:+	92.8095365092884	89.8810941524916	8.29207280668859	13.8234319461368
ENSG00000111859	NEDD9	176.107018976885	85.914033173932	266.300004779839	1.54744494184181	0.274671153680067	2.92299009800436	1.23201548009788e-09	2.2512739391082e-08	protein_coding	chr6:11183298-11382348:-	102.522162423051	69.3059039248128	262.582305545139	270.017704014539
ENSG00000013588	GPRC5A	45.2831122623792	4.87120932384318	85.6950152009151	3.91031382527034	0.688426905775618	15.0356342896652	1.25627048610298e-09	2.28627628790243e-08	protein_coding	chr12:12891559-12917937:+	1.07918065708475	8.6632379906016	85.6847523357821	85.7052780660482
ENSG00000038532	CLEC16A	431.113074888369	582.564708002907	279.661441773831	-1.00924282186431	0.177160922382465	-2.01285440460908	1.27875461779063e-09	2.32405011549544e-08	protein_coding	chr16:10944564-11182186:+	649.666755565019	515.462660440795	272.717061197758	286.605822349903
ENSG00000037749	MFAP3	284.176660024552	407.101024841384	161.252295207721	-1.26827862042605	0.225390463143594	-2.40873990535057	1.46379526987272e-09	2.64960734650312e-08	protein_coding	chr5:154038906-154220478:+	355.050436180882	459.151613501885	175.976211786391	146.52837862905
ENSG00000153721	CNKSR3	374.322907104803	233.557361122641	515.088453086966	1.08623412999334	0.192732533132099	2.12319095526596	1.70225588170012e-09	3.0647442239605e-08	protein_coding	chr6:154387515-154510685:-	202.885963531933	264.228758713349	540.827415280689	489.349490893243
ENSG00000214595	EML6	166.136870896939	279.292195837827	52.9815459560515	-2.26219615078927	0.410526939878419	-4.79721184630528	1.88462390897884e-09	3.38401961974051e-08	protein_coding	chr2:54723499-54972025:+	370.158965380069	188.425426295585	69.1006067224049	36.8624851896981
ENSG00000126453	BCL2L12	125.191320944127	54.5749670634591	195.807674824795	1.74305920071923	0.31473120474496	3.34744232958071	1.99863229699856e-09	3.57917520137598e-08	protein_coding	chr19:49665142-49673916:+	64.7508394250849	44.3990947018332	202.695113052388	188.920236597203
ENSG00000141252	VPS53	419.902277343206	261.137915392019	578.666639294393	1.09190870142215	0.195148579259965	2.1315585756963	2.12922039791456e-09	3.79786274954283e-08	protein_coding	chr17:508668-721717:-	222.311215359458	299.964615424581	620.984119078679	536.349159510108
ENSG00000144406	UNC80	305.18239772312	417.321586303895	193.043209142345	-1.05749988986048	0.189319927688934	-2.0813215803148	2.2915964549423e-09	4.06452600764917e-08	protein_coding	chr2:209771832-209999300:+	393.900939835933	440.742232771857	200.852430206457	185.233988078233
ENSG00000198400	NTRK1	121.349002485243	192.479600456222	50.2184045142636	-1.83008087407252	0.332727182644805	-3.5555700359283	2.29383243349373e-09	4.06452600764917e-08	protein_coding	chr1:156815640-156881850:+	160.797917905628	224.161283006816	56.2018268008894	44.2349822276378
ENSG00000270800	RPS10-NUDT3	309.839406571374	196.734875570844	422.943937571905	1.05064333055091	0.188007679766259	2.07145334995203	2.34328780131716e-09	4.14669442630453e-08	protein_coding	chr6:34284887-34426071:-	205.044324846102	188.425426295585	443.165224446357	402.722650697452
ENSG00000155974	GRIP1	109.950066858071	178.435355547159	41.464778168984	-1.98597785817305	0.362525473225243	-3.96131069087179	2.49112927402951e-09	4.39098264828609e-08	protein_coding	chr12:66347431-67069162:-	141.372666078102	215.498045016215	46.06707114827	36.8624851896981
ENSG00000137714	FDX1	165.495742164343	88.6492257340484	242.342258594637	1.37365874772853	0.249993882900665	2.59126892467186	3.01696240703576e-09	5.26266243997716e-08	protein_coding	chr11:110429948-110464884:+	86.3344525667799	90.9639989013168	238.627428548038	246.057088641235
ENSG00000135622	SEMA4F	235.343140913303	336.155867426371	134.530414400234	-1.25112892332202	0.228306504848294	-2.3802760913343	3.43821401330951e-09	5.92827439294867e-08	protein_coding	chr2:74654228-74683853:+	363.68388143756	308.627853415182	147.414627674464	121.646201126004
ENSG00000196542	SPTSSB	77.7458973628971	26.4902013370724	129.001593388722	2.15259880696221	0.397069704079743	4.44628001069715	3.64883852884949e-09	6.27534902487171e-08	protein_coding	chr3:161344792-161372880:-	23.7419744558645	29.2384282182804	142.807920559637	115.195266217807
ENSG00000113083	LOX	149.131270677323	63.7573128780306	234.505228476616	1.77251861876228	0.327557557653056	3.41649879686738	3.94340015738718e-09	6.77328080673055e-08	protein_coding	chr5:122063195-122078360:-	77.7010073101019	49.8136184459592	269.953036928862	199.05742002437
ENSG00000100429	HDAC10	306.350573108864	414.590117835519	198.111028382209	-1.01206716204213	0.184184852023975	-2.01679879600148	4.06845193127322e-09	6.96140076637322e-08	protein_coding	chr22:50245183-50251405:-	407.930288378035	421.249947293003	207.301820167215	188.920236597203
ENSG00000174807	CD248	124.855398279816	190.276550041167	59.4342465184651	-1.58372780370893	0.292864208334154	-2.99743361808718	4.25051754826833e-09	7.25446833840873e-08	protein_coding	chr11:66314494-66317044:-	182.381531047323	198.171569035012	54.3591439549586	64.5093490819717
ENSG00000183873	SCN5A	216.296211750434	321.09388937394	111.498534126927	-1.44031774391784	0.267242002619841	-2.71380628673502	4.95152680858647e-09	8.37648855958232e-08	protein_coding	chr3:38548057-38649687:-	306.487306612069	335.700472135812	87.5274351817129	135.469633072141
ENSG00000175093	SPSB4	177.660949777167	256.726228424299	98.5956711300357	-1.3049271698364	0.241412834672461	-2.47071254453917	5.03397336806964e-09	8.50526480240811e-08	protein_coding	chr3:141051347-141148611:+	268.715983614102	244.736473234495	95.8195079884015	101.37183427167
ENSG00000230910	AL391807.1	130.575517178506	199.414206754853	61.736827602159	-1.59470693682809	0.296778943084577	-3.02033157099945	5.08950152823462e-09	8.58829436050532e-08	lncRNA	chr6:68627879-68635161:-	221.232034702373	177.596378807333	65.4152410305433	58.0584141737746
ENSG00000111912	NCOA7	239.401309791021	344.268342813209	134.534276768832	-1.28133100600892	0.237332769182281	-2.43063119385108	5.25929206208874e-09	8.84152736787893e-08	protein_coding	chr6:125781161-125932034:+	369.079784722984	319.456900903434	115.167677870675	153.90087566699
ENSG00000137962	ARHGAP29	155.171568002773	229.715057217386	80.6280787881596	-1.42519042712725	0.265633512441438	-2.68549945205306	5.7959539593817e-09	9.68320308071112e-08	protein_coding	chr1:94148988-94275068:-	233.103021930306	226.327092504467	71.8646309913011	89.391526585018
ENSG00000052723	SIKE1	321.080450173039	195.719004473347	446.441895872732	1.12720064856533	0.20874338225142	2.18434486683851	6.16849437848435e-09	1.02419852958316e-07	protein_coding	chr1:114769479-114780685:-	166.193821191051	225.244187755642	458.828028636769	434.055763108695
ENSG00000089177	KIF16B	233.325163881105	127.550004627595	339.100323134614	1.33284766464326	0.248282907804252	2.51899396320588	6.1661080451305e-09	1.02419852958316e-07	protein_coding	chr20:16272104-16573434:-	134.897582135594	120.202427119597	288.37986538817	389.820780881058
ENSG00000161642	ZNF385A	307.780788146415	196.764668304767	418.796907988063	1.03399442245155	0.191035625315259	2.04768588436104	6.41930655025844e-09	1.06452840683632e-07	protein_coding	chr12:54369133-54391298:-	187.777434332746	205.751902276788	443.165224446357	394.42859152977
ENSG00000167703	SLC43A2	183.246078784504	275.727336767236	90.7648208017724	-1.51013107111275	0.28405018134548	-2.8483591573471	7.12472480819392e-09	1.17426990129167e-07	protein_coding	chr17:1569268-1628886:-	239.578105872814	311.876567661658	75.5499966831627	105.979644920382
ENSG00000100027	YPEL1	305.581643331623	416.739168920337	194.424117742908	-1.04223393061791	0.193785573927509	-2.05941407038619	7.49164998248398e-09	1.22872195871253e-07	protein_coding	chr22:21697536-21735794:-	417.642914291798	415.835423548877	212.829868705007	176.018366780809
ENSG00000250803	AC010255.3	37.8998746553592	1.62249507736757	74.1772542333509	5.18972940022986	0.923670943071193	36.4975925777192	7.62683418876927e-09	1.24937019494224e-07	protein_coding	chr5:122129622-122183949:+	1.07918065708475	2.1658094976504	70.9432895683357	77.4112188983661
ENSG00000243364	EFNA4	105.830170048442	44.8772375166581	166.783102580226	1.78237261454392	0.336764560611669	3.43991428002818	7.73543053959084e-09	1.26561806967101e-07	protein_coding	chr1:155063737-155069553:+	36.6921423408815	53.0623326924348	163.998773287841	169.567431872611
ENSG00000129007	CALML4	107.663859763453	44.8623411496963	170.465378377209	1.81137024385414	0.343568850701998	3.5097547999646	8.5309231968828e-09	1.3873323588256e-07	protein_coding	chr15:68190705-68206110:-	45.3255875975594	44.3990947018332	197.167064514595	143.763692239823
ENSG00000173334	TRIB1	105.563508720555	47.5696030217593	163.557414419351	1.67697940842853	0.317505630156173	3.19757768209084	8.58336638607134e-09	1.39417505466514e-07	protein_coding	chr8:125430358-125438403:+	45.3255875975594	49.8136184459592	165.841456133772	161.273372704929
ENSG00000111666	CHPT1	157.568038407328	84.3120206011369	230.824056213518	1.37039329141916	0.258734993320256	2.5854103709334	9.05392871293499e-09	1.46529828231363e-07	protein_coding	chr12:101696947-101744140:+	89.5719945380341	79.0520466642396	227.571331472454	234.076780954583
ENSG00000182175	RGMA	83.7510291455726	32.9708714171916	134.531186873954	1.90612722537994	0.363048175032579	3.74801629515687	9.61525608610275e-09	1.55240791238891e-07	protein_coding	chr15:93035273-93089204:-	33.4546003696272	32.487142464756	140.965237713706	128.097136034201
ENSG00000214338	SOGA3	262.954851904091	391.834221743228	134.075482064955	-1.45638849494075	0.276786355553723	-2.7442054487879	9.77655539669596e-09	1.57090673273792e-07	protein_coding	chr6:127472794-127519191:-	416.563733634713	367.104709851743	98.5835322572977	169.567431872611
ENSG00000078804	TP53INP2	212.454700250018	297.288605358488	127.620795141547	-1.15259186188149	0.21729169504092	-2.22312930326034	9.97702620168762e-09	1.60120555353815e-07	protein_coding	chr20:34704339-34713439:+	295.695500041221	298.881710675755	129.909140638121	125.332449644974
ENSG00000132541	RIDA	201.963465301106	111.362294771324	292.564635830887	1.31467747173419	0.248855253247275	2.48746714737566	1.00074842471435e-08	1.60417944743544e-07	protein_coding	chr8:98102344-98117171:-	102.522162423051	120.202427119597	261.660964122173	323.468307539601
ENSG00000109861	CTSC	353.065875898275	223.290248513374	482.841503283177	1.05372235342181	0.197874178732675	2.0758789998466	1.0090163790708e-08	1.61550729549086e-07	protein_coding	chr11:88293592-88337761:-	191.014976304001	255.565520722747	476.333515673111	489.349490893243
ENSG00000138821	SLC39A8	162.184396519084	87.557010755872	236.811782282297	1.3534494787444	0.256570352876996	2.55522348685067	1.02598717407025e-08	1.63877690072099e-07	protein_coding	chr4:102251041-102431258:-	91.7303558522036	83.3836656595404	247.840842777692	225.782721786901
ENSG00000180287	PLD5	427.076648029321	274.569950183602	579.583345875041	1.02123228649416	0.191749513920731	2.02965185852008	1.04563510815885e-08	1.66620220019294e-07	protein_coding	chr1:242082986-242524697:-	282.745332156204	266.394568210999	661.523141689157	497.643550060925
ENSG00000102181	CD99L2	310.618510232249	431.419830543195	189.817189921304	-1.11924672178912	0.211400884549789	-2.17233518172249	1.0804543679831e-08	1.7155880513583e-07	protein_coding	chrX:150766336-150898816:-	382.029952608001	480.809708478389	205.459137321284	174.175242521324
ENSG00000243232	PCDHAC2	431.985796299261	599.057793381895	264.913799216627	-1.11236012809962	0.210222925803325	-2.1619904166158	1.10195635997152e-08	1.74766640156332e-07	protein_coding	chr5:140966470-141012347:+	505.056547515662	693.059039248128	294.829255348928	234.998343084326
ENSG00000261143	ADAMTS7P3	41.8118011815068	79.9375745508209	3.68602781219276	-4.15232004650417	0.793174919403976	-17.7816838978495	1.23925985160675e-08	1.94705674582467e-07	transcribed_unprocessed_pseudogene	chr15:77976042-77993057:+	114.393149650983	45.4819994506584	1.8426828459308	5.52937277845472
ENSG00000198221	AFDN-DT	52.4569817626856	5.40335146890465	99.5106120564665	3.93525925029706	0.754691232293552	15.2978738412213	1.26249866643047e-08	1.98125374151965e-07	lncRNA	chr6:167822103-167826812:-	6.47508394250849	4.3316189953008	151.099993366325	47.9212307466076
ENSG00000127415	IDUA	124.96422769569	201.55394761032	48.374507781059	-1.92708672981278	0.377465822224239	-3.80286501307802	1.87563930466334e-08	2.88620648007879e-07	protein_coding	chr4:986997-1004564:+	236.34056390156	166.767331319081	62.6512167616471	34.0977988004708
ENSG00000185149	NPY2R	104.419411360482	160.001768220817	48.8370545001466	-1.60505841353151	0.313482440263757	-3.04208067532433	1.99790747069749e-08	3.06034824298526e-07	protein_coding	chr4:155208636-155217078:+	155.402014620204	164.60152182143	47.9097539942008	49.7643550060925
ENSG00000084636	COL16A1	56.2050970439198	99.9713124040871	12.4388816837526	-2.80618035006213	0.553722209075035	-6.99430326044935	2.17449848069367e-08	3.31950398034611e-07	protein_coding	chr1:31652263-31704319:-	114.393149650983	85.5494751571908	18.426828459308	6.45093490819717
ENSG00000184922	FMNL1	106.612908428671	164.848770948347	48.3770459089951	-1.65694617134669	0.325046555408739	-3.15348303385925	2.18719541414496e-08	3.33195193873002e-07	protein_coding	chr17:45221444-45247319:+	170.51054381939	159.186998077304	41.460364033443	55.2937277845472
ENSG00000174482	LINGO2	119.300575895536	180.549027760443	58.0521240306285	-1.53432919687107	0.301261509642279	-2.89653720667198	2.36024241648562e-08	3.57868097624748e-07	protein_coding	chr9:27948078-28670286:-	171.589724476475	189.50833104441	52.5164611090278	63.5877869522293
ENSG00000146232	NFKBIE	159.609105669648	233.521982251107	85.6962290881889	-1.35728680458175	0.266548760654068	-2.56202899773201	2.60837130022855e-08	3.93714765620357e-07	protein_coding	chr6:44258166-44265788:-	223.390396016543	243.65356848567	75.5499966831627	95.8424614932151
ENSG00000134716	CYP2J2	95.758538130532	42.7021177896566	148.814958471407	1.68676110845396	0.333377415694278	3.2193314269084	2.78102349080036e-08	4.17899272936022e-07	protein_coding	chr1:59893308-59926773:-	42.0880456263052	43.316189953008	144.650603405568	152.979313537247
ENSG00000184144	CNTN2	155.902028729471	248.224988424407	63.5790690345356	-1.83632699565224	0.365090261638202	-3.57099718251838	2.81512822465607e-08	4.22552003274548e-07	protein_coding	chr1:205042937-205078289:+	174.827266447729	321.622710401085	72.7859724142665	54.3721656548047
ENSG00000171517	LPAR3	73.5419365149905	22.6870003950927	124.396872634888	2.292920115584	0.455936057907017	4.90046997296008	2.84904804436782e-08	4.25270223626002e-07	protein_coding	chr1:84811602-84893206:-	31.2962390554577	14.0777617347276	117.010360716606	131.783384553171
ENSG00000058063	ATP11B	351.489074920718	476.300792151594	226.677357689843	-1.01060161164376	0.196828130091283	-2.01475108707423	2.89768820814317e-08	4.31572632461987e-07	protein_coding	chr3:182793503-182921629:+	416.563733634713	536.037850668474	224.807307203557	228.547408176128
ENSG00000074181	NOTCH3	412.68213641062	244.864551425718	580.499721395522	1.17202588197044	0.229880664493116	2.25327888048851	2.97077002560013e-08	4.41479404135869e-07	protein_coding	chr19:15159038-15200995:-	239.578105872814	250.150996978621	704.82618856853	456.173254222514
ENSG00000172172	MRPL13	307.075831554431	190.289584362259	423.862078746603	1.08890803209429	0.212969871599083	2.127129742698	3.01915190479524e-08	4.48174105602552e-07	protein_coding	chr8:120380761-120445402:-	174.827266447729	205.751902276788	471.726808558284	375.997348934921
ENSG00000115107	STEAP3	110.589554677286	168.655695982068	52.523413372505	-1.57440754579317	0.313667942240049	-2.97813168160489	3.39849514238342e-08	4.99523072895242e-07	protein_coding	chr2:119223831-119265652:+	160.797917905628	176.513474058508	46.9884125712354	58.0584141737746
ENSG00000124574	ABCC10	225.577591032792	329.062987228771	122.092194836812	-1.33990658561437	0.267749181128953	-2.53134927797581	4.10847049497082e-08	5.9994375338613e-07	protein_coding	chr6:43427366-43450427:+	394.980120493018	263.145853964524	123.459750677364	120.724638996261
ENSG00000180801	ARSJ	105.445942983645	45.9545561278727	164.937329839417	1.72292596728187	0.34625709879168	3.30105223432776	4.14187174918734e-08	6.04165218598921e-07	protein_coding	chr4:113900284-113979727:-	39.9296843121357	51.9794279436096	186.110967439011	143.763692239823
ENSG00000153363	LINC00467	194.815499501065	114.579354238006	275.051644764125	1.18684450155154	0.235968332737528	2.27654267161862	4.26550131482419e-08	6.20852025790807e-07	lncRNA	chr1:211382736-211435570:+	120.868233593492	108.29047488252	289.301206811135	260.802082717114
ENSG00000241322	CDRT1	46.0253390454268	86.5225191996727	5.52815889118092	-3.68846344440217	0.74513274634055	-12.8925295257	4.28887619500993e-08	6.23579415639876e-07	protein_coding	chr17:15565483-15619704:-	63.6716587680002	109.373379631345	10.1347556526194	0.921562129742453
ENSG00000177674	AGTRAP	207.405341301283	125.936819779579	288.873862822988	1.12595852585902	0.223993941293202	2.18246501239376	4.59002221335789e-08	6.64490944536601e-07	protein_coding	chr1:11736084-11754802:+	128.422498193085	123.451141366073	299.435962463755	278.311763182221
ENSG00000066933	MYO9A	157.017737545387	226.497997750705	87.5374773400689	-1.28480790195348	0.25770539715053	-2.43649608088991	4.78357038685005e-08	6.89541673448513e-07	protein_coding	chr15:71822291-72118577:-	214.756950759865	238.239044741544	91.2128008735745	83.8621538065632
ENSG00000029534	ANK1	120.726702953189	181.097928318336	60.355477588042	-1.48160904669473	0.298680785488909	-2.79260020073937	4.79842162518267e-08	6.90941889047985e-07	protein_coding	chr8:41653220-41896762:-	167.273001848136	194.922854788536	57.1231682238547	63.5877869522293
ENSG00000156313	RPGR	132.983407874195	197.319155000271	68.6476607481191	-1.42381606097702	0.287816544883759	-2.68294236135102	5.29682172900139e-08	7.59455814854367e-07	protein_coding	chrX:38269163-38327544:-	180.223169733153	214.41514026739	72.7859724142665	64.5093490819717
ENSG00000143869	GDF7	31.7180797719695	2.16022336003972	61.2759361838992	4.49563640131063	0.878649462045545	22.5590811445268	5.69588542698331e-08	8.15803653966971e-07	protein_coding	chr2:20667144-20679243:+	3.23754197125425	1.0829047488252	66.3365824535087	56.2152899142896
ENSG00000183780	SLC35F3	109.552020261665	42.1867340574272	176.917306465903	1.92753645072874	0.393950027897084	3.80405063753412	5.81672135508443e-08	8.3045738327527e-07	protein_coding	chr1:233904676-234324511:+	26.9795164271187	57.3939516877356	188.874991707907	164.959621223899
ENSG00000122870	BICC1	120.148451993295	61.0742576022805	179.22264638431	1.45163399679132	0.294740381243792	2.73517662162865	6.06969942244118e-08	8.63824206692185e-07	protein_coding	chr10:58512872-58831435:+	63.6716587680002	58.4768564365608	176.897553209357	181.547739559263
ENSG00000175662	TOM1L2	254.731455498851	354.658350449911	154.804560547791	-1.12197923013018	0.225991542754035	-2.17645354963558	6.11960613557778e-08	8.70006161917395e-07	protein_coding	chr17:17843511-17972422:-	309.724848583323	399.591852316499	149.257310520395	160.351810575187
ENSG00000157168	NRG1	98.1623002803674	150.25190138965	46.0726991710848	-1.58999896924867	0.325181323664214	-3.01049134393857	6.5630312842283e-08	9.30097025727992e-07	protein_coding	chr8:31639222-32855666:+	157.560375934373	142.943426844926	45.1457297253046	46.9996686168651
ENSG00000164330	EBF1	41.5985770988965	73.5220760761596	9.67507812163343	-2.7163234731303	0.558320888401183	-6.57195896925278	6.70542156715582e-08	9.47281666561751e-07	protein_coding	chr5:158695916-159099916:-	66.9092007392544	80.1349514130648	11.0560970755848	8.29405916768208
ENSG00000204379	XAGE1A	259.380896807737	165.382775139279	353.379018476195	1.0299996207316	0.207120719802666	2.04202371458911	6.72553612345393e-08	9.49126288817754e-07	protein_coding	chrX:52495808-52500812:+	174.827266447729	155.938283830829	334.44693653644	372.311100415951
ENSG00000118473	SGIP1	419.456218164898	585.054513481977	253.857922847819	-1.12928239372191	0.228501273380003	-2.18749905503235	6.76276775107564e-08	9.52381816588653e-07	protein_coding	chr1:66533383-66751139:+	461.889321232272	708.219705731681	270.874378351827	236.841467343811
ENSG00000162576	MXRA8	201.733484154655	286.440937411534	117.026030897777	-1.20896375757185	0.245548667637883	-2.31171533900032	6.93852492303226e-08	9.73057577579362e-07	protein_coding	chr1:1352689-1361777:-	306.487306612069	266.394568210999	103.190239372125	130.861822423428
ENSG00000134072	CAMK1	274.032733561101	379.901787001578	168.163680120623	-1.10283745321906	0.223134774653711	-2.14776694319123	6.99946207506949e-08	9.78542260370162e-07	protein_coding	chr3:9757347-9769992:-	428.434720862645	331.368853140511	178.740236055287	157.58712418596
ENSG00000065717	TLE2	39.1639201481905	71.8772364483494	6.45060384803159	-3.22569651281253	0.664355489968109	-9.35473323168421	7.19646721894142e-08	1.00399675962182e-06	protein_coding	chr19:2997639-3047635:-	78.7801879671867	64.974284929512	2.7640242688962	10.137183427167
ENSG00000005059	MCUB	145.966789392269	80.0008841104086	211.932694674129	1.31418767777224	0.268667394724967	2.48662279734716	7.79863412582958e-08	1.08239247015771e-06	protein_coding	chr4:109560209-109688719:+	77.7010073101019	82.3007609107152	222.043282934661	201.822106413597
ENSG00000257767	AC002996.1	33.4806690118104	66.9613380236207	0	-8.65441124258258	2.8700511059342	-402.937213564552	7.91164963430397e-08	1.09694614362633e-06	protein_coding	chr12:111753890-111791418:+	103.601343080136	30.3213329671056	0	0
ENSG00000025708	TYMP	106.865779650028	165.354844451226	48.3767148488295	-1.650236510457	0.341388405593206	-3.138850921822	8.33675521796006e-08	1.14760512718879e-06	protein_coding	chr22:50525752-50530032:-	191.014976304001	139.694712598451	44.2243883023392	52.5290413953198
ENSG00000196358	NTNG2	159.319347252447	70.7664010114707	247.872293493423	1.68396692357701	0.34856566975722	3.21310231993513	8.43610487401947e-08	1.15890882993552e-06	protein_coding	chr9:132161676-132244526:+	94.9678978234579	46.5649041994836	233.099380010246	262.645206976599
ENSG00000100354	TNRC6B	204.305954067728	283.756020089914	124.855888045543	-1.1097310745951	0.226304009307278	-2.15805416367304	8.50053876246421e-08	1.16656883486103e-06	protein_coding	chr22:40044817-40335808:+	293.537138727052	273.974901452776	131.751823484052	117.959952607034
ENSG00000168843	FSTL5	70.0991225569609	25.9394387333087	114.258806380613	1.98850432037621	0.412629089662574	3.96825385606875	8.76884746418722e-08	1.19849826774242e-06	protein_coding	chr4:161383897-162164004:-	29.1378777412882	22.7409997253292	124.381092100329	104.136520660897
ENSG00000107954	NEURL1	170.138041663159	242.140531140823	98.1355521854956	-1.21822842716718	0.249891724321356	-2.32660843433203	8.83578005059167e-08	1.20519681440575e-06	protein_coding	chr10:103493979-103592552:+	249.290731786577	234.990330495068	90.2914594506091	105.979644920382
ENSG00000177432	NAP1L5	196.064258650849	271.879446724371	120.249070577328	-1.10204219111894	0.22615494269982	-2.14658334795871	1.00198513440961e-07	1.35245585791804e-06	protein_coding	chr4:88695913-88697829:-	273.032706242441	270.7261872063	123.459750677364	117.038390477292
ENSG00000253537	PCDHGA7	213.656688370327	307.066402877709	120.246973862946	-1.26156473047833	0.262453781350749	-2.39755636169058	1.18180041345006e-07	1.58464942776569e-06	protein_coding	chr5:141382739-141512975:+	277.34942887078	336.783376884637	140.965237713706	99.528710012185
ENSG00000147912	FBXO10	243.597678114893	335.618139143699	151.577217086087	-1.07315163385969	0.222177968142573	-2.10402468942277	1.27587070277721e-07	1.69892921600503e-06	protein_coding	chr9:37510892-37576380:-	361.525520123391	309.710758164007	164.920114710806	138.234319461368
ENSG00000117280	RAB29	245.510854553195	158.37927314345	332.642435962939	1.00426551726491	0.207067590519686	2.00592201282172	1.29641832979234e-07	1.72458260310358e-06	protein_coding	chr1:205767986-205775482:-	154.322833963119	162.43571232378	346.42437503499	318.860496890889
ENSG00000198947	DMD	95.0701941761639	165.261742157714	24.8786461946134	-2.52471073582251	0.538987846344792	-5.7545803957511	1.35896421053235e-07	1.80066105098025e-06	protein_coding	chrX:31097677-33339441:-	244.974009158238	85.5494751571908	29.4829255348928	20.274366854334
ENSG00000124920	MYRF	77.291949297395	129.243257448032	25.3406411467584	-2.17483756907262	0.463162795195368	-4.51534921403209	1.41545012071401e-07	1.86997924101009e-06	protein_coding	chr11:61752642-61788518:+	94.9678978234579	163.518617072605	19.3481698822734	31.3331124112434
ENSG00000188290	HES4	128.371697285643	188.095844176555	68.6475503947306	-1.3534167935906	0.284421420850236	-2.55516559732848	1.42052035131724e-07	1.87483593767081e-06	protein_coding	chr1:998962-1000172:-	191.014976304001	185.176712049109	73.7073138372319	63.5877869522293
ENSG00000075391	RASAL2	143.780663222967	206.473570126789	81.0877563191455	-1.25643942622901	0.263736427552067	-2.38905393823567	1.48805258743395e-07	1.96011941708121e-06	protein_coding	chr1:178094141-178484147:+	209.361047474441	203.586092779138	81.0780452209551	81.0974674173359
ENSG00000013619	MAMLD1	31.64821118907	4.3241708118199	58.9722515663201	3.48851223390329	0.729383616328076	11.2239784104186	1.49334279281316e-07	1.96324215254587e-06	protein_coding	chrX:150361422-150514178:+	4.31672262833899	4.3316189953008	64.4938996075779	53.4506035250623
ENSG00000177875	CCDC184	112.849448450958	168.108657470044	57.590239431872	-1.43624095225798	0.303545398424428	-2.70614839275728	1.54093167527432e-07	2.0218526927575e-06	protein_coding	chr12:48183644-48185926:+	164.035459876882	172.181855063207	61.7298753386818	53.4506035250623
ENSG00000164976	MYORG	283.627154760639	178.396252583884	388.858056937395	1.05139393559454	0.220656186093873	2.07253136563445	1.84737940626102e-07	2.38439593424227e-06	protein_coding	chr9:34366666-34376898:-	164.035459876882	192.757045290886	343.660350766094	434.055763108695
ENSG00000183826	BTBD9	151.751678532526	220.57181436609	82.9315426989616	-1.31204124110461	0.27888789774428	-2.48292595934504	1.89041013540524e-07	2.4369467344241e-06	protein_coding	chr6:38168451-38640148:-	197.490060246509	243.65356848567	75.5499966831627	90.3130887147604
ENSG00000128591	FLNC	102.72884339504	49.7335504735395	155.72413631654	1.52837147657534	0.326502019030447	2.8846003971205	1.94744186103666e-07	2.50632972144325e-06	protein_coding	chr7:128830377-128859274:+	46.4047682546442	53.0623326924348	165.841456133772	145.606816499308
ENSG00000274810	NPHP3-ACAD11	49.624782335258	92.3388418779444	6.91072279257166	-3.44500691259383	0.74589564994617	-10.8905651134137	1.9605042895312e-07	2.5207286988437e-06	protein_coding	chr3:132558142-132722459:-	144.610208049356	40.0674757065324	8.29207280668859	5.52937277845472
ENSG00000168807	SNTB2	88.8756517503017	39.9929938717234	137.75830962888	1.65310582649691	0.355443051127729	3.14509986367333	2.14110270455416e-07	2.73723291573659e-06	protein_coding	chr16:69187129-69309052:+	43.16722628339	36.8187614600568	127.145116369225	148.371502888535
ENSG00000163577	EIF5A2	116.5967889352	56.737052469369	176.456525401032	1.51768238027255	0.32682240170672	2.86330703529328	2.31595438051447e-07	2.94955212722908e-06	protein_coding	chr3:170888418-170908644:-	66.9092007392544	46.5649041994836	188.874991707907	164.038059094157
ENSG00000102781	KATNAL1	185.800287469438	260.564808237813	111.035766701062	-1.14585386546351	0.244532801520866	-2.21277055723536	2.39288002304082e-07	3.04463987037615e-06	protein_coding	chr13:30202630-30307551:-	240.657286529899	280.472329945727	104.11158079509	117.959952607034
ENSG00000198932	GPRASP1	145.85861303339	212.472373300343	79.2448527664377	-1.32015897262788	0.284760541286708	-2.4969362236148	2.61345094052477e-07	3.30963292835383e-06	protein_coding	chrX:102651092-102659083:+	184.539892361492	240.404854239194	79.2353623750243	79.254343157851
ENSG00000106066	CPVL	188.097463379203	110.813394213431	265.381532544975	1.17277417372875	0.25161804935656	2.25444790603856	2.69522801093361e-07	3.40878914795456e-06	protein_coding	chr7:28995235-29195451:-	106.83888505139	114.787903375471	236.784745702108	293.978319387843
ENSG00000213626	LBH	191.440020252321	112.437751336668	270.442289167973	1.17769713708973	0.254031661308562	2.26215398508522	3.01741753231517e-07	3.7855642156816e-06	protein_coding	chr2:30231534-30323730:+	106.83888505139	118.036617621947	302.199986732651	238.684591603295
ENSG00000066739	ATG2B	360.935005860667	502.109887673986	219.760124047348	-1.10924577378479	0.238920829725146	-2.15732834894745	3.02536718917409e-07	3.78850063049484e-06	protein_coding	chr14:96279195-96363341:-	521.244257371934	482.975517976039	270.874378351827	168.645869742869
ENSG00000137872	SEMA6D	181.449156091517	254.627452577977	108.270859605058	-1.14624469202283	0.248687581464142	-2.213370078706	3.45211120882019e-07	4.29089127979878e-06	protein_coding	chr15:47184101-47774228:+	229.865479959051	279.389425196902	105.954263641021	110.587455569094
ENSG00000059804	SLC2A3	64.0223661490745	102.704642918333	25.3400893798158	-1.86009171404901	0.41088866884726	-3.63030739741905	3.49894711127252e-07	4.34509138499577e-06	protein_coding	chr12:7919230-7936187:-	99.2846204517969	106.12466538487	23.9548769971004	26.7253017625311
ENSG00000271447	MMP28	29.1086167116747	54.070755606451	4.1464778168984	-3.40043737963584	0.750258510887461	-10.559264036807	4.00684321824085e-07	4.93028677421054e-06	protein_coding	chr17:35756249-35795707:-	43.16722628339	64.974284929512	4.606707114827	3.68624851896981
ENSG00000122585	NPY	200.881140580202	274.601604963396	127.160676197007	-1.03336045174165	0.225160956619384	-2.04678625717202	4.32147101956623e-07	5.30771358375765e-06	protein_coding	chr7:24284188-24291862:+	264.399260985763	284.803948941028	124.381092100329	129.940260293686
ENSG00000187323	DCC	64.7144082350389	18.3944843630666	111.034332107011	2.38348584044111	0.5350693476867	5.21795983977459	4.50523629671504e-07	5.51829899403648e-06	protein_coding	chr18:52340197-53535903:+	8.63344525667799	28.1555234694552	116.08901929364	105.979644920382
ENSG00000182022	CHST15	96.2208704522682	149.13361776929	43.308123135246	-1.64315376591309	0.366807157417725	-3.12347886059094	4.56202299553471e-07	5.58277045195144e-06	protein_coding	chr10:124007668-124093598:-	178.064808418984	120.202427119597	44.2243883023392	42.3918579681528
ENSG00000071282	LMCD1	145.822569622745	84.3176067387476	207.327532506742	1.2024052392491	0.266433801358517	2.30123008946602	5.31708377422583e-07	6.44229366482552e-06	protein_coding	chr3:8501807-8574668:+	86.3344525667799	82.3007609107152	199.931088783492	214.723976229992
ENSG00000154856	APCDD1	115.88924304598	59.4647968460045	172.313689245955	1.41677116406743	0.316909956569008	2.66987308579413	5.51511761262146e-07	6.65824208008492e-06	protein_coding	chr18:10454635-10489949:+	55.0382135113222	63.8913801806868	153.864017635222	190.763360856688
ENSG00000175147	TMEM51-AS1	67.594135182295	110.309182756423	24.8790876081675	-1.97123865946253	0.446488417311094	-3.92104625124002	5.56502338360439e-07	6.70645156685443e-06	lncRNA	chr1:15111815-15153618:-	85.2552719096952	135.36309360315	25.7975598430312	23.9606153733038
ENSG00000128482	RNF112	371.342324092787	522.459770351368	220.224877834206	-1.15288342294108	0.258045806925554	-2.22357863137056	6.54395925733144e-07	7.81613748240235e-06	protein_coding	chr17:19411125-19417276:+	651.825116879188	393.094423823548	237.706087125073	202.74366854334
ENSG00000168970	JMJD7-PLA2G4B	121.824073621245	190.202068206358	53.4460790361327	-1.67851705009835	0.386483135380668	-3.20098751551532	8.16279759978688e-07	9.54453476187622e-06	protein_coding	chr15:41828095-41848155:+	225.548757330712	154.855379082004	37.7749983415814	69.117159730684
ENSG00000112541	PDE10A	96.1440720762697	144.833653553783	47.4544905987559	-1.4786357090703	0.338567982650607	-2.78685068857271	8.26354535094757e-07	9.63889171074535e-06	protein_coding	chr6:165327287-165988078:-	159.718737248543	129.948569859024	49.7524368401316	45.1565443573802
ENSG00000177427	MIEF2	128.004748282469	186.439832273523	69.5696642914157	-1.30887817364807	0.298906196870165	-2.47748817873259	8.66805879274717e-07	1.00670744994522e-05	protein_coding	chr17:18260597-18266552:+	209.361047474441	163.518617072605	69.1006067224049	70.0387218604264
ENSG00000183828	NUDT14	109.882577490216	162.175025901948	57.5901290784835	-1.37331240309209	0.314385458802585	-2.59064691908527	8.75420274459658e-07	1.0137865267454e-05	protein_coding	chr14:105172938-105181323:-	151.085291991865	173.264759812032	62.6512167616471	52.5290413953198
ENSG00000226777	FAM30A	51.524933392931	102.589196074379	0.4606707114827	-7.18821344798677	1.44339675795538	-145.837047406437	9.14147585382767e-07	1.05440573548995e-05	lncRNA	chr14:105917979-105932642:+	166.193821191051	38.9845709577072	0.921341422965399	0
ENSG00000283154	IQCJ-SCHIP1	219.582462766107	303.248305568767	135.916619963446	-1.07058061804473	0.24265918676428	-2.1002784621445	9.35684469445096e-07	1.07832223046847e-05	protein_coding	chr3:158962235-159897366:+	293.537138727052	312.959472410483	115.167677870675	156.665562056217
ENSG00000277067	CU634019.2	20.8226408415073	41.6452816830146	0	-7.79560738720604	2.78343779587439	-222.183425384479	9.46913809918456e-07	1.0893963926085e-05	lncRNA	chr21:7048891-7087229:+	26.9795164271187	56.3110469389104	0	0
ENSG00000102265	TIMP1	134.924071598838	192.446083630558	77.4020595671183	-1.21017583825693	0.277382200327836	-2.31365834345142	1.0150854661076e-06	1.16483655577484e-05	protein_coding	chrX:47582408-47586789:+	180.223169733153	204.668997527963	76.4713381061281	78.3327810281085
ENSG00000198208	RPS6KL1	129.837829548505	195.175690053064	64.4999690439469	-1.46475515587087	0.33940418698639	-2.76016623090052	1.03069263119018e-06	1.18173786844644e-05	protein_coding	chr14:74903951-74923302:-	167.273001848136	223.078378257991	78.3140209520589	50.6859171358349
ENSG00000266714	MYO15B	76.3787748602737	120.507399668491	32.2501500520563	-1.73900428795466	0.405304696821494	-3.33804704589584	1.03552744605686e-06	1.18626989966087e-05	protein_coding	chr17:75588058-75626849:+	137.055943449763	103.958855887219	37.7749983415814	26.7253017625311
ENSG00000270580	AC139256.3	125.226082340553	198.848547784128	51.6036168969789	-1.77844491318954	0.415847642415642	-3.43056193552548	1.04659563461361e-06	1.1979289097803e-05	lncRNA	chr16:15104723-15131601:-	235.261383244475	162.43571232378	32.246949803789	70.9602839901689
ENSG00000166448	TMEM130	193.216846980434	264.34194053761	122.091753423258	-1.03080955518737	0.234455354050516	-2.04317043628726	1.05857564472079e-06	1.21061087124574e-05	protein_coding	chr7:98846488-98870771:-	248.211551129492	280.472329945727	127.145116369225	117.038390477292
ENSG00000006468	ETV1	218.312965992097	333.887645405858	102.738286578336	-1.55662932779741	0.362947196607513	-2.94165759337001	1.08274921164589e-06	1.23510552565103e-05	protein_coding	chr7:13891229-13991425:-	423.038817577221	244.736473234495	132.673164907017	72.8034082496538
ENSG00000184343	SRPK3	18.9145232099716	37.8290464199432	0	-7.63637618566849	2.75194537079688	-198.965734765634	1.18387913216291e-06	1.34100502157319e-05	protein_coding	chrX:153776412-153785732:+	42.0880456263052	33.5700472135812	0	0
ENSG00000028277	POU2F2	44.6552249694307	77.792247557743	11.5182023811183	-2.50722390402282	0.593004573929738	-5.68525044627232	1.21053224202004e-06	1.36925551916968e-05	protein_coding	chr19:42086110-42196585:-	102.522162423051	53.0623326924348	11.0560970755848	11.9803076866519
ENSG00000204580	DDR1	259.030115805694	357.263199799111	160.797031812276	-1.06304623053071	0.244285107101754	-2.08933847659214	1.2352003868265e-06	1.39130737038774e-05	protein_coding	chr6:30876421-30900156:+	369.079784722984	345.446614875239	129.909140638121	191.68492298643
ENSG00000005379	TSPOAP1	270.815798713578	397.890748338759	143.740849088398	-1.34704073437103	0.314249096697542	-2.54389783921095	1.24779127763712e-06	1.40431338016248e-05	protein_coding	chr17:58301228-58328795:-	358.287978152137	437.493518525381	190.717674553838	96.7640236229576
ENSG00000196139	AKR1C3	20.732389084492	0	41.464778168984	7.50121041719778	2.67513618755481	181.171274441154	1.25148980092639e-06	1.40729818834941e-05	protein_coding	chr10:5035354-5107686:+	0	0	46.06707114827	36.8624851896981
ENSG00000151690	MFSD6	244.635871314893	346.450910723692	142.820831906095	-1.17602115951551	0.272817256155509	-2.25952756861648	1.30666428810424e-06	1.46688881558546e-05	protein_coding	chr2:190408355-190509205:+	359.367158809221	333.534662638162	177.818894632322	107.822769179867
ENSG00000253250	C8orf88	177.073081102594	111.343674312622	242.802487892565	1.03934432060907	0.239019964317927	2.05529334652443	1.33999135142707e-06	1.50179530711189e-05	protein_coding	chr8:90958471-90985238:-	113.313968993899	109.373379631345	243.234135662865	242.370840122265
ENSG00000065357	DGKA	198.794505124187	293.928168359799	103.660841888575	-1.37726928906305	0.323197725533744	-2.59776205056218	1.37149639290068e-06	1.53454700400343e-05	protein_coding	chr12:55927319-55954027:+	360.446339466306	227.409997253292	124.381092100329	82.9405916768208
ENSG00000145703	IQGAP2	33.9232939014554	7.0314326838829	60.815155119028	2.82998538614958	0.67237924552236	7.11066942109192	1.56383090835101e-06	1.7310256696636e-05	protein_coding	chr5:76403285-76708132:+	4.31672262833899	9.7461427394268	66.3365824535087	55.2937277845472
ENSG00000176842	IRX5	46.0387036646607	15.1364598872399	76.9409474420815	2.13501752279767	0.509471363411853	4.3924246046767	1.62074556991898e-06	1.78520943241936e-05	protein_coding	chr16:54930865-54934485:+	14.0293485421017	16.243571232378	79.2353623750243	74.6465325091387
ENSG00000151150	ANK3	88.2493794578613	143.32660532037	33.1721535953528	-1.91890993255157	0.46195305444479	-3.78137238856345	1.72145451199469e-06	1.88686566681471e-05	protein_coding	chr10:60026298-60733490:-	91.7303558522036	194.922854788536	34.0896326497198	32.2546745409859
ENSG00000067533	RRP15	344.999176858807	214.055765414436	475.942588303178	1.06229310912844	0.248344158410959	2.0882480764444	1.75445273604855e-06	1.91990519504613e-05	protein_coding	chr1:218285293-218337983:+	208.281866817357	219.829664011516	369.457910609125	582.427265997231
ENSG00000223839	FAM95B1	30.143267886878	2.69795164271187	57.5885841310441	4.01072064586912	0.942089661222181	16.1193386199505	1.75367904740619e-06	1.91990519504613e-05	transcribed_unprocessed_pseudogene	chr9:40321299-40329221:+	5.39590328542374	0	75.5499966831627	39.6271715789255
ENSG00000256514	AP003419.1	19.5808778358681	0	39.1617556717361	7.391824782348	2.66866945422273	167.942642442864	1.76475243212603e-06	1.92491122949416e-05	protein_coding	chr11:67351572-67373584:-	0	0	38.6963397645468	39.6271715789255
ENSG00000278768	BACE1-AS	203.878643748636	281.059930493072	126.6973570042	-1.05827483786578	0.247608975443588	-2.08243986881672	1.76397272342775e-06	1.92491122949416e-05	lncRNA	chr11:117288453-117293571:+	287.062054784543	275.057806201601	145.571944828533	107.822769179867
ENSG00000198959	TGM2	116.118396972639	184.780096278751	47.4566976665264	-1.78356810899303	0.42973432589378	-3.4427659587671	1.8098102103264e-06	1.9692667895372e-05	protein_coding	chr20:38127385-38166578:-	229.865479959051	139.694712598451	31.3256083808236	63.5877869522293
ENSG00000050438	SLC4A8	249.761722342032	367.755619958676	131.767824725388	-1.3530406766453	0.322777882719721	-2.55449954123967	1.87819768944233e-06	2.03380682168356e-05	protein_coding	chr12:51391317-51515763:+	250.369912443662	485.14132747369	129.909140638121	133.626508812656
ENSG00000169783	LINGO1	235.528740709832	325.470197470127	145.587283949538	-1.06720846714805	0.251390856474423	-2.09537501069493	1.97283306767497e-06	2.1243100021746e-05	protein_coding	chr15:77613027-77820900:-	280.586970842035	370.353424098219	163.077431864876	128.097136034201
ENSG00000019549	SNAI2	111.168648816702	61.0835678316316	161.253729801771	1.28203230260872	0.305697093757467	2.43181301517392	2.09058060080194e-06	2.24033613547293e-05	protein_coding	chr8:48917598-48921740:-	58.2757554825764	63.8913801806868	163.998773287841	158.508686315702
ENSG00000270757	HSPE1-MOB4	19.1202623010796	0	38.2405246021593	7.34295686371556	2.66788960733847	162.349244832174	2.10951358066601e-06	2.25523435185829e-05	protein_coding	chr2:197500413-197550726:+	0	0	35.9323154956506	40.5487337086679
ENSG00000154975	CA10	302.260865379508	188.025086433486	416.496644325529	1.0558053923464	0.249200630518254	2.07887842789459	2.11964019198044e-06	2.26426059904249e-05	protein_coding	chr17:51630313-52160017:-	232.023841273221	144.026331593752	412.760957488499	420.232331162559
ENSG00000169903	TM4SF4	18.3888982254559	36.7777964509119	0	-7.54658572636624	2.77481129724172	-186.959986698561	2.2394067219309e-06	2.38840452047967e-05	protein_coding	chr3:149474697-149503394:+	23.7419744558645	49.8136184459592	0	0
ENSG00000130940	CASZ1	66.4617623273	14.047969000804	118.875555653796	2.78777850375437	0.685637384392364	6.9056561652779	2.24538143958761e-06	2.39287915855893e-05	protein_coding	chr1:10636604-10796650:-	17.266890513356	10.829047488252	49.7524368401316	187.99867446746
ENSG00000273088	AL713999.1	17.2929591555391	34.5859183110783	0	-7.45500540480413	2.74749257738532	-175.460856369519	2.25895395852516e-06	2.40353416045924e-05	protein_coding	chr1:155169409-155187272:-	38.850503655051	30.3213329671056	0	0
ENSG00000105825	TFPI2	43.9916046527654	12.4236118775662	75.5595974279646	2.36022059632721	0.575423115629249	5.13448862292336	2.27156537517923e-06	2.41122989193255e-05	protein_coding	chr7:93885396-93890753:-	17.266890513356	7.5803332417764	70.9432895683357	80.1759052875934
ENSG00000160321	ZNF208	30.0777855160502	4.86934727797295	55.2862237541274	3.17509197459139	0.767571010970716	9.03229104606926	2.306869644903e-06	2.44484553619389e-05	protein_coding	chr19:21932958-22010949:-	2.1583613141695	7.5803332417764	62.6512167616471	47.9212307466076
ENSG00000214940	NPIPA8	148.822570253922	209.184556090593	88.4605844172507	-1.13775756085155	0.271864893178469	-2.20038742133019	2.38634667282833e-06	2.52247162745124e-05	protein_coding	chr16:18317942-18336736:-	207.202686160272	211.166426020914	78.3140209520589	98.6071478824425
ENSG00000132763	MMACHC	130.483995864865	76.2163036271311	184.751688102599	1.17009155031209	0.280717503136414	2.25025976147242	2.56522714698594e-06	2.69951016430469e-05	protein_coding	chr1:45500300-45513382:+	74.4634653388477	77.9691419154144	179.661577478253	189.841798726945
ENSG00000254929	AL591684.2	17.031543197684	34.0630863953679	0	-7.41945270240067	2.75066865635756	-171.18977251949	2.67212287068681e-06	2.80541611927142e-05	lncRNA	chr10:47517816-47553514:-	28.0586970842035	40.0674757065324	0	0
ENSG00000125740	FOSB	28.9858028781867	52.4426743914727	5.52893136490061	-2.9299406369559	0.720076998332955	-7.62079040274803	2.67743243167632e-06	2.80879787625701e-05	protein_coding	chr19:45467995-45475179:+	45.3255875975594	59.559761185386	3.6853656918616	7.37249703793963
ENSG00000151067	CACNA1C	177.707535655599	82.6764912026777	272.738580108521	1.56550464080932	0.383511634204985	2.95981015048835	2.71844791850687e-06	2.84960296617295e-05	protein_coding	chr12:1970786-2697950:+	96.0470784805426	69.3059039248128	365.772544917263	179.704615299778
ENSG00000116791	CRYZ	342.517485462587	212.328995768336	472.705975156838	1.05972619829506	0.254344259636592	2.08453587074945	2.85599035661149e-06	2.97984595081985e-05	protein_coding	chr1:74705482-74733408:-	267.636802957018	157.021188579654	462.51339432863	482.898555985046
ENSG00000184232	OAF	163.885283726321	101.093320116187	226.677247336454	1.06899437511866	0.256611852000495	2.09797047541845	2.87477995437882e-06	2.99712524080936e-05	protein_coding	chr11:120211032-120230334:+	91.7303558522036	110.45628438017	225.728648626523	227.625846046386
ENSG00000232653	GOLGA8N	75.871573296831	122.716036221157	29.0271103725053	-1.8801665726044	0.467820238233845	-3.68117560403672	3.1014948859631e-06	3.21355968577179e-05	protein_coding	chr15:32593456-32607310:+	112.234788336814	133.1972841055	17.5054870363426	40.5487337086679
ENSG00000105963	ADAP1	29.4895471365511	52.989712903496	5.98938136960626	-2.83449623223548	0.70414455544989	-7.1329370043749	3.15677535014451e-06	3.25828639171861e-05	protein_coding	chr7:897900-955407:-	42.0880456263052	63.8913801806868	6.44938996075779	5.52937277845472
ENSG00000049130	KITLG	86.6473430073907	34.6175730908721	138.677112923909	1.81319405677781	0.450691431219959	3.51419453514891	3.21702684831008e-06	3.30927149990752e-05	protein_coding	chr12:88492793-88580851:-	20.5044324846102	48.730713697134	150.17865194336	127.175573904459
ENSG00000076716	GPC4	30.6188586344703	5.95038998092793	55.2873272880126	2.90208757683904	0.719335080397333	7.4750725253977	3.35665385853902e-06	3.4382054640892e-05	protein_coding	chrX:133300103-133415489:-	3.23754197125425	8.6632379906016	53.4378025319932	57.1368520440321
ENSG00000260001	TGFBR3L	42.1201372240931	71.3395081656772	12.9007662825091	-2.22402318179281	0.557634076930863	-4.67194464849822	3.48010048317271e-06	3.54574783319619e-05	protein_coding	chr19:7916145-7919097:+	76.6218266530172	66.0571896783372	9.21341422965399	16.5881183353642
ENSG00000231999	LRRC8C-DT	56.2838287201593	101.510015417295	11.0576420230242	-2.87340939417145	0.730055720056917	-7.32794865136387	3.63851258278555e-06	3.68759274497987e-05	lncRNA	chr1:89581291-89632916:-	164.035459876882	38.9845709577072	9.21341422965399	12.9018698163943
ENSG00000057294	PKP2	102.445779202765	163.886899181087	41.004659224444	-1.80291819529038	0.455470983120477	-3.48925296739601	4.00920561806487e-06	4.02386614607123e-05	protein_coding	chr12:32790755-32896777:-	100.363801108882	227.409997253292	40.5390226104776	41.4702958384104
ENSG00000172572	PDE3A	73.4057087023422	117.323857027473	29.4875603772109	-1.79589955547509	0.455201486912801	-3.47231914927029	4.3327828370411e-06	4.30684378236258e-05	protein_coding	chr12:20369245-20684381:+	99.2846204517969	135.36309360315	20.2695113052388	38.705609449183
ENSG00000137642	SORL1	194.632152237858	271.321235937126	117.943068538589	-1.09626255500419	0.270888706790333	-2.13800104024788	4.46174499460894e-06	4.42522186080351e-05	protein_coding	chr11:121452314-121633763:+	282.745332156204	259.897139718048	140.965237713706	94.9208993634727
ENSG00000162728	KCNJ9	123.296347679306	175.640577519195	70.9521178394179	-1.18818329095398	0.297193900052908	-2.27865623387892	4.98672979527386e-06	4.90611038892745e-05	protein_coding	chr1:160081538-160090563:+	192.094156961085	159.186998077304	68.1792652994395	73.7249703793963
ENSG00000188385	JAKMIP3	40.2257090531128	67.5512035906592	12.9002145155664	-2.14500070323409	0.549859689519521	-4.4229247692119	5.06890905918299e-06	4.97315921446755e-05	protein_coding	chr10:132036336-132184858:+	75.5426459959324	59.559761185386	13.820121344481	11.9803076866519
ENSG00000167414	GNG8	61.1435043279661	97.8688124660244	24.4181961899077	-1.80176918742351	0.461554732578348	-3.48647512252873	5.20021696696696e-06	5.09378863719873e-05	protein_coding	chr19:46634076-46634685:-	77.7010073101019	118.036617621947	26.7189012659966	22.1174911138189
ENSG00000153303	FRMD1	17.0472440994075	0	34.094488198815	7.09982929937277	2.67121625398067	137.170772108347	5.21319654786814e-06	5.10278605329539e-05	protein_coding	chr6:168053166-168101511:-	0	0	27.640242688962	40.5487337086679
ENSG00000137070	IL11RA	108.052938062186	159.437971295962	56.6679048284099	-1.3503648163042	0.341801381153655	-2.54976593598759	5.29245853945025e-06	5.16533199543298e-05	protein_coding	chr9:34650702-34661902:+	168.352182505221	150.523760086703	68.1792652994395	45.1565443573802
ENSG00000151929	BAG3	83.2302442206413	38.3816710695772	128.078817371705	1.56987284781891	0.399613287700518	2.96878547529744	5.29673944217643e-06	5.16576133124226e-05	protein_coding	chr10:119651380-119677819:+	35.6129616837967	41.1503804553576	152.942676212256	103.214958531155
ENSG00000125843	AP5S1	146.710952012284	211.411813101961	82.0100909226076	-1.23872527747462	0.312431981254551	-2.35989926444633	5.42840032783057e-06	5.27504017406021e-05	protein_coding	chr20:3820524-3828838:+	171.589724476475	251.233901727446	74.6286552601973	89.391526585018
ENSG00000080031	PTPRH	39.8690404012436	68.6806594862401	11.0574213162471	-2.36113531824268	0.610199223165589	-5.13774511051627	5.48215029425019e-06	5.32212551345139e-05	protein_coding	chr19:55181247-55209506:-	48.5631295688137	88.7981894036664	11.0560970755848	11.0587455569094
ENSG00000267629	AC138430.1	17.5069216303934	0	35.0138432607869	7.13401380021719	2.68690771021152	140.459831583702	5.49462405526107e-06	5.32784419028163e-05	lncRNA	chr19:19254748-19273369:-	0	0	46.06707114827	23.9606153733038
ENSG00000181541	MAB21L2	22.9636822684891	42.7021177896566	3.22524674732153	-3.33899243528519	0.848936252996076	-10.1189832802008	5.53703296620321e-06	5.36123515928487e-05	protein_coding	chr4:150582151-150584693:+	42.0880456263052	43.316189953008	1.8426828459308	4.60781064871227
ENSG00000136205	TNS3	99.8132518191137	50.8090070388838	148.817496599344	1.40261471749091	0.356151879778856	2.64380306860107	5.56371302708576e-06	5.37932253783439e-05	protein_coding	chr7:47275154-47582558:-	50.7214908829832	50.8965231947844	123.459750677364	174.175242521324
ENSG00000133858	ZFC3H1	422.628359584639	587.718948299025	257.537770870254	-1.08356167440621	0.271287618120415	-2.1192615861221	5.584746417554e-06	5.39577978230487e-05	protein_coding	chr12:71609599-71667725:-	486.710476345222	688.727420252828	324.312180883821	190.763360856688
ENSG00000137474	MYO7A	26.1872037190224	49.1492710441117	3.22513639393301	-3.51635140628366	0.901453415528368	-11.4426667136091	5.73750112826586e-06	5.53541267389151e-05	protein_coding	chr11:77128246-77215241:+	71.2259233675934	27.07261872063	2.7640242688962	3.68624851896981
ENSG00000267640	AC016582.3	40.0542746341502	68.1298968824763	11.978652385824	-2.24684798966087	0.582295005719826	-4.74644705233075	5.84801982968388e-06	5.6218741021743e-05	transcribed_unprocessed_pseudogene	chr19:37817359-37832160:+	53.9590328542374	82.3007609107152	13.820121344481	10.137183427167
ENSG00000168675	LDLRAD4	105.248094653671	58.9177583339812	151.578430973361	1.23654628272093	0.312911614228096	2.35633764773458	6.00286906545171e-06	5.75838702291441e-05	protein_coding	chr18:13217498-13652755:+	58.2757554825764	59.559761185386	154.785359058187	148.371502888535
ENSG00000203666	EFCAB2	198.36004730113	277.855905347482	118.864189254778	-1.11331845133597	0.280478855496142	-2.16342701539867	6.02126631600416e-06	5.77191808153528e-05	protein_coding	chr1:244969705-245127164:+	261.161719014509	294.550091680454	144.650603405568	93.0777751039878
ENSG00000144824	PHLDB2	49.2680125447556	15.1420460248505	83.3939790646607	2.20821391967171	0.572822950914998	4.62102828340478	6.07202523479789e-06	5.80848073652985e-05	protein_coding	chr3:111732497-111976517:+	10.7918065708475	19.4922854788536	61.7298753386818	105.05808279064
ENSG00000136040	PLXNC1	57.8912866965271	91.3639357895923	24.4186376034618	-1.7110433274113	0.441566071126568	-3.27397504979921	6.09543649224352e-06	5.82226742785392e-05	protein_coding	chr12:94148577-94307675:+	82.0177299384409	100.710141640744	23.033535574135	25.8037396327887
ENSG00000163995	ABLIM2	48.4695975760279	79.4315010479426	17.5076941041131	-1.95599045053601	0.508238156554054	-3.87982196002636	6.31619700108865e-06	6.0160434467168e-05	protein_coding	chr4:7965310-8158832:-	93.8887171663731	64.974284929512	16.5841456133772	18.4312425948491
ENSG00000196218	RYR1	57.5158258407581	14.5875593293464	100.44409235217	2.49126051244393	0.652415882959312	5.6226900177883	6.41196055776786e-06	6.0900040636596e-05	protein_coding	chr19:38433691-38587564:+	18.3460711704407	10.829047488252	51.5951196860624	149.293065018277
ENSG00000176720	BOK	26.5464189478304	47.5640168841487	5.52882101151208	-2.77568001696412	0.720347573532239	-6.84798725626611	6.50069742071478e-06	6.16123182601784e-05	protein_coding	chr2:241551424-241574131:+	48.5631295688137	46.5649041994836	4.606707114827	6.45093490819717
ENSG00000126246	IGFLR1	78.2326299814259	120.529744218934	35.9355157439179	-1.57018605908119	0.406267670982022	-2.96943007305633	6.59787051598939e-06	6.24892680067193e-05	protein_coding	chr19:35738801-35742453:-	124.105775564746	116.953712873122	45.1457297253046	26.7253017625311
ENSG00000091409	ITGA6	39.6148851452337	9.19910422740353	70.030666063064	2.6207784296382	0.685027352490236	6.15081860445523	6.72776026346773e-06	6.36746289819687e-05	protein_coding	chr2:172427354-172506459:+	3.23754197125425	15.1606664835528	67.2579238764741	72.8034082496538
ENSG00000099957	P2RX6	44.8884470590855	74.573326045191	15.2035680729799	-2.05391960976989	0.536601550200379	-4.15232569874791	6.74537427003796e-06	6.37516082626427e-05	protein_coding	chr22:21009808-21028830:+	85.2552719096952	63.8913801806868	18.426828459308	11.9803076866519
ENSG00000139832	RAB20	53.8855872703319	21.6152679214888	86.1559066191749	1.79133348709749	0.465821840838256	3.46134677970701	7.03026465971064e-06	6.63508978304901e-05	protein_coding	chr13:110523066-110561722:-	24.8211551129492	18.4093807300284	84.7634109128167	87.5484023255331
ENSG00000271127	AP000526.1	14.5959385357624	29.1918770715248	0	-7.10486434546111	2.7415786144905	-137.650338306762	7.17315614440477e-06	6.74781911983803e-05	transcribed_unprocessed_pseudogene	chr22:15794901-15797909:+	26.9795164271187	31.4042377159308	0	0
ENSG00000175928	LRRN1	228.242552868008	139.501059827947	316.984045908069	1.07680651507395	0.27325943507814	2.10936172121678	7.22891462266259e-06	6.77825212324759e-05	protein_coding	chr3:3799431-3849834:+	112.234788336814	166.767331319081	278.245109735551	355.722982080587
ENSG00000164776	PHKG1	24.6174194359888	2.6998136885821	46.5350251833954	3.6689447004513	0.946875810985552	12.7192764667351	8.3869787030645e-06	7.75766688978779e-05	protein_coding	chr7:56080283-56092996:-	4.31672262833899	1.0829047488252	32.246949803789	60.8231005630019
ENSG00000237651	C2orf74	200.356609366247	127.045793170587	273.667425561906	1.00741610311834	0.256909584098435	2.01030737150633	8.58522841942173e-06	7.91382707421541e-05	protein_coding	chr2:61145068-61164829:+	113.313968993899	140.777617347276	304.964011001547	242.370840122265
ENSG00000237506	RPSAP15	15.4344000189697	0	30.8688000379393	6.90212856114569	2.66130717734134	119.604558103118	9.01443820063508e-06	8.2810914863621e-05	processed_pseudogene	chrX:87703343-87704203:-	0	0	29.4829255348928	32.2546745409859
ENSG00000176945	MUC20	58.6495336565087	23.7717671897881	93.5273001232293	1.76876806804578	0.46834451577229	3.40762851574705	9.12035658552662e-06	8.37267411049471e-05	protein_coding	chr3:195720884-195741123:+	30.217058398373	17.3264759812032	93.9768251424707	93.0777751039878
ENSG00000136960	ENPP2	34.7581303156137	58.9196203798515	10.5966402513759	-2.20599213466633	0.58764626636462	-4.61391726586115	9.12986310683443e-06	8.37568410121529e-05	protein_coding	chr8:119557086-119673453:-	57.1965748254917	60.6426659342112	11.0560970755848	10.137183427167
ENSG00000176732	PFN4	21.1135897274912	39.4627137725321	2.76446568245031	-3.4161872201218	0.8936773870792	-10.6751705961646	9.14080802600063e-06	8.38000866678135e-05	protein_coding	chr2:24114809-24123464:-	36.6921423408815	42.2332852041828	1.8426828459308	3.68624851896981
ENSG00000140044	JDP2	41.3487287499317	70.2584654627222	12.4389920371411	-2.22491459883774	0.594941193522932	-4.67483225667154	9.17906633920278e-06	8.40362581320205e-05	protein_coding	chr14:75427716-75474111:+	75.5426459959324	64.974284929512	17.5054870363426	7.37249703793963
ENSG00000233930	KRTAP5-AS1	77.4845799114403	129.628297969345	25.3408618535355	-2.09696266509195	0.563900383048402	-4.27807763950727	9.43654836661786e-06	8.62760972009813e-05	lncRNA	chr11:1571353-1599184:+	185.619073018577	73.6375229201136	17.5054870363426	33.1762366707283
ENSG00000188158	NHS	114.598162888185	67.020923491468	162.175402284902	1.15269337458189	0.299144891035604	2.22328573534914	9.61515237896564e-06	8.76706334540399e-05	protein_coding	chrX:17375420-17735994:+	69.0675620534239	64.974284929512	163.077431864876	161.273372704929
ENSG00000099785	MARCHF2	133.025413038456	185.423961176026	80.6268649008857	-1.08665284143913	0.282412166163074	-2.12380725555751	1.02559551158475e-05	9.28837308774629e-05	protein_coding	chr19:8413270-8439017:+	170.51054381939	200.337378532662	81.9993866439205	79.254343157851
ENSG00000138640	FAM13A	174.062429308196	238.934643949362	109.19021466703	-1.02390520391148	0.265215678190582	-2.03341573124233	1.0493652865454e-05	9.48448503948189e-05	protein_coding	chr4:88725955-89111398:-	224.469576673628	253.399711225097	124.381092100329	93.9993372337302
ENSG00000137507	LRRC32	29.7571830305319	0.5414523744126	58.9729136866513	6.12204020811911	1.36428604995236	69.6494573803162	1.06661426616605e-05	9.62098944712759e-05	protein_coding	chr11:76657524-76670747:-	0	1.0829047488252	58.9658510697856	58.979976303517
ENSG00000254681	PKD1P5	145.262466442453	210.821947534922	79.7029853499842	-1.26167313437218	0.333074881836231	-2.39773652049254	1.07658002616131e-05	9.70437317147686e-05	transcribed_unprocessed_pseudogene	chr16:18374521-18401940:-	199.648421560679	221.995473509166	101.347556526194	58.0584141737746
ENSG00000144821	MYH15	118.714429824678	166.476852163326	70.9520074860294	-1.11090016981554	0.29070771149149	-2.15980366253727	1.11063200066609e-05	9.97788228253724e-05	protein_coding	chr3:108380368-108529322:-	168.352182505221	164.60152182143	69.1006067224049	72.8034082496538
ENSG00000204962	PCDHA8	54.7132880981909	89.1552992369267	20.2712769594552	-1.90108023706651	0.51488954114477	-3.73492749597279	1.14647031252827e-05	0.00010265565401593	protein_coding	chr5:140841187-141012347:+	106.83888505139	71.4717134224632	25.7975598430312	14.7449940758793
ENSG00000102362	SYTL4	23.1959348467949	42.7058418813971	3.68602781219276	-3.13502885740071	0.842576039709487	-8.78491822821527	1.16023780140133e-05	0.00010375025392983	protein_coding	chrX:100674491-100732123:-	39.9296843121357	45.4819994506584	1.8426828459308	5.52937277845472
ENSG00000102543	CDADC1	87.9314076396875	45.9396597609109	129.923155518464	1.34653532243035	0.357809557589199	2.54300680463715	1.16745948267481e-05	0.000104188205590534	protein_coding	chr13:49247925-49293485:+	48.5631295688137	43.316189953008	142.807920559637	117.038390477292
ENSG00000236502	SIX3-AS1	91.4372592587895	49.7242402441884	133.150278273391	1.2772082277812	0.338928889508924	2.42369511359031	1.20785747381881e-05	0.000107508108308333	lncRNA	chr2:44940154-44941873:-	51.8006715400679	47.6478089483088	128.987799215156	137.312757331626
ENSG00000284461	AC027644.4	13.5102407181318	27.0204814362637	0	-6.93358683662284	2.74403108305421	-122.241203037537	1.25706147680184e-05	0.000111518600273799	protein_coding	chr7:66628958-66811189:+	30.217058398373	23.8239044741544	0	0
ENSG00000113108	APBB3	215.689231441601	296.845841415198	134.532621468004	-1.0319910523022	0.271003636155535	-2.04484437890946	1.27227905420026e-05	0.000112571585525917	protein_coding	chr5:140558268-140564781:-	238.498925215729	355.192757614666	128.987799215156	140.077443720853
ENSG00000168481	LGI3	53.4541737549259	84.3325031057094	22.5758444041425	-1.69190812126936	0.460592076304238	-3.23083734644919	1.34640649618963e-05	0.000118429175717817	protein_coding	chr8:22146830-22157084:-	77.7010073101019	90.9639989013168	20.2695113052388	24.8821775030462
ENSG00000089250	NOS1	136.917512199495	263.699937686205	10.135086712785	-4.131903977395	1.17546381862171	-17.5318213449074	1.34966927670036e-05	0.000118638575832308	protein_coding	chr12:117208142-117452170:-	306.487306612069	220.912568760341	17.5054870363426	2.76468638922736
ENSG00000255248	MIR100HG	94.0847042361351	142.096598947797	46.0728095244734	-1.45073612613318	0.392707913818605	-2.73347489623284	1.35813538588303e-05	0.0001192269112581	lncRNA	chr11:122028325-122556721:-	176.985627761899	107.207570133695	44.2243883023392	47.9212307466076
ENSG00000197808	ZNF461	90.4328327134699	48.6376114036227	132.228054023317	1.29387863291396	0.347115758151508	2.45186344779597	1.39425822914524e-05	0.000121920539166283	protein_coding	chr19:36636618-36666853:-	53.9590328542374	43.316189953008	134.515847752948	129.940260293686
ENSG00000140398	NEIL1	90.1360104757069	131.896519989858	48.3755009615557	-1.29547450323909	0.348897235374943	-2.45457713360815	1.42330087620194e-05	0.000124217868163789	protein_coding	chr15:75346955-75357115:+	126.264136878916	137.5289031008	54.3591439549586	42.3918579681528
ENSG00000270136	MICOS10-NBL1	96.0428434249052	43.2715008521226	148.814185997688	1.58864115334838	0.433551777584648	3.00765930396987	1.44521656074661e-05	0.000125885476201303	protein_coding	chr1:19597067-19656927:+	25.900335770034	60.6426659342112	151.099993366325	146.52837862905
ENSG00000162631	NTNG1	34.2322317758256	8.1068892492272	60.357574302424	2.56494829832386	0.706192872188941	5.9173379743176	1.4624518083888e-05	0.000127221955828079	protein_coding	chr1:107140007-107483458:+	8.63344525667799	7.5803332417764	39.6176811875122	81.0974674173359
ENSG00000133739	LRRCC1	103.631581658187	58.9103101505003	148.352853165874	1.19698267364902	0.320664148799253	2.2925968378652	1.48026068609032e-05	0.00012868795066082	protein_coding	chr8:85107215-85146080:+	62.5924781109154	55.2281421900852	155.706700481152	140.999005850595
ENSG00000189362	NEMP2	172.92976832186	236.208761618597	109.650775025124	-1.00014613269669	0.264808296612022	-2.00020259319371	1.51067947261762e-05	0.000131139800262356	protein_coding	chr2:190504338-190534722:-	235.261383244475	237.156139992719	126.22377494626	93.0777751039878
ENSG00000134256	CD101	35.0698881136672	7.01839836279132	63.1213778645432	2.80127104544406	0.776780152272123	6.97054300060869	1.56053999643538e-05	0.000134882406247169	protein_coding	chr1:117001750-117036476:+	11.8709872279322	2.1658094976504	46.9884125712354	79.254343157851
ENSG00000100578	KIAA0586	262.415100668391	150.246315252039	374.583886084743	1.18343202501994	0.318656947234301	2.27116421832144	1.56872439672704e-05	0.000135328892954342	protein_coding	chr14:58427385-58551297:+	160.797917905628	139.694712598451	259.818281276243	489.349490893243
ENSG00000131080	EDA2R	55.7018613171048	24.3262538852923	87.0774687489173	1.6372411830847	0.448740501838785	3.11070413319477	1.5784047713932e-05	0.000135989530880635	protein_coding	chrX:66595637-66639298:-	22.6627937987797	25.9897139718048	84.7634109128167	89.391526585018
ENSG00000104419	NDRG1	244.056195467164	336.072075362211	152.040315572118	-1.03125224714615	0.275494283073934	-2.04379748073088	1.63845002017333e-05	0.000140679959555029	protein_coding	chr8:133237171-133302022:-	412.247011006374	259.897139718048	145.571944828533	158.508686315702
ENSG00000130592	LSP1	44.9520031105397	75.1613295663592	14.7426766547202	-2.07533764272281	0.581294242376152	-4.21443035726029	1.75457316580561e-05	0.000149823838139172	protein_coding	chr11:1853084-1892267:+	58.2757554825764	92.046903650142	19.3481698822734	10.137183427167
ENSG00000006327	TNFRSF12A	68.357682078399	33.5123237916042	103.203040365194	1.44582050654664	0.397192274813157	2.7241771186616	1.77058801126614e-05	0.000150808348090679	protein_coding	chr16:3018445-3022383:+	33.4546003696272	33.5700472135812	99.5048736802631	106.901207050125
ENSG00000074317	SNCB	97.0576025023118	54.0558592394892	140.059345765134	1.22946345135205	0.334828152744695	2.3447976891811	1.81443422306661e-05	0.000154347412182308	protein_coding	chr5:176620082-176630556:-	51.8006715400679	56.3110469389104	151.099993366325	129.018698163943
ENSG00000271155	AL161729.1	23.3857690176828	42.1643895069845	4.6071485283811	-2.81479657035549	0.784271917837191	-7.03620038613803	1.8156973337789e-05	0.00015435722782549	lncRNA	chr9:95506235-95507636:+	39.9296843121357	44.3990947018332	5.5280485377924	3.68624851896981
ENSG00000158286	RNF207	110.443175486052	54.5619327423675	166.324418229737	1.43128276919744	0.395965715071135	2.69686399883171	1.89840025401833e-05	0.000160980990014454	protein_coding	chr1:6205475-6221299:+	72.3051040246782	36.8187614600568	146.493286251498	186.155550207976
ENSG00000277971	AC007731.5	12.7045793170587	25.4091586341175	0	-6.79734525059097	2.74626741367707	-111.225613857759	1.90046168684854e-05	0.000161054248433686	protein_coding	chr22:20429241-20446620:-	22.6627937987797	28.1555234694552	0	0
ENSG00000286231	AL445423.3	103.05078579682	147.589328618472	58.5122429751686	-1.19343354573161	0.326237324669865	-2.28696382536373	1.91333777085025e-05	0.00016173777297401	protein_coding	chr1:220786990-220884503:+	131.660040164339	163.518617072605	58.0445096468202	58.979976303517
ENSG00000162551	ALPL	76.3428270408587	35.6595128305524	117.026141251165	1.52321065233133	0.423138429645985	2.87430000781677	1.93892296497239e-05	0.000163797581381367	protein_coding	chr1:21509397-21578410:+	44.2464069404747	27.07261872063	102.268897949159	131.783384553171
ENSG00000133121	STARD13	44.9754699990898	75.6692651151078	14.2816748830719	-2.11925081635306	0.60000610209088	-4.34468269422546	1.98320802052196e-05	0.000167014180763931	protein_coding	chr13:33103137-33350630:-	77.7010073101019	73.6375229201136	21.1908527282042	7.37249703793963
ENSG00000225138	SLC9A3-AS1	54.090674804856	86.987627693406	21.1937219163059	-1.79953483239978	0.506715541954177	-3.48107966905494	2.00727041615437e-05	0.000168934792408386	lncRNA	chr5:473236-480884:+	107.918065708475	66.0571896783372	18.426828459308	23.9606153733038
ENSG00000076344	RGS11	73.6522046240878	114.594250604968	32.7101586432078	-1.5970108444611	0.453686412671773	-3.02515873401873	2.39947443723437e-05	0.000198909942544796	protein_coding	chr16:268301-275980:-	112.234788336814	116.953712873122	44.2243883023392	21.1959289840764
ENSG00000278864	AC055811.4	25.4231233675402	44.8567550120857	5.98949172299478	-2.54888423558046	0.728183580049046	-5.85181530389547	2.40040773849508e-05	0.000198909942544796	TEC	chr17:17181504-17183257:+	48.5631295688137	41.1503804553576	5.5280485377924	6.45093490819717
ENSG00000172345	STARD5	51.082916881585	21.0794016846869	81.0864320784832	1.71632861765429	0.487439110491145	3.28599120216194	2.44898527577971e-05	0.000202312057579615	protein_coding	chr15:81309053-81324183:-	21.583613141695	20.5751902276788	92.1341422965399	70.0387218604264
ENSG00000162989	KCNJ3	21.8939927435998	3.24499015473515	40.5429953324645	3.20172791782389	0.901179368164901	9.20059981451551	2.56300619761206e-05	0.000210824895117337	protein_coding	chr2:154697855-154858354:+	2.1583613141695	4.3316189953008	47.9097539942008	33.1762366707283
ENSG00000167964	RAB26	115.891329992111	168.661282119678	63.1213778645432	-1.25923007930349	0.354332990607098	-2.39367963722847	2.63236143336178e-05	0.000216265295768373	protein_coding	chr16:2140803-2154165:+	157.560375934373	179.762188304983	46.9884125712354	79.254343157851
ENSG00000151617	EDNRA	57.3825227353413	18.9359367374792	95.8291087332034	2.05597250903419	0.594369823280064	4.15823850352454	2.64756612121359e-05	0.000217249034558887	protein_coding	chr4:147480917-147544954:+	8.63344525667799	29.2384282182804	111.482312178813	80.1759052875934
ENSG00000066468	FGFR2	21.1209499112126	2.1583613141695	40.0835385082556	3.70310683009724	1.03214934033108	13.0240553434435	2.73802458550731e-05	0.000224124727026706	protein_coding	chr10:121478332-121598458:-	4.31672262833899	0	36.853656918616	43.3134200978953
ENSG00000183148	ANKRD20A2P	13.1308809314734	0	26.2617618629467	6.54740554419399	2.67238889816564	93.5331288641128	2.74918000037375e-05	0.000224900984337144	protein_coding	chr9:40223285-40266845:+	0	0	23.033535574135	29.4899881517585
ENSG00000005471	ABCB4	72.7742931006016	34.0500520742764	111.498534126927	1.51226747968301	0.431698885674391	2.8525802620377	2.7819795527167e-05	0.000226894135867113	protein_coding	chr7:87401696-87480435:-	35.6129616837967	32.487142464756	87.5274351817129	135.469633072141
ENSG00000145632	PLK2	69.4668782921262	32.9690093713214	105.964747212931	1.48829555138766	0.425478795846528	2.80557319385574	2.88793682107914e-05	0.000234965894172374	protein_coding	chr5:58453982-58460139:-	34.533781026712	31.4042377159308	124.381092100329	87.5484023255331
ENSG00000178568	ERBB4	36.0324752717363	7.56729892068482	64.4976516227879	2.70495346393174	0.789459726054342	6.52036833258157	2.89386316918508e-05	0.000235163539349668	protein_coding	chr2:211375717-212538841:-	7.55426459959324	7.5803332417764	97.6621908343323	31.3331124112434
ENSG00000140950	MEAK7	77.8259355788384	115.107772291327	40.5440988663498	-1.33253985868557	0.379137714072972	-2.5184565810013	2.90761371449675e-05	0.00023585341885565	protein_coding	chr16:84476355-84554033:-	128.422498193085	101.793046389569	38.6963397645468	42.3918579681528
ENSG00000286733	AC090164.5	41.6484982558857	68.0926559650718	15.2043405466996	-1.89723291334277	0.550568729313389	-3.72498060366836	2.9137398483742e-05	0.000236207879570733	lncRNA	chr15:101602786-101614531:-	75.5426459959324	60.6426659342112	11.9774384985502	18.4312425948491
ENSG00000163673	DCLK3	42.1486287758983	68.6322462936142	15.6650112581823	-1.86995509829078	0.542414588958391	-3.65521203618046	2.92318271594415e-05	0.000236830628594777	protein_coding	chr3:36712422-36764349:-	76.6218266530172	60.6426659342112	12.8987799215156	18.4312425948491
ENSG00000163328	GPR155	206.303814105598	296.043702618953	116.563925592243	-1.19418078364218	0.337945207234043	-2.28814865560073	2.97639004467297e-05	0.000240851201629403	protein_coding	chr2:174431571-174487094:-	389.584217207594	202.503188030312	114.246336447709	118.881514736776
ENSG00000106714	CNTNAP3	33.4289799332437	9.72938432659477	57.1285755398926	2.23875579371412	0.649681688542012	4.71989836428511	2.97825582559722e-05	0.000240857261566187	protein_coding	chr9:39072767-39288315:-	9.71262591376274	9.7461427394268	69.1006067224049	45.1565443573802
ENSG00000197496	SLC2A10	30.6834767925931	53.5348893696491	7.83206421553706	-2.42285225940876	0.708575278453513	-5.36230120652382	2.99572458902424e-05	0.000242124399025162	protein_coding	chr20:46709649-46736347:+	39.9296843121357	67.1400944271624	10.1347556526194	5.52937277845472
ENSG00000134769	DTNA	173.997186448367	241.569286032487	106.425086864248	-1.0549173078575	0.296321268973925	-2.0775991197188	3.18651814169633e-05	0.000256159488868344	protein_coding	chr18:34493290-34891844:+	266.557622299933	216.58094976504	128.066457792191	84.7837159363057
ENSG00000094755	GABRP	19.7798733943047	2.70167573445232	36.8580710541571	3.29946284802397	0.941152635170224	9.84548889888022	3.39461466737732e-05	0.000271912880652517	protein_coding	chr5:170763350-170814047:+	3.23754197125425	2.1658094976504	36.853656918616	36.8624851896981
ENSG00000059145	UNKL	307.695143019192	431.557621937592	183.832664100793	-1.09459531526101	0.310980168573397	-2.13553170243307	3.48195488545809e-05	0.000278389392838258	protein_coding	chr16:1363205-1414751:-	302.17058398373	560.944659891454	158.470724750049	209.194603451537
ENSG00000064687	ABCA7	121.396923626072	168.616593018793	74.1772542333509	-1.05546014708869	0.2983230948349	-2.07838099979822	3.48374859206475e-05	0.000278389392838258	protein_coding	chr19:1039997-1065572:+	183.460711704407	153.772474333178	70.9432895683357	77.4112188983661
ENSG00000140199	SLC12A6	160.563718931748	224.37687735394	96.7505605095573	-1.07919937059027	0.306867509020823	-2.1128632137791	3.62247774732283e-05	0.000288788993620301	protein_coding	chr15:34229784-34338060:-	188.856614989831	259.897139718048	112.403653601779	81.0974674173359
ENSG00000244270	RPL32P29	57.6674683499122	25.9543351002705	89.3806015995538	1.56704115281295	0.459170026097153	2.96296411325697	3.79345728464894e-05	0.000300637637131665	processed_pseudogene	chr14:49577392-49577794:-	20.5044324846102	31.4042377159308	91.2128008735745	87.5484023255331
ENSG00000107736	CDH23	57.9595207697814	23.7717671897881	92.1472743497746	1.71244696563999	0.505192743063701	3.27716194146249	3.8176970988239e-05	0.000301669848895903	protein_coding	chr10:71396920-71815947:+	30.217058398373	17.3264759812032	74.6286552601973	109.665893439352
ENSG00000104219	ZDHHC2	54.1212203283076	90.734967259279	17.5074733973361	-2.06675247202467	0.619245508410038	-4.18942565307208	3.85450778005664e-05	0.000304399736547163	protein_coding	chr8:17156482-17224799:+	132.739220821424	48.730713697134	18.426828459308	16.5881183353642
ENSG00000197106	SLC6A17	26.1628017654726	4.86934727797295	47.4562562529723	2.86104529428585	0.847654599255295	7.26541544031588	3.91028778020471e-05	0.000307887168418463	protein_coding	chr1:110150494-110202202:+	2.1583613141695	7.5803332417764	35.0109740726852	59.9015384332595
ENSG00000233058	LINC00884	28.5840451390946	6.48625621772985	50.6818340604594	2.58352351622486	0.767804511894808	5.9940184153172	3.93441871064298e-05	0.000309257727875146	lncRNA	chr3:194487140-194521156:+	6.47508394250849	6.4974284929512	34.0896326497198	67.2740354711991
ENSG00000276547	PCDHGB5	11.3509483810272	22.7018967620545	0	-6.54138712021358	2.75347823119978	-93.1437537827741	3.93389626217554e-05	0.000309257727875146	protein_coding	chr5:141397987-141512979:+	22.6627937987797	22.7409997253292	0	0
ENSG00000263843	AC022211.3	63.2763153903342	95.6843825096717	30.8682482709967	-1.4336681295319	0.420245182795384	-2.70132669769285	3.94022967177734e-05	0.000309533579764798	lncRNA	chr17:75271369-75273895:+	88.4928138809494	102.875951138394	34.0896326497198	27.6468638922736
ENSG00000174032	SLC25A30	109.501455541639	60.5123227232954	158.490588359984	1.22758003946896	0.356304822409892	2.34173859608575	4.13375672764667e-05	0.00032379088078113	protein_coding	chr13:45393316-45418455:-	75.5426459959324	45.4819994506584	151.099993366325	165.881183353642
ENSG00000138795	LEF1	34.3940640042894	10.2745607927478	58.5135672158309	2.1864719926663	0.653933065081541	4.55190987250263	4.20719717111754e-05	0.000328739276338039	protein_coding	chr4:108047545-108168956:-	7.55426459959324	12.9948569859024	46.9884125712354	70.0387218604264
ENSG00000182983	ZNF662	109.748178748953	154.073722790332	65.4226347075747	-1.09491021790797	0.316294716690955	-2.13599788410344	4.3770960849839e-05	0.000341063529820095	protein_coding	chr3:42906142-42919334:+	139.214304763933	168.933140816731	69.1006067224049	61.7446626927444
ENSG00000177182	CLVS1	62.1772982713317	96.2500414803973	28.1045550622661	-1.55079751601059	0.46459906990153	-2.92979052073116	4.71824427153476e-05	0.00036489745375429	protein_coding	chr8:61057158-61501645:+	74.4634653388477	118.036617621947	25.7975598430312	30.411550281501
ENSG00000214485	RPL7P1	123.851977656717	70.7887455619135	176.915209751521	1.16732876783684	0.34138241616908	2.24595460407402	4.78975421289721e-05	0.000370002322856143	processed_pseudogene	chr5:150094302-150095048:+	82.0177299384409	59.559761185386	206.380478744249	147.449940758793
ENSG00000169981	ZNF35	162.988520867028	226.001234477177	99.9758072568788	-1.04327066487444	0.302382523961246	-2.06089451661867	4.82728999988952e-05	0.000372687848498933	protein_coding	chr3:44648732-44660791:+	188.856614989831	263.145853964524	114.246336447709	85.7052780660482
ENSG00000197653	DNAH10	21.701862094155	3.78085639153707	39.6228677967729	2.94154032433213	0.879113939647411	7.68231076154922	4.89068764795121e-05	0.000376990484098899	protein_coding	chr12:123762188-123935720:+	5.39590328542374	2.1658094976504	35.9323154956506	43.3134200978953
ENSG00000170017	ALCAM	208.93009926526	131.288033964117	286.572164566402	1.00024651778877	0.290549166415989	2.00034177541977	5.36565662492785e-05	0.000408622400615258	protein_coding	chr3:105366909-105576900:+	165.114640533967	97.461427394268	281.009134004447	292.135195128358
ENSG00000143919	CAMKMT	100.222693821225	59.4629348001343	140.982452842316	1.10109866610532	0.3228375731738	2.14517993775992	5.37603781059958e-05	0.000409181281917112	protein_coding	chr2:44361947-44772592:+	56.1173941684069	62.8084754318616	138.20121344481	143.763692239823
ENSG00000001617	SEMA3F	59.4880993685713	94.5567886599611	24.4194100771815	-1.69648608914913	0.517972498644126	-3.24110574062516	5.4159453380685e-05	0.000411623501841397	protein_coding	chr3:50155045-50189075:+	114.393149650983	74.7204276689388	16.5841456133772	32.2546745409859
ENSG00000164171	ITGA2	69.9041057842065	35.6837194268653	104.124492141548	1.35310971667952	0.405997643555915	2.55462178949778	5.633982877164e-05	0.000426640966863619	protein_coding	chr5:52989340-53094779:+	30.217058398373	41.1503804553576	100.426215103229	107.822769179867
ENSG00000132334	PTPRE	20.2160295649611	36.746141671118	3.68591745880423	-2.86072894682985	0.877885464664474	-7.26382248847654	5.87644829532701e-05	0.00044375268458087	protein_coding	chr10:127907061-128085855:+	42.0880456263052	31.4042377159308	2.7640242688962	4.60781064871227
ENSG00000140284	SLC27A2	79.8570605929224	42.689083468565	117.02503771728	1.27583173096544	0.382350349877724	2.42138373283787	5.87518350723085e-05	0.00044375268458087	protein_coding	chr15:50182196-50236385:+	49.6423102258984	35.7358567112316	111.482312178813	122.567763255746
ENSG00000140025	EFCAB11	133.628206008387	75.1278127406952	192.12859927608	1.19118227790074	0.355309390800433	2.28339789287896	5.88101696836023e-05	0.00044384846917776	protein_coding	chr14:89794669-89954777:-	77.7010073101019	72.5546181712884	142.807920559637	241.449277992523
ENSG00000162621	LRRC53	11.5182023811183	0	23.0364047622367	6.24527848764348	2.6821636164053	75.8605795165532	6.18873273204457e-05	0.000464700180292322	protein_coding	chr1:74469878-74512614:-	0	0	22.1121941511696	23.9606153733038
ENSG00000173404	INSM1	11.5180368510355	0	23.0360737020711	6.24331874959605	2.68355431740741	75.7576014568021	6.2682453730683e-05	0.000469827677027415	protein_coding	chr20:20368104-20370949:+	0	0	24.8762184200658	21.1959289840764
ENSG00000156475	PPP2R2B	144.439511857651	87.5458384806507	201.333185234652	1.06082205139389	0.314497545451483	2.0861198596234	6.3583831108409e-05	0.000475605642145157	protein_coding	chr5:146581146-147084784:-	98.2054397947121	76.8862371665892	234.942062856177	167.724307613126
ENSG00000198945	L3MBTL3	26.0495215946585	6.48811826360007	45.6109249257169	2.4269394440515	0.753138431830008	5.37751425509529	6.58791331207996e-05	0.000489237140442647	protein_coding	chr6:130013699-130141449:+	5.39590328542374	7.5803332417764	53.4378025319932	37.7840473194406
ENSG00000113441	LNPEP	95.2758696043725	136.185311930144	54.3664272786013	-1.16094051773761	0.350790784177995	-2.23603150853599	6.93699149304492e-05	0.00051261317906572	protein_coding	chr5:96935394-97037513:+	151.085291991865	121.285331868422	47.9097539942008	60.8231005630019
ENSG00000157388	CACNA1D	108.6852835836	155.171523906119	62.199043261081	-1.15535087628258	0.349759864928048	-2.2273848904296	7.08976581665832e-05	0.000522181054042923	protein_coding	chr3:53328963-53813733:+	130.580859507255	179.762188304983	53.4378025319932	70.9602839901689
ENSG00000106069	CHN2	59.629689332012	27.5731060858976	91.6862725781264	1.50506777654972	0.465755919804865	2.83838005387809	7.22059093007983e-05	0.000530654248189309	protein_coding	chr7:29146569-29514328:+	23.7419744558645	31.4042377159308	76.4713381061281	106.901207050125
ENSG00000142279	WTIP	26.5639428535147	47.5993957556829	5.5284899513465	-2.66169107674921	0.844482531240938	-6.32774330928476	7.21829868777562e-05	0.000530654248189309	protein_coding	chr19:34481758-34512304:+	28.0586970842035	67.1400944271624	7.37073138372319	3.68624851896981
ENSG00000229980	TOB1-AS1	47.6274734537269	74.061666404702	21.1932805027518	-1.56070696845206	0.487602183578292	-2.94998367035288	7.58872100787359e-05	0.00055317457363085	lncRNA	chr17:50866679-50910774:+	67.9883813963392	80.1349514130648	22.1121941511696	20.274366854334
ENSG00000247271	ZBED5-AS1	49.5150153747666	21.6283022425804	77.4017285069528	1.5929053995946	0.496663176046441	3.01656234484888	7.5972957900284e-05	0.000553499626652719	lncRNA	chr11:10858179-10908972:+	17.266890513356	25.9897139718048	79.2353623750243	75.5680946388812
ENSG00000197816	CCDC180	19.5022117486507	36.2400681682397	2.76435532906178	-3.18138333520985	0.998295736606646	-9.07176542012512	7.61712359957444e-05	0.000554643721118986	protein_coding	chr9:97307304-97378751:+	21.583613141695	50.8965231947844	2.7640242688962	2.76468638922736
ENSG00000049759	NEDD4L	124.734617744738	184.968162911644	64.5010725778322	-1.31846117937064	0.411550138478518	-2.49399950594027	8.40913076190622e-05	0.000606404287489956	protein_coding	chr18:58044226-58401540:+	120.868233593492	249.068092229796	69.1006067224049	59.9015384332595
ENSG00000213689	TREX1	44.9341551255571	75.1240886489547	14.7442216021596	-2.01210905108943	0.647121527843778	-4.03371471031869	8.40761534270406e-05	0.000606404287489956	protein_coding	chr3:48465811-48467645:+	79.8593686242714	70.388808673638	6.44938996075779	23.0390532435613
ENSG00000198719	DLL1	27.2786973581088	7.56357482894437	46.9938198872732	2.26063407552964	0.719558346590023	4.79202048545065	8.53458743979958e-05	0.000614134117056525	protein_coding	chr6:170282206-170306565:-	9.71262591376274	5.414523744126	48.8310954171662	45.1565443573802
ENSG00000197044	ZNF441	91.8815946594298	130.780098415369	52.9830909034909	-1.13862349618842	0.349829736158613	-2.20170853571092	8.57561967262035e-05	0.000616097804364696	protein_coding	chr19:11767000-11784078:+	145.689388706441	115.870808124296	56.2018268008894	49.7643550060925
ENSG00000204406	MBD5	168.70635697953	245.270074451604	92.1426395074565	-1.22652341543009	0.383636440569789	-2.3400241440726	9.27579957746929e-05	0.000660054119139601	protein_coding	chr2:148021011-148516971:+	318.358293840001	172.181855063207	113.324995024744	70.9602839901689
ENSG00000171126	KCNG3	42.2818280508065	17.2966832472796	67.2669728543334	1.68510515619347	0.538732714755226	3.21563833819015	9.56623099977157e-05	0.000678566670442658	protein_coding	chr2:42442017-42493982:-	17.266890513356	17.3264759812032	58.9658510697856	75.5680946388812
ENSG00000125675	GRIA3	30.2034642833182	9.72752228072455	50.6794062859118	2.03865000557883	0.657320714586126	4.10860889775488	9.83075118496619e-05	0.00069662999882625	protein_coding	chrX:123184153-123490915:+	10.7918065708475	8.6632379906016	54.3591439549586	46.9996686168651
ENSG00000179915	NRXN1	90.7188301738007	130.296369462933	51.1412908846683	-1.1728701583202	0.366682527040362	-2.25459790271399	9.94098317541018e-05	0.000703664645926797	protein_coding	chr2:49918503-51225575:-	112.234788336814	148.357950589052	45.1457297253046	57.1368520440321
ENSG00000144227	NXPH2	57.1308533085383	28.1052482309591	86.1564583861175	1.39558797049655	0.444180859517551	2.6309575489336	0.000104697333329392	0.000737597923492402	protein_coding	chr2:138669157-138780390:-	29.1378777412882	27.07261872063	80.1567037979897	92.1562129742453
ENSG00000203772	SPRN	15.2907238714211	29.1993252550057	1.38212248783663	-3.76119310444916	1.17001060617085	-13.5591337250803	0.000106479697185152	0.000747804411197445	protein_coding	chr10:133420666-133424572:-	22.6627937987797	35.7358567112316	1.8426828459308	0.921562129742453
ENSG00000115468	EFHD1	43.0520226376942	18.3777259502346	67.7263193251537	1.61583679881334	0.520800640989737	3.06489319260095	0.0001067905997656	0.000749205412753028	protein_coding	chr2:232606057-232682780:+	18.3460711704407	18.4093807300284	70.9432895683357	64.5093490819717
ENSG00000285920	AC087721.2	80.8414296058707	28.0773175429057	133.605541668836	1.91944655485203	0.634292126088011	3.78277916277582	0.000111070167140347	0.000774783546613343	protein_coding	chr15:41284007-41380996:+	45.3255875975594	10.829047488252	175.054870363426	92.1562129742453
ENSG00000204052	LRRC73	23.8559154885994	42.1830099656867	5.52882101151208	-2.48809909495066	0.82140825091071	-5.61038235183142	0.000111174577541375	0.000774815817743093	protein_coding	chr6:43506969-43510686:-	29.1378777412882	55.2281421900852	4.606707114827	6.45093490819717
ENSG00000013364	MVP	38.9073075362093	62.1497141676248	15.6649009047938	-1.69741759681425	0.556288596779439	-3.2431991073062	0.000116300788299196	0.000802941120038956	protein_coding	chr16:29820394-29848039:+	67.9883813963392	56.3110469389104	13.820121344481	17.5096804651066
ENSG00000095397	WHRN	40.3044872684221	12.4198877858257	68.1890867510185	2.08868607360649	0.6944255935341	4.25360501834565	0.000119843929995658	0.000825284697650589	protein_coding	chr9:114402080-114505473:-	19.4252518275255	5.414523744126	54.3591439549586	82.0190295470783
ENSG00000113119	TMCO6	120.034935894362	165.433050377775	74.6368214109483	-1.00281220244697	0.313121830460367	-2.00390234251892	0.000120545894002666	0.000829693822129915	protein_coding	chr5:140639427-140645408:+	145.689388706441	185.176712049109	81.0780452209551	68.1955976009415
ENSG00000172650	AGAP5	42.5372619267781	14.5819731917357	70.4925506618205	1.93423270153451	0.642557877473881	3.82174813008119	0.000123854011782209	0.000849419992074924	protein_coding	chr10:73674285-73698159:-	21.583613141695	7.5803332417764	58.0445096468202	82.9405916768208
ENSG00000247095	MIR210HG	86.4991216393706	123.240730182737	49.7575130960038	-1.1337586211354	0.360644884903972	-2.19429671429241	0.000124440160340679	0.000851269438668255	lncRNA	chr11:565660-568457:-	121.947414250577	124.534046114898	57.1231682238547	42.3918579681528
ENSG00000154080	CHST9	17.8978892890595	2.16394745178017	33.6318311263388	3.36784243809067	1.08239123547618	10.3233724094505	0.000125663618718675	0.000857893405150997	protein_coding	chr18:26906481-27185308:-	1.07918065708475	3.2487142464756	43.3030468793738	23.9606153733038
ENSG00000103546	SLC6A2	155.454127364324	218.299868253836	92.6083864748115	-1.07322727907287	0.341914062287324	-2.10413501320177	0.000133848236806564	0.000906407319643245	protein_coding	chr16:55655604-55706192:+	259.00335770034	177.596378807333	71.8646309913011	113.352141958322
ENSG00000165323	FAT3	30.3929122173462	9.18606990631195	51.5997545283805	2.11196484140672	0.706429686797955	4.32279625998391	0.000134271444807436	0.000908358481496585	protein_coding	chr11:92352096-92896470:+	10.7918065708475	7.5803332417764	64.4938996075779	38.705609449183
ENSG00000145198	VWA5B2	102.949909489462	62.151576213495	143.748242765429	1.05252034007325	0.333336749651124	2.07415015556149	0.000134392523911977	0.00090872048973966	protein_coding	chr3:184230429-184242329:+	66.9092007392544	57.3939516877356	128.987799215156	158.508686315702
ENSG00000185633	NDUFA4L2	27.2001031358661	47.0281506473467	7.37205562438552	-2.25857219107303	0.762516444667285	-4.78517667229662	0.00013514253362142	0.00091287389988673	protein_coding	chr12:57234903-57240715:-	45.3255875975594	48.730713697134	3.6853656918616	11.0587455569094
ENSG00000004777	ARHGAP33	164.205308962645	235.805100638581	92.6055172867097	-1.16343198814569	0.375886409164954	-2.23989637213357	0.00013823759969251	0.000931441622377038	protein_coding	chr19:35774532-35788822:+	155.402014620204	316.208186656959	95.8195079884015	89.391526585018
ENSG00000107796	ACTA2	37.1254242352185	12.9762365272001	61.2746119432369	1.90137393903109	0.63753942648133	3.73568792501564	0.000139756141625115	0.000940260304510344	protein_coding	chr10:88935074-88991339:-	10.7918065708475	15.1606664835528	77.3926795290935	45.1565443573802
ENSG00000138792	ENPEP	44.2855776323487	19.46249274493	69.1086625197674	1.56064802141922	0.516341899060378	2.94986313952212	0.000140252062871535	0.000943124996779639	protein_coding	chr4:110365733-110565285:+	17.266890513356	21.658094976504	70.9432895683357	67.2740354711991
ENSG00000135472	FAIM2	178.586754119666	260.425154797546	96.7483534417867	-1.22788738319071	0.400604031377586	-2.34223752018471	0.000141428771846897	0.000949613356250084	protein_coding	chr12:49866896-49904217:-	321.595835811255	199.254473783837	130.830482061087	62.6662248224868
ENSG00000167371	PRRT2	95.3515289539832	136.797522047625	53.9055358603416	-1.15853221324263	0.375064675429914	-2.23230199368546	0.000143522512155653	0.000959413492752207	protein_coding	chr16:29811382-29815892:+	110.076427022644	163.518617072605	48.8310954171662	58.979976303517
ENSG00000134107	BHLHE40	71.3279460707161	39.453403543181	103.202488598251	1.19496161525207	0.389013441922229	2.28938740830507	0.000152438400453798	0.00101013405378383	protein_coding	chr3:4979437-4985323:+	42.0880456263052	36.8187614600568	104.11158079509	102.293396401412
ENSG00000251669	FAM86EP	53.9341463088488	25.3998484047663	82.4684442129313	1.45060270897765	0.481978519039437	2.73322212238072	0.000152470230439525	0.00101013405378383	transcribed_unprocessed_pseudogene	chr4:3941760-3955432:-	28.0586970842035	22.7409997253292	94.8981665654361	70.0387218604264
ENSG00000271474	AC106881.1	120.818480432637	166.997822033166	74.6391388321074	-1.00812705051244	0.323427300901967	-2.01129827738639	0.000158137365196248	0.0010408129248506	lncRNA	chr4:95549129-95552457:+	180.223169733153	153.772474333178	61.7298753386818	87.5484023255331
ENSG00000278928	AC136621.1	89.4731361191215	135.640135463991	43.3061367742525	-1.4030365678149	0.46996957093906	-2.64457624118645	0.000158705836995913	0.00104373339939268	TEC	chr16:55704119-55706422:+	153.243653306034	118.036617621947	60.8085339157163	25.8037396327887
ENSG00000125207	PIWIL1	91.2758754247473	47.5547066547975	134.997044194697	1.28986338216609	0.426579485632627	2.44504900740881	0.000159248660155117	0.00104628003440458	protein_coding	chr12:130337887-130372637:+	53.9590328542374	41.1503804553576	98.5835322572977	171.410556132096
ENSG00000169184	MN1	18.3568152889278	2.1583613141695	34.5552692636862	3.37432065921582	1.12235489865717	10.3698323080774	0.000163695517636808	0.00107183106947295	protein_coding	chr22:27748277-27801756:-	4.31672262833899	0	27.640242688962	41.4702958384104
ENSG00000152104	PTPN14	35.8210766155968	14.0516930925444	57.5904601386491	1.72373542805537	0.584572362886995	3.30290489339743	0.000166921082813406	0.00109082684293367	protein_coding	chr1:214348700-214552449:-	15.1085291991865	12.9948569859024	59.8871924927509	55.2937277845472
ENSG00000135406	PRPH	34.5795493817309	59.9448017066996	9.21429705676221	-2.26477942494095	0.789975613566454	-4.80580937702838	0.000167476003975747	0.00109392169862546	protein_coding	chr12:49293252-49298686:+	90.6511751951189	29.2384282182804	11.0560970755848	7.37249703793963
ENSG00000186088	GSAP	106.215372934014	147.008773280785	65.4219725872435	-1.01035332845069	0.328235246228712	-2.01440438470293	0.000179094393653948	0.00116135028941753	protein_coding	chr7:77310751-77416349:-	154.322833963119	139.694712598451	74.6286552601973	56.2152899142896
ENSG00000170776	AKAP13	1007.19359457212	1536.63237553036	477.754813613875	-1.42757665636733	0.488170519606075	-2.68994496526242	0.000180703720254843	0.00117122136564211	protein_coding	chr15:85380571-85749358:+	1574.52457868665	1498.74017237408	627.433509039437	328.076118188313
ENSG00000204967	PCDHA4	43.5079946913428	68.1261727907359	18.8898165919498	-1.56409515580162	0.535571621858692	-2.95691988560882	0.000182194451552298	0.00117974635480349	protein_coding	chr5:140806929-141012347:+	56.1173941684069	80.1349514130648	18.426828459308	19.3528047245915
ENSG00000181350	LRRC75A	113.153697223488	156.73629556151	69.5710988854665	-1.01228000145035	0.330438943984106	-2.01709635433181	0.000186445784141747	0.0012055333417896	protein_coding	chr17:16441577-16492193:-	165.114640533967	148.357950589052	57.1231682238547	82.0190295470783
ENSG00000105339	DENND3	52.7211740055576	80.5628189893937	24.8795290217216	-1.4339403802168	0.492075291364706	-2.70183651260127	0.000198175757706634	0.00126977883058434	protein_coding	chr8:141117278-141195808:+	65.8300200821697	95.2956178966176	22.1121941511696	27.6468638922736
ENSG00000257108	NHLRC4	13.974635521355	27.0279296197446	0.921341422965399	-4.11582413344645	1.32188772901689	-17.3375018748433	0.000200957894286142	0.00128454501913229	protein_coding	chr16:567005-569495:+	25.900335770034	28.1555234694552	1.8426828459308	0
ENSG00000156711	MAPK13	62.4815446585542	97.7794342642535	27.1836550528548	-1.55494512615898	0.541232021754577	-2.93822550711953	0.000203818480818861	0.0013015929480213	protein_coding	chr6:36127809-36144524:+	129.50167885017	66.0571896783372	20.2695113052388	34.0977988004708
ENSG00000139289	PHLDA1	51.2293529671083	79.4221908185914	23.0365151156252	-1.50584298630858	0.521433835665113	-2.83990562312169	0.000204223328620985	0.00130294096139641	protein_coding	chr12:76025447-76033932:-	99.2846204517969	59.559761185386	21.1908527282042	24.8821775030462
ENSG00000171798	KNDC1	45.2695815024585	70.2677756920733	20.2713873128437	-1.51223201155855	0.523467680182601	-2.85251013326811	0.000205319728578278	0.00130865481816566	protein_coding	chr10:133160219-133226412:+	70.1467427105087	70.388808673638	24.8762184200658	15.6665562056217
ENSG00000183785	TUBA8	18.6669943037966	3.2412660629947	34.0927225445985	2.84059919942626	0.983515703874936	7.16317505547869	0.000206084465301093	0.0013117037263769	protein_coding	chr22:18110331-18146554:+	4.31672262833899	2.1658094976504	42.3817054564084	25.8037396327887
ENSG00000198133	TMEM229B	31.3820965733808	53.5497857366109	9.21440741015073	-2.11714466625971	0.753458678728675	-4.33834464111423	0.000208252987764762	0.00132362685843491	protein_coding	chr14:67447084-67533739:-	31.2962390554577	75.803332417764	10.1347556526194	8.29405916768208
ENSG00000235174	RPL39P3	26.4139638248256	45.9173152104681	6.91061243918313	-2.27557497184103	0.810967682597156	-4.84190566601731	0.00021057821509377	0.00133651081396702	processed_pseudogene	chr6:73373108-73373263:-	61.5132974538307	30.3213329671056	9.21341422965399	4.60781064871227
ENSG00000189184	PCDH18	63.6369677883194	31.9047250811984	95.3692104954404	1.33977188071823	0.460006032854613	2.53111293612014	0.000218266873091259	0.00137686265300391	protein_coding	chr4:137518918-137532494:-	23.7419744558645	40.0674757065324	104.11158079509	86.6268401957906
ENSG00000167995	BEST1	43.490675414759	70.8557792132416	16.1255716162765	-1.78327740334404	0.635660397456784	-3.44207230511466	0.000226512101550546	0.00142286840436866	protein_coding	chr11:61950063-61965515:+	43.16722628339	98.5443321430932	14.7414627674464	17.5096804651066
ENSG00000249395	CASC9	95.4681490956197	132.424938043179	58.5113601480604	-1.01294997907696	0.337342737022837	-2.01803329750482	0.000226736202439415	0.00142361119822955	lncRNA	chr8:75223127-75324741:-	133.818401478509	131.031474607849	65.4152410305433	51.6074792655774
ENSG00000196154	S100A4	49.7861208179653	22.1716166628632	77.4006249730675	1.51870076576164	0.531456777978683	2.86532893158229	0.000230513427230457	0.00144530306891488	protein_coding	chr1:153543613-153550136:-	16.1877098562712	28.1555234694552	88.4487766046783	66.3524733414566
ENSG00000166793	YPEL4	42.6957609530296	66.5018156674981	18.8897062385612	-1.52454916990735	0.53590514869198	-2.87696799118493	0.000232815624949922	0.00145905747434833	protein_coding	chr11:57645087-57649944:-	56.1173941684069	76.8862371665892	19.3481698822734	18.4312425948491
ENSG00000164850	GPER1	47.237657524773	71.899580998792	22.575734050754	-1.40599794901766	0.492802443493086	-2.65001026674668	0.000243822597057389	0.00152095088489092	protein_coding	chr7:1082208-1093815:+	65.8300200821697	77.9691419154144	21.1908527282042	23.9606153733038
ENSG00000132906	CASP9	92.70903913659	129.209740622368	56.2083376508125	-1.02862911343705	0.346639952122765	-2.04008478816985	0.000247257854357777	0.00154095036295539	protein_coding	chr1:15490832-15526534:-	114.393149650983	144.026331593752	58.0445096468202	54.3721656548047
ENSG00000116151	MORN1	92.7186125460881	132.914253133225	52.5229719589508	-1.13813162518682	0.391485818245225	-2.20095801535706	0.000257282562041217	0.00159455906769232	protein_coding	chr1:2321253-2391707:-	164.035459876882	101.793046389569	50.673778263097	54.3721656548047
ENSG00000091157	WDR7	152.440655518459	229.318844420851	75.5624666160663	-1.3463053226742	0.475584026504392	-2.54260142144241	0.000258216128645929	0.0015988714153587	protein_coding	chr18:56651343-57036606:+	148.926930677695	309.710758164007	46.9884125712354	104.136520660897
ENSG00000246695	RASSF8-AS1	88.5324564477708	54.0502731018785	123.014639793663	1.01476925971585	0.346082120078614	2.02057970171902	0.000288825998584813	0.00176244140425007	lncRNA	chr12:25936683-25959765:-	55.0382135113222	53.0623326924348	116.08901929364	129.940260293686
ENSG00000157654	PALM2AKAP2	93.346869387616	56.7687072491629	129.925031526069	1.02089344717831	0.349131956957628	2.02917521926338	0.000292453396763169	0.00178134317620827	protein_coding	chr9:109498325-110172512:+	48.5631295688137	64.974284929512	127.145116369225	132.704946682913
ENSG00000139567	ACVRL1	16.5093824991139	30.2542993157775	2.76446568245031	-2.83556205126511	1.04756743493841	-7.13820854734851	0.000313732976012153	0.00189380376767839	protein_coding	chr12:51906908-51923361:+	38.850503655051	21.658094976504	1.8426828459308	3.68624851896981
ENSG00000267751	AC009005.1	32.2472254403329	12.4329221069173	52.0615287737485	1.71433875188242	0.627666406516361	3.28146205774537	0.000315466537706674	0.00190170751484404	lncRNA	chr19:567210-572228:-	11.8709872279322	12.9948569859024	56.2018268008894	47.9212307466076
ENSG00000204514	ZNF814	70.9097971391725	40.0004420552043	101.819152223141	1.14003552317139	0.400441572495733	2.20386449636921	0.000319091899780551	0.00191926071562998	protein_coding	chr19:57848731-57889074:-	38.850503655051	41.1503804553576	112.403653601779	91.2346508445029
ENSG00000123689	G0S2	74.4528987724882	41.0963811251211	107.809416419855	1.17204536075402	0.417248078345772	2.25330930370805	0.000342325902352839	0.0020398498275336	protein_coding	chr1:209675412-209676390:+	31.2962390554577	50.8965231947844	111.482312178813	104.136520660897
ENSG00000282936	AC004706.3	50.2833762376002	75.68788557381	24.8788669013904	-1.33707657870009	0.487490299751694	-2.52638862162395	0.000349466677319948	0.00207504518466931	protein_coding	chr17:6628619-6640456:-	66.9092007392544	84.4665704083656	27.640242688962	22.1174911138189
ENSG00000173826	KCNH6	66.3496016128988	96.7617011208862	35.9375021049113	-1.19785241714876	0.430886334873942	-2.29397937007369	0.000353242364964301	0.00209338109688059	protein_coding	chr17:63523334-63548977:+	91.7303558522036	101.793046389569	28.5615841119274	43.3134200978953
ENSG00000198929	NOS1AP	45.2776366295763	70.2826720590351	20.2726012001175	-1.48356145151097	0.551470360891106	-2.79638199584638	0.000364870648573786	0.0021513131752165	protein_coding	chr1:162069691-162370475:+	61.5132974538307	79.0520466642396	14.7414627674464	25.8037396327887
ENSG00000198053	SIRPA	39.29261719229	61.0779816940209	17.507252690559	-1.49086321041979	0.553934199645673	-2.810570902623	0.000367470747421328	0.00216285080178094	protein_coding	chr20:1894167-1940592:+	61.5132974538307	60.6426659342112	20.2695113052388	14.7449940758793
ENSG00000133101	CCNA1	47.8657804380756	21.0942980516487	74.6372628245024	1.50596668590512	0.565215886308656	2.84014913282446	0.000398091800576498	0.0023227490785047	protein_coding	chr13:36431520-36442870:+	12.950167885017	29.2384282182804	77.3926795290935	71.8818461199114
ENSG00000136048	DRAM1	19.171076603194	3.78644252914775	34.5557106772403	2.59901493845878	0.996466405683504	6.05872799858867	0.000413014200024225	0.00240044424205955	protein_coding	chr12:101877580-102012130:+	2.1583613141695	5.414523744126	23.9548769971004	45.1565443573802
ENSG00000127328	RAB3IP	167.396205477959	98.4363334826201	236.356077473298	1.06424974876623	0.383304725807342	2.09108216186039	0.000417132483215934	0.0024233325126441	protein_coding	chr12:69738681-69823204:+	62.5924781109154	134.280188854325	205.459137321284	267.253017625311
ENSG00000162755	KLHDC9	37.9812943102879	58.915896288111	17.0466923324648	-1.47280237989441	0.556419173863837	-2.77560521009068	0.000420482052201076	0.00243963033651953	protein_coding	chr1:161098361-161100346:+	59.3549361396612	58.4768564365608	18.426828459308	15.6665562056217
ENSG00000177045	SIX5	118.195351794389	68.6843835779805	167.706320010797	1.08136269224042	0.392877144973403	2.11603382938264	0.000439637528253679	0.00253572763642502	protein_coding	chr19:45764785-45769252:-	46.4047682546442	90.9639989013168	150.17865194336	185.233988078233
ENSG00000181215	C4orf50	16.7414695473369	30.2580234075179	3.22491568715595	-2.60910899455769	1.02468721017301	-6.10126754192454	0.000462484460028301	0.00265356378110948	protein_coding	chr4:5897373-6200555:-	36.6921423408815	23.8239044741544	4.606707114827	1.84312425948491
ENSG00000158406	H4C8	18.3778747920369	33.5309442503065	3.22480533376742	-2.72201125371881	1.08063992102085	-6.59791985564466	0.000465541517710247	0.00266996497726444	protein_coding	chr6:26277609-26285638:-	22.6627937987797	44.3990947018332	5.5280485377924	0.921562129742453
ENSG00000183287	CCBE1	21.1712124463843	5.94480384331725	36.3976210494514	2.12142021997738	0.829228294503321	4.35122077761078	0.000479623168000473	0.00274020900018622	protein_coding	chr18:59430939-59697662:-	6.47508394250849	5.414523744126	34.0896326497198	38.705609449183
ENSG00000129675	ARHGEF6	70.2964004100806	41.0758986205486	99.5169021996126	1.06926291894391	0.39150297673491	2.09836102881989	0.000484619025538804	0.00276459484327427	protein_coding	chrX:136665547-136780932:-	43.16722628339	38.9845709577072	98.5835322572977	100.450272141927
ENSG00000049323	LTBP1	71.0005023453539	35.1106122726589	106.890392418049	1.323478430657	0.504605317687007	2.50268797117195	0.000494214714869136	0.00280451210982068	protein_coding	chr2:32946953-33399509:+	48.5631295688137	21.658094976504	90.2914594506091	123.489325385489
ENSG00000116990	MYCL	78.8018440252401	47.0281506473467	110.575537403133	1.03509561125555	0.377921956965247	2.04924945080262	0.000494179009436962	0.00280451210982068	protein_coding	chr1:39895426-39902256:-	45.3255875975594	48.730713697134	99.5048736802631	121.646201126004
ENSG00000113578	FGF1	41.2897462407653	63.2288948247095	19.350597656821	-1.40001712874896	0.538514366163756	-2.63904715409118	0.000496759902613681	0.00281539145817589	protein_coding	chr5:142592178-142698070:-	70.1467427105087	56.3110469389104	18.426828459308	20.274366854334
ENSG00000205363	INSYN1	61.4781098839015	27.5880024528594	95.3682173149436	1.46566468137076	0.567988982898084	2.7619068850244	0.00049818758725685	0.00282229353876048	protein_coding	chr15:73735431-73752747:-	15.1085291991865	40.0674757065324	112.403653601779	78.3327810281085
ENSG00000111077	TNS2	49.8021942405442	82.0977979108606	17.5065905702279	-1.80035658516679	0.722339857820371	-3.48306304157146	0.000503750913422918	0.0028454204261339	protein_coding	chr12:53046969-53064379:+	117.630691622238	46.5649041994836	25.7975598430312	9.21562129742453
ENSG00000167554	ZNF610	75.9945639910989	43.2566044851608	108.732523497037	1.10892831260479	0.411262234377816	2.15685368684788	0.000504320900595934	0.00284744407729417	protein_coding	chr19:52336243-52367778:+	34.533781026712	51.9794279436096	98.5835322572977	118.881514736776
ENSG00000253457	SMIM18	44.8377885796408	67.5605138200104	22.1150633392713	-1.32415479082661	0.506469600963702	-2.50386154927573	0.000505427094214913	0.0028512957173223	protein_coding	chr8:30638580-30646064:+	70.1467427105087	64.974284929512	20.2695113052388	23.9606153733038
ENSG00000166436	TRIM66	102.824060937789	60.5234949985168	145.124626877062	1.05169013830449	0.392783018784793	2.0729569250308	0.00056579430093278	0.00315610433564702	protein_coding	chr11:8612037-8682694:-	69.0675620534239	51.9794279436096	178.740236055287	111.509017698837
ENSG00000204444	APOM	38.0524236607693	16.2119164525842	59.8929308689544	1.53286925152914	0.605560337312987	2.89360751818648	0.000568112838437943	0.00316772369989714	protein_coding	chr6:31652416-31658210:+	18.3460711704407	14.0777617347276	71.8646309913011	47.9212307466076
ENSG00000164398	ACSL6	25.7324720054494	42.7114280190077	8.75351599189098	-1.8329235765939	0.749266963593447	-3.56258287790648	0.000607430461874932	0.00336740819528275	protein_coding	chr5:131949973-132012243:-	36.6921423408815	48.730713697134	11.0560970755848	6.45093490819717
ENSG00000213462	ERV3-1	135.112397842565	189.134059824495	81.0907358606357	-1.01604262584935	0.382308607862489	-2.02236391355839	0.000609982341377208	0.0033801617260742	protein_coding	chr7:64990356-65006743:-	216.915312074034	161.352807574955	56.2018268008894	105.979644920382
ENSG00000226328	NUP50-DT	50.0246935191877	25.4110206799877	74.6383663583877	1.27303782231251	0.496198812363208	2.41669904316895	0.000615547632012016	0.00340819271425673	lncRNA	chr22:45133020-45163781:-	21.583613141695	29.2384282182804	68.1792652994395	81.0974674173359
ENSG00000173890	GPR160	20.710210674736	5.94480384331725	35.4756175061548	2.05477140127445	0.843580552577197	4.15477802580733	0.000633695690526771	0.00349110427699504	protein_coding	chr3:170037995-170085392:+	6.47508394250849	5.414523744126	37.7749983415814	33.1762366707283
ENSG00000261754	AC008555.1	73.0108726113824	102.713953147684	43.3077920750804	-1.03331525655809	0.391339501693892	-2.04672213867916	0.000633896694506795	0.00349110427699504	lncRNA	chr19:34811589-34814345:-	93.8887171663731	111.539189128996	46.9884125712354	39.6271715789255
ENSG00000183506	PI4KAP2	378.904693083917	590.559874499921	167.249511667912	-1.46558769336015	0.598218679438047	-2.76175950249576	0.000640312820921006	0.00352065900652767	transcribed_unitary_pseudogene	chr22:21473000-21517533:-	723.051040246782	458.06870875306	117.010360716606	217.488662619219
ENSG00000244239	AC007009.1	71.6621272042166	103.242371201005	40.0818832074277	-1.12153553356791	0.434958295085079	-2.17578429074926	0.000664613116812791	0.00363496616836732	lncRNA	chr7:8262233-8262821:+	101.442981765966	105.041760636044	50.673778263097	29.4899881517585
ENSG00000149591	TAGLN	35.3447223012749	57.3287800822777	13.3606645202721	-1.67553502539792	0.699993329567649	-3.19437796515953	0.000702537061060276	0.00381600199281084	protein_coding	chr11:117199370-117207464:+	37.7713229979662	76.8862371665892	16.5841456133772	10.137183427167
ENSG00000279170	TSTD3	31.0406805231245	49.1809258239056	12.9004352223435	-1.54783270604821	0.63633329901517	-2.92377583805174	0.000703198957598148	0.00381805522032196	protein_coding	chr6:99520693-99589899:+	52.8798521971527	45.4819994506584	11.9774384985502	13.8234319461368
ENSG00000196912	ANKRD36B	56.1161683634674	83.206771301869	29.0255654250659	-1.2339026460294	0.493406547934458	-2.35202377917973	0.000723020267494754	0.00390989126559587	protein_coding	chr2:97492663-97589965:-	102.522162423051	63.8913801806868	30.4042669578582	27.6468638922736
ENSG00000259295	CSPG4P12	43.1108961089908	65.9491910178641	20.2726012001175	-1.37075518360862	0.558959916509706	-2.58605898838419	0.000732782364450415	0.00395473114746936	transcribed_unprocessed_pseudogene	chr15:85191438-85213905:+	62.5924781109154	69.3059039248128	14.7414627674464	25.8037396327887
ENSG00000280119	AC093642.2	36.1718684842263	56.2179446453991	16.1257923230536	-1.44637499911784	0.594089216426167	-2.7252243436487	0.000734211457225656	0.00396085434746404	TEC	chr2:242001209-242006013:+	53.9590328542374	58.4768564365608	12.8987799215156	19.3528047245915
ENSG00000107147	KCNT1	61.5417994987075	90.8317936445308	32.2518053528842	-1.21280293179909	0.485953288539864	-2.3178752667549	0.000744389970873378	0.00401254537806656	protein_coding	chr9:135702185-135795508:+	76.6218266530172	105.041760636044	23.9548769971004	40.5487337086679
ENSG00000099139	PCSK5	19.5644666179865	34.0612243494977	5.06770888647528	-2.16708160180745	0.928329136265765	-4.49113970923651	0.000751448099424044	0.00404249019566159	protein_coding	chr9:75890644-76362975:+	29.1378777412882	38.9845709577072	7.37073138372319	2.76468638922736
ENSG00000170743	SYT9	24.0850439379343	42.1811479198165	5.98893995605215	-2.21300714844147	0.962056760971847	-4.63640678059511	0.00075181260583726	0.00404283396077781	protein_coding	chr11:7238778-7469043:+	30.217058398373	54.14523744126	10.1347556526194	1.84312425948491
ENSG00000161939	RNASEK-C17orf49	73.2211191394631	43.2379840264585	103.204254252468	1.03286867369564	0.40319368429163	2.04608867869494	0.000802020422579934	0.00429564821317305	protein_coding	chr17:7012635-7017520:+	45.3255875975594	41.1503804553576	89.3701180276437	117.038390477292
ENSG00000146469	VIP	67.6482216931595	39.4645758184024	95.8318675679165	1.05163126068142	0.411974917788283	2.07287232760547	0.00080303484395132	0.0042993692740053	protein_coding	chr6:152750797-152759765:+	35.6129616837967	43.316189953008	88.4487766046783	103.214958531155
ENSG00000104856	RELB	43.4303371573838	67.0488541795214	19.8118201352463	-1.40404705730058	0.58836719677103	-2.64642919867071	0.000834133887284001	0.00444463813394712	protein_coding	chr19:45001449-45038198:+	52.8798521971527	81.21785616189	14.7414627674464	24.8821775030462
ENSG00000187824	TMEM220	38.6241469906809	61.5840551968993	15.6642387844626	-1.56486791589466	0.668798731025359	-2.95850414402264	0.00083924858611649	0.0044683508450834	protein_coding	chr17:10699015-10730023:-	82.0177299384409	41.1503804553576	19.3481698822734	11.9803076866519
ENSG00000261052	SULT1A3	82.5739149480713	42.1308726813204	123.016957214822	1.24440837941934	0.514490807786931	2.36921377513512	0.000884127377465984	0.00466299180374118	protein_coding	chr16:30199228-30204310:+	59.3549361396612	24.9068092229796	96.7408494113669	149.293065018277
ENSG00000118263	KLF7	650.657299221509	956.234936097153	345.079662345864	-1.18344246429825	0.489280420868902	-2.27118065242601	0.000894462354250461	0.00471011127733533	protein_coding	chr2:207074137-207167267:-	1237.82021367621	674.6496585181	378.671324838779	311.487999852949
ENSG00000092208	GEMIN2	71.2117142818812	41.0647263453272	101.358702218435	1.06386195823393	0.425317116899419	2.09052016305408	0.00089777350561249	0.00472200073405647	protein_coding	chr14:39114223-39136973:+	49.6423102258984	32.487142464756	109.639629332883	93.0777751039878
ENSG00000177839	PCDHB9	44.4290056647466	74.1156657349385	14.7423455945546	-1.81778904193905	0.813969011849256	-3.52540509162997	0.000911057376842265	0.00477878730934151	protein_coding	chr5:141187127-141191541:+	36.6921423408815	111.539189128996	22.1121941511696	7.37249703793963
ENSG00000176020	AMIGO3	70.5559042572243	31.9214834940305	109.190325020418	1.40995755568462	0.604012554919568	2.65729344905112	0.000936744216441783	0.00489633617058902	protein_coding	chr3:49716829-49719684:-	14.0293485421017	49.8136184459592	123.459750677364	94.9208993634727
ENSG00000254206	NPIPB11	47.4478689015895	24.8658442138346	70.0298935893443	1.20302791579185	0.496484640286195	2.30222352967984	0.00094554110802991	0.00493464585250068	protein_coding	chr16:29381354-29404029:-	23.7419744558645	25.9897139718048	73.7073138372319	66.3524733414566
ENSG00000131849	ZNF132	50.3955528745291	74.0691145881829	26.7219911608753	-1.18240051083375	0.489376265270751	-2.26954093639072	0.000946989080167266	0.00494028554661349	protein_coding	chr19:58432814-58440153:-	63.6716587680002	84.4665704083656	27.640242688962	25.8037396327887
ENSG00000100100	PIK3IP1	54.9644748964803	79.9822636517063	29.9466861412542	-1.14263353046863	0.470062025299018	-2.20783679429919	0.000952527132296257	0.00496548317189987	protein_coding	chr22:31281594-31292534:-	88.4928138809494	71.4717134224632	34.0896326497198	25.8037396327887
ENSG00000147119	CHST7	26.6823216685003	43.2286737971074	10.1359695398932	-1.6415681535274	0.720324609925823	-3.12004784710541	0.000966196704468501	0.00502101216321363	protein_coding	chrX:46573765-46598496:+	50.7214908829832	35.7358567112316	10.1347556526194	10.137183427167
ENSG00000185437	SH3BGR	45.7949760727841	68.0926559650718	23.4972961804964	-1.22845577762964	0.514467044083589	-2.34316049907782	0.000971807740431334	0.00504043281953761	protein_coding	chr21:39445855-39515506:+	75.5426459959324	60.6426659342112	21.1908527282042	25.8037396327887
ENSG00000070371	CLTCL1	76.0263409476361	43.7850225384818	108.26765935679	1.06158937466005	0.430492991085344	2.08722969505115	0.000980730386897811	0.00507692185272851	protein_coding	chr22:19179473-19291719:-	42.0880456263052	45.4819994506584	132.673164907017	83.8621538065632
ENSG00000165359	INTS6L	76.9144100722816	112.363269501859	41.4655506427037	-1.15524521162281	0.480617234784751	-2.22722176014822	0.000984651956165595	0.00509134339041564	protein_coding	chrX:135520643-135582510:+	150.00611133478	74.7204276689388	39.6176811875122	43.3134200978953
ENSG00000178385	PLEKHM3	122.617671339473	171.980754109222	73.2545885697232	-1.00094754089774	0.40620266920112	-2.00131400206486	0.0010358798500727	0.00533101878165181	protein_coding	chr2:207821288-208025527:-	116.551510965153	227.409997253292	80.1567037979897	66.3524733414566
ENSG00000279069	AC015813.5	41.7873043987495	63.7628990156412	19.8117097818578	-1.33405474088845	0.576126642366293	-2.5211024407827	0.00104485766284749	0.00536961815347186	TEC	chr17:58006674-58008187:+	74.4634653388477	53.0623326924348	15.6628041904118	23.9606153733038
ENSG00000137801	THBS1	19.481057416334	32.9727334630618	5.98938136960626	-1.90813500149939	0.86179216309863	-3.75323598203818	0.00105207778647365	0.00540259417727533	protein_coding	chr15:39581079-39599466:+	32.3754197125425	33.5700472135812	6.44938996075779	5.52937277845472
ENSG00000181234	TMEM132C	26.4818662844188	9.19538013566308	43.7683524331746	1.75600551338542	0.785585589136452	3.3776164575275	0.00105360240222342	0.00540629481400334	protein_coding	chr12:128267403-128707915:+	5.39590328542374	12.9948569859024	48.8310954171662	38.705609449183
ENSG00000275038	AC091980.2	35.0861154899015	54.0465490101381	16.125681969665	-1.37470828503704	0.599622632311562	-2.59315471676257	0.0010808343634722	0.0055354689087348	lncRNA	chr5:171305980-171309777:-	57.1965748254917	50.8965231947844	13.820121344481	18.4312425948491
ENSG00000255439	AC135050.2	39.5945854696284	18.3721398126239	60.8170311266329	1.36503294887522	0.592361867341978	2.57582208605444	0.00108888830035554	0.00557035327176934	protein_coding	chr16:31083439-31094956:-	21.583613141695	15.1606664835528	50.673778263097	70.9602839901689
ENSG00000131459	GFPT2	35.5226243694377	16.2193646360651	54.8258841028102	1.38704387779941	0.603686270110736	2.61542224072209	0.00110053322093376	0.00562350732839597	protein_coding	chr5:180300698-180353336:-	14.0293485421017	18.4093807300284	58.9658510697856	50.6859171358349
ENSG00000174370	C11orf45	15.6749933152777	3.24499015473515	28.1049964758202	2.40793740588052	1.088904304203	5.30715029639555	0.00111888390235757	0.00570211049746381	protein_coding	chr11:128899565-128906069:-	2.1583613141695	4.3316189953008	22.1121941511696	34.0977988004708
ENSG00000198010	DLGAP2	57.2873822637301	30.2598854533882	84.314879074072	1.18025455378978	0.501443781549134	2.26616758527321	0.00112563938001208	0.00573219387420767	protein_coding	chr8:737596-1708474:+	35.6129616837967	24.9068092229796	67.2579238764741	101.37183427167
ENSG00000170608	FOXA3	20.2491210547475	34.0481900284061	6.45005208108896	-1.85180854841606	0.850069377445476	-3.60952387935544	0.00114384718386766	0.00581830589101218	protein_coding	chr19:45863989-45873797:+	36.6921423408815	31.4042377159308	7.37073138372319	5.52937277845472
ENSG00000128604	IRF5	54.5342296476476	80.5032335215464	28.5652257737488	-1.1871680699056	0.510128744772157	-2.27705331299115	0.00115570524563628	0.00586752731165057	protein_coding	chr7:128937457-128950038:+	100.363801108882	60.6426659342112	26.7189012659966	30.411550281501
ENSG00000287762	AC108050.1	14.7108472480345	2.6998136885821	26.7218808074868	2.55076675899505	1.15562040723168	5.85945612157353	0.00116240055737552	0.00589929248911073	lncRNA	chr4:41608312-41612411:-	4.31672262833899	1.0829047488252	28.5615841119274	24.8821775030462
ENSG00000189423	USP32P3	54.486674566829	26.5013736122938	82.4719755213642	1.29311880083944	0.566020399613831	2.45057245148427	0.00117682882818979	0.00596468818582937	transcribed_unprocessed_pseudogene	chr17:20408311-20434286:+	17.266890513356	35.7358567112316	65.4152410305433	99.528710012185
ENSG00000073350	LLGL2	127.323296209917	183.691605392315	70.9549870275196	-1.09425303657972	0.467595120915321	-2.13502510869516	0.00121896407069366	0.00615505019472008	protein_coding	chr17:75525080-75575209:+	233.103021930306	134.280188854325	44.2243883023392	97.6855857527
ENSG00000249353	NPM1P27	61.0272311727523	34.0537761660168	88.0006861794877	1.09625843308477	0.464657609753867	2.13799493178062	0.00122510455004478	0.00617326005753175	processed_pseudogene	chr5:93682838-93683667:-	33.4546003696272	34.6529519624064	70.9432895683357	105.05808279064
ENSG00000125848	FLRT3	54.5220889308658	30.2598854533882	78.7842924083435	1.09818745692496	0.473618345162802	2.14085555135958	0.00135334718785181	0.00672125787644721	protein_coding	chr20:14322985-14337614:-	35.6129616837967	24.9068092229796	77.3926795290935	80.1759052875934
ENSG00000163071	SPATA18	33.5555415276199	14.5875593293464	52.5235237258935	1.43204108078018	0.65762973178112	2.69828190123536	0.001385975946789	0.0068429845443009	protein_coding	chr4:52051304-52097299:+	18.3460711704407	10.829047488252	46.06707114827	58.979976303517
ENSG00000278709	NKILA	27.1506060935467	43.2435701640692	11.0576420230242	-1.51217161191286	0.706115181129667	-2.85239071302337	0.00138703092969195	0.0068455702654778	lncRNA	chr20:57710156-57712780:+	42.0880456263052	44.3990947018332	9.21341422965399	12.9018698163943
ENSG00000215790	SLC35E2A	65.187997953791	93.5167109661511	36.8592849414308	-1.06566738497595	0.462890472965893	-2.09313793292441	0.00141439761398728	0.00694749215139331	protein_coding	chr1:1724838-1745999:-	89.5719945380341	97.461427394268	26.7189012659966	46.9996686168651
ENSG00000159958	TNFRSF13C	27.5185803382587	10.8067029378093	44.2304577387081	1.56204404531593	0.73250927555481	2.95271895616436	0.00143543120709705	0.0070430916834178	protein_coding	chr22:41922023-41926818:-	12.950167885017	8.6632379906016	37.7749983415814	50.6859171358349
ENSG00000140488	CELF6	50.8172218793165	76.7540319098032	24.8804118488298	-1.26305710586001	0.576747504063017	-2.4000377629991	0.00145038846785314	0.00710870062104841	protein_coding	chr15:72284727-72320157:-	76.6218266530172	76.8862371665892	14.7414627674464	35.0193609302132
ENSG00000130518	IQCN	38.1651079108784	58.3614095926068	17.9688062291499	-1.31338639827034	0.607813996419683	-2.48524209899709	0.00150092782825923	0.00731906394570643	protein_coding	chr19:18257097-18274509:-	66.9092007392544	49.8136184459592	13.820121344481	22.1174911138189
ENSG00000136449	MYCBPAP	26.642972213359	42.689083468565	10.5968609581529	-1.53291823963171	0.732589954330309	-2.8937057750908	0.00151535683787002	0.00737605288183639	protein_coding	chr17:50508384-50531501:+	49.6423102258984	35.7358567112316	9.21341422965399	11.9803076866519
ENSG00000253230	LINC00599	120.548952665632	175.210847896996	65.8870574342673	-1.10690000086347	0.496021756945869	-2.15382345683545	0.00153766462817579	0.00746302835955835	lncRNA	chr8:9899871-9906678:-	127.343317536	223.078378257991	38.6963397645468	93.0777751039878
ENSG00000115896	PLCL1	53.8066505058072	76.7447216804521	30.8685793311623	-1.03752921821869	0.457618632227875	-2.05270913990491	0.00160861247435783	0.00774864941534329	protein_coding	chr2:197804593-198572581:+	82.0177299384409	71.4717134224632	31.3256083808236	30.411550281501
ENSG00000254612	AP001000.1	27.0222842633752	10.2745607927478	43.7700077340025	1.58741194529246	0.770907111210381	3.00509780316137	0.0016337758856364	0.00785860224818453	processed_pseudogene	chr11:127940913-127941654:-	7.55426459959324	12.9948569859024	35.0109740726852	52.5290413953198
ENSG00000242628	AC009228.1	11.7318236292094	21.6208540590995	1.84279319931933	-2.6535436084829	1.31207866784196	-6.2921087614114	0.00166973109478805	0.00799153505117598	lncRNA	chr2:24210650-24222201:+	21.583613141695	21.658094976504	2.7640242688962	0.921562129742453
ENSG00000236438	FAM157A	31.4693947862526	48.656231862325	14.2825577101801	-1.35120739464307	0.644397989544101	-2.55125551276399	0.00168643004891882	0.00806285024099155	transcribed_unprocessed_pseudogene	chr3:198153287-198222513:+	43.16722628339	54.14523744126	13.820121344481	14.7449940758793
ENSG00000104205	SGK3	22.1715768589306	7.02584654627222	37.3173071715889	1.80823871983586	0.903844467171808	3.50214476365974	0.0016951417268527	0.00809586686237285	protein_coding	chr8:66712734-66862022:+	7.55426459959324	6.4974284929512	49.7524368401316	24.8821775030462
ENSG00000224861	YBX1P1	63.0732266507623	36.7666241756905	89.3798291258341	1.01407912966811	0.447501115276389	2.01961336493203	0.00170192874068678	0.00812539568104244	processed_pseudogene	chr14:66012830-66013789:-	30.217058398373	43.316189953008	97.6621908343323	81.0974674173359
ENSG00000224616	RTCA-AS1	71.5877152363868	33.5160478833447	109.659382589429	1.31129992112419	0.625891983862304	2.48165045083426	0.0017045272677846	0.00813491384827364	lncRNA	chr1:100251528-100266179:-	31.2962390554577	35.7358567112316	54.3591439549586	164.959621223899
ENSG00000206417	H1FX-AS1	49.3585699180853	72.4559297401665	26.2612100960041	-1.13721706964568	0.522424767370389	-2.19956322268317	0.00171973189461938	0.00820165753572198	lncRNA	chr3:129315392-129326225:+	57.1965748254917	87.7152846548412	27.640242688962	24.8821775030462
ENSG00000029153	ARNTL2	35.6994185538854	56.1956000949564	15.2032370128144	-1.42878705643648	0.698402719141774	-2.69220273678862	0.00172259120706649	0.0082065636357907	protein_coding	chr12:27332854-27425289:+	66.9092007392544	45.4819994506584	21.1908527282042	9.21562129742453
ENSG00000139344	AMDHD1	19.7068480107884	32.9634232337107	6.45027278786601	-1.75599662360882	0.888843650173875	-3.37759564497712	0.00176159372969316	0.00836275117212963	protein_coding	chr12:95943331-95968720:+	37.7713229979662	28.1555234694552	5.5280485377924	7.37249703793963
ENSG00000138131	LOXL4	22.2872960741516	36.7424175793776	7.83217456892558	-1.66737442886574	0.840713188584681	-3.17635999116604	0.0017695035518423	0.00838692791139345	protein_coding	chr10:98247690-98268194:-	44.2464069404747	29.2384282182804	9.21341422965399	6.45093490819717
ENSG00000183628	DGCR6	49.1839682290694	26.4939254288129	71.8740110293259	1.12217503691226	0.5130852751968	2.17674896431108	0.00176823128279233	0.00838692791139345	protein_coding	chr22:18906028-18914238:+	21.583613141695	31.4042377159308	65.4152410305433	78.3327810281085
ENSG00000168938	PPIC	61.3693666359757	35.6613748764226	87.0773583955288	1.01388513581194	0.453743065229734	2.01934181326431	0.00183013377630655	0.00864236978846447	protein_coding	chr5:123023250-123036725:-	43.16722628339	28.1555234694552	85.6847523357821	88.4699644552755
ENSG00000255182	AC084125.2	27.0562292457735	44.8977200212306	9.21473847031632	-1.69477007625022	0.876802779915598	-3.23725290084726	0.00183859240190255	0.00866709751601382	lncRNA	chr8:144495458-144505444:-	24.8211551129492	64.974284929512	7.37073138372319	11.0587455569094
ENSG00000174292	TNK1	18.4329021846689	31.3372040646027	5.52860030473503	-1.8491527231686	0.961903900199356	-3.60288529932311	0.00188349982812419	0.00885086973740121	protein_coding	chr17:7380534-7389774:+	38.850503655051	23.8239044741544	6.44938996075779	4.60781064871227
ENSG00000228526	MIR34AHG	57.7648762721521	33.5197719750851	82.0099805692191	1.01382300973972	0.456907654188047	2.01925485720595	0.00190168294649797	0.00892073036185949	lncRNA	chr1:9148011-9198906:-	29.1378777412882	37.901666208882	75.5499966831627	88.4699644552755
ENSG00000184949	FAM227A	51.8312131965097	24.8751544431858	78.7872719498337	1.26828723270203	0.614311192349657	2.40875428454655	0.00192028552094716	0.0089798052751107	protein_coding	chr22:38578120-38656629:-	18.3460711704407	31.4042377159308	52.5164611090278	105.05808279064
ENSG00000235314	LINC00957	55.6341520044957	79.4780521946982	31.7902518142932	-1.03109253213542	0.471202153670599	-2.04357123259155	0.00192881522354037	0.00901342458005366	lncRNA	chr7:44039171-44042306:+	66.9092007392544	92.046903650142	30.4042669578582	33.1762366707283
ENSG00000228192	AL512353.1	20.4808133227972	5.94480384331725	35.0168228022771	1.8872371162646	0.990375317409036	3.69926105998381	0.00197472880076788	0.0091928444588187	lncRNA	chr1:42832522-42846422:-	6.47508394250849	5.414523744126	21.1908527282042	48.84279287635
ENSG00000143450	OAZ3	18.3668455418501	5.40521351477487	31.3284775689253	1.87216466685103	0.975663947223189	3.66081448804168	0.00201172596611781	0.00932955259252358	protein_coding	chr1:151762899-151771334:+	5.39590328542374	5.414523744126	38.6963397645468	23.9606153733038
ENSG00000184451	CCR10	28.7216484176165	45.924763393949	11.5185334412839	-1.48323462546275	0.762726227163168	-2.79574857926235	0.002042078993108	0.009454017341931	protein_coding	chr17:42678889-42683917:-	57.1965748254917	34.6529519624064	8.29207280668859	14.7449940758793
ENSG00000076662	ICAM3	53.0183043392533	28.6336662842801	77.4029423942266	1.10191564720033	0.525272992241782	2.14639507174789	0.00217451875381381	0.00997143722250179	protein_coding	chr19:10333776-10339661:-	36.6921423408815	20.5751902276788	69.1006067224049	85.7052780660482
ENSG00000118432	CNR1	19.2862215464241	5.39962737716419	33.172815715684	1.91129119358921	1.03215276597506	3.7614559457478	0.00217460222868598	0.00997143722250179	protein_coding	chr6:88139864-88166359:-	8.63344525667799	2.1658094976504	28.5615841119274	37.7840473194406
ENSG00000229891	LINC01315	35.5525378690777	54.0577212853594	17.047354452796	-1.25226941533187	0.625524716993692	-2.38215851214253	0.00219460849732538	0.0100597442673923	lncRNA	chr22:42364390-42369284:-	50.7214908829832	57.3939516877356	12.8987799215156	21.1959289840764
ENSG00000110318	CEP126	75.8387461140885	112.515957263218	39.1615349649591	-1.15292860971236	0.56882051640011	-2.22364827735237	0.00224261844783916	0.0102344674261924	protein_coding	chr11:101915010-102001062:+	61.5132974538307	163.518617072605	40.5390226104776	37.7840473194406
ENSG00000257702	LBX2-AS1	41.9087899495107	21.6208540590995	62.196725839922	1.15986581421006	0.565432477339681	2.23436644693464	0.00225712773410685	0.0102867200596418	lncRNA	chr2:74502595-74504678:+	21.583613141695	21.658094976504	72.7859724142665	51.6074792655774
ENSG00000140876	NUDT7	30.6742343861521	12.9706503895895	48.3778183827148	1.41095484026129	0.729658484435412	2.65913097802389	0.0022771144478807	0.0103541912651657	protein_coding	chr16:77722492-77742260:+	14.0293485421017	11.9119522370772	35.0109740726852	61.7446626927444
ENSG00000253910	PCDHGB2	56.7173326367923	81.6438616923486	31.7908035812359	-1.04496989312467	0.498066245900058	-2.06332329969992	0.00228038428896322	0.0103646124711951	protein_coding	chr5:141360042-141512979:+	66.9092007392544	96.3785226454428	25.7975598430312	37.7840473194406
ENSG00000069869	NEDD4	46.3249251118098	69.1532161634543	23.4966340601653	-1.17508094691321	0.583932032910268	-2.25805550131758	0.00229684450696583	0.0104238850810652	protein_coding	chr15:55826922-55993746:-	88.4928138809494	49.8136184459592	26.7189012659966	20.274366854334
ENSG00000273066	AL355987.4	47.9601689193846	69.1979052643397	26.7224325744294	-1.05228914895173	0.503368767550655	-2.07381780072051	0.00231009415455047	0.0104713367996459	lncRNA	chr9:136799223-136810042:+	62.5924781109154	75.803332417764	23.9548769971004	29.4899881517585
ENSG00000249307	LINC01088	15.4843866706701	3.78644252914775	27.1823308121925	2.06333865657044	1.125776672485	4.17952403296761	0.00231609001941098	0.010494977988901	lncRNA	chr4:78939485-79309673:+	2.1583613141695	5.414523744126	31.3256083808236	23.0390532435613
ENSG00000286760	AL022069.3	35.828810389962	17.2929591555391	54.3646616243849	1.24196911920486	0.623825012271682	2.36521137274818	0.00234661918739985	0.0106082962861649	lncRNA	chr6:166342632-166351466:+	19.4252518275255	15.1606664835528	62.6512167616471	46.0781064871227
ENSG00000164142	FAM160A1	22.022409402979	8.10875129509742	35.9360675108605	1.57481816902164	0.840215201986771	2.97897944503281	0.00238674306907708	0.0107607467435527	protein_coding	chr4:151409176-151670503:+	7.55426459959324	8.6632379906016	40.5390226104776	31.3331124112434
ENSG00000170891	CYTL1	16.9443873992428	4.86376114036227	29.0250136581233	1.85513813866845	1.03585201497982	3.61786390567978	0.00254647898474184	0.0113677330401495	protein_coding	chr4:5014586-5019458:-	5.39590328542374	4.3316189953008	35.0109740726852	23.0390532435613
ENSG00000262528	AL022341.2	44.4363665533828	71.3637147619901	17.5090183447755	-1.45873244632946	0.823144035257014	-2.74866759227476	0.00265079241199133	0.0117775048394025	lncRNA	chr16:654611-656194:-	62.5924781109154	80.1349514130648	5.5280485377924	29.4899881517585
ENSG00000197863	ZNF790	48.2552889760116	26.4790290618511	70.0315488901722	1.06416575757903	0.525551151616501	2.09096042625035	0.00266294414943546	0.0118158811830279	protein_coding	chr19:36817428-36850787:-	30.217058398373	22.7409997253292	59.8871924927509	80.1759052875934
ENSG00000270882	H4C14	27.9308282068109	44.3432333257264	11.5184230878954	-1.40865693329817	0.776455706972981	-2.65489891810381	0.00270299535049879	0.0119738420516661	protein_coding	chr1:149832659-149839767:+	32.3754197125425	56.3110469389104	9.21341422965399	13.8234319461368
ENSG00000123095	BHLHE41	31.631683801032	13.5065166263914	49.7568509756726	1.37198586444569	0.745892641044575	2.58826594896093	0.00274502981182119	0.0121440480063102	protein_coding	chr12:26120030-26125037:-	17.266890513356	9.7461427394268	62.6512167616471	36.8624851896981
ENSG00000121039	RDH10	51.1439409284392	28.1089723226996	74.1789095341788	1.05476436270237	0.530630147238898	2.07737887783269	0.00288514283707167	0.0126804856260709	protein_coding	chr8:73294602-73325281:+	26.9795164271187	29.2384282182804	57.1231682238547	91.2346508445029
ENSG00000130529	TRPM4	70.9196983859034	108.20668281836	33.632713953447	-1.22717374811137	0.671276067782618	-2.34107920919629	0.00293996551154001	0.0128961500863345	protein_coding	chr19:49157741-49211836:+	48.5631295688137	167.850236067906	35.9323154956506	31.3331124112434
ENSG00000074416	MGLL	59.878349119608	90.7312431675386	29.0254550716774	-1.19775618225728	0.653641944377734	-2.29382635541243	0.00303996703537362	0.0132785049232672	protein_coding	chr3:127689062-128052190:-	134.897582135594	46.5649041994836	31.3256083808236	26.7253017625311
ENSG00000205307	SAP25	42.6059282559395	62.175782809808	23.0360737020711	-1.06360774385521	0.552653009016084	-2.09015182917192	0.00314406822937624	0.0136754765901944	protein_coding	chr7:100572228-100573900:-	52.8798521971527	71.4717134224632	24.8762184200658	21.1959289840764
ENSG00000107821	KAZALD1	42.0881083001598	61.6008136097313	22.5754029905884	-1.07002656718525	0.562968493181972	-2.09947202860365	0.00325332478187078	0.0140914541035041	protein_coding	chr10:101061989-101068131:+	72.3051040246782	50.8965231947844	23.9548769971004	21.1959289840764
ENSG00000114757	PEX5L	34.4942614459278	55.6280790783607	13.360443813495	-1.42855661793214	0.88437858347432	-2.69177275151068	0.00347225830517285	0.0149196172352299	protein_coding	chr3:179794958-180037053:-	82.0177299384409	29.2384282182804	18.426828459308	8.29405916768208
ENSG00000155897	ADCY8	39.9086471254531	19.4643547908002	60.3529394601059	1.17581876516413	0.661655325344243	2.25921060382003	0.00360817679290095	0.0154149840177017	protein_coding	chr8:130780301-131040909:-	16.1877098562712	22.7409997253292	78.3140209520589	42.3918579681528
ENSG00000169213	RAB3B	52.7182866610402	77.792247557743	27.6443257643375	-1.08243589140349	0.597571405676761	-2.11760850076749	0.00367687335371164	0.015620797135599	protein_coding	chr1:51907956-51990700:-	102.522162423051	53.0623326924348	21.1908527282042	34.0977988004708
ENSG00000184979	USP18	37.1446298374242	19.46249274493	54.8267669299185	1.08835545373527	0.594810238829441	2.12631516944642	0.00373180226076721	0.0158075617653726	protein_coding	chr22:18150170-18177397:+	17.266890513356	21.658094976504	51.5951196860624	58.0584141737746
ENSG00000157978	LDLRAP1	46.2927411880679	21.6301642884506	70.9553180876852	1.21754973769844	0.711005627015184	2.32551418139608	0.00375420641327718	0.0158924526446852	protein_coding	chr1:25543606-25568886:+	16.1877098562712	27.07261872063	41.460364033443	100.450272141927
ENSG00000080947	CROCCP3	61.8880907598124	89.2204708423846	34.5557106772403	-1.00314957067419	0.540297347273256	-2.00437100153132	0.00381944263825108	0.0161229391217322	transcribed_unprocessed_pseudogene	chr1:16467436-16499257:-	69.0675620534239	109.373379631345	23.9548769971004	45.1565443573802
ENSG00000159761	C16orf86	29.2526388329658	46.9871856382018	11.5180920277298	-1.39048058997404	0.886345990283815	-2.62165998856057	0.00387520104260033	0.0163275622875726	protein_coding	chr16:67666814-67668757:+	69.0675620534239	24.9068092229796	11.9774384985502	11.0587455569094
ENSG00000188620	HMX3	26.1415473977844	10.8178752130306	41.4652195825382	1.35035223102193	0.825400076583432	2.5497436933215	0.00389087400682629	0.0163884636761061	protein_coding	chr10:123135970-123139423:+	6.47508394250849	15.1606664835528	42.3817054564084	40.5487337086679
ENSG00000239969	AC091390.5	26.3769178291087	45.3814489736662	7.3723866845511	-1.7178059511722	1.26329703938901	-3.289357812002	0.00389885683255357	0.0164118076810682	transcribed_unprocessed_pseudogene	chr7:102364162-102380633:+	58.2757554825764	32.487142464756	0.921341422965399	13.8234319461368
ENSG00000082293	COL19A1	32.1165233253287	51.3318389545941	12.9012076960632	-1.36396365884662	0.872569426824169	-2.57391365749804	0.00395562117837611	0.0166143501648908	protein_coding	chr6:69866556-70212468:+	61.5132974538307	41.1503804553576	5.5280485377924	20.274366854334
ENSG00000151881	TMEM267	38.1437943244314	20.5398113561445	55.7477772927183	1.04889121406873	0.574135343129859	2.06893914949949	0.00395950634083758	0.0166254763590149	protein_coding	chr5:43444252-43483893:-	20.5044324846102	20.5751902276788	56.2018268008894	55.2937277845472
ENSG00000261594	TPBGL	31.3774408481013	47.5509825630571	15.2038991331455	-1.16475775994503	0.679757824834285	-2.2419556821318	0.00398384134100392	0.0166911782539444	protein_coding	chr11:75240774-75243704:+	56.1173941684069	38.9845709577072	15.6628041904118	14.7449940758793
ENSG00000088340	FER1L4	51.1542350292208	77.890935988865	24.4175340695766	-1.17543459412506	0.702645285997205	-2.25860908533384	0.00402903235728056	0.0168437849465546	transcribed_unitary_pseudogene	chr20:35558737-35607562:-	45.3255875975594	110.45628438017	32.246949803789	16.5881183353642
ENSG00000142871	CCN1	39.1053058720847	21.0812637305571	57.1293480136123	1.04505924559421	0.575263699672454	2.06345109437335	0.00404149623654705	0.0168906410457804	protein_coding	chr1:85580761-85583950:+	20.5044324846102	21.658094976504	62.6512167616471	51.6074792655774
ENSG00000272674	PCDHB16	18.3567756364145	30.2636095451286	6.44994172770043	-1.48827347430395	1.01202509425036	-2.80553026142817	0.00432306113231666	0.0179080915657	protein_coding	chr5:141181399-141186399:+	33.4546003696272	27.07261872063	8.29207280668859	4.60781064871227
ENSG00000164307	ERAP1	49.1709218723659	73.0029682521897	25.338875492542	-1.08087980923281	0.632422114540502	-2.11532569234218	0.00434279156285583	0.0179766708922278	protein_coding	chr5:96760810-96808100:-	53.9590328542374	92.046903650142	34.0896326497198	16.5881183353642
ENSG00000157890	MEGF11	25.0226932062601	8.11806152444855	41.9273248880717	1.56025828911776	1.11795046136815	2.9490663656742	0.00439558076018886	0.0181560705294164	protein_coding	chr15:65895079-66253747:-	2.1583613141695	14.0777617347276	31.3256083808236	52.5290413953198
ENSG00000157036	EXOG	59.8457857276164	90.206549205958	29.4850222492748	-1.12525689414791	0.684295627713548	-2.18140386341936	0.00444639030730419	0.0183153149289231	protein_coding	chr3:38496127-38542161:+	125.184956221831	55.2281421900852	41.460364033443	17.5096804651066
ENSG00000249853	HS3ST5	21.5204789946578	7.56357482894437	35.4773831603713	1.47736346727876	1.02909374791571	2.7843941853273	0.00460784764722513	0.0188820667298997	protein_coding	chr6:114055586-114343045:-	9.71262591376274	5.414523744126	23.033535574135	47.9212307466076
ENSG00000251867	AC009812.1	17.3567353031665	29.1844288880439	5.52904171828914	-1.56087532426129	1.14078525844744	-2.95032793982997	0.0046132916772752	0.0188928622922272	lncRNA	chr8:80484561-80486699:-	31.2962390554577	27.07261872063	2.7640242688962	8.29405916768208
ENSG00000277534	AC007996.1	32.066387126911	16.2175025901948	47.9152716636271	1.09941149249204	0.653382278227122	2.14267270275765	0.00468742291461967	0.0191498027881895	lncRNA	chr18:26542971-26545791:-	15.1085291991865	17.3264759812032	49.7524368401316	46.0781064871227
ENSG00000118898	PPL	25.716170989537	11.3500173580921	40.0823246209818	1.24424840972868	0.793601272210639	2.36895108525792	0.00472564283597397	0.019270335151857	protein_coding	chr16:4882507-4960741:-	11.8709872279322	10.829047488252	46.9884125712354	33.1762366707283
ENSG00000025423	HSD17B6	38.7549979474876	19.4606306990598	58.0493651959153	1.1017421209873	0.667130724051427	2.14613692057977	0.00479766503299285	0.0194877067437997	protein_coding	chr12:56752161-56787790:+	18.3460711704407	20.5751902276788	75.5499966831627	40.5487337086679
ENSG00000122254	HS3ST2	23.7098645701474	37.2838699537902	10.1358591865047	-1.26187813895204	0.838806874722832	-2.39807725909615	0.0048583552043843	0.0196866583741381	protein_coding	chr16:22814162-22916338:+	44.2464069404747	30.3213329671056	11.0560970755848	9.21562129742453
ENSG00000117154	IGSF21	20.66660786596	33.5011515163829	7.83206421553706	-1.3787406055046	0.970988470877024	-2.60041270059486	0.00486502121803478	0.0197036113636388	protein_coding	chr1:18107798-18378483:+	39.9296843121357	27.07261872063	10.1347556526194	5.52937277845472
ENSG00000164849	GPR146	32.1097135930311	48.0942969833399	16.1251302027224	-1.08597517751879	0.676500723535184	-2.1228098932977	0.00514017493431333	0.0206523931064336	protein_coding	chr7:1044546-1059261:+	55.0382135113222	41.1503804553576	18.426828459308	13.8234319461368
ENSG00000229212	AC044860.1	30.6039243896986	15.1345978413696	46.0732509380275	1.10912954548507	0.688663880342377	2.15715455441792	0.00514121586142758	0.0206523931064336	transcribed_unprocessed_pseudogene	chr15:85180200-85234795:-	15.1085291991865	15.1606664835528	40.5390226104776	51.6074792655774
ENSG00000196296	ATP2A1	50.6413274571848	27.5693819941572	73.7132729202124	1.00116836958523	0.593001567353732	2.0016203602052	0.00519959566628707	0.0208247058117614	protein_coding	chr16:28878405-28904466:+	25.900335770034	29.2384282182804	97.6621908343323	49.7643550060925
ENSG00000183401	CCDC159	26.2949125714919	41.0721745288081	11.5176506141757	-1.21432017511883	0.835496066406913	-2.32031419567941	0.00535380233073468	0.0213596225292348	protein_coding	chr19:11344684-11354944:+	45.3255875975594	36.8187614600568	15.6628041904118	7.37249703793963
ENSG00000134864	GGACT	33.4919693984892	16.7645411022181	50.2193976947603	1.08503141481283	0.686269041365578	2.12142167637917	0.00547058063579692	0.0217802957284881	protein_coding	chr13:100530164-100589528:-	11.8709872279322	21.658094976504	47.9097539942008	52.5290413953198
ENSG00000103021	CCDC113	40.9629121855856	62.1143352960905	19.8114890750807	-1.10621093009004	0.735743207461127	-2.15279497723487	0.00557847345414211	0.022092134712826	protein_coding	chr16:58231157-58283836:+	88.4928138809494	35.7358567112316	17.5054870363426	22.1174911138189
ENSG00000071967	CYBRD1	39.3747672496446	18.3926223171964	60.3569121820929	1.14530219818002	0.774207380373269	2.21192458513088	0.0056171203826164	0.0222124822187027	protein_coding	chr2:171522247-171558129:+	9.71262591376274	27.07261872063	45.1457297253046	75.5680946388812
ENSG00000132561	MATN2	41.0995161256045	60.5439775030893	21.6550547481197	-1.0157750946376	0.641575849677546	-2.02198892418723	0.00578707795373996	0.0228275148912803	protein_coding	chr8:97868840-98036724:+	57.1965748254917	63.8913801806868	13.820121344481	29.4899881517585
ENSG00000269896	AL513477.1	33.8443301306334	49.7205161524479	17.9681441088188	-1.00746971467891	0.632286706162689	-2.01038207732765	0.00585925248359398	0.0230676343673385	transcribed_processed_pseudogene	chr1:2350414-2352820:-	53.9590328542374	45.4819994506584	19.3481698822734	16.5881183353642
ENSG00000100302	RASD2	26.5702386966795	41.6229371325719	11.5175402607872	-1.19925822747235	0.871685537995738	-2.29621578977761	0.00588945947646955	0.0231668150041062	protein_coding	chr22:35540831-35553999:+	39.9296843121357	43.316189953008	16.5841456133772	6.45093490819717
ENSG00000177508	IRX3	34.5117910169608	15.1197014744078	53.9038805595137	1.19466055131249	0.860202932981925	2.28890970507555	0.0059034888991327	0.0232016429586311	protein_coding	chr16:54283304-54286787:-	23.7419744558645	6.4974284929512	62.6512167616471	45.1565443573802
ENSG00000266524	GDF10	26.8452959192632	42.1718376904654	11.518754148061	-1.20157926648847	0.891434354042567	-2.29991296470335	0.00602288475195856	0.0236225654794665	protein_coding	chr10:47300197-47313577:+	35.6129616837967	48.730713697134	6.44938996075779	16.5881183353642
ENSG00000100336	APOL4	29.4386679503294	45.9769006783154	12.9004352223435	-1.17443414194321	0.874228052068639	-2.25704337184478	0.00618942346882473	0.0241562355431427	protein_coding	chr22:36189124-36204840:-	26.9795164271187	64.974284929512	11.9774384985502	13.8234319461368
ENSG00000144285	SCN1A	30.3708966111274	11.9026420077261	48.8391512145286	1.27469770456394	1.02364393217821	2.41948115878204	0.00620012801058904	0.0241837359670569	protein_coding	chr2:165984641-166149214:-	5.39590328542374	18.4093807300284	30.4042669578582	67.2740354711991
ENSG00000262468	LINC01569	30.3741108557996	46.4662157683616	14.2820059432375	-1.11181031817227	0.785257423504416	-2.16116664077562	0.00623776574031166	0.0242953117409359	lncRNA	chr16:4243943-4253817:-	57.1965748254917	35.7358567112316	18.426828459308	10.137183427167
ENSG00000175564	UCP3	35.2545948593829	15.6797743075227	54.8294154112431	1.15788206302008	0.864550321976463	2.23129623389227	0.00645699169475884	0.0250331742008682	protein_coding	chr11:74000277-74009085:-	12.950167885017	18.4093807300284	29.4829255348928	80.1759052875934
ENSG00000107159	CA9	24.0253608200229	38.3760849319665	9.67463670807933	-1.23015621253438	1.00084582119324	-2.34592389731162	0.00651039506980725	0.0251990126324949	protein_coding	chr9:35673918-35681159:+	38.850503655051	37.901666208882	14.7414627674464	4.60781064871227
ENSG00000178821	TMEM52	33.6519235977172	50.2563823892499	17.0474648061845	-1.02681542350959	0.708654205558764	-2.03752169873312	0.00677508878275038	0.0260263264893487	protein_coding	chr1:1917590-1919279:-	57.1965748254917	43.316189953008	11.9774384985502	22.1174911138189
ENSG00000140538	NTRK3	27.8244352986175	11.8802974572834	43.7685731399517	1.17116676830199	0.935714019167726	2.25193746989173	0.00700360826805708	0.026683152293796	protein_coding	chr15:87859751-88256768:-	18.3460711704407	5.414523744126	46.9884125712354	40.5487337086679
ENSG00000198870	STKLD1	31.8650259514884	13.5139648098723	50.2160870931045	1.16728210703348	0.959272155643307	2.2458819647785	0.00711151042080121	0.0270100829283692	protein_coding	chr9:133376366-133406096:+	12.950167885017	14.0777617347276	75.5499966831627	24.8821775030462
ENSG00000120519	SLC10A7	30.0265637875464	13.5214129933532	46.5317145817396	1.12212919615722	0.868510757386964	2.17667980053914	0.00712594064450929	0.0270496121162872	protein_coding	chr4:146253975-146521964:-	8.63344525667799	18.4093807300284	59.8871924927509	33.1762366707283
ENSG00000222019	URAHP	17.008786014688	27.567519948287	6.45005208108896	-1.21940598989019	1.14803786117531	-2.32850824385927	0.00766356224588034	0.0287255431005699	transcribed_unprocessed_pseudogene	chr16:90039761-90047773:-	26.9795164271187	28.1555234694552	7.37073138372319	5.52937277845472
ENSG00000236404	VLDLR-AS1	33.4818546343764	50.8387997728074	16.1249094959453	-1.03086716259392	0.808331063069368	-2.04325202255227	0.0079420372706473	0.0295633709529299	lncRNA	chr9:2421597-2643359:-	33.4546003696272	68.2229991759876	20.2695113052388	11.9803076866519
ENSG00000053524	MCF2L2	28.9029930286998	45.3665526067044	12.4394334506952	-1.10108577422049	0.991479636296726	-2.14516076857422	0.00807265529126584	0.0299501078654439	protein_coding	chr3:183178043-183428778:-	66.9092007392544	23.8239044741544	13.820121344481	11.0587455569094
ENSG00000225518	LINC01703	17.2955159933865	6.48625621772985	28.1047757690431	1.21963701587439	1.17616695308791	2.32888114940605	0.00811574943580609	0.0300602352415742	lncRNA	chr1:226083590-226090465:+	6.47508394250849	6.4974284929512	23.9548769971004	32.2546745409859
ENSG00000266916	ZNF793-AS1	44.2595962850102	22.1772028004739	66.3419897695466	1.00085774162643	0.757751640355633	2.0011894359293	0.00812002909748002	0.0300678059834826	lncRNA	chr19:37497159-37507122:-	12.950167885017	31.4042377159308	87.5274351817129	45.1565443573802
ENSG00000119938	PPP1R3C	19.174700048959	7.02026040866154	31.3291396892564	1.21392553344698	1.26025471114907	2.31967957268743	0.00820719470839351	0.0303154522475101	protein_coding	chr10:91628442-91633071:-	10.7918065708475	3.2487142464756	33.1682912267544	29.4899881517585
ENSG00000242779	ZNF702P	26.6267328015127	42.1960442867783	11.0574213162471	-1.10944524215728	1.06942173971529	-2.15762664381367	0.00831262053550582	0.030624392776973	transcribed_processed_pseudogene	chr19:52966896-53037898:-	21.583613141695	62.8084754318616	11.0560970755848	11.0587455569094
ENSG00000117425	PTCH2	26.2106827002929	39.981821596502	12.4395438040837	-1.03230894366389	0.834893671242011	-2.0452950008132	0.0083358711596301	0.0306560380710597	protein_coding	chr1:44819844-44843253:-	49.6423102258984	30.3213329671056	12.8987799215156	11.9803076866519
ENSG00000259017	AL133163.3	20.0925439037289	31.8916907601069	8.29339704735092	-1.11568603405062	1.06719007022008	-2.1669802941242	0.00850127574728542	0.0311196672632666	lncRNA	chr14:35447003-35447625:-	31.2962390554577	32.487142464756	5.5280485377924	11.0587455569094
ENSG00000197959	DNM3	23.7259126668214	37.315524733584	10.1363006000588	-1.08983557287052	1.01634502955196	-2.12849776150682	0.00852034850176739	0.0311725155060581	protein_coding	chr1:171841498-172418466:+	25.900335770034	48.730713697134	7.37073138372319	12.9018698163943
ENSG00000281404	LINC01176	21.1403140626337	8.64647957776957	33.6341485474978	1.13078727186265	1.07461903344101	2.18978203024095	0.00860527498003636	0.0314319237388672	lncRNA	chr7:30390885-30412375:+	9.71262591376274	7.5803332417764	23.9548769971004	43.3134200978953
ENSG00000213057	C1orf220	16.2332741927936	26.4771670159809	5.98938136960626	-1.15279953423984	1.32537946912196	-2.22344934022093	0.00881038853779115	0.0320418916832756	lncRNA	chr1:178542752-178548889:+	31.2962390554577	21.658094976504	6.44938996075779	5.52937277845472
ENSG00000170382	LRRN2	21.9323400157462	35.1106122726589	8.75406775883362	-1.09383167464311	1.1932663051579	-2.13440163184947	0.00898431320721984	0.0324811904096505	protein_coding	chr1:204617170-204685738:-	48.5631295688137	21.658094976504	6.44938996075779	11.0587455569094
ENSG00000232320	MXRA7P1	18.2542344722344	7.02212245453177	29.4863464899371	1.12069584100916	1.25032200595923	2.1745182863285	0.00935699601518045	0.0335937638569573	processed_pseudogene	chr2:161340816-161341326:-	9.71262591376274	4.3316189953008	30.4042669578582	28.5684260220161
ENSG00000281128	PTENP1-AS	25.4864029249192	39.4552655890512	11.5175402607872	-1.02019379281326	0.956081377604761	-2.02819138202921	0.00939915984600668	0.0337181383752851	lncRNA	chr9:33676785-33688011:+	41.0088649692205	37.901666208882	16.5841456133772	6.45093490819717
ENSG00000230409	TCEA1P2	21.6024536022594	8.65206571538025	34.5528414891386	1.00383644499451	1.31849796781523	2.00532551979149	0.010672984434722	0.0373124428548418	processed_pseudogene	chr3:37275693-37276598:+	6.47508394250849	10.829047488252	47.9097539942008	21.1959289840764
