ensembl_id	gene_symbol	baseMean	MeanExpr_DMSO	MeanExpr_TDI	log2FoldChange	lfcSE	FoldChange	pvalue	padj	gene_biotype	location	DMSO-OE_mCherry_DMSO_RNA_S165187_R1	DMSO-OE_mCherry_DMSO_RNA_S165187_R2	DMSO-OE_WWTR1_DMSO_RNA_S165191_R1	DMSO-OE_WWTR1_DMSO_RNA_S165191_R2	TDI-OE_mCherrry_TDI_RNA_S165184_R1	TDI-OE_mCherrry_TDI_RNA_S165184_R2	TDI-OE_WWTR1_TDI_RNA_S165188_R1	TDI-OE_WWTR1_TDI_RNA_S165188_R2
ENSG00000102241	HTATSF1	5045.29955762879	1502.04113737035	8588.55797788723	2.51268837030325	0.0596458242815712	5.70682518555038	0	0	protein_coding	chrX:136497079-136512346:+	1458.28728515483	1357.83703071594	1562.71943984897	1629.32079376166	8510.04538072355	8490.92549443262	8692.52128666694	8660.73974972583
ENSG00000130600	H19	5374.31531704728	10271.5198622304	477.110771864118	-4.44649870228926	0.0652451138485167	-21.8036642134245	0	0	lncRNA	chr11:1995176-2001470:-	6272.23199107652	6191.47061750965	14342.7544954763	14279.6223448592	260.047961764698	278.50235621739	710.536039556987	659.356729917399
ENSG00000132872	SYT4	5002.29586577725	2405.84034084114	7598.75139071337	1.65955788984308	0.0545728437897734	3.15919697137257	1.53486593924568e-204	7.40470491290093e-201	protein_coding	chr18:43267892-43277535:-	2092.96158717933	2215.13805795228	2679.62370333885	2635.63801489409	7167.26984581215	7207.09755967441	8024.92528142754	7995.71287593936
ENSG00000143153	ATP1B1	3474.94158013255	2021.20813914942	4928.67502111568	1.28188059437366	0.047009139010143	2.43155730856002	8.07434030219973e-165	2.92149817984342e-161	protein_coding	chr1:169105697-169132722:+	1861.44517512008	1875.67880027329	2142.94173944159	2204.76684176272	4476.8851707521	4495.82375036644	5369.93485767811	5372.05630566608
ENSG00000167244	IGF2	3596.67570381183	6181.51371132596	1011.83769629771	-2.62014361058024	0.0972306713795259	-6.14811269792751	5.53121878414212e-162	1.60106658925778e-158	protein_coding	chr11:2129112-2141238:-	6096.59885089364	6037.04993558509	6208.28395273737	6384.12210608773	809.145516717665	884.026642906071	1242.83042722967	1111.34819833743
ENSG00000147256	ARHGAP36	8676.31696615674	14994.5937432589	2358.04018905458	-2.68689109805842	0.0999474847815266	-6.4392430158891	2.09914250447117e-161	5.06348157786854e-158	protein_coding	chrX:131058346-131089885:+	15004.6584988057	14193.3906093072	15165.2882285041	15615.0376364187	1922.80816338284	1905.84887669322	2839.71359024771	2763.79012589455
ENSG00000080644	CHRNA3	2912.96342068437	4598.3956227455	1227.53121862324	-1.89980220988866	0.0712042127683855	-3.7316203346678	4.47096013839418e-158	9.24402944042556e-155	protein_coding	chr15:78593052-78621295:-	4730.11979810713	4850.93935287146	4457.20523455409	4355.3181054493	1130.09690447186	1226.57483713861	1288.20102952749	1265.25210335501
ENSG00000183654	MARCHF11	1020.66813006422	401.107146374436	1640.22911375399	2.02604583758379	0.0790836066495836	4.07287020101666	6.45522399623394e-146	1.16783071121867e-142	protein_coding	chr5:16067139-16180762:-	385.86068676542	367.414725958431	415.526247179708	435.626925594187	1574.78858629997	1495.37327850522	1805.10181999198	1685.6527702188
ENSG00000189060	H1-0	2031.20098610621	2955.64904783056	1106.75292438186	-1.41247010338837	0.0574596046680518	-2.66192533145729	1.48400783056559e-134	2.38644948130842e-131	protein_coding	chr22:37805093-37807436:+	2724.97478101924	2851.45776450348	3125.43887969794	3120.72476610159	1060.49298905529	1057.72671873504	1120.49183889089	1188.30015084622
ENSG00000165731	RET	2695.19178458226	4212.68536522594	1177.69820393857	-1.84489729757611	0.0757139514877713	-3.59227375602426	3.73246932751304e-132	5.40200285770963e-129	protein_coding	chr10:43077064-43130351:+	3770.79029756276	4084.16079434952	4519.67615098657	4476.1142180049	1048.89233648586	967.48031062278	1400.8173459453	1293.60282270035
ENSG00000066583	ISOC1	2096.77155668308	1155.82801145461	3037.71510191155	1.389308182296	0.0598698350904758	2.61953035918866	3.01299795560917e-120	3.63392661762763e-117	protein_coding	chr5:129094749-129114028:+	1150.92928983479	1099.58175232487	1234.27386406	1138.52713959878	2962.03328939418	2912.14484671912	3086.82133490549	3189.86093662741
ENSG00000106366	SERPINE1	1221.51234461656	318.413614519342	2124.61107471377	2.73102714901249	0.120064332327123	6.63928162328182	7.63127820611098e-116	8.4959607290034e-113	protein_coding	chr7:101127104-101139247:+	638.665964301385	634.988493775984	0	0	4282.57424021417	4213.43982820874	0.810189326746849	1.62004110544815
ENSG00000066382	MPPED2	438.733335473866	67.855820605283	809.610850342448	3.58152025307015	0.164095008085926	11.9714023193259	5.58056872384711e-107	5.76911222430281e-104	protein_coding	chr11:30384493-30586872:-	73.1804750762004	82.5351920631258	68.1500906536195	47.5575246281863	837.180427093785	751.083009450383	806.948569439862	843.231395385764
ENSG00000130513	GDF15	311.271921702666	42.1855986028729	580.358244802459	3.73718715155329	0.185348357017511	13.3353811156127	1.80380289871106e-91	1.74042929020301e-88	protein_coding	chr19:18374731-18389176:+	49.2305014148984	75.8791281870673	24.6097549582515	19.0230098512745	915.48483193743	855.885289838808	282.75607503465	267.306782398945
ENSG00000171617	ENC1	860.176716265003	260.293645318176	1460.05978721183	2.5035127233618	0.127418679952311	5.67064453393286	1.89494993783528e-87	1.61327120295823e-84	protein_coding	chr5:74627406-74641424:-	306.027441227747	323.484704376445	232.846143066533	178.816292601981	1513.88516031047	1601.14595037872	1434.84529766867	1290.36274048945
ENSG00000120738	EGR1	1076.66703414998	1617.202328293	536.131740006969	-1.56346165404125	0.0809775346609636	-2.95562175767014	3.33537616880894e-84	2.68182773839843e-81	protein_coding	chr5:138465479-138469303:+	2373.70850065348	2295.01082446498	868.913655833649	931.176332219888	734.70799606383	776.313188062411	334.608191946449	298.897583955184
ENSG00000125870	SNRPB2	2582.40534246535	1596.29941777592	3568.51126715478	1.15473119133291	0.0598657747474101	2.22642836083748	6.13965736964517e-84	4.67680321636182e-81	protein_coding	chr20:16729961-16742564:+	1393.0901346324	1465.66526550809	1840.05244764773	1686.38982331549	3275.25090876876	3084.87453106301	3978.83978365378	3935.07984513357
ENSG00000119139	TJP2	512.435096204064	184.620313015285	840.249879392842	2.14533993929657	0.111527065340537	4.42396490032685	1.29505969864465e-83	9.37169950924198e-81	protein_coding	chr9:69121264-69274615:+	267.441372551205	262.248916716706	94.6529036855827	114.138059107647	1248.03687226106	1242.10110089986	429.40034317583	441.461201234622
ENSG00000138083	SIX3	1616.53352940568	901.141790556599	2331.92526825476	1.36729700120292	0.074224478737145	2.57986755249072	6.84163383236089e-77	4.71518887884568e-74	protein_coding	chr2:44941702-44946071:+	936.710080975365	941.167432074676	902.042172123603	824.647477052751	2287.2619982724	2269.74568359747	2315.52109584249	2455.17229530668
ENSG00000272636	DOC2B	982.753717544181	1445.74999577304	519.757439315319	-1.46652513548631	0.080572846392977	-2.76355463656957	3.60927714493933e-75	2.37441218721395e-72	protein_coding	chr17:142789-181650:-	1381.11514780175	1560.18137254812	1432.09843276287	1409.60502997944	508.495270959966	508.485138180879	539.586091613401	522.46325650703
ENSG00000026025	VIM	5776.15303818545	3199.28175826194	8353.02431810896	1.41085127554214	0.077853844537255	2.65894009758085	8.79961567997851e-75	5.537253814623e-72	protein_coding	chr10:17228241-17237593:+	4156.65098432818	3986.98226175906	2242.32728831145	2411.16649864905	9679.77784814096	9815.50987156411	7039.73506010337	6877.07449262741
ENSG00000162407	PLPP3	440.353702694677	79.3016963984047	801.405708990949	3.33151482640728	0.184142699908166	10.0666714302663	1.11546240432495e-74	6.72670307408125e-72	protein_coding	chr1:56494761-56645301:-	81.1637996299677	98.5097453656663	78.5619100590336	58.971330538951	686.37194369121	729.734396778667	869.333147599369	920.183347894551
ENSG00000121440	PDZRN3	704.658288826085	1036.8254739783	372.491103673869	-1.46805769594281	0.0835279203064452	-2.76649189274507	2.80311440791924e-70	1.6227789930326e-67	protein_coding	chr3:73382431-73624941:-	942.032297344543	991.753517532721	1130.15567000586	1083.36041103008	350.919740225224	343.518585717617	412.386367314146	383.139721438488
ENSG00000155849	ELMO1	1004.19938030441	509.384311481696	1499.01444912713	1.54412129903264	0.0878775275650858	2.91626394120592	2.94596534808019e-70	1.63988294164479e-67	protein_coding	chr7:36854361-37449249:-	455.049499564737	515.17934400693	560.345189818649	506.963212536466	1313.77390348782	1338.16985792258	1676.28171703923	1667.83231805887
ENSG00000182836	PLCXD3	640.733784099706	308.22821561309	973.239352586323	1.64853143377942	0.0967275195961146	3.13514340226697	3.27489971908916e-66	1.75546754201398e-63	protein_coding	chr5:41306952-41510628:-	266.110818458911	310.172576624328	320.873343494125	335.756123874995	929.985647649216	851.033332413418	1031.37101294874	1080.56741733392
ENSG00000177606	JUN	2253.86583186719	1153.85221278157	3353.87945095282	1.57983570050809	0.0953086435874965	2.9893580386414	4.32099672630402e-63	2.23349234356422e-60	protein_coding	chr1:58780791-58784047:-	1596.66491075346	1492.28952101232	808.335797474876	718.118621885613	4000.29169435806	4155.21633910406	2622.58285067955	2637.42691966959
ENSG00000136158	SPRY2	700.568229960684	367.443128306489	1033.69333161488	1.48879854768211	0.0917221938410097	2.80655152878824	3.87132231367917e-60	1.93205682227168e-57	protein_coding	chr13:80335976-80341126:-	388.521794950009	404.688683664359	329.392104825828	347.16992978576	1070.16019952982	1088.77924625753	930.097347105383	1045.73653356678
ENSG00000139174	PRICKLE1	701.901098054314	337.040928163092	1066.76126794554	1.65609110320255	0.103147098124331	3.15161455584274	2.31869647400297e-59	1.1186164689415e-56	protein_coding	chr12:42456757-42590355:-	443.074512734086	366.083513183219	255.562839951073	283.44284678399	1246.10343016615	1241.13070941478	939.819619026345	839.991313174868
ENSG00000154734	ADAMTS1	543.431697065155	804.959007250879	281.904386879431	-1.50333240732475	0.0935127213998563	-2.83496791479076	2.75691764041678e-59	1.28712480676619e-56	protein_coding	chr21:26835755-26845409:-	757.085278515601	801.390090677447	840.517784727974	820.842875082496	263.914845954507	290.147054038326	293.288536282359	280.267111242531
ENSG00000255690	TRIL	381.83915749622	620.198179959246	143.480135033194	-2.09425183258245	0.130825636453656	-4.27004665383288	6.82450290037576e-59	3.08659470241057e-56	protein_coding	chr7:28953358-28958330:-	572.138259686658	520.504195107777	692.859254978465	695.291010064084	150.808483402576	138.765982366156	138.542374873711	145.803699490334
ENSG00000003147	ICA1	2246.3487218501	3192.34001052126	1300.35743317894	-1.29842543227019	0.0812897613114244	-2.45960293294743	1.20218585886197e-58	5.27249573797252e-56	protein_coding	chr7:8113184-8262687:-	3037.65499270846	2944.64265876829	3382.89477772272	3404.16761288558	1126.23002028206	1071.31219952613	1590.40164840406	1413.48586450351
ENSG00000149294	NCAM1	1985.08260240324	2669.99275907054	1300.17244573594	-1.03101182513681	0.0650630695498693	-2.04345691467766	1.59073146471658e-57	6.77136955554209e-55	protein_coding	chr11:112961247-113278436:+	2343.10575653071	2606.51461386452	2795.10024583526	2935.25042005166	1250.93703540342	1175.14408842948	1383.80337008362	1390.80528902724
ENSG00000125170	DOK4	1156.31112447749	1605.64158083675	706.980668118219	-1.1761373931283	0.0753974889319981	-2.25970961930989	6.57476558662484e-56	2.71875949529204e-53	protein_coding	chr16:57471922-57487327:-	1527.47609795415	1592.1304791532	1637.49523376058	1665.46451247908	688.305385786114	746.231052024993	724.309258111683	669.076976550088
ENSG00000165973	NELL1	203.530240346993	46.6817843841596	360.378696309826	2.93147355209698	0.189203637867016	7.62889206882971	2.13124091830661e-55	8.33660805693287e-53	protein_coding	chr11:20669551-21575686:+	45.2388391380148	53.2485110084682	44.4868647322239	43.7529226579314	328.685156133819	327.021930471291	421.298449908361	364.509248725835
ENSG00000168539	CHRM1	187.150308182724	328.194277197072	46.1063391683759	-2.81020748394379	0.181897752027445	-7.01385440886974	3.95771017296588e-55	1.50736682456145e-52	protein_coding	chr11:62908679-62921807:-	320.663536242987	335.46561935335	317.087227346702	339.56072584525	36.7353998031915	40.7564423732766	51.8521169117983	55.0813975852372
ENSG00000007402	CACNA2D2	1858.49204595859	2489.91281797695	1227.07127394023	-1.01502263108471	0.0657459345517314	-2.02093459446413	5.04283273245895e-55	1.82462295342196e-52	protein_coding	chr3:50362799-50504244:-	2110.25879037916	2297.67325001541	2757.23908436102	2794.48014715223	1007.32333144541	1095.57198665308	1385.42374873711	1419.96602892531
ENSG00000196482	ESRRG	454.692619738401	132.149464690144	777.235774786658	2.49843505902406	0.162668361349283	5.6507213918118	6.52900615585211e-55	2.30473917301579e-52	protein_coding	chr1:216503246-217137755:-	141.038733783223	117.14672421863	136.300181307239	134.112219451485	889.383363656215	975.243442503404	598.729912465921	645.586380521089
ENSG00000076356	PLXNA2	1234.17849572563	788.976316655028	1679.38067479623	1.08199108664255	0.0710556564749389	2.1169557105889	2.33445207537133e-53	8.04441068734505e-51	protein_coding	chr1:208022242-208244384:-	757.085278515601	720.186111389533	809.282326511732	869.351550203246	1560.28777058819	1579.79733770701	1856.95393690378	1720.48365398594
ENSG00000128045	RASL11B	586.8269166911	202.573110485222	971.080722896978	2.22400430169788	0.146636485041936	4.67188350863236	3.6436448544509e-53	1.22638306926669e-50	protein_coding	chr4:52862317-52866835:+	204.905330213361	122.471575319477	249.883665729938	233.031870678113	687.338664738662	737.497528659291	1268.75648568557	1190.73021250439
ENSG00000072182	ASIC4	132.697336391522	247.361332999183	18.0333397838618	-3.73566822184224	0.248111913567425	-13.3213484567143	2.03293486645716e-52	6.68696961868965e-50	protein_coding	chr2:219514170-219538772:+	180.955356552059	211.662831258661	296.263588535874	300.563555650138	17.4009788541433	17.4670467314043	21.0649224954181	16.2004110544815
ENSG00000254656	RTL1	3127.07218399133	4336.24702326545	1917.89734471722	-1.15298929966696	0.0772905860731342	-2.22374182168971	1.17194364222469e-51	3.7692311853151e-49	protein_coding	chr14:100879753-100903722:-	5009.53615748899	4825.64631014244	3799.36755393929	3710.4380714911	2007.87961555865	1938.84218718587	1886.93094199341	1837.93663413093
ENSG00000115414	FN1	576.347147888096	228.982372723438	923.711923052754	2.03945736105814	0.137525918002928	4.1109087852146	4.21009432894603e-51	1.32462380919208e-48	protein_coding	chr2:215360440-215436073:-	278.085805289562	327.47834270208	135.353652270383	175.011690631726	1137.83067285148	1081.01611437691	688.660927734822	787.339977247803
ENSG00000122641	INHBA	135.03079954055	11.1585176413196	258.90308143978	4.46022162653945	0.301027209909815	22.012050317526	1.40503477833939e-50	4.32661028657573e-48	protein_coding	chr7:41667168-41705834:-	13.3055409229455	13.3121277521171	11.3583484422699	6.65805344794608	290.983035283175	373.600721755035	187.963923805269	183.064644915641
ENSG00000154319	FAM167A	655.217509314454	1029.61068174728	280.824336881631	-1.86155468887828	0.127472227743601	-3.6339906027794	9.74140144011049e-50	2.93723548005665e-47	protein_coding	chr8:11421476-11475908:-	1148.2681816502	991.753517532721	968.299204703511	1010.12182310268	235.879935578388	257.153743545674	324.885920025486	305.377748376977
ENSG00000185088	RPS27L	660.382940621306	369.613584115367	951.152297127245	1.34945668037318	0.0922882152840184	2.54816143512797	1.6250946048091e-49	4.79999881946982e-47	protein_coding	chr15:63125872-63158021:-	427.107863626551	406.01989643957	298.156646609585	347.16992978576	1102.06199409574	1069.37141655597	836.925574529495	796.250203327768
ENSG00000158966	CACHD1	676.834467659905	241.479513802523	1112.18942151729	2.18564102819661	0.150524598983719	4.54928881527374	2.19743684904869e-49	6.36070070325633e-47	protein_coding	chr1:64470129-64693058:+	298.04411667398	234.29344843726	224.327381734831	209.25310836402	1067.26003638746	927.694259734581	1205.56171819931	1248.2416717478
ENSG00000170345	FOS	1323.08375168523	1982.26465107765	663.902852292816	-1.68439182827172	0.117696117860013	-3.2140487869922	6.8074654855885e-48	1.93185192103769e-45	protein_coding	chr14:75278826-75282230:+	3454.11842359666	2949.96750986914	722.201655120996	802.771015723785	1132.03034656677	1121.77255675018	183.912977171535	217.895528682777
ENSG00000067842	ATP2B3	356.781596416171	577.398210939675	136.164981892667	-2.07533416166452	0.146681702748906	-4.21442018833365	9.13617076057174e-47	2.44866295218064e-44	protein_coding	chrX:153517676-153582939:+	528.229974640937	559.109365588917	579.275770555766	642.977732973079	122.773573026456	101.891105933191	178.241651884307	141.753596726713
ENSG00000112936	C7	307.781067743303	101.253852376252	514.308283110353	2.28117868981715	0.165826751224097	4.86074917467578	2.51019369970007e-44	6.60546062104712e-42	protein_coding	chr5:40909497-40984643:+	117.088760121921	123.802788094689	87.0806713907361	77.0431898976618	760.809464345045	580.294108076652	342.710085213917	373.419474805799
ENSG00000162849	KIF26B	1002.42334585157	652.480702071866	1352.36598963127	1.04265250293611	0.0763696685090334	2.06001165945263	2.06551203627549e-43	5.33824208946698e-41	protein_coding	chr1:245154985-245709432:+	687.896465716284	609.695451046961	637.014041803971	675.316849720246	1333.10832443687	1323.61398564641	1400.8173459453	1351.92430249648
ENSG00000198963	RORB	537.112599204859	284.654350354956	789.570848054763	1.44935083866849	0.109982912340676	2.73085145122334	7.5825617099472e-41	1.892110614277e-38	protein_coding	chr9:74497335-74693177:+	274.094143012678	278.223470019247	309.514995051855	276.784793336044	822.679611381999	863.648421719432	710.536039556987	761.419319560632
ENSG00000182752	PAPPA	231.146516735398	21.6619923740413	440.631041096754	4.10539321750933	0.3154068503664	17.2126010333983	6.13055155667041e-40	1.5038554691473e-37	protein_coding	chr9:116153791-116402321:+	50.561055507193	19.9681916281756	10.4118194054141	5.70690295538236	825.579774524356	738.467920144369	102.89404449685	95.5824252214411
ENSG00000185630	PBX1	520.959020591225	288.903770962224	753.014270220226	1.3674813484989	0.105760260586629	2.58019722853495	2.4558804277804e-39	5.92399290521095e-37	protein_coding	chr1:164555584-164899296:+	256.796939812849	284.879533895305	298.156646609585	315.781963531157	682.5050595014	723.912047868198	860.421065005154	745.218908506151
ENSG00000174695	TMEM167A	1297.8459791729	809.701798035311	1785.99016031049	1.13075507848535	0.0889383618837466	2.18973316635041	4.68693309571477e-38	1.09409649506903e-35	protein_coding	chr5:83052846-83077863:-	781.035252176902	893.243772167055	802.656623253741	761.871544543545	1885.1060425322	1719.53371155824	1637.39262935538	1901.92825779613
ENSG00000117971	CHRNB4	345.915355741466	515.448372061559	176.382339421373	-1.53154964854082	0.122771951946319	-2.89096200597437	6.81269999530493e-37	1.56508265130235e-34	protein_coding	chr15:78624111-78727754:-	568.146597409774	552.453301712858	480.83675072276	460.356838400844	218.478956724244	172.729684343886	157.176729388889	157.143987228471
ENSG00000144868	TMEM108	748.291501742203	1076.2774023012	420.305601183202	-1.34012674369894	0.108612505837289	-2.53173559630163	5.56571116876791e-36	1.25863340227466e-33	protein_coding	chr3:133038391-133397792:+	1075.087706574	867.950729438033	1094.18756660534	1267.88360658745	411.823166214726	382.334245120738	443.983751057273	443.08124234007
ENSG00000015592	STMN4	289.507852585607	439.880744235469	139.134960935744	-1.62764370075835	0.13234061687233	-3.09007895430058	6.30239429004116e-36	1.40330080861178e-33	protein_coding	chr8:27235323-27258420:-	341.9524017197	316.828640500386	531.002789676119	569.739145045672	106.339315219765	121.298935634752	159.607297369129	169.294295519332
ENSG00000168546	GFRA2	90.0710013654794	161.338735127461	18.8032676034974	-3.06124030506498	0.248938839479769	-8.34689894852142	6.89966173905244e-36	1.5130121871107e-33	protein_coding	chr8:21690398-21812357:-	147.691504244695	157.083107474981	180.787046039463	159.793282750706	17.4009788541433	16.4966552463262	21.0649224954181	20.2505138181019
ENSG00000143850	PLEKHA6	1043.22140911197	1697.05638072891	389.386437495027	-2.14105819609666	0.180063950226667	-4.41085457576933	1.28310803107325e-34	2.703393679224e-32	protein_coding	chr1:204218853-204377665:-	1605.97878939953	1958.21399233642	1633.70911761316	1590.32362356655	277.448940618841	290.147054038326	502.317382583046	487.632372739894
ENSG00000187714	SLC18A3	634.933766267396	900.251490102123	369.616042432669	-1.26313983619821	0.104720463832792	-2.40017539543238	1.28884242290096e-34	2.703393679224e-32	protein_coding	chr10:49610310-49612720:+	1007.22944786698	926.524091547348	802.656623253741	864.595797740427	375.087766411534	358.074457993787	398.61314875945	346.688796565905
ENSG00000100095	SEZ6L	478.481408829285	709.508937726274	247.453879932296	-1.50189825289645	0.124737682067401	-2.83215112989373	1.4615458482896e-34	3.02185043747078e-32	protein_coding	chr22:26169462-26383597:+	659.954829778098	696.224281435722	786.565629627192	695.291010064084	222.345840914054	286.265488098014	249.538312638029	231.665878079086
ENSG00000038427	VCAN	473.514962324935	220.413436730687	726.616487919183	1.74178727478444	0.146190210721575	3.34449241828026	5.75399933344053e-34	1.17292439933641e-31	protein_coding	chr5:83471618-83582303:+	282.077467566445	323.484704376445	141.979355528374	134.112219451485	794.644701005879	1068.40102507089	546.067606227376	497.352619372583
ENSG00000128591	FLNC	363.410212796723	134.617916660214	592.202508933232	1.96225658752081	0.166672140815053	3.89671005379518	3.36235736518905e-33	6.75880529810849e-31	protein_coding	chr7:128830377-128859274:+	235.508074336136	215.656469584296	40.7007485848006	46.6063741356226	1044.0587312486	1050.93397833949	145.834078814433	127.983247330404
ENSG00000101445	PPP1R16B	361.618653638096	537.937344565289	185.299962710902	-1.5253085617032	0.1303214206181	-2.87848274026289	7.70191747705699e-33	1.50634934656008e-30	protein_coding	chr20:38805697-38923024:+	496.296676425868	577.746344441881	573.596596334631	504.109761058775	204.94486205991	200.871037411149	170.139758616838	165.244192755712
ENSG00000072195	SPEG	584.958243450941	823.493059222698	346.423427679184	-1.2352793079709	0.105469826167247	-2.35426922044862	9.98624607139713e-33	1.90172288672803e-30	protein_coding	chr2:219434843-219493629:+	757.085278515601	841.326473933798	849.036546059677	846.523938381716	354.786624415034	292.087837008482	386.460308858247	352.358940434973
ENSG00000121753	ADGRB2	586.982147484415	831.165072697713	342.799222271116	-1.26066904665808	0.108030002508142	-2.39606832305079	1.47273409682741e-32	2.73267699786964e-30	protein_coding	chr1:31727117-31764893:-	803.65467174591	737.491877467285	952.208211076962	831.305530500697	356.720066509938	325.081147501135	327.316488005727	362.079187067662
ENSG00000101210	EEF1A2	3085.579148633	4353.58617325672	1817.57212400929	-1.27287304517165	0.109781029451403	-2.41642303610778	3.33137805774371e-32	6.10316894047149e-30	protein_coding	chr20:63488014-63499185:-	4232.49256758897	4408.97671150117	4395.68084715846	4377.19456677827	1536.11974440188	1409.00843633328	2211.00667269215	2114.15364260984
ENSG00000116717	GADD45A	517.53903353232	331.109165455116	703.968901609523	1.0701789902961	0.092546339968247	2.09969385300448	6.28441476232341e-32	1.13692918568883e-29	protein_coding	chr1:67685201-67688334:+	379.207916303948	380.726853710548	293.424001425306	271.077890380662	816.879285097285	826.773545286468	590.628019198453	581.594756855887
ENSG00000163497	FEV	675.773659889662	963.700774619551	387.846545159774	-1.30075154648308	0.114270248804209	-2.46357184668942	3.12212766816859e-31	5.57858688165482e-29	protein_coding	chr2:218981087-218985184:-	989.932244667147	971.785325904546	913.400520565873	979.685007340638	353.819903367581	325.081147501135	446.414319037514	426.070810732864
ENSG00000124762	CDKN1A	728.134014568496	471.42383934059	984.844189796401	1.06672100719032	0.0936514163442762	2.09466714184766	4.83680301504309e-31	8.53695732155106e-29	protein_coding	chr6:36676460-36687337:+	697.210344362346	649.631834303313	286.798298167315	252.054880529387	1431.71387127702	1326.52516010165	613.313320347365	567.824407459578
ENSG00000117016	RIMS3	725.249096195157	1068.78039161382	381.71780077649	-1.46090091956316	0.12956432659453	-2.75280214160079	1.19329809267395e-30	2.08079557774338e-28	protein_coding	chr1:40620680-40665682:-	1113.67377525054	1152.83026333334	1017.51871462001	991.098813251403	453.392171255179	309.554883739886	358.913871748854	405.010276362038
ENSG00000166073	GPR176	647.678559270247	878.223245263847	417.133873276647	-1.05798359200678	0.0937255031338122	-2.08201951610448	1.46817688058692e-30	2.52963380865888e-28	protein_coding	chr15:39799008-39920266:-	802.324117653615	765.447345746731	970.192262777222	974.92925487782	350.919740225224	419.209121553702	450.465265671248	447.941365656415
ENSG00000091409	ITGA6	196.105477804687	25.3325644294771	366.878391179897	3.5485262859962	0.316991742016432	11.7007271597814	2.27899318579664e-30	3.88045510329821e-28	protein_coding	chr2:172427354-172506459:+	46.5693932303093	38.6051704811395	2.83958711056748	13.3161068958922	665.104080647257	679.27403955461	59.14382085252	63.9916236652021
ENSG00000143333	RGS16	261.704696938769	128.910929923086	394.498463954452	1.56680774406915	0.139922180451848	2.96248478410514	3.09705228086953e-30	5.1521422598879e-28	protein_coding	chr1:182598623-182604389:-	150.352612429284	151.758256374135	97.4924907961502	116.040360092775	495.927897343085	493.929265904709	296.529293589347	291.607398980668
ENSG00000153956	CACNA2D1	898.014112199818	1333.68381455612	462.344409843512	-1.50980402245993	0.135720812436691	-2.84771352786987	4.82526994291519e-30	7.93592407770585e-28	protein_coding	chr7:81946444-82443777:-	1240.07641401852	1216.7284765435	1415.06091009946	1462.86945756301	442.758239733203	565.738235800482	383.21955155126	457.661612289103
ENSG00000079689	SCGN	97.5612183894296	7.50378795861884	187.61864882024	4.46461400024792	0.39987020518025	22.0791694797632	4.98197924665227e-30	8.10159389177509e-28	protein_coding	chr6:25652201-25701783:+	15.9666491075346	2.66242555042341	5.67917422113496	5.70690295538236	254.247635479983	296.939794433872	106.134801803837	93.1523635632688
ENSG00000240583	AQP1	248.533752881555	398.930054574377	98.137451188733	-2.01474320395691	0.181821218593219	-4.04108641883529	8.36287818620291e-30	1.34484373321016e-27	protein_coding	chr7:30911694-30925517:+	340.621847627405	307.510151073904	534.788905823542	412.799313772657	69.6039154165734	71.808969895773	146.64426814118	104.492651301406
ENSG00000104722	NEFM	1660.09872176207	873.483224565543	2446.7142189586	1.41613459746312	0.128246084719361	2.66869530594406	1.16613500038353e-29	1.85466723742318e-27	protein_coding	chr8:24913758-24919098:+	963.321162821256	913.211963795231	883.111591386486	734.288180259197	3012.3027838617	3195.4991603619	1843.99090767583	1735.06402393497
ENSG00000076770	MBNL3	268.69462491112	92.0547903536316	445.334459468608	2.2746094505818	0.206550981099564	4.83866631278144	1.73917329246854e-29	2.70656506041906e-27	protein_coding	chrX:132369317-132489968:-	85.1554619068514	139.777341397229	69.0966196904754	74.1897384199707	521.062644576848	415.32755561339	461.807916245704	383.139721438488
ENSG00000198910	L1CAM	2127.28142292146	3212.0610060124	1042.50183983052	-1.60021868294351	0.147847161907717	-3.03189267086287	7.48161111620723e-29	1.13980376510387e-26	protein_coding	chrX:153861514-153886173:-	2764.89140378808	2906.03748828715	3520.14148806682	3657.17364390753	1269.30473530501	1077.1345484366	1016.7876050673	806.780470513181
ENSG00000106348	IMPDH1	1271.245396385	701.501943753093	1840.98884901691	1.32811447913055	0.122699328198921	2.5107432043602	1.41008164908832e-28	2.10392904198508e-26	protein_coding	chr7:128392277-128410252:-	824.943537222623	696.224281435722	618.083461066855	666.756495287172	2228.2920143778	2395.89657665762	1331.14106384507	1408.62574118717
ENSG00000100359	SGSM3	439.577795013852	632.43988683311	246.715703194593	-1.33763982224558	0.123765788317415	-2.52737514327412	2.36380937875239e-28	3.49096052435544e-26	protein_coding	chr22:40370591-40410289:+	630.682639747618	540.472386735953	705.164132457591	653.44038839128	235.879935578388	264.916875426298	257.640205905498	228.42579586819
ENSG00000141753	IGFBP4	696.949701112913	438.89132066757	955.008081558256	1.10961804285338	0.102876431980626	2.15788509186052	3.56497777094028e-28	5.10850725532858e-26	protein_coding	chr17:40443450-40457725:+	473.677256856861	561.77179113934	370.092853410628	350.023381263451	1110.76248352282	1105.27590150386	735.651908686139	868.342032520211
ENSG00000156687	UNC5D	142.333429232303	36.8087044226301	247.858154041977	2.61985530090494	0.244627799816415	6.14688417545946	3.53782467679065e-28	5.10850725532858e-26	protein_coding	chr8:35235475-35796550:+	34.5944063996584	45.261234357198	31.2354582162423	36.1437187174216	318.051224611842	349.340934628085	154.746161408648	169.294295519332
ENSG00000145362	ANK2	1322.19406535783	1792.89014453943	851.497986176228	-1.05367662737521	0.0980454789055332	-2.07581320615288	5.77021239871502e-28	8.18747882809828e-26	protein_coding	chr4:112818032-113384221:+	1838.82575555107	2046.07403550039	1663.99804679254	1622.66274031372	973.488094784575	773.402013607177	862.851632985394	796.250203327768
ENSG00000105696	TMEM59L	452.688141239497	620.158774428596	285.217508050397	-1.10575960505161	0.103283259577596	-2.15212161364281	8.87979520148932e-28	1.23574303799187e-25	protein_coding	chr19:18607430-18621039:+	544.196623748472	560.440578364128	649.318919283097	726.678976318687	257.14779862234	239.686696814269	332.177623966208	311.85791279877
ENSG00000123610	TNFAIP6	142.812602103857	50.0651649153826	235.560039292332	2.22976798348227	0.210248874277219	4.69058538884237	1.398646858429e-27	1.90968075302291e-25	protein_coding	chr2:151357592-151380046:+	59.8749341532549	62.5670004349502	35.9681034005214	41.850621672804	259.081240717245	227.071607508255	219.561307548396	236.52600139543
ENSG00000123933	MXD4	828.961419361934	1109.71631698781	548.206521736056	-1.00283867179981	0.0938656604500796	-2.00393910876767	1.66402074905493e-27	2.25078245804411e-25	protein_coding	chr4:2247432-2262109:-	1091.05435568153	1227.37817874519	1103.65285697389	1016.77987655062	584.866233708707	509.455529665957	559.030635455326	539.473688114235
ENSG00000092096	SLC22A17	964.291627264194	1327.05100430563	601.532250222756	-1.14032941801291	0.10792981579263	-2.2043134965846	3.40666262954074e-27	4.52336038874708e-25	protein_coding	chr14:23346306-23352912:-	1112.34322115825	1264.65213645112	1412.22132298889	1518.98733662427	449.52528706537	516.248270061503	666.785815912657	773.569627851493
ENSG00000176014	TUBB6	229.06813937891	93.828505342306	364.307773415514	1.90189371797767	0.180329944022448	3.73703407351425	3.52298502267326e-27	4.63528747574092e-25	protein_coding	chr18:12307669-12344320:+	110.435989660448	162.407958575828	52.0590970270705	50.4109761058775	552.964439142777	530.804142337674	206.598278320446	166.86423386116
ENSG00000148400	NOTCH1	101.022236362755	15.1574407312617	186.887031994248	3.70141125000749	0.354624278708549	13.0087573377908	7.96207913038432e-27	1.03815469598245e-24	protein_coding	chr9:136494433-136546048:-	31.9332982150693	17.3057660777522	4.73264518427913	6.65805344794608	226.212725103863	296.939794433872	95.6023405561282	128.793267883128
ENSG00000261762	AC027228.2	129.679932384843	214.206803288877	45.1530614808098	-2.20452372680301	0.212022323110084	-4.60922350492095	1.45774930839414e-26	1.85070225792881e-24	lncRNA	chr15:78589123-78591276:-	202.244222028772	181.044937428792	222.434323661119	251.103730036824	54.1363786573348	34.9340934628085	45.3706022978235	46.1711715052724
ENSG00000113763	UNC5A	501.408765098419	674.026706445606	328.790823751232	-1.01968666922718	0.0976334613471319	-2.0274785751597	1.54175235973145e-26	1.94032886107767e-24	protein_coding	chr5:176810519-176880898:+	677.252032977927	669.600025931488	672.035616167637	677.219150705373	298.716803662794	312.466058195121	348.381410501145	355.59902264587
ENSG00000169432	SCN9A	324.074665611611	129.534547572029	518.614783651193	2.02050328481038	0.194539861876964	4.05725304685213	1.76632039243636e-26	2.20378922756305e-24	protein_coding	chr2:166195185-166376001:-	188.938681105826	178.382511878369	85.1876133170244	65.6293839868971	609.034259895017	764.668490241475	425.349396542096	275.406987926186
ENSG00000054356	PTPRN	841.003219234208	1167.48728978738	514.519148681038	-1.17980180725234	0.114005586592704	-2.26545652817127	3.10622230225672e-26	3.80986062547131e-24	protein_coding	chr2:219289623-219309648:-	1008.56000195927	1171.4672421863	1207.77105102803	1282.1508639759	394.422187360582	444.43930016573	644.100514763745	575.114592434095
ENSG00000156453	PCDH1	176.609124595333	296.865134703925	56.3531144867419	-2.39048575595607	0.232498554562948	-5.2433387523609	3.08387839950076e-26	3.80986062547131e-24	protein_coding	chr5:141853111-141879246:-	296.713562581685	310.172576624328	313.301111199279	267.273288410407	51.2362155149776	88.3056251420993	40.5094663373424	45.3611509525483
ENSG00000215788	TNFRSF25	187.173940240924	298.892231236	75.4556492458476	-2.00228044827538	0.194806353089318	-4.00632774494228	3.35812506521377e-26	4.08421378729739e-24	protein_coding	chr1:6460786-6466195:-	236.83862842843	275.561044468823	339.803924231242	343.365327815505	45.4358892302632	51.4307487091347	99.6532871898624	105.30267185413
ENSG00000134853	PDGFRA	889.126567453334	576.481211290744	1201.77192361592	1.06132812835748	0.102805651922722	2.08685176925419	4.78135813455542e-26	5.71905754391906e-24	protein_coding	chr4:54229280-54298245:+	400.49678178066	461.930832998462	655.944622541088	787.552607842765	1005.3898893505	975.243442503404	1404.86829257904	1421.58607003076
ENSG00000174721	FGFBP3	172.878432146439	66.2134272094223	279.543437083455	1.98939837755437	0.193845018331999	3.97071379756352	5.45927490049609e-26	6.42374679958374e-24	protein_coding	chr10:91906584-91909486:-	75.8415832607895	73.2167026366438	50.1660389533588	65.6293839868971	366.387276984463	358.074457993787	201.737142359965	191.974870995606
ENSG00000198873	GRK5	281.299076864538	438.97351309704	123.624640632036	-1.83213081035839	0.179470421856353	-3.56062576327134	9.28752278985215e-26	1.07534653870024e-23	protein_coding	chr10:119207571-119459745:+	565.485489225185	398.0326197883	375.772027631763	416.603915742912	149.841762355123	159.144203552794	85.880068635166	99.6325279850615
ENSG00000168453	HR	632.548240101748	904.2886505027	360.807829700795	-1.31029311180441	0.128004820884938	-2.47991919294061	1.03226772040423e-25	1.18571513630241e-23	protein_coding	chr8:22114419-22133384:-	839.579632237863	800.058877902236	958.833914334952	1018.68217753575	274.548777476484	341.577802747461	354.052735788373	473.052002790861
ENSG00000095739	BAMBI	176.564251221867	84.2582088642465	268.870293579487	1.65700844819567	0.161999966322043	3.15361916326978	1.06060489683324e-25	1.1899329202998e-23	protein_coding	chr10:28677510-28682932:+	98.4610028297969	97.1785325904546	67.2035616167637	74.1897384199707	279.382382713746	312.466058195121	242.246608697308	241.386124711775
ENSG00000174521	TTC9B	576.161813099438	812.947184226917	339.376441971958	-1.26155187052202	0.123454554898394	-2.39753499034613	1.05473519434385e-25	1.1899329202998e-23	protein_coding	chr19:40216058-40218399:-	751.763062146422	776.097047948425	883.111591386486	840.817035426334	278.415661666293	255.212960575518	414.00674596764	409.870399678383
ENSG00000155254	MARVELD1	473.550037144662	657.419709265721	289.680365023603	-1.17507396628606	0.11821850390911	-2.25804457551209	2.11011157495738e-24	2.26219591291542e-22	protein_coding	chr10:97713173-97718150:+	694.549236177756	638.982132101619	639.853628914539	656.293839868971	345.11941394051	310.525275224964	259.260584558992	243.816186369947
ENSG00000143995	MEIS1	535.860380120471	313.455892579829	758.264867661114	1.28482273080687	0.129529696742531	2.43652112473342	2.41027522349227e-24	2.56499362570615e-22	protein_coding	chr2:66433452-66573869:+	223.533087505485	214.325256809085	414.579718142852	401.385507861893	683.471780548852	560.886278375092	845.027467796963	943.67394392355
ENSG00000180628	PCGF5	372.6381510484	145.312668750496	599.963633346303	2.02541151965541	0.206091277008019	4.07107985264183	4.99180097981908e-24	5.27345515189209e-22	protein_coding	chr10:91163012-91284337:+	228.855303874663	126.465213645112	90.8667875381594	135.063369944049	756.942580155235	627.843290845475	542.016659593642	473.052002790861
ENSG00000163513	TGFBR2	121.266111487602	22.9989819688878	219.533241006317	3.40627595278853	0.352404742922514	10.6020838655327	7.38280760156942e-24	7.68714923867009e-22	protein_coding	chr3:30606601-30694142:+	50.561055507193	25.2930427290224	5.67917422113496	10.462655418201	287.116151093365	292.087837008482	150.695214774914	148.233761148506
ENSG00000117600	PLPPR4	231.250952008174	352.118565180673	110.383338835675	-1.65714871131746	0.16997371739742	-3.15392578245095	9.46952247164429e-24	9.72002827887289e-22	protein_coding	chr1:99263953-99309590:+	359.249604919529	323.484704376445	387.130376074033	338.609575352687	129.540620358623	123.239718604908	87.5004472886597	101.25256909051
ENSG00000011347	SYT7	357.596101334907	532.984797769143	182.20740490067	-1.5098487699174	0.154622251495677	-2.84780185555701	1.2779823328397e-23	1.29344323798524e-21	protein_coding	chr11:61513714-61581148:-	538.874407379294	717.52368583911	485.569395907039	389.971701951128	218.478956724244	191.167122560369	170.139758616838	149.04378170123
ENSG00000170667	RASA4B	577.36294872281	802.680835409868	352.045062035751	-1.16175654593787	0.119236149547878	-2.23729662753456	1.59859654684273e-23	1.58469094674348e-21	protein_coding	chr7:102482445-102517781:-	815.629658576561	914.543176570442	664.46338387279	816.087122619677	343.185971845605	346.429760172851	366.205575689576	352.358940434973
ENSG00000116852	KIF21B	80.1427020063736	20.7057239237861	139.579680088961	2.69126568581314	0.277677518325305	6.45879793469424	2.27718810385782e-23	2.24202336239008e-21	protein_coding	chr1:200969390-201023700:-	14.6360950152401	29.2866810546575	19.8771097739724	19.0230098512745	154.675367592385	153.321854642326	120.71820968528	129.603288435852
ENSG00000156298	TSPAN7	1205.06740395706	1664.04917385875	746.085634055362	-1.17847694290217	0.122718443833868	-2.26337705552765	4.59048864040733e-23	4.45893571091378e-21	protein_coding	chrX:38561370-38688920:+	1499.53446201596	1513.58892541571	1913.88171252248	1729.19159548085	577.132465329087	507.514746695801	946.30113364032	953.394190556239
ENSG00000149809	TM7SF2	399.028014892666	549.187126473249	248.868903312083	-1.11864131915676	0.116036442057013	-2.17142378915435	4.69110473105766e-23	4.52629058483984e-21	protein_coding	chr11:65111845-65116408:+	533.552191010116	455.274769122404	592.527177071747	615.394368688731	235.879935578388	248.420220179972	251.96888061827	259.206576871705
ENSG00000168348	INSM2	625.555459389624	854.457088059564	396.653830719684	-1.1135722661694	0.116758873195147	-2.16380766283805	1.09458315927039e-22	1.04223039895529e-20	protein_coding	chr14:35534164-35537054:+	940.701743252249	883.925282740573	774.260752148066	818.940574097368	459.192497539894	498.781223330099	315.163648104524	313.477953904218
ENSG00000144583	MARCHF4	485.725921060961	314.779866478693	656.67197564323	1.03987121958868	0.109197571237643	2.05604411485307	1.55303204416463e-22	1.46908710948984e-20	protein_coding	chr2:216257865-216372483:-	279.416359381856	302.185299973057	328.445575788972	349.072230770888	690.238827881019	649.191903517191	645.720893417239	641.536277757469
ENSG00000196542	SPTSSB	110.602123441128	28.9268368126564	192.277410069599	2.58285464111134	0.275680108801868	5.99124005927109	3.59895209129029e-22	3.36049249143512e-20	protein_coding	chr3:161344792-161372880:-	41.2471768611311	27.9554682794458	20.8236388108282	25.6810632992206	300.650245757699	241.627479784425	125.579345645762	101.25256909051
ENSG00000164438	TLX3	366.348050797776	510.579472461234	222.116629134318	-1.18607232093076	0.1261387606061	-2.27532451274076	4.09279801424192e-22	3.77293411847919e-20	protein_coding	chr5:171309248-171312139:+	496.296676425868	489.886301277908	511.125679902146	545.009232239015	179.810114826148	195.048688500681	262.501341865979	251.106371344464
ENSG00000113083	LOX	273.252930720483	74.8891473615916	471.616714079375	2.38884038769935	0.258410875519546	5.23736222567316	4.87703569307577e-22	4.46742642948643e-20	protein_coding	chr5:122063195-122078360:-	95.7998946452078	91.8536814896077	68.1500906536195	43.7529226579314	742.441764443449	731.675179748823	237.385472736827	174.964439388401
ENSG00000162390	ACOT11	196.642708972336	293.890380821482	99.3950371231904	-1.53890754873247	0.164593082414793	-2.90574388632194	5.90532959034336e-22	5.37533554471946e-20	protein_coding	chr1:54542257-54639192:+	271.433034828089	276.892257244035	301.942762757009	325.293468456794	96.6721047452408	70.838578410695	113.426505744559	116.642959592267
ENSG00000006327	TNFRSF12A	158.131739809457	64.6154744602025	251.648005158712	1.83467150865232	0.196852454820382	3.56690182716407	7.7249025073397e-22	6.90138975239058e-20	protein_coding	chr16:3018445-3022383:+	97.1304487375023	102.503383691301	29.3424001425306	29.4856652694755	433.091029258679	392.038159971518	87.5004472886597	93.9623841159929
ENSG00000167861	HID1	661.057220662918	898.329628107259	423.784813218577	-1.07043954849159	0.114841671728426	-2.10007310283396	9.3096949756631e-22	8.2662095326854e-20	protein_coding	chr17:74950742-74973166:-	926.065648237009	865.288303887609	874.592830054784	927.371730249633	360.586950699748	374.571113240113	512.849843830755	447.13134510369
ENSG00000149527	PLCH2	277.322662612967	445.152647709437	109.492677516497	-1.98674284991027	0.21717390944189	-3.96341174025009	1.5444549428084e-21	1.36298148702841e-19	protein_coding	chr1:2425980-2505532:+	440.413404549497	543.134812286376	389.969963184601	407.092410817275	79.2711258910974	97.0391485078014	114.236695071306	147.423740595782
ENSG00000188848	BEND4	296.489529497567	170.961257683491	422.017801311643	1.28129178013469	0.13857533498609	2.43056510757874	1.81826481287254e-21	1.59489373555784e-19	protein_coding	chr4:42110853-42152878:-	182.285910644354	177.051299103157	160.909936265491	163.597884720961	408.923003072368	367.778372844567	464.238484225944	447.13134510369
ENSG00000134709	HOOK1	207.612627413976	101.577246743012	313.648008084941	1.57237002097544	0.170544600227535	2.97392862128227	1.91607470853076e-21	1.67056320822685e-19	protein_coding	chr1:59814786-59876322:+	98.4610028297969	130.458851970747	97.4924907961502	79.896641375353	395.388908408035	360.985632449021	263.311531192726	234.905960289982
ENSG00000214140	PRCD	284.716657676961	436.833478864419	132.599836489502	-1.70049439897181	0.187880250586646	-3.25012318339126	6.02082516041941e-21	5.09587149396199e-19	protein_coding	chr17:76527586-76553578:+	472.346702764566	415.338385866052	428.777653695689	430.871173131368	86.0381732232643	125.180501575064	156.366540062142	162.814131097539
ENSG00000251493	FOXD1	99.3674280646501	1.99648982135898	196.738366307941	6.45309532518559	0.756446884421462	87.6143529109928	8.24546022514524e-21	6.89806623344087e-19	protein_coding	chr5:73444827-73448777:-	2.66110818458911	5.32485110084682	0	0	393.45546631313	391.06776848644	0.810189326746849	1.62004110544815
ENSG00000180801	ARSJ	219.037344757075	85.3864398530874	352.688249661062	1.94537268129259	0.215112900007701	3.85137254197545	1.0404658318543e-20	8.604949705387e-19	protein_coding	chr4:113900284-113979727:-	98.4610028297969	162.407958575828	35.0215743636656	45.6552236430589	529.76313400392	590.96841441251	163.658244002863	126.363206224956
ENSG00000116329	OPRD1	125.661024347005	202.141081968473	49.1809667255368	-2.01437161554317	0.223893510443453	-4.0400457085789	1.07398280841896e-20	8.83167794673157e-19	protein_coding	chr1:28812142-28871267:+	180.955356552059	206.337980157814	212.969033292561	208.301957871456	42.5357260879059	31.0525275224964	59.9540101792668	63.181603112478
ENSG00000131370	SH3BP5	362.599619549457	209.473885449556	515.725353649358	1.27334553042665	0.141367083141589	2.41721454865952	1.22940448450599e-20	1.00526390419521e-18	protein_coding	chr3:15254353-15341368:-	182.285910644354	178.382511878369	246.097549582515	231.129569692986	509.461992007419	552.15275500939	486.113596048109	515.173071532513
ENSG00000089250	NOS1	101.482285794913	193.902050147333	9.06252144249195	-4.29464032249918	0.47884493038416	-19.6252662618524	1.30581160814341e-20	1.06174221374492e-18	protein_coding	chr12:117208142-117452170:-	153.013720613874	159.745533025405	268.814246467055	194.034700483	2.90016314235722	15.5262637612482	15.3935972081901	2.43006165817223
ENSG00000115596	WNT6	73.3895399850627	128.463549969858	18.3155300002676	-2.71745226781338	0.304104524912753	-6.57710301913238	2.24603679162976e-20	1.78609288380535e-18	protein_coding	chr2:218859805-218874233:+	99.7915569220914	83.8664048383375	164.696052412914	165.500185706088	20.3011419965006	11.6446978209362	25.1158691291523	16.2004110544815
ENSG00000049540	ELN	582.089596089057	878.425717381331	285.753474796784	-1.60163194219618	0.180183806879587	-3.03486415800792	3.15592940854579e-20	2.48237860488496e-18	protein_coding	chr7:74027789-74069907:+	850.224064976219	897.23741049269	788.458687700904	977.782706355511	299.683524710246	362.926415419177	296.529293589347	183.874665468365
ENSG00000125879	OTOR	118.354547342021	11.0608593325232	225.648235351519	4.11871970614875	0.476066804950918	17.3723341911774	5.23570120564072e-20	4.05220874594856e-18	protein_coding	chr20:16748358-16770062:+	6.65277046147276	18.6369788529639	14.1979355528374	4.75575246281863	146.941599212766	97.0391485078014	314.353458777777	344.258734907733
ENSG00000246985	SOCS2-AS1	162.464194123301	78.2867905660518	246.641597680551	1.61811641265559	0.182853636170115	3.06973988270855	6.28829545485895e-20	4.84098404883902e-18	lncRNA	chr12:93542022-93571768:-	81.1637996299677	67.891851535797	93.7063746487268	70.3851364497157	247.480588147816	212.515735232085	272.223613786941	254.34645355536
ENSG00000135298	ADGRB3	213.298925090327	308.537590014334	118.06026016632	-1.35472166108316	0.15320255655682	-2.55747770120263	6.59375032136365e-20	5.04927769317969e-18	protein_coding	chr6:68635282-69389506:+	327.31630670446	276.892257244035	332.231691936395	297.710104172446	114.073083599384	123.239718604908	106.944991130584	127.983247330404
ENSG00000105808	RASA4	791.503002673203	1128.55008608964	454.455919256763	-1.2945726402946	0.146709468181566	-2.45304319862753	8.18487847744384e-20	6.20208095309135e-18	protein_coding	chr7:102573807-102616756:-	815.629658576561	1208.74119989223	1226.70163176515	1263.12785412463	427.290702973964	326.051538986213	549.308363534364	515.173071532513
ENSG00000053108	FSTL4	92.4331672969755	28.9238627762035	155.942471817747	2.37894519818045	0.273524444250858	5.2015629972907	1.90532397977842e-19	1.41414122868375e-17	protein_coding	chr5:133196455-133612541:-	22.6194195690074	39.9363832563512	25.5562839951073	27.5833642843481	123.740294073908	163.025769493106	169.329569290091	167.674254413884
ENSG00000126217	MCF2L	358.238966273673	510.897720400107	205.580212147239	-1.28466158501321	0.147318237458822	-2.43624898599871	2.34340209703952e-19	1.73041115053331e-17	protein_coding	chr13:112894378-113099742:+	420.455093165079	593.720897744421	529.109731602407	500.30515908852	218.478956724244	188.255948105135	217.940928894902	197.645014864675
ENSG00000147852	VLDLR	341.333173066253	468.169917860376	214.49642827213	-1.1003093712052	0.126360516333078	-2.14400663608909	2.84943631377697e-19	2.09339552128396e-17	protein_coding	chr9:2621787-2660056:+	457.710607749326	509.854492906084	467.585344206778	437.529226579314	241.680261863102	195.048688500681	221.18168620189	200.075076522847
ENSG00000069020	MAST4	165.064627998512	60.9672487117728	269.162007285251	2.07181764238067	0.23984157723512	4.20416019410018	3.1969950983379e-19	2.32513115870575e-17	protein_coding	chr5:66596361-67169595:+	42.5777309534257	66.5606387605853	68.1500906536195	66.5805344794609	184.64372006341	235.805130873957	396.182580779209	260.016597424429
ENSG00000145808	ADAMTS19	164.84321936192	70.2076237071921	259.478815016648	1.83681978242415	0.213128002336415	3.57221714980109	3.38008963619958e-19	2.44600186523582e-17	protein_coding	chr5:129460281-129738683:+	51.8916095994876	70.5542770862204	93.7063746487268	64.6782334943334	258.114519669793	277.531964732312	268.982856479954	233.285919184534
ENSG00000112769	LAMA4	215.863432360802	92.1555058986341	339.57135882297	1.83852530986257	0.213746886234929	3.57644265612135	5.30501897916297e-19	3.81987759628983e-17	protein_coding	chr6:112107931-112254939:-	94.4693405529132	42.5988088067746	107.904310201564	123.649564033284	257.14779862234	251.331394635206	454.516212304982	395.29002972935
ENSG00000151552	QDPR	522.341546761379	736.697402330269	307.98569119249	-1.22565583607836	0.143480123137472	-2.33861736975988	1.03721138069474e-18	7.39485729694334e-17	protein_coding	chr4:17460261-17512206:-	705.193668916113	637.650919326407	911.507462492161	692.437558586393	281.315824808651	330.903496411603	277.084749747422	342.638693802285
ENSG00000171533	MAP6	562.055503008355	753.03345738554	371.07754863117	-1.00345725734175	0.117500844139822	-2.00479852362409	1.26049734211936e-18	8.94273432965366e-17	protein_coding	chr11:75586918-75669120:-	742.44918350036	753.466430769826	761.955874668941	754.262340603035	363.487113842105	292.087837008482	404.284474046678	424.450769627416
ENSG00000181790	ADGRB1	525.102201498619	763.801058408144	286.403344589094	-1.44509333188495	0.171779178300717	-2.72280437295745	1.91945218947208e-18	1.34855492904026e-16	protein_coding	chr8:142449430-142545009:+	713.17699346988	656.287898179371	912.453991529017	773.28535045431	214.612072534435	167.877726918496	404.284474046678	358.839104856766
ENSG00000135750	KCNK1	184.014937273776	84.4590332062427	283.57084134131	1.69530401811619	0.203384778258685	3.23845123085121	3.40522702804948e-18	2.35807898454355e-16	protein_coding	chr1:233614106-233672514:+	65.1971505224331	77.210340962279	104.118194054141	91.3104472861177	311.284177279675	308.584492254808	247.917933984536	266.496761846221
ENSG00000139352	ASCL1	1410.01158797167	1904.90847847997	915.114697463362	-1.08271733548411	0.129698341289459	-2.11802164872866	3.45682647852729e-18	2.38241188684407e-16	protein_coding	chr12:102957674-102960513:+	1785.60359185929	1718.59569279831	1987.71097739724	2127.72365186506	647.703101793113	647.251120547035	1173.96433445618	1191.54023305712
ENSG00000163364	LINC01116	314.125667795056	434.535957354291	193.715378235822	-1.14402142006051	0.135933835391899	-2.20996178122135	3.6463428242047e-18	2.50111467747463e-16	lncRNA	chr2:176629572-176637931:-	424.446755441962	338.128044903773	453.387408653941	522.181620417486	168.209462256719	156.23302909756	228.473390142611	221.945631446397
ENSG00000156113	KCNMA1	635.568146499462	310.552090202264	960.584202796659	1.4436160109987	0.173916312225334	2.72001764613079	3.98974939077903e-18	2.72375674211061e-16	protein_coding	chr10:76869601-77638369:-	388.521794950009	375.402002609701	224.327381734831	253.957181514515	1468.44927108021	1384.74864920633	498.266435949312	490.872454950791
ENSG00000185909	KLHDC8B	337.563393528111	464.213157073136	210.913629983085	-1.10970661555007	0.133005127902751	-2.15801757694124	6.5239912505067e-18	4.35123158380569e-16	protein_coding	chr3:49171598-49176486:+	508.271663256519	440.631428595075	471.371460354202	436.57807608675	183.676999015957	233.864347903801	203.357521013459	222.755651999121
ENSG00000143196	DPT	125.543525291878	23.6432960157867	227.44375456797	3.07073715095918	0.376481707689202	8.40202542180889	9.64523460332858e-18	6.34524910972612e-16	protein_coding	chr1:168695468-168729206:-	9.31387864606187	35.9427449307161	29.3424001425306	19.9741603438383	124.707015121361	137.795590881078	316.784026758018	330.488385511423
ENSG00000182718	ANXA2	1336.75385997553	723.054135493001	1950.45358445805	1.16793813371481	0.141646996158537	2.24690345129233	1.12587021566837e-17	7.33996379791362e-16	protein_coding	chr15:60347134-60402883:-	1317.24855137161	1244.68394482295	146.712000712653	183.572045064799	3507.26396015734	3703.98429854278	293.288536282359	297.277542849736
ENSG00000118515	SGK1	355.07041516865	100.298156508113	609.842673829187	2.47527892604237	0.304504788029764	5.56074787264662	1.60623208699228e-17	1.03781236584997e-15	protein_coding	chr6:134169246-134318112:-	154.344274706168	57.2421493341034	127.781419975537	61.8247820166422	760.809464345045	804.454541129674	453.706022978235	420.400666863796
ENSG00000169926	KLF13	1500.34093279109	2003.36982389996	997.31204168223	-1.00520630729426	0.122294372702079	-2.00723051310828	1.91194643160059e-17	1.21901324689671e-15	protein_coding	chr15:31326835-31435665:+	1624.60654669165	1787.81875710932	2657.85353549116	1943.20045630769	697.972596260638	822.891979346156	1204.75152887256	1263.63206224956
ENSG00000214595	EML6	182.749520906191	330.826791475318	34.6722503370636	-3.16135245872015	0.405214565106369	-8.9466802663507	2.215859230202e-17	1.39435350603102e-15	protein_coding	chr2:54723499-54972025:+	387.191240857715	445.956279695922	324.659459641549	165.500185706088	22.2345840914054	23.2893956418723	60.7641995060137	32.4008221089631
ENSG00000248174	LINC02268	277.150284737451	404.141494296251	150.159075178651	-1.42782552535196	0.176369563253269	-2.69040902841995	3.56547161985192e-17	2.21472406670029e-15	lncRNA	chr4:174091766-174220398:-	291.391346212507	392.707768687453	514.91179604957	417.555066235476	108.27275731467	101.891105933191	204.167710340206	186.304727126538
ENSG00000175592	FOSL1	51.5731325211419	3.56499620752376	99.5812688347601	4.62912862121302	0.575064445885812	24.7460888989612	3.60639387931321e-17	2.23057002629488e-15	protein_coding	chr11:65892049-65900573:-	6.65277046147276	6.65606387605853	0	0.951150492563726	184.64372006341	195.048688500681	10.532461247709	8.10020552724077
ENSG00000164176	EDIL3	113.08950144841	26.2365180362827	199.942484860538	2.8857258418852	0.365266236022831	7.3907759627395	3.96473556007088e-17	2.44177096854918e-15	protein_coding	chr5:83940554-84384880:-	11.974986830651	19.9681916281756	48.2729808796472	24.7299128066569	214.612072534435	217.367692657475	196.065817072737	171.724357177504
ENSG00000177706	FAM20C	290.232468005817	420.827822886257	159.637113125377	-1.36625678690458	0.169088553097839	-2.57800808267893	4.54910152534342e-17	2.77802305385212e-15	protein_coding	chr7:192571-260772:+	407.149552242133	412.675960315629	422.151950437699	441.333828549569	115.039804646837	167.877726918496	153.125782755154	202.505138181019
ENSG00000070182	SPTB	156.34844601071	255.042814121724	57.6540778996966	-2.06092161756146	0.257168928544323	-4.17252767216981	4.65231862462937e-17	2.82911796026306e-15	protein_coding	chr14:64746283-64879907:-	368.563483565591	230.299810111625	205.396800997714	215.911161811966	60.9034259895017	46.5787912837447	52.6623062385452	70.4717880869947
ENSG00000163539	CLASP2	926.664276945221	1254.44737137394	598.881182516502	-1.00957743498134	0.125072652720824	-2.01332131243166	5.24888499831062e-17	3.1652963575229e-15	protein_coding	chr3:33496245-33718356:-	955.337838267489	986.428666431874	1557.98679466469	1518.03618613171	553.93116019023	599.701937778213	624.655970921821	617.235661175747
ENSG00000167037	SGSM1	84.9670149522941	140.09070747214	29.8433224324485	-2.12938005761836	0.265861525165611	-4.37529428757487	6.10687070765218e-17	3.65226197321694e-15	protein_coding	chr22:24806169-24927578:+	78.5026914453786	111.821873117783	186.466220260598	183.572045064799	28.0349103761198	23.2893956418723	34.8381410501145	33.2108426616872
ENSG00000133019	CHRM3	269.624548327716	141.534769361443	397.714327293988	1.44471513017859	0.179540507180078	2.72209068484887	6.7555148960073e-17	4.02356243168369e-15	protein_coding	chr1:239386565-239915452:+	153.013720613874	83.8664048383375	161.856465302346	167.402486691216	305.483850994961	327.021930471291	466.669052206185	491.682475503515
ENSG00000036565	SLC18A1	187.333089641642	321.208550791253	53.4576284920308	-2.5504659138384	0.321102671393111	-5.85823437674152	6.82066337559947e-17	4.04571561619062e-15	protein_coding	chr8:20144855-20183206:-	352.596834458056	288.87317222094	310.461524088711	332.902672397304	32.8685156133819	99.9503229630354	46.1807916245704	34.8308837671353
ENSG00000049130	KITLG	128.444328216874	37.8214743402103	219.067182093537	2.34412905165092	0.296746971888845	5.07753771859303	1.18048599398999e-16	6.97354032286414e-15	protein_coding	chr12:88492793-88580851:-	45.2388391380148	45.261234357198	17.9840517002607	42.8017721653677	326.751714038914	305.673317799574	132.060860259736	111.782836275923
ENSG00000004399	PLXND1	169.811172396423	255.089809457125	84.5325353357222	-1.54324409743163	0.194856494490855	-2.91449130473932	1.5234076000511e-16	8.92642841924677e-15	protein_coding	chr3:129555175-129606818:-	223.533087505485	223.643746235567	268.814246467055	304.368157620392	93.7719416028836	71.808969895773	71.2966607537227	101.25256909051
ENSG00000107954	NEURL1	151.480648814379	224.7092743382	78.2520232905577	-1.47554140497248	0.187173456539023	-2.78087983392962	2.0188831917048e-16	1.15949589021998e-14	protein_coding	chr10:103493979-103592552:+	247.483061166787	226.30617178599	218.648207513696	206.399656886329	65.7370312267637	74.7201443510071	79.3985540211912	93.1523635632688
ENSG00000122585	NPY	230.992890014924	319.151105972548	142.8346740573	-1.120883464754	0.141649596759399	-2.17480110271277	2.24029910002462e-16	1.27652948325419e-14	protein_coding	chr7:24284188-24291862:+	367.232929473297	427.319300842958	231.899614029678	250.15257954426	163.375857019457	184.374382164823	109.375559110825	114.212897934095
ENSG00000130226	DPP6	227.692455008245	317.261164315398	138.123745701092	-1.16736897753956	0.148091720180747	-2.24601720249082	2.68739997733979e-16	1.51932577625152e-14	protein_coding	chr7:153887097-154894285:+	270.102480735794	339.459257678985	320.873343494125	338.609575352687	126.640457216265	145.558722761702	137.732185546964	142.563617279438
ENSG00000180884	ZNF792	120.677525144878	180.439094520402	60.9159557693535	-1.52953928127296	0.195752615095236	-2.88693631258532	3.5211600597042e-16	1.97526161023639e-14	protein_coding	chr19:34956354-34964229:-	167.649815629114	171.72644800231	191.198865444877	191.181249005309	69.6039154165734	63.0754465300709	55.9030635455326	55.0813975852372
ENSG00000091129	NRCAM	857.60898933246	483.117856634124	1232.1001220308	1.320880688972	0.168450999617678	2.49818564255446	3.59066080194445e-16	2.00647234697073e-14	protein_coding	chr7:108147623-108456717:-	328.646860796755	532.485110084683	513.965267012714	557.374188642344	964.787605357503	1401.24530445265	1308.45576269616	1253.91181561687
ENSG00000126522	ASL	254.026520229267	374.400650293717	133.652390164816	-1.48744603939618	0.191475912316075	-2.80392165528808	3.70876646696931e-16	2.06449911832488e-14	protein_coding	chr7:66075800-66094697:+	369.894037657886	391.376555912242	360.62756304207	375.704444562672	156.60880968729	179.522424739433	111.806127091065	86.6721991414762
ENSG00000187323	DCC	84.2158126222939	16.7267726069591	151.704852637629	2.98267920928112	0.385669120816356	7.90452740395203	3.83416627742246e-16	2.12612599743813e-14	protein_coding	chr18:52340197-53535903:+	13.3055409229455	21.2994044033873	7.57223229484661	24.7299128066569	219.445677771697	192.137514045447	102.083855170103	93.1523635632688
ENSG00000178403	NEUROG2	1002.51590584418	1357.6364020824	647.395409605969	-1.11223594357316	0.142883265920733	-2.16180432448028	4.55845779982981e-16	2.50853839303943e-14	protein_coding	chr4:112513516-112516180:-	1189.51535851133	1158.15511443418	1518.23257511675	1564.64256026733	414.723329357083	425.03147046417	875.814662213344	874.012176389279
ENSG00000177432	NAP1L5	177.938072700794	249.739632496148	106.13651290544	-1.19795449681444	0.153520793404238	-2.29414168915372	5.19449945873869e-16	2.84772691917898e-14	protein_coding	chr4:88695913-88697829:-	275.424697104972	246.274363414166	239.471846324524	237.787623140932	99.572267887598	113.535803754128	108.565369784078	102.872610195958
ENSG00000132329	RAMP1	642.558368991619	899.840016670912	385.276721312325	-1.22157823868582	0.157955677362739	-2.33201689188036	5.54076489917444e-16	3.02609397682082e-14	protein_coding	chr2:237858893-237912106:+	908.76844503718	927.855304322559	921.919281897575	840.817035426334	286.149430045913	304.702926314496	482.062649414375	468.191879474516
ENSG00000182175	RGMA	67.7453695953643	22.1218908093057	113.368848381423	2.29811714052379	0.298832161636615	4.91815478545245	7.23673411597283e-16	3.92274355282677e-14	protein_coding	chr15:93035273-93089204:-	14.6360950152401	15.9745533025405	29.3424001425306	28.5345147769118	116.973246741741	99.9503229630354	123.958966992268	112.592856828647
ENSG00000182118	FAM89A	49.5914108248547	11.3539962608199	87.8288253888895	2.91111932585704	0.378737923798719	7.52201574313545	8.78589541198577e-16	4.72707302221821e-14	protein_coding	chr1:231018958-231040254:-	15.9666491075346	13.3121277521171	6.62570325799079	9.51150492563726	73.470799606383	102.861497418269	89.1208259421534	85.8621785887522
ENSG00000121577	POPDC2	321.511507952297	190.529278876344	452.493737028249	1.21425261529108	0.157018216303519	2.32020554045253	9.19667888478579e-16	4.91156950182674e-14	protein_coding	chr3:119636457-119665324:-	218.210871136307	162.407958575828	177.00092989204	204.497355901201	394.422187360582	472.580653232993	519.33135844473	423.640749074692
ENSG00000164976	MYORG	254.562444031842	148.830134284147	360.294753779536	1.23463571278607	0.159976916084327	2.35321920060925	9.18319574728174e-16	4.91156950182674e-14	protein_coding	chr9:34366666-34376898:-	149.02205833699	133.121277521171	143.872413602086	169.304787676343	365.42055593701	392.038159971518	302.200618876575	381.51968033304
ENSG00000109861	CTSC	309.800337499156	191.164123317037	428.436551681275	1.13085296629396	0.147254234468797	2.18988174622836	1.42569779309919e-15	7.53070224800165e-14	protein_coding	chr11:88293592-88337761:-	182.285910644354	190.363426855274	167.535639523481	224.471516245039	474.660034299132	390.097377001362	418.867881928121	430.120913496485
ENSG00000184922	FMNL1	97.3253818812839	148.203362622909	46.4474011396587	-1.62902114878592	0.213314066597271	-3.09303069091043	1.4676022505795e-15	7.72385722641347e-14	protein_coding	chr17:45221444-45247319:+	149.02205833699	154.420681924558	149.551587823221	139.819122406868	50.2694944675252	50.4603572240567	36.4585197036082	48.6012331634446
ENSG00000155974	GRIP1	88.414247354784	148.193071977969	28.6354227315986	-2.32415080765865	0.308476861097276	-5.00770927263946	2.1731904949462e-15	1.12733283273679e-13	protein_coding	chr12:66347431-67069162:-	114.427651937332	165.070384126252	123.995303828113	189.278948020182	25.1347472337626	16.4966552463262	40.5094663373424	32.4008221089631
ENSG00000041982	TNC	1599.38634516065	239.439243307251	2959.33344701405	3.90601408254211	0.549882792257079	14.9908894794297	2.19740959787946e-15	1.13582532536105e-13	protein_coding	chr9:115019575-115118257:-	484.321689595217	320.822278826021	106.957781164708	45.6552236430589	3427.99283426624	3406.07411262383	2783.81052670217	2219.45631446397
ENSG00000147255	IGSF1	245.172608344978	380.273768683145	110.071448006811	-1.8052103832374	0.243792675924522	-3.4948011813011	3.5984258754297e-15	1.8338034399681e-13	protein_coding	chrX:131273506-131578899:-	375.216254027064	371.408364284066	341.696982304953	432.773474116495	84.1047311283595	57.2530976196028	145.834078814433	153.093884464851
ENSG00000058404	CAMK2B	136.341080537908	215.06959880517	57.6125622706461	-1.89216514754834	0.254613333730493	-3.71191879069136	4.27129221141554e-15	2.16906709388832e-13	protein_coding	chr7:44217150-44334577:-	232.846966151547	166.401596901463	251.77672380365	209.25310836402	34.8019577082867	41.7268338583546	84.2596899816723	69.6617675342706
ENSG00000112541	PDE10A	96.1022502609053	151.725881596253	40.4786189255581	-1.82141698420085	0.244644158287094	-3.53428157674857	5.25853552555567e-15	2.65180434360165e-13	protein_coding	chr6:165327287-165988078:-	186.277572921237	166.401596901463	140.086297454662	114.138059107647	33.8352366608343	44.6380083135886	43.7502236443298	39.6910070834798
ENSG00000164171	ITGA2	102.595280473592	45.606180855333	159.584380091851	1.69458399246245	0.227946008233308	3.23683537571789	6.91796404125811e-15	3.46448766675186e-13	protein_coding	chr5:52989340-53094779:+	62.536042337844	57.2421493341034	26.5028130319631	36.1437187174216	218.478956724244	236.775522359035	88.3106366154065	94.772404668717
ENSG00000166974	MAPRE2	378.905221774593	546.936113450868	210.874330098319	-1.3426733387196	0.182018527745763	-2.53620847428981	7.08593300251918e-15	3.53636925329173e-13	protein_coding	chr18:34976928-35143470:+	484.321689595217	485.892662952273	572.650067297775	644.880033958206	233.946493483483	257.153743545674	183.102787844788	169.294295519332
ENSG00000118473	SGIP1	403.017592558066	562.231765914296	243.803419201836	-1.17206293264117	0.15685831136694	-2.25333674896627	7.69637472545281e-15	3.80169390448732e-13	protein_coding	chr1:66533383-66751139:+	592.096571071076	629.663642675137	405.114427774294	622.052422136677	261.01468281215	267.828049881532	238.195662063574	208.175282050088
ENSG00000214944	ARHGEF28	122.13731840346	198.840293291905	45.4343435150146	-2.06188508781856	0.279973510936128	-4.17531512818867	9.95004369294619e-15	4.83244907275202e-13	protein_coding	chr5:73626158-73941993:+	238.169182520725	155.75189469977	183.62663315003	217.813462797093	54.1363786573348	41.7268338583546	57.5234421990263	28.3507193453427
ENSG00000198208	RPS6KL1	130.430682782335	198.122394709522	62.738970855148	-1.59890906469848	0.216812240838741	-3.02914169424679	1.08481532008976e-14	5.23351070921968e-13	protein_coding	chr14:74903951-74923302:-	220.871979320896	228.968597336413	146.712000712653	195.937001468128	67.6704733216686	69.868186925617	68.8660927734822	44.5511303998242
ENSG00000111859	NEDD9	184.605209404888	86.9400068601063	282.270411949669	1.63594891017602	0.223014371061803	3.10791901317415	1.46264564128806e-14	6.98642586348586e-13	protein_coding	chr6:11183298-11382348:-	107.774881475859	89.1912559391843	89.9202585013035	60.8736315240785	254.247635479983	406.594032247688	230.903958122852	237.336021948155
ENSG00000126500	AP006333.1	75.760061833976	132.792958585154	18.7271650827976	-2.79634112687386	0.388378340305536	-6.9467641968798	1.71571543766356e-14	8.11488546709303e-13	protein_coding	chr11:64103188-64119173:+	141.038733783223	106.497022016936	155.230762044356	128.405316496103	17.4009788541433	4.85195742539007	21.0649224954181	31.590801556239
ENSG00000137714	FDX1	149.174956500537	86.4839061729938	211.86600682808	1.26763064568865	0.172932559663391	2.40765828234293	2.25987575760111e-14	1.06538051595312e-12	protein_coding	chr11:110429948-110464884:+	94.4693405529132	95.8473198152429	75.7223229484661	79.896641375353	203.011419965006	218.338084142553	209.839035627434	216.275487577329
ENSG00000229312	AL353693.1	30.9667767104477	2.75430775154708	59.1792456693483	4.28844871312237	0.582807205365154	19.5412210509747	2.71819078671644e-14	1.27315130278793e-12	lncRNA	chr9:69472466-69494513:+	1.33055409229455	3.99363832563512	2.83958711056748	2.85345147769118	41.5690050404535	48.5195742539007	70.4864714269759	76.1419319560632
ENSG00000179431	FJX1	290.865486712994	172.134956488832	409.596016937155	1.22319767628188	0.168220823114853	2.33463607065604	2.81010378393125e-14	1.30773736542884e-12	protein_coding	chr11:35618460-35620865:+	251.47472344367	163.73917135104	123.995303828113	149.330627332505	441.79151868575	505.573963725645	341.089706560423	349.928878776801
ENSG00000138696	BMPR1B	277.563977803933	385.612117746859	169.515837861007	-1.14642618878195	0.157311409642536	-2.21364854695788	2.8310926072673e-14	1.31328215721089e-12	protein_coding	chr4:94757955-95158448:+	344.613509904289	344.784108779832	416.472776216564	436.57807608675	184.64372006341	147.499505731858	198.496385052978	147.423740595782
ENSG00000099889	ARVCF	584.366032177809	791.24896920354	377.483095152078	-1.0706672440579	0.147529755167111	-2.1004045762621	3.39576072538796e-14	1.56518614581337e-12	protein_coding	chr22:19969896-20016823:-	904.776782760296	782.753111824483	711.789835715582	765.6761465138	400.222513645297	528.863359367518	296.529293589347	284.317214006151
ENSG00000102996	MMP15	127.314702894314	202.693024960678	51.9363808279496	-1.95280713128923	0.275939501516342	-3.87127053674618	4.54652052920039e-14	2.07576629713304e-12	protein_coding	chr16:58025754-58046901:+	191.599789290416	197.019490731333	227.166968845398	194.985850975564	55.1030997047872	80.5424932614752	38.8890876838488	33.2108426616872
ENSG00000161513	FDXR	377.425869390417	238.499289309351	516.352449471482	1.03130331959029	0.143445533373218	2.04386983391525	5.59113034974211e-14	2.51305681837943e-12	protein_coding	chr17:74862497-74873031:-	267.441372551205	272.8986189184	213.915562329417	199.741603438383	702.8062014979	632.695248270865	383.21955155126	346.688796565905
ENSG00000066933	MYO9A	193.342593892326	285.71755583918	100.967631945472	-1.42561202623467	0.199733255926274	-2.68628435086266	6.59421784083169e-14	2.92754953406003e-12	protein_coding	chr15:71822291-72118577:-	447.06617501097	298.191661647422	188.35927833431	209.25310836402	108.27275731467	141.67715682139	80.208743347938	73.711870297891
ENSG00000132334	PTPRE	34.0840617894303	61.7070097803821	6.46111379847848	-3.14811903941729	0.44074084585163	-8.86499021936619	6.68676322174946e-14	2.95955731218287e-12	protein_coding	chr10:127907061-128085855:+	93.1387864606187	89.1912559391843	36.9146324373772	27.5833642843481	11.6006525694289	7.76313188062411	2.43056798024055	4.05010276362038
ENSG00000088808	PPP1R13B	294.430464900567	411.455165194095	177.405764607039	-1.17619483162804	0.16518014487765	-2.259799587675	7.78511859332419e-14	3.41436428488427e-12	protein_coding	chr14:103733195-103847575:-	399.166227688366	464.593258548886	345.483098452377	436.57807608675	159.508972829647	152.351463157248	204.167710340206	193.594912101054
ENSG00000196411	EPHB4	340.422595698777	160.758026924766	520.087164472789	1.91440667566322	0.278206167587241	3.76958754015825	8.28830447642532e-14	3.62406739236567e-12	protein_coding	chr7:100802565-100827523:-	240.830290705314	283.548321120093	49.219509916503	69.433985957152	669.937685884519	622.991333420085	382.409362224513	405.010276362038
ENSG00000131094	C1QL1	370.18380914484	509.092799855096	231.274818434585	-1.09349483522219	0.153911142255558	-2.13390335143273	9.45262362492712e-14	4.09604256657396e-12	protein_coding	chr17:44959693-44968303:-	560.163272856007	573.752706116245	427.831124658834	474.624095789299	194.310930537934	230.953173448567	251.96888061827	247.866289133568
ENSG00000173334	TRIB1	100.705112025027	48.1582492361153	153.251974813939	1.62354891530831	0.23013549273369	3.08132085211932	1.2032533302147e-13	5.13474058648155e-12	protein_coding	chr8:125430358-125438403:+	67.8582587070222	41.2675960315629	39.7542195479447	43.7529226579314	166.276020161814	159.144203552794	145.834078814433	141.753596726713
ENSG00000170017	ALCAM	357.097826837945	199.348330193172	514.847323482719	1.25476772658849	0.17790799811909	2.38628726369559	1.23188366750111e-13	5.22846109083387e-12	protein_coding	chr3:105366909-105576900:+	254.13583162826	312.835002174751	144.818942638941	85.6035443307354	775.310280056831	780.194754002723	247.107744657789	256.776515213532
ENSG00000250510	GPR162	254.151529738769	363.170798370458	145.13226110708	-1.27146639440944	0.180955324635867	-2.41406813318158	1.28062088159081e-13	5.41942281265023e-12	protein_coding	chr12:6821624-6829972:+	302.035778950863	315.497427725174	381.451201852898	453.698784952897	149.841762355123	160.114595037872	123.958966992268	146.613720043058
ENSG00000174807	CD248	98.6515534128839	146.722785274494	50.5803215512743	-1.47825750462097	0.210729008065714	-2.78612020766124	1.5507936689493e-13	6.52460371241371e-12	protein_coding	chr11:66314494-66317044:-	127.733192860277	125.1340008699	159.963407228635	174.060540139162	50.2694944675252	47.5491827688227	47.8011702780641	56.7014386906854
ENSG00000181409	AATK	475.712315896638	645.736968473133	305.687663320143	-1.0632774470415	0.150511845701658	-2.08967335558768	1.58988775177465e-13	6.66969432795204e-12	protein_coding	chr17:81110487-81166221:-	561.493826948301	677.587302582759	606.725112624585	737.141631736888	281.315824808651	221.249258597787	371.066711650057	349.118858224077
ENSG00000143869	GDF7	28.7285743171307	1.945764640733	55.5113839935284	4.65909796426558	0.650522426595958	25.2655199373067	1.8684670328708e-13	7.79317676274904e-12	protein_coding	chr2:20667144-20679243:+	2.66110818458911	1.33121277521171	2.83958711056748	0.951150492563726	54.1363786573348	60.1642720748369	58.3336315257731	49.4112537161687
ENSG00000090238	YPEL3	463.228452261118	646.583168472598	279.873736049639	-1.24000157198743	0.179017775642759	-2.36198789652373	2.33364606430702e-13	9.59513053656691e-12	protein_coding	chr16:30092314-30096915:-	593.427125163371	605.701812721326	691.912725941609	695.291010064084	185.610441110862	180.492816224511	348.381410501145	405.010276362038
ENSG00000173114	LRRN3	587.233041564089	836.451438397646	338.014644730532	-1.30602675359617	0.190063058415936	-2.47259637368837	2.52904169833367e-13	1.0369070963168e-11	protein_coding	chr7:111091006-111125454:+	727.81308848512	849.313750585069	873.646301017928	895.032613502466	453.392171255179	398.830900367064	253.589259271764	246.246248028119
ENSG00000196358	NTNG2	146.845060061372	48.6816417433768	245.008478379367	2.25882587279507	0.333132205266536	4.7860181658602	2.95578923054591e-13	1.20166116667671e-11	protein_coding	chr9:132161676-132244526:+	43.9082850457202	26.6242555042341	83.2945552433127	40.8994711802402	305.483850994961	238.716305329191	204.977899666953	230.855857526362
ENSG00000168140	VASN	185.472590931468	260.339444616165	110.60573724677	-1.19983881112242	0.175684371852934	-2.29714004167532	6.39736006273268e-13	2.55066094181626e-11	protein_coding	chr16:4371848-4383538:+	239.499736613019	260.917703941494	248.937136693082	292.003201217064	113.106362551932	130.032459000454	91.5513939223939	107.732733512302
ENSG00000166352	IFTAP	781.812942741998	476.711812271992	1086.914073212	1.08620540912921	0.160464742156785	2.12314868765552	8.38362714845762e-13	3.29718031846813e-11	protein_coding	chr11:36594493-36659290:+	469.685594579977	431.312939168593	485.569395907039	520.279319432358	703.772922545353	794.750626278893	1394.33583133133	1454.79691269244
ENSG00000150938	CRIM1	178.909635101317	60.2225577126938	297.59671248994	2.21581886298934	0.326814830669847	4.64545163322613	1.34876545147484e-12	5.23342691131241e-11	protein_coding	chr2:36355778-36551135:+	119.74986830651	121.140362544265	0	0	585.832954756159	604.553895203603	0	0
ENSG00000188290	HES4	116.059331881827	176.043695079807	56.0749686838481	-1.58173110473649	0.237108057964388	-2.99328802061446	1.5469740709626e-12	5.93882114828694e-11	protein_coding	chr1:998962-1000172:-	158.335936983052	215.656469584296	167.535639523481	162.646734228397	62.8368680844065	40.7564423732766	64.8151461397479	55.8914181379613
ENSG00000100234	TIMP3	489.640675577671	716.864627307777	262.416723847565	-1.44986396261045	0.221243648230175	-2.73182290703741	1.65770021222283e-12	6.330315348681e-11	protein_coding	chr22:32801701-32863043:+	654.63261340892	670.9312387067	762.902403705796	778.992253409692	293.883198425532	387.186202546128	183.102787844788	185.494706573814
ENSG00000198400	NTRK1	97.747856543177	149.693203525497	45.8025095608568	-1.63771132931282	0.246573041691846	-3.11171801630746	1.79685804606756e-12	6.82570249363143e-11	protein_coding	chr1:156815640-156881850:+	133.055409229455	127.796426420324	141.032826491518	196.888151960691	50.2694944675252	44.6380083135886	49.4215489315578	38.8809865307557
ENSG00000019549	SNAI2	106.24395666603	50.0988952071948	162.389018124866	1.61087958872563	0.242764737236789	3.05438005836823	1.87442399253319e-12	7.1017116345374e-11	protein_coding	chr8:48917598-48921740:-	39.9166227688366	53.2485110084682	51.1125679902146	56.1178790612599	207.845025202268	158.173812067716	144.213700160939	139.323535068541
ENSG00000134871	COL4A2	1172.68289771395	762.256861255244	1583.10893417266	1.01317655605775	0.151531999137682	2.01835025693536	2.09051538366023e-12	7.85870886953625e-11	protein_coding	chr13:110305812-110513209:+	706.524223008407	686.90579200924	1046.86111476254	608.736315240785	1358.24307167063	1467.23192543796	1832.64825710137	1674.31248248067
ENSG00000126453	BCL2L12	112.07272556129	56.2220570591401	167.923394063441	1.53428074003332	0.232233836931692	2.89643992022378	2.45281629198871e-12	9.14938407060633e-11	protein_coding	chr19:49665142-49673916:+	57.2138259686658	71.8854898614321	56.7917422113496	38.9971701951128	156.60880968729	170.78890137373	178.241651884307	166.054213308436
ENSG00000184232	OAF	144.102083392142	81.3014945814096	206.902672202874	1.29240547907607	0.194972790904061	2.44936109736257	2.48472821637753e-12	9.24459420967404e-11	protein_coding	chr11:120211032-120230334:+	62.536042337844	85.1976176135492	80.4549681327453	97.0173502415001	222.345840914054	206.693386321617	198.496385052978	200.075076522847
ENSG00000134954	ETS1	248.227105211166	154.072180533569	342.382029888763	1.07025010171825	0.161479950252364	2.09979735089672	2.67669774997862e-12	9.88261391210219e-11	protein_coding	chr11:128458761-128587558:-	184.947018828943	157.083107474981	127.781419975537	146.477175854814	457.259055444989	402.712466307376	257.640205905498	251.916391897188
ENSG00000184564	SLITRK6	320.038873040428	168.259153410296	471.818592670559	1.47072533218878	0.224289060383668	2.77161204710059	2.6925163998626e-12	9.91572260946857e-11	protein_coding	chr13:85792790-85806683:-	226.194195690074	191.694639630486	145.765471675797	109.382306644829	534.596739241182	376.511896210269	436.692047116552	539.473688114235
ENSG00000198626	RYR2	146.36079027074	62.3962880263206	230.325292515159	1.80708838820511	0.276053091567787	3.49935344456715	3.2641041951972e-12	1.19296414184568e-10	protein_coding	chr1:237042184-237833988:+	21.2888654767128	61.2357876597385	70.0431487273312	97.0173502415001	141.141272928052	166.907335433418	321.645162718499	291.607398980668
ENSG00000154975	CA10	242.84167661735	133.074930749905	352.608422484796	1.37677936823109	0.210966993964294	2.59688003347785	3.90407127737121e-12	1.4090679201345e-10	protein_coding	chr17:51630313-52160017:-	103.783219198975	98.5097453656663	203.503742924003	126.503015510976	309.35073518477	368.748764329645	362.964818382588	369.369372042179
ENSG00000141668	CBLN2	181.41833195019	244.859753315794	117.976910584586	-1.01406071248513	0.154035938286108	-2.01958758307903	4.50350373061562e-12	1.61735011149379e-10	protein_coding	chr18:72536680-72638521:-	224.863641597779	271.567406143188	230.953084992822	252.054880529387	117.939967789194	117.41736969444	116.667263051546	119.883041803163
ENSG00000176697	BDNF	103.497098724803	163.235262673738	43.7589347758688	-1.87298436903564	0.292359413990746	-3.66289505960533	4.70120782720384e-12	1.68417279413666e-10	protein_coding	chr11:27654893-27722058:-	151.683166521579	146.433405273288	185.519691223742	169.304787676343	59.9367049420493	54.3419231643688	26.736247782646	34.0208632144112
ENSG00000172638	EFEMP2	180.132420968267	265.595917318564	94.6689246179701	-1.46707600335789	0.226273041563511	-2.76461005306196	4.78690106529943e-12	1.71063750908836e-10	protein_coding	chr11:65866441-65873592:-	280.746913474151	250.268001739801	261.242014172208	270.126739888098	93.7719416028836	140.706765336312	64.0049568130011	80.1920347196836
ENSG00000134716	CYP2J2	76.1785764479838	35.3753826032492	116.981770292718	1.65453919158269	0.254261310504692	3.14822617686574	5.24151510912442e-12	1.85512331623147e-10	protein_coding	chr1:59893308-59926773:-	39.9166227688366	26.6242555042341	36.9146324373772	38.0460197025491	113.106362551932	93.1575825674893	127.199724299255	134.463411752197
ENSG00000105339	DENND3	78.1897572177432	127.520345356636	28.8591690788501	-1.95877169005278	0.303263871959232	-3.8873087273254	5.41439903389404e-12	1.90663253570677e-10	protein_coding	chr8:141117278-141195808:+	210.227546582539	158.414320250193	57.7382712482054	83.7012433456079	30.9350735184771	40.7564423732766	19.4445438419244	24.3006165817223
ENSG00000171680	PLEKHG5	352.558870448526	554.92565291288	150.192087984171	-1.87686438800301	0.302111135286718	-3.67275939699724	7.21262178125257e-12	2.50331594820308e-10	protein_coding	chr1:6466092-6520061:-	444.405066826381	505.860854580448	655.944622541088	613.492067703604	191.410767395577	217.367692657475	72.1068500804696	119.883041803163
ENSG00000148700	ADD3	517.233603692614	727.593807264297	306.873400120932	-1.19386431133636	0.186067427589165	-2.28764677804346	7.66813304273742e-12	2.6550452040081e-10	protein_coding	chr10:109996368-110135565:+	616.046544732378	628.332429899925	865.127539686226	800.868714738658	348.986298130319	340.607411262383	221.991875528637	315.90801556239
ENSG00000125740	FOSB	254.767630245111	388.674709857835	120.860550632387	-2.06374584602376	0.328414778163093	-4.18070383760308	7.81967977459659e-12	2.69462441375563e-10	protein_coding	chr19:45467995-45475179:+	750.432508054128	712.198834738263	39.7542195479447	52.3132770910049	210.745188344625	262.976092456142	3.2407573069874	6.48016442179262
ENSG00000156650	KAT6B	372.703422894183	521.300556505747	224.10628928262	-1.17887403968542	0.183849687904349	-2.26400012792127	9.31696218911287e-12	3.17973425880804e-10	protein_coding	chr10:74824927-75032624:+	490.97446005669	467.255684099309	613.350815882576	513.621265984412	241.680261863102	265.887266911376	229.283579469358	159.574048886643
ENSG00000271447	MMP28	25.8741944172872	49.6839513615537	2.06443747302074	-4.42294251778439	0.698583287125752	-21.4505467804875	1.19582227120672e-11	3.99702903722283e-10	protein_coding	chr17:35756249-35795707:-	58.5443800609603	45.261234357198	37.8611614742331	57.0690295538236	0.966721047452408	0	4.05094663373424	3.24008221089631
ENSG00000100027	YPEL1	283.304097450678	416.458491591428	150.149703309929	-1.40728982360476	0.222724683169795	-2.65238430566239	1.33318137963359e-11	4.43566301320389e-10	protein_coding	chr22:21697536-21735794:-	456.380053657032	477.905386301003	366.306737263205	365.241789144471	95.7053836977884	163.025769493106	187.153734478522	154.713925570299
ENSG00000131080	EDA2R	68.6662328319453	30.3059700284523	107.026495635438	1.74668362979808	0.275243952334497	3.35586255689415	1.47866110516948e-11	4.89717669911164e-10	protein_coding	chrX:66595637-66639298:-	45.2388391380148	33.2803193802927	19.8771097739724	22.8276118215294	156.60880968729	118.387761179518	74.5374180607101	78.5719936142355
ENSG00000129946	SHC2	352.002263393344	483.512021719844	220.492505066843	-1.12698334476494	0.177627430539323	-2.18401587791063	1.68119631622985e-11	5.54258639744753e-10	protein_coding	chr19:416583-460996:-	411.141214519017	472.580535200156	531.949318712975	518.377018447231	169.176183304171	151.38107167217	328.936866659221	232.47589863181
ENSG00000198932	GPRASP1	117.948445092453	171.774103229932	64.1227869549739	-1.36210991131264	0.215039986358964	-2.57060850855926	1.73213395982289e-11	5.69753972739014e-10	protein_coding	chrX:102651092-102659083:+	164.988707444525	149.095830823711	161.856465302346	211.155409349147	69.6039154165734	47.5491827688227	69.676282100229	69.6617675342706
ENSG00000145632	PLK2	211.903593255436	59.047234262597	364.759952248276	2.19058370403922	0.354283421185804	4.56490141618461	2.00702444005847e-11	6.52756510583511e-10	protein_coding	chr5:58453982-58460139:-	133.055409229455	45.261234357198	30.2889291793865	27.5833642843481	627.401959796613	645.310337576879	109.375559110825	76.9519525087873
ENSG00000088881	EBF4	416.54338184863	576.678602199692	256.408161497568	-1.12042363045017	0.176809360667323	-2.17410803261442	2.01861316116126e-11	6.55053548912262e-10	protein_coding	chr20:2692874-2760108:+	494.966122333574	491.21751405312	710.843306678726	609.687465733349	162.409135972005	282.383922157702	263.311531192726	317.528056667838
ENSG00000049323	LTBP1	340.940084837992	204.387181659452	477.492988016532	1.29843183557838	0.206439616111889	2.45961384975944	2.21698622447064e-11	7.16215214883114e-10	protein_coding	chr2:32946953-33399509:+	397.835673596071	358.096236531949	42.5938066585122	19.0230098512745	875.849268991881	846.181374988028	79.3985540211912	108.542754065026
ENSG00000167703	SLC43A2	141.380195343392	207.522126191852	75.238264494931	-1.3903168620795	0.221556454869268	-2.62136247973005	2.35875605563537e-11	7.58628364293572e-10	protein_coding	chr17:1569268-1628886:-	176.963694275175	169.064022451887	210.129446181994	273.931341858353	82.1712890334547	59.1938805897589	66.4355247932416	93.1523635632688
ENSG00000151617	EDNRA	61.6458604741992	15.3000502488975	107.991670699501	2.64182149989065	0.426335169843181	6.24119159065622	2.36929421353491e-11	7.60328052161657e-10	protein_coding	chr4:147480917-147544954:+	17.2972031998292	10.6497022016936	7.57223229484661	25.6810632992206	127.607178263718	135.854807910922	98.0329085363687	70.4717880869947
ENSG00000181026	AEN	567.387364160049	362.045540580282	772.729187739816	1.02090779948635	0.162385177882456	2.02919540613021	2.55182774370735e-11	8.15289248006102e-10	protein_coding	chr15:88621337-88632281:+	315.341319873809	402.026258113935	321.819872530981	408.994711802402	950.286789645717	899.552906667319	602.780859099656	638.296195546573
ENSG00000119630	PGF	167.200155699798	108.378406210577	226.021905189019	1.00360943276141	0.159822371026084	2.00501000085146	3.37880519805016e-11	1.07005355867352e-09	protein_coding	chr14:74941834-74955626:-	119.74986830651	114.484298668207	94.6529036855827	104.62655418201	261.981403859602	262.976092456142	194.445438419244	184.68468602109
ENSG00000115556	PLCD4	160.418770712271	237.407602607871	83.4299388166704	-1.412080070966	0.228305957172235	-2.66120577754965	3.58143108430355e-11	1.12194917928842e-09	protein_coding	chr2:218607855-218637184:+	174.302586090586	185.038575754427	271.653833577622	318.635415008848	62.8368680844065	99.9503229630354	87.5004472886597	83.4321169305799
ENSG00000240801	AC132217.1	38.3714265487297	75.1228119920112	1.62004110544815	-5.52765611848021	0.91431548643556	-46.1307268327628	4.41356203570247e-11	1.37076144512279e-09	lncRNA	chr11:2129121-2129964:-	29.2721900304802	91.8536814896077	82.3480262064569	97.0173502415001	0	0	0	6.48016442179262
ENSG00000079308	TNS1	254.477832018351	386.682583489456	122.273080547247	-1.68501045799517	0.276335459204884	-3.21542727129491	5.45524976894099e-11	1.67833440916843e-09	protein_coding	chr2:217799588-218033982:-	357.919050827235	720.186111389533	254.616310914217	214.008860826838	135.340946643337	238.716305329191	58.3336315257731	56.7014386906854
ENSG00000287088	AP001066.1	32.68367494102	59.0512595965272	6.31609028551272	-3.13827763714785	0.513315028620295	-8.80472312280927	5.46544890262892e-11	1.67833440916843e-09	lncRNA	chr21:44530172-44533145:+	42.5777309534257	33.2803193802927	81.4014971696011	78.9454908827893	0	5.82234891046808	7.29170394072164	12.1503082908612
ENSG00000169783	LINGO1	197.427258545093	274.937358962273	119.917158127914	-1.14692296325859	0.186035422360193	-2.21441092113978	5.89112777519473e-11	1.79878253777201e-09	protein_coding	chr15:77613027-77820900:-	268.7719266435	259.586491166283	246.097549582515	325.293468456794	128.57389931117	95.0983655376454	143.403510834192	112.592856828647
ENSG00000103187	COTL1	178.613006189252	77.1709510333083	280.055061345196	1.52673828537385	0.252436819537389	2.8813367563112	7.96194174233732e-11	2.40570319074839e-09	protein_coding	chr16:84565596-84618078:-	130.394301044866	118.477936993842	22.7166968845398	37.0948692099853	510.428713054871	484.225351053929	62.3845781595074	63.181603112478
ENSG00000174482	LINGO2	99.4665933675496	144.117683654053	54.815503081046	-1.33439307809421	0.220722171779279	-2.52169375270835	9.97961647869053e-11	2.97191336000181e-09	protein_coding	chr9:27948078-28670286:-	131.724855137161	127.796426420324	150.498116860076	166.451336198652	59.9367049420493	57.2530976196028	46.1807916245704	55.8914181379613
ENSG00000091986	CCDC80	149.299022999908	54.4677444590793	244.130301540737	2.16325288842875	0.360831285008691	4.47923664627678	1.24160573379793e-10	3.63760319539623e-09	protein_coding	chr3:112596794-112649530:-	127.733192860277	89.1912559391843	0.946529036855827	0	563.598370664754	400.77168333722	4.05094663373424	8.10020552724077
ENSG00000021762	OSBPL5	128.751360655686	196.99670612706	60.5060151843113	-1.60296860835327	0.269482138615444	-3.03767728199451	1.3242524586654e-10	3.85631908134091e-09	protein_coding	chr11:3087107-3166739:-	178.29424836747	137.114915846806	224.327381734831	248.250278559133	76.3709627487402	51.4307487091347	45.3706022978235	68.8517469815465
ENSG00000175097	RAG2	51.7318070656174	13.013559537602	90.4500545936328	2.51201002033599	0.425139088662497	5.70414248782646	1.3905531074235e-10	4.02509502474806e-09	protein_coding	chr11:36575574-36598279:-	13.3055409229455	9.31848942648194	11.3583484422699	18.0718593587108	44.4691681828108	37.8452679180425	137.732185546964	141.753596726713
ENSG00000136205	TNS3	138.550824153515	78.5296179308656	198.572030376164	1.32465052833037	0.221552879457054	2.50472207164768	1.62933408395776e-10	4.70685672597218e-09	protein_coding	chr7:47275154-47582558:-	95.7998946452078	129.127639195536	44.4868647322239	44.7040731504951	286.149430045913	246.479437209816	108.565369784078	153.093884464851
ENSG00000120149	MSX2	128.630709884062	74.480802444334	182.780617323791	1.18241253672516	0.198318453285687	2.26955985471083	1.99066167334205e-10	5.67142645635423e-09	protein_coding	chr5:174724582-174730896:+	87.8165700914405	97.1785325904546	53.0056260639263	59.9224810315148	253.280914432531	249.39061166505	120.71820968528	107.732733512302
ENSG00000137070	IL11RA	82.1365236240023	126.531634037226	37.7414132107783	-1.70008469395392	0.288727237320405	-3.24920032535091	2.04681589825924e-10	5.81995412485384e-09	protein_coding	chr9:34650702-34661902:+	97.1304487375023	129.127639195536	147.658529749509	132.209918466358	29.0016314235722	22.3190041567943	59.9540101792668	39.6910070834798
ENSG00000230910	AL391807.1	111.435747606871	182.669230286284	40.2022649274579	-2.13248258581454	0.36969847045583	-4.3847135203227	2.24279919811249e-10	6.35225690690451e-09	lncRNA	chr6:68627879-68635161:-	155.674828798463	224.974959010778	194.038452555444	155.988680780451	38.6688418980963	13.5854807910922	57.5234421990263	51.0312948216168
ENSG00000196562	SULF2	845.108534108308	538.423237984841	1151.79383023177	1.04499695220587	0.175348096114766	2.06336199960165	2.44355250778903e-10	6.85378593899819e-09	protein_coding	chr20:47656348-47786616:-	673.260370701044	459.268407448039	465.692286133067	555.471887657216	1159.09853589544	840.35902607756	1255.79345645762	1351.92430249648
ENSG00000188385	JAKMIP3	30.0595354956805	52.2685838159071	7.85048717545386	-2.64644357528978	0.453151027269739	-6.26121905092688	2.56589318262799e-10	7.15533179810691e-09	protein_coding	chr10:132036336-132184858:+	37.2555145842475	53.2485110084682	66.2570325799079	52.3132770910049	3.86688418980963	4.85195742539007	12.1528399012027	10.530267185413
ENSG00000123545	NDUFAF4	275.631057300382	176.425095012993	374.837019587772	1.01797529230991	0.17236016682627	2.02507493283761	2.94510495457163e-10	8.18128675768047e-09	protein_coding	chr6:96889315-96897891:-	171.641477905997	167.732809676675	167.535639523481	198.790452945819	441.79151868575	424.061078979092	285.186643014891	348.308837671353
ENSG00000172380	GNG12	385.945187330368	200.975070443503	570.915304217232	1.26236801518536	0.217755323068406	2.39889167967217	3.16579198703267e-10	8.74398996723738e-09	protein_coding	chr1:67701475-67833467:-	243.491398889903	243.611937863742	181.733575076319	135.063369944049	855.548126995381	872.381945085135	273.843992440435	281.887152347979
ENSG00000168763	CNNM3	406.162330648331	554.519041279309	257.805620017353	-1.04891348922446	0.178829895975559	-2.06897109408669	3.18492437557563e-10	8.7800781881345e-09	protein_coding	chr2:96816245-96835382:+	528.229974640937	416.669598641264	669.196029057069	603.980562777966	257.14779862234	306.643709284652	235.765094083333	231.665878079086
ENSG00000166448	TMEM130	150.93236251551	212.830808068301	89.0339169627191	-1.21286838848241	0.207517701729739	-2.31798043372707	3.83450700707992e-10	1.04710980968807e-08	protein_coding	chr7:98846488-98870771:-	220.871979320896	166.401596901463	217.70167847684	246.347977574005	58.0032628471445	83.4536677167092	111.806127091065	102.872610195958
ENSG00000056998	GYG2	163.856950291881	222.801632081376	104.912268502387	-1.03676555590045	0.176849570485568	-2.05162286611435	4.21647477315573e-10	1.14924744617482e-08	protein_coding	chrX:2828822-2882820:+	220.871979320896	242.280725088531	187.412749297454	240.641074618623	107.306036267217	110.624629298894	111.806127091065	89.9122813523725
ENSG00000027644	INSRR	69.0019719398309	115.255109004548	22.7488348751141	-2.21122263325533	0.384064851505076	-4.63067540760261	4.23496368309798e-10	1.15211709371198e-08	protein_coding	chr1:156840063-156859117:-	107.774881475859	93.1848942648194	113.583484422699	146.477175854814	36.7353998031915	9.70391485078014	23.4954904756586	21.060534370826
ENSG00000167964	RAB26	96.1267568119621	147.554752727067	44.6987608968568	-1.65845711330463	0.287986524665844	-3.15678742295653	4.2870343266416e-10	1.16409470561883e-08	protein_coding	chr16:2140803-2154165:+	127.733192860277	166.401596901463	138.193239380951	157.890981765579	29.9683524710246	37.8452679180425	41.3196556640893	69.6617675342706
ENSG00000151929	BAG3	104.136102253998	53.445241356732	154.826963151265	1.49930724750734	0.258748907128971	2.82706929822779	4.51626718566822e-10	1.22404372618307e-08	protein_coding	chr10:119651380-119677819:+	63.8665964301385	82.5351920631258	31.2354582162423	36.1437187174216	225.246004056411	168.848118403574	134.491428239977	90.7223019050966
ENSG00000111885	MAN1A1	135.074819421141	196.365666066117	73.7839727761646	-1.55907048657134	0.274305391455088	-2.9466393337483	4.69301063155243e-10	1.26956902561604e-08	protein_coding	chr6:119177205-119349761:-	279.416359381856	235.624661212472	134.407123233527	136.014520436613	117.939967789194	121.298935634752	26.736247782646	29.1607398980668
ENSG00000144821	MYH15	94.798528817511	133.947009267286	55.6500483677357	-1.20805637179383	0.207666233395915	-2.31026183839903	4.77433368669144e-10	1.28675849995317e-08	protein_coding	chr3:108380368-108529322:-	115.758206029626	127.796426420324	147.658529749509	144.574874869686	43.5024471353584	54.3419231643688	60.7641995060137	63.9916236652021
ENSG00000187266	EPOR	188.62463488531	256.450111849608	120.799157921011	-1.04349071825191	0.178960442390062	-2.06120888755254	4.82580167276499e-10	1.29580385176118e-08	protein_coding	chr19:11377207-11384342:-	230.185857966958	272.8986189184	280.172594909325	242.54337560375	102.472431029955	102.861497418269	123.148777665521	154.713925570299
ENSG00000114626	ABTB1	107.524545940637	166.550101205799	48.4989906754755	-1.66952213909808	0.292344373240584	-3.18109209392724	6.07075349895861e-10	1.612147071384e-08	protein_coding	chr3:127672935-127680926:+	142.369287875517	129.127639195536	199.717626776579	194.985850975564	28.0349103761198	63.0754465300709	62.3845781595074	40.5010276362038
ENSG00000176641	RNF152	674.318205605107	397.605522684727	951.030888525487	1.16344246816946	0.204381129474002	2.23991264324548	6.30724144353323e-10	1.67188105150653e-08	protein_coding	chr18:61808067-61894247:-	321.994090335282	391.376555912242	371.039382447484	506.012062043902	1150.39804646837	1185.81839476533	719.448122151202	748.458990717047
ENSG00000132541	RIDA	182.619243520278	115.08651797074	250.151969069816	1.08871999250445	0.188306851168763	2.12685251256459	6.85980043313217e-10	1.81502544184135e-08	protein_coding	chr8:98102344-98117171:-	127.733192860277	137.114915846806	89.9202585013035	105.577704674574	247.480588147816	238.716305329191	230.093768796105	284.317214006151
ENSG00000135324	MRAP2	88.002153163369	43.2706157634506	132.733690563287	1.53807173640269	0.270640861786248	2.90406095741162	7.46844317687861e-10	1.961720110689e-08	protein_coding	chr6:84033772-84090881:+	43.9082850457202	53.2485110084682	34.0750453268098	41.850621672804	110.206199409574	114.506195239206	166.088811983104	140.133555621265
ENSG00000152104	PTPN14	43.4867226163078	15.1503426320727	71.8231026005428	2.08987321445262	0.370182515625052	4.25710659439906	9.93404904279178e-10	2.58124760855162e-08	protein_coding	chr1:214348700-214552449:-	13.3055409229455	22.630617178599	13.2514065159816	11.4138059107647	75.4042417012878	110.624629298894	52.6623062385452	48.6012331634446
ENSG00000088367	EPB41L1	586.420924186837	810.615174108015	362.226674265658	-1.07866327043787	0.191084260945525	-2.1120782274652	1.28168693058879e-09	3.28898137347722e-08	protein_coding	chr20:36091504-36232799:+	1186.85425032674	761.453707421096	658.784209651655	635.368529032569	320.951387754199	379.423070665503	351.622167808132	396.910070834798
ENSG00000111057	KRT18	394.584440663388	241.599806293424	547.569075033352	1.14089900255079	0.202173318079697	2.20518394441259	1.43661991199375e-09	3.67353356648153e-08	protein_coding	chr12:52948871-52952906:+	509.602217348814	453.943556347192	0	2.85345147769118	1042.1252891537	1139.23960348159	5.67132528722794	3.24008221089631
ENSG00000130592	LSP1	35.0406288044663	60.9389714148071	9.14228619412549	-2.63872953074783	0.479334574221163	-6.22782985664238	1.52303922363914e-09	3.87398008501393e-08	protein_coding	chr11:1853084-1892267:+	53.2221636917821	58.5733621093151	51.1125679902146	80.8477918679167	7.73376837961926	2.91117445523404	17.0139758616838	8.91022607996485
ENSG00000233930	KRTAP5-AS1	62.7744819171051	105.449857680583	20.099106153627	-2.25935122767912	0.408380919937961	-4.78776130339268	1.6594157880982e-09	4.19872809460582e-08	lncRNA	chr11:1571353-1599184:+	78.5026914453786	115.815511443418	162.802994339202	64.6782334943334	16.4342578066909	19.4078297015603	15.3935972081901	29.1607398980668
ENSG00000116791	CRYZ	316.607129404475	204.624093516122	428.590165292828	1.02176453675432	0.181203662035286	2.030400791591	1.68841222602593e-09	4.25721082705108e-08	protein_coding	chr1:74705482-74733408:-	234.177520243841	211.662831258661	234.739201140245	137.91682142174	474.660034299132	408.534815217844	406.715042026918	424.450769627416
ENSG00000089177	KIF16B	212.42535068566	124.177035446639	300.67366592468	1.21894147702364	0.218477530486652	2.32775864127582	1.89322674205661e-09	4.74060045636423e-08	protein_coding	chr20:16272104-16573434:-	170.310923813703	102.503383691301	118.316129606978	105.577704674574	262.948124907055	343.518585717617	253.589259271764	342.638693802285
ENSG00000213626	LBH	202.065877461085	133.193241630471	270.9385132917	1.00714657425141	0.180700846269737	2.00993183458268	2.20347069273857e-09	5.4514241600009e-08	protein_coding	chr2:30231534-30323730:+	150.352612429284	185.038575754427	93.7063746487268	103.675403689446	313.21761937458	294.999011463716	265.742099172966	209.795323155536
ENSG00000101955	SRPX	84.7177267107527	22.8079574655442	146.627495955961	2.18425793673958	0.401953420270828	4.5449295659412	2.26538541657556e-09	5.59503807749115e-08	protein_coding	chrX:38149336-38220924:-	39.9166227688366	33.2803193802927	7.57223229484661	10.462655418201	261.981403859602	272.680007306922	34.8381410501145	17.0104316072056
ENSG00000173406	DAB1	25.7048728433818	3.32720858438282	48.0825371023808	3.82668227712272	0.684942369863417	14.1888157536422	2.5325981215889e-09	6.22313966277694e-08	protein_coding	chr1:56994778-58546734:-	6.65277046147276	6.65606387605853	0	0	85.0714521758119	90.2464081122553	8.91208259421534	8.10020552724077
ENSG00000267629	AC138430.1	29.387191548042	1.99583113844183	56.7785519576422	4.93615133990262	0.891276629710862	30.6146723949478	2.71150517153957e-09	6.62898891008313e-08	lncRNA	chr19:19254748-19273369:-	7.98332455376732	0	0	0	103.439152077408	62.1050550449929	40.5094663373424	21.060534370826
ENSG00000020577	SAMD4A	297.318333746146	417.687307848518	176.949359643774	-1.15269623610378	0.211088780578598	-2.22329014514256	2.80414544413155e-09	6.83239006951447e-08	protein_coding	chr14:54566117-54793315:+	490.97446005669	499.20479070439	287.744827204171	392.825153428819	169.176183304171	146.52911424678	202.547331686712	189.544809337434
ENSG00000162631	NTNG1	43.3702774817956	14.2041448935353	72.5364100700558	2.3217748386446	0.429546223050208	4.9994688825477	3.22141056858742e-09	7.8096273298435e-08	protein_coding	chr1:107140007-107483458:+	25.2805277535965	17.3057660777522	7.57223229484661	6.65805344794608	91.8384995079787	92.1871910824113	34.8381410501145	71.2818086397188
ENSG00000167414	GNG8	41.7425312976734	67.9092029381679	15.5758596571788	-2.03038150360973	0.37676507273376	-4.08512862387164	3.93957469606348e-09	9.45563259968935e-08	protein_coding	chr19:46634076-46634685:-	59.8749341532549	39.9363832563512	68.1500906536195	103.675403689446	10.6339315219765	8.73352336570213	23.4954904756586	19.4404932653778
ENSG00000143847	PPFIA4	235.952445576148	337.054734120986	134.85015703131	-1.25884026892607	0.231366135281488	-2.39303296201969	3.9851504197176e-09	9.54918576565776e-08	protein_coding	chr1:203026498-203078740:+	218.210871136307	412.675960315629	355.894917857791	361.437187174216	138.241109785694	94.1279740525674	162.03786534937	144.99367893761
ENSG00000156313	RPGR	97.5488792737246	144.821323123008	50.2764354244407	-1.44193230752078	0.266141564786408	-2.71684508942324	4.05110884989697e-09	9.69118981562956e-08	protein_coding	chrX:38269163-38327544:-	151.683166521579	81.2039792879141	158.070349154923	188.327797527618	37.7021208506439	42.6972253434326	64.0049568130011	56.7014386906854
ENSG00000188158	NHS	106.240894945256	49.3754674966339	163.106322393878	1.61746406383659	0.302787257518044	3.06835214070464	4.09536217179755e-09	9.78088724627491e-08	protein_coding	chrX:17375420-17735994:+	35.9249604919529	43.9300215819863	60.5778583587729	57.0690295538236	134.374225595885	232.893956418723	143.403510834192	141.753596726713
ENSG00000135472	FAIM2	156.407532665813	236.380772688303	76.434292643324	-1.53898125372566	0.28578267041643	-2.90589233994389	4.13089804101337e-09	9.83330384006357e-08	protein_coding	chr12:49866896-49904217:-	220.871979320896	267.573767817553	282.065652983036	175.011690631726	64.7703101793113	70.838578410695	115.046884398053	55.0813975852372
ENSG00000178568	ERBB4	30.1103151767489	4.98479047476956	55.2358398787282	3.27119323763023	0.609473531364982	9.65444440790487	4.16053610955438e-09	9.87138346124272e-08	protein_coding	chr2:211375717-212538841:-	1.33055409229455	5.32485110084682	6.62570325799079	6.65805344794608	50.2694944675252	57.2530976196028	85.880068635166	27.5406987926186
ENSG00000168481	LGI3	37.5491817583139	61.3013760329781	13.7969874836496	-2.08139118585274	0.388380464892819	-4.23215124405707	4.26925232416347e-09	1.00962236744474e-07	protein_coding	chr8:22146830-22157084:-	39.9166227688366	57.2421493341034	68.1500906536195	79.896641375353	8.70048942707167	6.7927403955461	17.8241651884307	21.8705549235501
ENSG00000170776	AKAP13	726.314235482983	1041.66869367753	410.959777288431	-1.2090687912489	0.225112629895381	-2.31188364678149	4.32020370467626e-09	1.0200050280225e-07	protein_coding	chr15:85380571-85749358:+	731.804750762004	737.491877467285	1380.98586477265	1316.3922817082	445.65840287556	358.074457993787	551.738931514604	288.367316769771
ENSG00000129990	SYT5	175.421255049098	273.15072446757	77.6917856306261	-1.70174277093947	0.317905187590409	-3.25293675001076	4.34653966689749e-09	1.02455160584702e-07	protein_coding	chr19:55171196-55180289:-	274.094143012678	202.344341832179	231.899614029678	384.264798995745	47.369331325168	118.387761179518	78.5883646944444	66.4216853233743
ENSG00000180440	SERTM1	13.2145302567847	0	26.4290605135695	7.82650191831778	2.68052728603244	226.992672750657	4.61097180120783e-09	1.08335381296885e-07	protein_coding	chr13:36674020-36697839:+	0	0	0	0	32.8685156133819	33.9637019777305	14.5834078814433	24.3006165817223
ENSG00000167601	AXL	120.481210549977	39.2628726737395	201.699548426214	2.22458140463629	0.408210079527453	4.67375271657376	5.43773694289156e-09	1.26122382651393e-07	protein_coding	chr19:41219223-41261766:+	63.8665964301385	93.1848942648194	0	0	405.056118882559	401.742074822298	0	0
ENSG00000105974	CAV1	137.964658133119	44.2494864467169	231.679829819522	2.24763216310791	0.417231918673813	4.74902767358218	7.78556393472032e-09	1.75514745836771e-07	protein_coding	chr7:116525001-116561184:+	107.774881475859	69.2230643110087	0	0	512.362155149776	414.357164128312	0	0
ENSG00000135919	SERPINE2	67.9787610691713	29.1837586201677	106.773763518175	2.18386543927199	0.421107356602205	4.54369324734476	8.33551326758886e-09	1.86460407298012e-07	protein_coding	chr2:223975045-224039318:-	54.5527177840767	61.2357876597385	0.946529036855827	0	197.211093680291	195.048688500681	21.0649224954181	13.7703493963093
ENSG00000181826	RELL1	92.1174372171314	130.502278227252	53.7325962070106	-1.20030633651241	0.225837392314332	-2.29788458248254	8.93602781276647e-09	1.98970970052568e-07	protein_coding	chr4:37590800-37686376:-	167.649815629114	123.802788094689	117.369600570123	113.186908615083	52.20293656243	58.2234891046808	54.2826848920389	50.2212742688928
ENSG00000064687	ABCA7	103.613681542057	154.511774294449	52.7155887896656	-1.4784607748071	0.284418175328829	-2.78651278894574	1.03160770112937e-08	2.26906660462697e-07	protein_coding	chr19:1039997-1065572:+	160.997045167641	161.076745800616	160.909936265491	135.063369944049	28.0349103761198	52.4011401942128	62.3845781595074	68.0417264288225
ENSG00000144278	GALNT13	311.672197226661	184.588870444601	438.75552400872	1.23029234823724	0.235224248953929	2.34614527401146	1.05124766567556e-08	2.30875682326592e-07	protein_coding	chr2:153871922-154453979:+	295.383008489391	178.382511878369	159.963407228635	104.62655418201	417.62349249944	499.751614815177	411.576177987399	426.070810732864
ENSG00000230590	FTX	184.155857500329	247.320113063636	120.991601937021	-1.00851875854272	0.190795815870634	-2.0118444417717	1.05487234018026e-08	2.31320717870135e-07	lncRNA	chrX:73940435-74293574:-	219.541425228601	238.287086762895	244.204491508803	287.247448754245	85.0714521758119	90.2464081122553	147.454457467927	161.194089992091
ENSG00000152217	SETBP1	110.82972035268	151.049223413148	70.6102172922117	-1.03753128702509	0.196254824514833	-2.05271208346591	1.14682956631369e-08	2.49594952079068e-07	protein_coding	chr18:44680173-45068510:+	123.741530583393	153.089469149346	159.963407228635	167.402486691216	58.0032628471445	68.897795440539	76.1577967142038	79.3820141669595
ENSG00000173926	MARCHF3	58.8599606985691	15.0164820136648	102.703439383473	3.26036029647698	0.729380757499596	9.582222387881	1.39561359642583e-08	3.01024077214173e-07	protein_coding	chr5:126867714-127030558:-	31.9332982150693	25.2930427290224	2.83958711056748	0	121.806851979003	111.595020783972	83.4495006549254	93.9623841159929
ENSG00000196935	SRGAP1	130.298577646319	81.9127436019552	178.684411690682	1.04783124193545	0.200560588879209	2.06741962364293	1.53589809113576e-08	3.29319304785302e-07	protein_coding	chr12:63844700-64162217:+	74.5110291684949	85.1976176135492	84.2410842801686	83.7012433456079	222.345840914054	175.640858799121	157.986918715636	158.764028333919
ENSG00000135046	ANXA1	129.084010490639	52.5703896454365	205.597631335841	1.84764463161986	0.352530523440143	3.59912106515186	1.54259944809931e-08	3.30266890715108e-07	protein_coding	chr9:73151865-73170393:+	101.122111014386	109.15944756736	0	0	387.655140028416	434.73538531495	0	0
ENSG00000175206	NPPA	136.753061240654	188.192397309616	85.3137251716923	-1.1093360873157	0.213269472272948	-2.15746340315749	1.59772239920332e-08	3.41059532207518e-07	protein_coding	chr1:11845709-11848345:-	174.302586090586	150.427043598923	190.252336408021	237.787623140932	61.8701470369541	58.2234891046808	123.148777665521	98.0124868796133
ENSG00000070882	OSBPL3	236.381894885518	148.386386387384	324.377403383652	1.05797882752075	0.203769966702755	2.08201264026709	1.88055108215785e-08	3.97912511872377e-07	protein_coding	chr7:24796540-24981634:-	192.93034338271	209.000405708238	106.011252127853	85.6035443307354	551.997718095325	334.785062351915	222.802064855383	187.924768231986
ENSG00000181350	LRRC75A	87.3753529275164	131.334149440816	43.4165564142169	-1.5753112928584	0.313875224950085	-2.97999785628333	2.13728154778023e-08	4.48953205239815e-07	protein_coding	chr17:16441577-16492193:-	117.088760121921	133.121277521171	144.818942638941	130.307617481231	23.2013051388578	28.1413530672624	50.2317382583046	72.0918291924428
ENSG00000132763	MMACHC	119.741943063389	74.7060505397157	164.777835587062	1.08465205664748	0.212360378228849	2.12086391967186	2.93389459769831e-08	6.04015028627135e-07	protein_coding	chr1:45500300-45513382:+	79.8332455376732	85.1976176135492	65.310503543052	68.4828354645883	138.241109785694	196.019079985759	157.986918715636	166.86423386116
ENSG00000184144	CNTN2	115.530067299505	175.504485826301	55.5556487727081	-1.51787254079443	0.30470405097004	-2.86368447046187	3.23409548599966e-08	6.60184259081425e-07	protein_coding	chr1:205042937-205078289:+	109.105435568153	157.083107474981	153.337703970644	282.491696291427	52.20293656243	58.2234891046808	64.0049568130011	47.7912126107205
ENSG00000106714	CNTNAP3	32.1634254285534	9.9266098821973	54.4002409749096	2.29894189509822	0.461584070518156	4.92096718183557	3.66988815444997e-08	7.43897636685635e-07	protein_coding	chr9:39072767-39288315:-	6.65277046147276	15.9745533025405	8.51876133170244	8.56035443307354	71.5373575114782	45.6083997986667	60.7641995060137	39.6910070834798
ENSG00000129680	MAP7D3	254.674261535568	155.00137128408	354.347151787056	1.09850862168359	0.21820631347145	2.14133218978545	3.86205774366858e-08	7.76327246168269e-07	protein_coding	chrX:136213220-136256482:-	126.402638767983	189.032214080062	153.337703970644	151.232928317632	323.851550896557	509.455529665957	272.223613786941	311.85791279877
ENSG00000165323	FAT3	25.8306745613959	6.69276749236163	44.9685816304301	2.55531694457479	0.51528027607439	5.8779657170902	4.07274249262163e-08	8.15467262522851e-07	protein_coding	chr11:92352096-92896470:+	3.99166227688366	6.65606387605853	9.46529036855827	6.65805344794608	35.7686787557391	53.3715316792908	56.7132528722794	34.0208632144112
ENSG00000175093	SPSB4	146.228977446482	202.163593300118	90.2943615928457	-1.08891919424357	0.21696744296037	-2.12714620039066	4.12252628641666e-08	8.22969971631839e-07	protein_coding	chr3:141051347-141148611:+	176.963694275175	181.044937428792	235.685730177101	214.960011319402	116.006525694289	71.808969895773	84.2596899816723	89.1022607996485
ENSG00000106066	CPVL	170.74856249932	106.188755792076	235.308369206563	1.0844969029025	0.21631753402183	2.12063584493898	4.60529720017554e-08	9.14299950317429e-07	protein_coding	chr7:28995235-29195451:-	147.691504244695	82.5351920631258	93.7063746487268	100.821952211755	230.079609293673	244.53865423966	208.21865697394	258.396556318981
ENSG00000013619	MAMLD1	29.7107039901386	8.55242603964378	50.8689819406334	2.54315643383231	0.528687424149803	5.82862842924174	4.78881858666967e-08	9.45546676737656e-07	protein_coding	chrX:150361422-150514178:+	10.6444327383564	15.9745533025405	3.78611614742331	3.80460197025491	44.4691681828108	55.3123146494468	56.7132528722794	46.9811920579965
ENSG00000168970	JMJD7-PLA2G4B	112.898422956051	169.63455695575	56.1622889563513	-1.50700347962749	0.306349094611429	-2.84219094141769	5.15850505817212e-08	1.01164015863042e-06	protein_coding	chr15:41828095-41848155:+	171.641477905997	173.057660777522	197.824568702868	136.014520436613	85.0714521758119	45.6083997986667	33.2177623966208	60.7515414543058
ENSG00000156475	PPP2R2B	130.890378057014	81.0060440774106	180.774712036618	1.08862389837511	0.219680016222781	2.12671085321994	6.27989512648606e-08	1.20702419874678e-06	protein_coding	chr5:146581146-147084784:-	74.5110291684949	95.8473198152429	86.1341423538802	67.5316849720246	169.176183304171	199.900645926071	206.598278320446	147.423740595782
ENSG00000167371	PRRT2	81.6854641349368	118.602609985076	44.7683182847973	-1.31282783100975	0.26734116595338	-2.484280075744	6.33651647815837e-08	1.21468083428326e-06	protein_coding	chr16:29811382-29815892:+	106.444327383564	127.796426420324	96.5459617592943	143.623724377123	34.8019577082867	49.4899657389787	42.940034317583	51.8413153743409
ENSG00000008056	SYN1	277.775833322939	380.66985696997	174.881809675907	-1.03279768582817	0.210162496146204	-2.04598800329616	6.72590633190485e-08	1.28422219448099e-06	protein_coding	chrX:47571901-47619857:-	397.835673596071	491.21751405312	356.841446894647	276.784793336044	168.209462256719	156.23302909756	217.130739568156	157.954007781195
ENSG00000133111	RFXAP	131.638111160354	84.2224014799645	179.053820840743	1.01292310380784	0.204615994225505	2.01799570488735	6.83990633469028e-08	1.30255216292069e-06	protein_coding	chr13:36819222-36829104:+	90.4776782760296	71.8854898614321	99.3855488698618	75.1408889125344	179.810114826148	206.693386321617	160.417486695876	169.294295519332
ENSG00000247095	MIR210HG	66.7356396019674	96.3419706752451	37.1293085286897	-1.28977206465672	0.26439770333429	-2.44489424932537	7.69278442706926e-08	1.4592092924374e-06	lncRNA	chr11:565660-568457:-	73.1804750762004	95.8473198152429	106.957781164708	109.382306644829	29.0016314235722	32.0229190075745	50.2317382583046	37.2609454253075
ENSG00000143013	LMO4	42.9455926420694	10.5528752530095	75.3383100311294	3.11352272079537	0.662299045562619	8.65493341647967	7.77394248792181e-08	1.47267368622634e-06	protein_coding	chr1:87328880-87348923:+	14.6360950152401	26.6242555042341	0	0.951150492563726	135.340946643337	122.26932711983	8.91208259421534	34.8308837671353
ENSG00000223839	FAM95B1	19.0616781203765	1.18316129606978	36.9401949446832	4.69181498572268	0.954690964870803	25.8450302493823	8.00302684401344e-08	1.50621336168279e-06	transcribed_unprocessed_pseudogene	chr9:40321299-40329221:+	0	0	4.73264518427913	0	22.2345840914054	24.2597871269504	66.4355247932416	34.8308837671353
ENSG00000026103	FAS	17.9053020263155	2.32896367370333	33.4816403789276	3.90751225101559	0.793068820450839	15.006464873143	8.29583197063084e-08	1.55727076667886e-06	protein_coding	chr10:88990531-89017059:+	5.32221636917821	3.99363832563512	0	0	55.1030997047872	45.6083997986667	20.2547331686712	12.9603288435852
ENSG00000162576	MXRA8	141.848748696435	211.20092033916	72.4965770537112	-1.52067908064022	0.317762627357601	-2.86926074738023	8.50861069544229e-08	1.59308049929025e-06	protein_coding	chr1:1352689-1361777:-	232.846966151547	109.15944756736	268.814246467055	233.983021170677	53.1696576098824	31.0525275224964	90.7412045956471	115.022918486819
ENSG00000104327	CALB1	156.756061199386	83.0554193716184	230.456703027155	1.30066119398878	0.269990966971056	2.4634175639859	8.63915290670666e-08	1.61126881467481e-06	protein_coding	chr8:90058608-90095475:-	89.147124183735	59.9045748845268	82.3480262064569	100.821952211755	179.810114826148	112.56541226905	313.543269451031	315.90801556239
ENSG00000243364	EFNA4	93.9342601645866	50.6413652124101	137.227155116763	1.37087643024074	0.286134534241016	2.58627633446909	9.49191805393142e-08	1.7567331201349e-06	protein_coding	chr1:155063737-155069553:+	51.8916095994876	71.8854898614321	32.1819872530981	46.6063741356226	140.174551880599	115.476586724284	144.213700160939	149.04378170123
ENSG00000170962	PDGFD	79.4977212114212	44.1675776524293	114.827864770413	1.25340596168622	0.259965627996179	2.38403590149067	9.63290442810414e-08	1.78054949920755e-06	protein_coding	chr11:103907189-104164379:-	53.2221636917821	39.9363832563512	38.8076905110889	44.7040731504951	129.540620358623	147.499505731858	80.208743347938	102.062589643234
ENSG00000104419	NDRG1	194.634635725087	285.885297952014	103.383973498161	-1.41807233482939	0.297067503143418	-2.67228213812848	1.00389449006803e-07	1.84743800655719e-06	protein_coding	chr8:133237171-133302022:-	188.938681105826	364.752300408008	361.574092078926	228.276118215294	86.0381732232643	60.1642720748369	128.009913626002	139.323535068541
ENSG00000204634	TBC1D8	139.25841922649	189.673527846431	88.8433106065488	-1.03054975129446	0.21199003140385	-2.04280253051018	1.00458350802219e-07	1.84743800655719e-06	protein_coding	chr2:101007617-101252866:-	208.896992490245	170.395235227098	216.755149439984	162.646734228397	83.1380100809071	68.897795440539	106.944991130584	96.3924457741652
ENSG00000242419	PCDHGC4	201.984269985724	303.276160693245	100.692379278204	-1.43438198076523	0.308543394129824	-2.70266365560515	1.09964989663743e-07	2.01203956435317e-06	protein_coding	chr5:141484997-141512979:+	320.663536242987	457.937194672827	230.006555955966	204.497355901201	96.6721047452408	67.927403955461	115.046884398053	123.12312401406
ENSG00000165359	INTS6L	64.4376147761377	98.5419170763301	30.3333124759453	-1.59155841889908	0.335523569799774	-3.01374722808392	1.14872034671646e-07	2.09522847511463e-06	protein_coding	chrX:135520643-135582510:+	98.4610028297969	98.5097453656663	131.56753612296	65.6293839868971	25.1347472337626	23.2893956418723	34.8381410501145	38.0709659780316
ENSG00000166793	YPEL4	38.4413902077513	61.7937841661664	15.0889962493362	-1.88040061752315	0.39766132304985	-3.68177284067298	1.20909064148079e-07	2.18194125363485e-06	protein_coding	chr11:57645087-57649944:-	70.5193668916113	59.9045748845268	49.219509916503	67.5316849720246	7.73376837961926	19.4078297015603	17.0139758616838	16.2004110544815
ENSG00000266714	MYO15B	66.5478151497502	105.111567047081	27.9840632524192	-1.77055128104342	0.374025695951321	-3.41184304772925	1.22821429442101e-07	2.21093849292976e-06	protein_coding	chr17:75588058-75626849:+	149.02205833699	59.9045748845268	120.20918768069	91.3104472861177	22.2345840914054	32.9933104926525	33.2177623966208	23.4905960289982
ENSG00000134107	BHLHE40	66.5342839990066	36.6099297197221	96.4586382782911	1.30099855802804	0.272705963764717	2.46399368413155	1.35075960855506e-07	2.42249613564031e-06	protein_coding	chr3:4979437-4985323:+	49.2305014148984	27.9554682794458	36.9146324373772	32.3391167471667	100.53898893505	103.831888903347	91.5513939223939	89.9122813523725
ENSG00000146469	VIP	108.092167618824	69.2263054326335	146.958029805015	1.05813591300225	0.220659565130883	2.08223934913822	1.38065365113798e-07	2.46998767526824e-06	protein_coding	chr6:152750797-152759765:+	91.8082323683241	115.815511443418	31.2354582162423	38.0460197025491	223.312561961506	196.019079985759	77.7781753676975	90.7223019050966
ENSG00000197106	SLC6A17	22.0232667417628	2.13777788041443	41.9087556031112	4.09719246512878	0.900021096344133	17.1150365137502	1.39584939379915e-07	2.49408991067347e-06	protein_coding	chr1:110150494-110202202:+	0	0	1.89305807371165	6.65805344794608	59.9367049420493	24.2597871269504	30.7871944163803	52.651335927065
ENSG00000183186	C2CD4C	94.4838115017971	131.425142883448	57.5424801201457	-1.10853272104724	0.233680462776288	-2.15626235180043	1.69409924708168e-07	2.99008517109916e-06	protein_coding	chr19:405445-409147:-	125.072084675688	149.095830823711	106.957781164708	144.574874869686	52.20293656243	52.4011401942128	60.7641995060137	64.8016442179262
ENSG00000173404	INSM1	9.17818578436988	0	18.3563715687398	7.22105904579226	2.65488959673437	149.195379418886	1.82403586109822e-07	3.1921730372037e-06	protein_coding	chr20:20368104-20370949:+	0	0	0	0	19.3344209490482	13.5854807910922	21.8751118221649	18.6304727126538
ENSG00000185133	INPP5J	111.549627191449	167.947276157087	55.1519782258102	-1.48603371424774	0.324420496912201	-2.80117810156066	1.92608334804041e-07	3.33904435499919e-06	protein_coding	chr22:31122731-31134697:+	119.74986830651	151.758256374135	226.220439808543	174.060540139162	83.1380100809071	47.5491827688227	40.5094663373424	49.4112537161687
ENSG00000203772	SPRN	12.4887821226376	24.1282841818576	0.849280063417546	-4.4539389806181	0.922863010556904	-21.9164006966371	2.03573241883387e-07	3.49503621563257e-06	protein_coding	chr10:133420666-133424572:-	26.6110818458911	18.6369788529639	19.8771097739724	31.387966254603	0.966721047452408	0	1.6203786534937	0.810020552724077
ENSG00000043355	ZIC2	10.5581497824864	0	21.1162995649728	7.46750080282313	2.7176419385005	176.98714933411	2.09604469231164e-07	3.578941954924e-06	protein_coding	chr13:99981784-99986765:+	0	0	0	0	13.5340946643337	17.4670467314043	12.9630292279496	40.5010276362038
ENSG00000164142	FAM160A1	29.0108044639435	8.54912799937616	49.4724809285109	2.26929478122938	0.492722406206721	4.82087419304275	2.22567043952804e-07	3.78076622902458e-06	protein_coding	chr4:151409176-151670503:+	13.3055409229455	6.65606387605853	6.62570325799079	7.60920394050981	48.3360523726204	86.3648421719432	35.6483303768614	27.5406987926186
ENSG00000112414	ADGRG6	59.8905911235038	12.9753724608112	106.805809786196	2.81705792785117	0.589796956926395	7.04723795174518	2.2455783206761e-07	3.8101119619162e-06	protein_coding	chr6:142301854-142446266:+	31.9332982150693	19.9681916281756	0	0	189.477325300672	237.745913844113	0	0
ENSG00000130643	CALY	145.192556056663	218.185365018018	72.1997470953078	-1.65035636446328	0.376604730342684	-3.13911169729756	2.26196973963277e-07	3.82894596979006e-06	protein_coding	chr10:133324072-133336935:-	255.466385720554	193.025852405697	187.412749297454	236.836472648368	33.8352366608343	32.9933104926525	119.097831031787	102.872610195958
ENSG00000164946	FREM1	119.850486495034	39.8644143108924	199.836558679176	2.13435531004476	0.467471996221406	4.39040889654567	2.580625396798e-07	4.33790840509378e-06	protein_coding	chr9:14734666-14910995:-	34.5944063996584	7.98727665127024	23.6632259213957	93.2127482712452	87.9716153181691	118.387761179518	248.728123311283	344.258734907733
ENSG00000163235	TGFA	8.77338350847822	0	17.5467670169564	7.09287345319432	2.64145415863935	136.511005281803	2.6370353184592e-07	4.42245795643801e-06	protein_coding	chr2:70447284-70554193:-	0	0	0	0	16.4342578066909	21.3486126717163	16.203786534937	16.2004110544815
ENSG00000177469	CAVIN1	199.877693967734	109.411392261001	290.343995674466	1.18705104269997	0.256347435355119	2.27686861257206	2.87265396679859e-07	4.79537726199262e-06	protein_coding	chr17:42402449-42423256:-	232.846966151547	187.701001304851	4.73264518427913	12.3649564033284	530.729855051372	600.672329263291	14.5834078814433	15.3903905017575
ENSG00000163995	ABLIM2	41.5419023182975	65.4624421969114	17.6213624396836	-1.75588908175112	0.386568968104181	-3.37734388049317	2.9121171728658e-07	4.85006580470503e-06	protein_coding	chr4:7965310-8158832:-	78.5026914453786	43.9300215819863	82.3480262064569	57.0690295538236	22.2345840914054	17.4670467314043	14.5834078814433	16.2004110544815
ENSG00000177875	CCDC184	110.584002921275	151.30120118506	69.8668046574893	-1.08457444920206	0.235109506825632	-2.12074983429745	2.93682852526321e-07	4.87999072860326e-06	protein_coding	chr12:48183644-48185926:+	147.691504244695	162.407958575828	143.872413602086	151.232928317632	91.8384995079787	86.3648421719432	54.2826848920389	46.9811920579965
ENSG00000137474	MYO7A	22.0489669163101	39.5301693959581	4.56776443666215	-2.91391073079875	0.654122220046725	-7.53658383790974	3.00110824916162e-07	4.97537682590105e-06	protein_coding	chr11:77128246-77215241:+	29.2721900304802	42.5988088067746	62.4709164324846	23.7787623140932	3.86688418980963	8.73352336570213	2.43056798024055	3.24008221089631
ENSG00000171517	LPAR3	65.9693320931831	28.5874247271443	103.351239459222	1.76286950865969	0.392821605383776	3.39372463155039	3.05135239024756e-07	5.04134967397865e-06	protein_coding	chr1:84811602-84893206:-	25.2805277535965	49.2548726828331	27.449342068819	12.3649564033284	97.6388257926932	97.0391485078014	102.89404449685	115.832939039543
ENSG00000094755	GABRP	13.5365667406426	1.18547202392373	25.8876614573614	4.1193800194323	0.870802108616825	17.3802872292454	3.09430215206606e-07	5.10066458392393e-06	protein_coding	chr5:170763350-170814047:+	0	0	2.83958711056748	1.90230098512745	19.3344209490482	19.4078297015603	32.407573069874	32.4008221089631
ENSG00000257108	NHLRC4	11.6988816739358	22.5083905513656	0.88937279650603	-4.29971699034572	0.915521922954889	-19.6944468272324	3.60791624207988e-07	5.90026799679346e-06	protein_coding	chr16:567005-569495:+	23.9499736613019	18.6369788529639	22.7166968845398	24.7299128066569	0.966721047452408	0.970391485078014	1.6203786534937	0
ENSG00000158560	DYNC1I1	91.456978560449	55.7980344398767	127.115922681021	1.07726649012656	0.23626470536248	2.11003435710368	4.30509380465046e-07	6.91538542005618e-06	protein_coding	chr7:95772506-96110322:+	49.2305014148984	70.5542770862204	54.898684137638	48.50867512075	144.041436070409	161.08498652295	106.134801803837	97.2024663268892
ENSG00000124191	TOX2	271.478553124082	166.309026270878	376.648079977285	1.10489282868542	0.245626127092325	2.15082899958421	4.45923809579063e-07	7.11560672110008e-06	protein_coding	chr20:43914852-44069616:+	141.038733783223	248.936788964589	117.369600570123	157.890981765579	336.418924513438	330.903496411603	425.349396542096	413.920502442003
ENSG00000172461	FUT9	59.7827962711338	31.4331247603732	88.1324677818943	1.34834215995555	0.301648691604477	2.54619367259363	5.13120867929426e-07	8.0634075152471e-06	protein_coding	chr6:96015974-96215612:+	30.6027441227747	30.6178938298692	34.0750453268098	30.4368157620392	82.1712890334547	121.298935634752	76.1577967142038	72.9018497451669
ENSG00000244239	AC007009.1	57.2986150999356	86.5681943058808	28.0290358939904	-1.52094841561775	0.34333083223191	-2.86979645617338	5.23319800869755e-07	8.20585858936941e-06	lncRNA	chr7:8262233-8262821:+	66.5277046147276	98.5097453656663	88.9737294644477	92.2615977786815	24.1680261863102	17.4670467314043	44.5604129710767	25.9206576871705
ENSG00000127415	IDUA	104.015469072158	154.321147385257	53.7097907590595	-1.41543518763953	0.322945354738317	-2.66740185216723	5.35486584629739e-07	8.36040705431091e-06	protein_coding	chr4:986997-1004564:+	126.402638767983	137.114915846806	207.289859071426	146.477175854814	67.6704733216686	62.1050550449929	55.0928742187857	29.9707604507908
ENSG00000164850	GPER1	33.3539729989494	52.1849579257477	14.522988072151	-1.72826775241355	0.390703741813889	-3.31329750922943	5.44025825909316e-07	8.46632879396294e-06	protein_coding	chr7:1082208-1093815:+	33.2638523073638	49.2548726828331	57.7382712482054	68.4828354645883	10.6339315219765	7.76313188062411	18.6343545151775	21.060534370826
ENSG00000118263	KLF7	555.403991877795	753.278652567088	357.529331188502	-1.00400895965612	0.224198726852303	-2.00556532704693	5.48913740485179e-07	8.5240649850236e-06	protein_coding	chr2:207074137-207167267:-	661.285383870393	673.593664257123	1085.66880527363	592.566756867202	392.488745265678	430.853819374638	332.987813292955	273.786946820738
ENSG00000154447	SH3RF1	99.4828542281078	47.8074508508846	151.158257605331	1.45420038605539	0.328442040138332	2.74004651782285	5.54192123413261e-07	8.59680879116841e-06	protein_coding	chr4:169094259-169270956:-	59.8749341532549	54.57972378368	54.898684137638	21.8764613289657	237.813377673292	180.492816224511	106.134801803837	80.1920347196836
ENSG00000229891	LINC01315	37.4509681003633	56.996216711895	17.9057194888316	-1.53589921748726	0.346624369725893	-2.89969109462929	5.90241667963428e-07	9.11693453621632e-06	lncRNA	chr22:42364390-42369284:-	69.1888127993167	63.8982132101619	44.4868647322239	50.4109761058775	20.3011419965006	21.3486126717163	11.3426505744559	18.6304727126538
ENSG00000111912	NCOA7	192.547416039832	275.832976739855	109.26185533981	-1.23052827978542	0.277207511509675	-2.34652898292731	6.38262368144337e-07	9.80633891099043e-06	protein_coding	chr6:125781161-125932034:+	353.927388550351	145.102192498076	323.712930604693	280.589395306299	97.6388257926932	102.861497418269	101.273665843356	135.273432304921
ENSG00000204514	ZNF814	80.3267817545876	40.8426810407983	119.810882468377	1.39901184276624	0.317614216024415	2.63720887716345	6.76366286496319e-07	1.03151204051225e-05	protein_coding	chr19:57848731-57889074:-	66.5277046147276	26.6242555042341	34.0750453268098	36.1437187174216	161.442414924552	138.765982366156	98.8430978631156	80.1920347196836
ENSG00000111666	CHPT1	140.581746618235	80.9135165374796	200.249976698991	1.21281795265024	0.273715823483221	2.31789939981117	6.81691703472342e-07	1.03853937098476e-05	protein_coding	chr12:101696947-101744140:+	125.072084675688	50.5860854580448	78.5619100590336	69.433985957152	205.911583107363	189.226339590213	200.116763706472	205.745220391916
ENSG00000153303	FRMD1	9.43089435251673	0	18.8617887050335	7.31506026800475	2.71264275915241	159.240143676179	6.82503398039399e-07	1.038682616175e-05	protein_coding	chr6:168053166-168101511:-	0	0	0	0	6.76704733216685	8.73352336570213	24.3056798024055	35.6409043198594
ENSG00000181234	TMEM132C	27.9258945994893	5.36782554897267	50.483963650006	2.91196672170161	0.700940110345266	7.52643524764222	6.85228067812645e-07	1.04173380519458e-05	protein_coding	chr12:128267403-128707915:+	0	5.32485110084682	4.73264518427913	11.4138059107647	54.1363786573348	70.838578410695	42.940034317583	34.0208632144112
ENSG00000057294	PKP2	93.7254767273584	141.817698006765	45.6332554479517	-1.5284650362496	0.351277324340918	-2.88478747132334	6.94786839181459e-07	1.05294763596579e-05	protein_coding	chr12:32790755-32896777:-	106.444327383564	173.057660777522	88.0272004275919	199.741603438383	50.2694944675252	60.1642720748369	35.6483303768614	36.4509248725835
ENSG00000078725	BRINP1	56.0580104628633	30.9606828836297	81.1553380420969	1.26460054745428	0.286114621282392	2.40260677461442	7.24513437789206e-07	1.09341845517447e-05	protein_coding	chr9:119153458-119369435:-	29.2721900304802	38.6051704811395	31.2354582162423	24.7299128066569	98.6055468401456	93.1575825674893	71.2966607537227	61.5615620070298
ENSG00000239887	C1orf226	91.2189917943711	127.375398015818	55.0625855729246	-1.1427535235493	0.259820671631008	-2.20802043404887	7.94737368351906e-07	1.19194134011991e-05	protein_coding	chr1:162378841-162386812:+	117.088760121921	101.17217091609	156.177291081211	135.063369944049	30.9350735184771	47.5491827688227	59.9540101792668	81.8120758251318
ENSG00000140044	JDP2	44.6465608977487	70.7583478874853	18.534773908012	-1.8545526587369	0.433279902165784	-3.61639598841056	8.13900665704671e-07	1.21941866819293e-05	protein_coding	chr14:75427716-75474111:+	77.1721373530841	82.5351920631258	66.2570325799079	57.0690295538236	35.7686787557391	16.4966552463262	15.3935972081901	6.48016442179262
ENSG00000253457	SMIM18	42.0411130785465	70.2396402839164	13.8425858731765	-2.17271380377666	0.523763364252759	-4.5087071400977	8.44787755327676e-07	1.26307987426213e-05	protein_coding	chr8:30638580-30646064:+	86.4860159991459	75.8791281870673	61.5243873956287	57.0690295538236	2.90016314235722	13.5854807910922	17.8241651884307	21.060534370826
ENSG00000162728	KCNJ9	101.853444216315	138.628599217519	65.0782892151102	-1.0076573805227	0.228935190288331	-2.01064360493921	9.24841208665883e-07	1.37849915685081e-05	protein_coding	chr1:160081538-160090563:+	123.741530583393	122.471575319477	168.482168560337	139.819122406868	78.304404843645	57.2530976196028	59.9540101792668	64.8016442179262
ENSG00000107249	GLIS3	14.0863991104211	0.99840958140878	27.1743886394333	4.47516939799422	1.07615904570719	22.24130288773	9.66396587591734e-07	1.43600182876952e-05	protein_coding	chr9:3824127-4348392:-	0	3.99363832563512	0	0	45.4358892302632	49.4899657389787	6.48151461397479	7.29018497451669
ENSG00000136111	TBC1D4	120.446684119864	75.8956439575535	164.997724282174	1.00905610644171	0.229905969874082	2.01259391529503	1.03000549620901e-06	1.52426068983978e-05	protein_coding	chr13:75283503-75482169:-	70.5193668916113	101.17217091609	65.310503543052	66.5805344794609	170.142904351624	238.716305329191	121.528399012027	129.603288435852
ENSG00000129250	KIF1C	313.399911763371	168.686436602243	458.113386924498	1.20462923070743	0.281774179361277	2.30478029426728	1.05217897099136e-06	1.54915424691332e-05	protein_coding	chr17:4997950-5028401:+	227.524749782369	149.095830823711	109.797368275276	188.327797527618	669.937685884519	632.695248270865	322.455352045246	207.365261497364
ENSG00000145555	MYO10	131.149380473952	52.3117191959256	209.987041751978	1.77427028893521	0.416703253111563	3.4206495102707	1.06338330608601e-06	1.56247173492211e-05	protein_coding	chr5:16661907-16936288:-	93.1387864606187	41.2675960315629	61.5243873956287	13.3161068958922	311.284177279675	277.531964732312	123.148777665521	127.983247330404
ENSG00000198753	PLXNB3	169.68270000229	256.841721268077	82.5236787365032	-1.39527922711206	0.333665962593777	-2.63039457214063	1.07645540942088e-06	1.57687643122959e-05	protein_coding	chrX:153764196-153779346:+	170.310923813703	141.108554172441	249.883665729938	466.063741356226	75.4042417012878	95.0983655376454	86.6902579619128	72.9018497451669
ENSG00000198719	DLL1	19.8572090998298	5.98023064540724	33.7341875542524	2.2701824963841	0.53137365241567	4.82384147294143	1.16201784657052e-06	1.68855734038346e-05	protein_coding	chr6:170282206-170306565:-	6.65277046147276	3.99363832563512	8.51876133170244	4.75575246281863	25.1347472337626	27.1709615821844	42.940034317583	39.6910070834798
ENSG00000198576	ARC	192.755429010155	266.56923160162	118.941626418689	-1.06550353536813	0.246587318235681	-2.09290022478433	1.27852386060751e-06	1.84303544169049e-05	protein_coding	chr8:142611049-142614479:-	324.655198519871	264.91134226713	157.123820118067	319.586565501412	118.906688836646	130.032459000454	103.704233823597	123.12312401406
ENSG00000179630	LACC1	28.604575691175	9.35849375187462	47.8506576304753	2.05088261016876	0.485709334260039	4.14359388279162	1.36153896956673e-06	1.95491602247414e-05	protein_coding	chr13:43879284-43893932:+	10.6444327383564	17.3057660777522	5.67917422113496	3.80460197025491	83.1380100809071	71.808969895773	22.6853011489118	13.7703493963093
ENSG00000260001	TGFBR3L	30.9510307682101	49.9386328297901	11.9634287066301	-1.85100230198938	0.443291267659232	-3.60750726972595	1.37927158837126e-06	1.97645521767299e-05	protein_coding	chr19:7916145-7919097:+	34.5944063996584	39.9363832563512	67.2035616167637	58.0201800463873	15.4675367592385	9.70391485078014	8.10189326746849	14.5803699490334
ENSG00000197653	DNAH10	17.4079266314736	4.32050340985791	30.4953498530892	2.59178824826898	0.615540885990052	6.0284547461544	1.39346129064378e-06	1.99481357660608e-05	protein_coding	chr12:123762188-123935720:+	5.32221636917821	5.32485110084682	4.73264518427913	1.90230098512745	23.2013051388578	29.1117445523404	31.5973837431271	38.0709659780316
ENSG00000140199	SLC12A6	149.446473598258	207.951341836268	90.9416053602475	-1.09846755057774	0.256014256911294	-2.14127123052055	1.44131051167654e-06	2.0531581727849e-05	protein_coding	chr15:34229784-34338060:-	166.319261536819	271.567406143188	165.64258144977	228.276118215294	115.039804646837	78.6017102913191	98.8430978631156	71.2818086397188
ENSG00000261754	AC008555.1	55.3537269574011	78.3517115911463	32.355742323656	-1.17307864721476	0.274947422696459	-2.25492374606802	1.50410294183542e-06	2.13420410560628e-05	lncRNA	chr19:34811589-34814345:-	62.536042337844	70.5542770862204	82.3480262064569	97.9685007340638	26.101468281215	27.1709615821844	41.3196556640893	34.8308837671353
ENSG00000167554	ZNF610	64.4754262555367	33.9577358170522	94.9931166940211	1.35887798791392	0.321378171353496	2.56485628047106	1.53363195751226e-06	2.17184494335371e-05	protein_coding	chr19:52336243-52367778:+	35.9249604919529	23.9618299538107	30.2889291793865	45.6552236430589	115.039804646837	73.7497528659291	86.6902579619128	104.492651301406
ENSG00000132906	CASP9	85.3425288527205	116.930178372012	53.7548793334289	-1.03574107839845	0.242144425755957	-2.05016649778093	1.62149795184467e-06	2.28287352695018e-05	protein_coding	chr1:15490832-15526534:-	129.063746952572	111.821873117783	100.332077906718	126.503015510976	68.637194369121	47.5491827688227	51.0419275850515	47.7912126107205
ENSG00000139567	ACVRL1	12.7658786578093	23.5897660951189	1.94199122049961	-3.27394818533293	0.779824470044419	-9.6728979964551	1.70781530965e-06	2.38813632623811e-05	protein_coding	chr12:51906908-51923361:+	13.3055409229455	27.9554682794458	34.0750453268098	19.0230098512745	0.966721047452408	1.94078297015603	1.6203786534937	3.24008221089631
ENSG00000244242	IFITM10	338.795634299513	464.035944115163	213.555324483863	-1.11496818688956	0.266145539446808	-2.16590232984953	1.76323758313047e-06	2.45956442508095e-05	protein_coding	chr11:1732406-1750595:-	473.677256856861	283.548321120093	514.91179604957	584.006402434128	167.242741209267	83.4536677167092	285.996832341638	317.528056667838
ENSG00000263843	AC022211.3	55.7164045743349	80.9219275558473	30.5108815928225	-1.29683759584244	0.308734523329223	-2.45689737242609	1.76399355574796e-06	2.45956442508095e-05	lncRNA	chr17:75271369-75273895:+	78.5026914453786	77.210340962279	77.6153810221778	90.359296793554	42.5357260879059	25.2301786120284	29.9770050896334	24.3006165817223
ENSG00000130518	IQCN	34.2821302380536	53.8906213676375	14.6736391084696	-1.702292893221	0.409624539668743	-3.25417738241328	1.77965738635607e-06	2.47425373225086e-05	protein_coding	chr19:18257097-18274509:-	57.2138259686658	55.9109365588917	58.6848002850613	43.7529226579314	18.3676999015957	8.73352336570213	12.1528399012027	19.4404932653778
ENSG00000127074	RGS13	12.5924990010881	1.3766585291747	23.8083394730016	3.68625229172941	0.860792500845126	12.8727848703763	1.88584543817037e-06	2.6143525887586e-05	protein_coding	chr1:192636138-192660306:+	0	2.66242555042341	1.89305807371165	0.951150492563726	25.1347472337626	32.0229190075745	22.6853011489118	15.3903905017575
ENSG00000169903	TM4SF4	10.4006221804751	20.8012443609501	0	-7.72208567583674	2.97101025320781	-211.144327081417	1.90391536986602e-06	2.63687723904985e-05	protein_coding	chr3:149474697-149503394:+	17.2972031998292	1.33121277521171	20.8236388108282	43.7529226579314	0	0	0	0
ENSG00000275038	AC091980.2	30.6934221207956	48.0047509907591	13.3820932508321	-1.6728810914978	0.404230836809923	-3.18850709509174	1.99072356140576e-06	2.74659123967831e-05	lncRNA	chr5:171305980-171309777:-	59.8749341532549	37.2739577059278	50.1660389533588	44.7040731504951	14.5008157117861	10.6743063358582	12.1528399012027	16.2004110544815
ENSG00000196154	S100A4	45.6401115046584	22.3753547105283	68.9048682987886	1.49152440155886	0.360108482323313	2.81185929027705	2.12480389258425e-06	2.90664335891983e-05	protein_coding	chr1:153543613-153550136:-	25.2805277535965	25.2930427290224	14.1979355528374	24.7299128066569	57.0365417996921	82.4832762316312	77.7781753676975	58.3214797961335
ENSG00000079102	RUNX1T1	185.989601189766	113.569471886303	258.409730493229	1.09484486360616	0.26374959992058	2.13590112527043	2.14484977872276e-06	2.93129469758778e-05	protein_coding	chr8:91954967-92103286:-	94.4693405529132	86.5288303887609	133.460594196672	139.819122406868	214.612072534435	353.222500568397	204.167710340206	261.636638529877
ENSG00000172572	PDE3A	91.8250878737951	142.333413599946	41.3167621476439	-1.65996583856877	0.406792705100546	-3.16009041910338	2.33018486835098e-06	3.1726025963917e-05	protein_coding	chr12:20369245-20684381:+	125.072084675688	238.287086762895	87.0806713907361	118.893811570466	29.9683524710246	83.4536677167092	17.8241651884307	34.0208632144112
ENSG00000133101	CCNA1	42.711249736602	18.2440571314881	67.1784423417159	1.70553960734628	0.416513864640944	3.26150899494035	2.38899093572411e-06	3.23744061916995e-05	protein_coding	chr13:36431520-36442870:+	11.974986830651	23.9618299538107	11.3583484422699	25.6810632992206	84.1047311283595	53.3715316792908	68.0559034467353	63.181603112478
ENSG00000165966	PDZRN4	8.52938751608952	0	17.058775032179	6.87537396147854	2.70086712807137	117.406946681346	2.39692890203696e-06	3.24515921414227e-05	protein_coding	chr12:41188320-41574745:+	0	0	0	0	14.5008157117861	31.0525275224964	5.67132528722794	17.0104316072056
ENSG00000173175	ADCY5	66.6142748135238	98.0565375447401	35.1720120823076	-1.33336538728833	0.325235926081127	-2.51989808653696	2.57998622173246e-06	3.46705112229655e-05	protein_coding	chr3:123282296-123449758:-	87.8165700914405	131.790064745959	100.332077906718	72.2874374348432	39.6355629455487	28.1413530672624	44.5604129710767	28.3507193453427
ENSG00000176732	PFN4	14.8935188163614	26.6357274935013	3.15131013922152	-2.75130917718392	0.688143814340932	-6.73327868093804	2.60880746839769e-06	3.49604356389998e-05	protein_coding	chr2:24114809-24123464:-	15.9666491075346	21.2994044033873	32.1819872530981	37.0948692099853	4.83360523726204	2.91117445523404	1.6203786534937	3.24008221089631
ENSG00000271155	AL161729.1	18.6580298877917	32.1461590002995	5.16990077528388	-2.38856213288912	0.598588112320541	-5.23635218497706	2.8312384565235e-06	3.75242803857734e-05	lncRNA	chr9:95506235-95507636:+	27.9416359381856	26.6242555042341	35.0215743636656	38.9971701951128	9.66721047452408	2.91117445523404	4.86113596048109	3.24008221089631
ENSG00000177425	PAWR	10.9804256369762	0	21.9608512739524	7.15527765692857	2.74174257556632	142.545398369959	2.95009454893966e-06	3.88859001883459e-05	protein_coding	chr12:79574979-79690964:-	0	0	0	0	39.6355629455487	41.7268338583546	4.05094663373424	2.43006165817223
ENSG00000249853	HS3ST5	23.0602622426788	3.65143164243319	42.4690928429244	3.21085671689965	0.883940267657257	9.25900212063569	3.13060944314854e-06	4.09668268270243e-05	protein_coding	chr6:114055586-114343045:-	0	1.33121277521171	8.51876133170244	4.75575246281863	56.0698207522397	51.4307487091347	20.2547331686712	42.121068741652
ENSG00000228526	MIR34AHG	46.064208605665	24.3611190509721	67.7672981603579	1.34864357017987	0.33259963700842	2.54672568314207	3.28855996655654e-06	4.29173384995246e-05	lncRNA	chr1:9148011-9198906:-	14.6360950152401	23.9618299538107	25.5562839951073	33.2902672397304	65.7370312267637	61.1346635599149	66.4355247932416	77.7619730615114
ENSG00000133739	LRRCC1	88.6415589361002	54.4650102866428	122.818107585558	1.07244106738626	0.26234944219901	2.1029886553023	3.40112905377714e-06	4.42666733770833e-05	protein_coding	chr8:85107215-85146080:+	63.8665964301385	50.5860854580448	54.898684137638	48.50867512075	141.141272928052	89.2760166271773	136.921996220217	123.933144566784
ENSG00000172650	AGAP5	31.1578035463226	11.7205276105489	50.5950794820963	1.89200621655302	0.473826526484459	3.71150989869561	3.52565087351969e-06	4.56410957893117e-05	protein_coding	chr10:73674285-73698159:-	11.974986830651	9.31848942648194	18.9305807371165	6.65805344794608	43.5024471353584	34.9340934628085	51.0419275850515	72.9018497451669
ENSG00000163191	S100A11	105.7721204689	56.8951844575816	154.649056480218	1.3369356937612	0.330525678972201	2.52614192171991	3.5355670226598e-06	4.5728562572793e-05	protein_coding	chr1:152032506-152047907:-	114.427651937332	113.153085892995	0	0	306.450572042413	310.525275224964	1.6203786534937	0
ENSG00000260412	AL353746.1	49.8778365275098	71.6412835864594	28.1143894685602	-1.23972803215393	0.306137075313283	-2.36154009812536	3.54784428561016e-06	4.58054864813879e-05	lncRNA	chr9:27937617-27944497:-	66.5277046147276	62.5670004349502	86.1341423538802	71.3362869422795	18.3676999015957	25.2301786120284	38.0788983571019	30.7807810035149
ENSG00000136960	ENPP2	32.875976199361	52.1424821154915	13.6094702832305	-1.79872425512717	0.45928952572366	-3.47912437604313	4.00728524031818e-06	5.10091814275506e-05	protein_coding	chr8:119557086-119673453:-	53.2221636917821	51.9172982332565	50.1660389533588	53.2644275835687	26.101468281215	9.70391485078014	9.72227192096219	8.91022607996485
ENSG00000122870	BICC1	120.357764451964	79.3722245886702	161.343304315258	1.00269247075102	0.247877533630763	2.00373604218285	4.15940804864611e-06	5.27137589212391e-05	protein_coding	chr10:58512872-58831435:+	101.122111014386	109.15944756736	55.8452131744938	51.3621265984412	174.009788541433	156.23302909756	155.556350735395	159.574048886643
ENSG00000203865	ATP1A1-AS1	67.6070297433173	100.173805943635	35.0402535429993	-1.45767725743703	0.375334915141521	-2.7466579485011	4.71321836491273e-06	5.92653426545456e-05	lncRNA	chr1:116390575-116418635:-	87.8165700914405	94.5161070400311	82.3480262064569	136.014520436613	21.267863043953	18.4374382164823	63.1947674862542	37.2609454253075
ENSG00000149968	MMP3	31.8888847860257	2.99489940276776	60.7828701692836	3.92946433046188	0.949246051217932	15.2365496204901	4.80891327576856e-06	6.0311440069496e-05	protein_coding	chr11:102835801-102843609:-	2.66110818458911	9.31848942648194	0	0	115.039804646837	128.091676030298	0	0
ENSG00000267640	AC016582.3	30.1957238594068	53.1894863003976	7.20196141841592	-2.67028351059339	0.702035182653328	-6.36554266900588	4.92361266214477e-06	6.15898410192059e-05	transcribed_unprocessed_pseudogene	chr19:37817359-37832160:+	82.4943537222623	10.6497022016936	47.3264518427913	72.2874374348432	4.83360523726204	2.91117445523404	12.1528399012027	8.91022607996485
ENSG00000099869	IGF2-AS	49.0043119853913	72.7709074883313	25.2377164824514	-1.38764256648301	0.351769880505584	-2.61650781223319	4.94835591905326e-06	6.17392717383257e-05	lncRNA	chr11:2140501-2148666:+	67.8582587070222	77.210340962279	94.6529036855827	51.3621265984412	19.3344209490482	23.2893956418723	26.736247782646	31.590801556239
ENSG00000065717	TLE2	41.5928909026743	71.1410402761201	12.0447415292285	-2.44887286756964	0.653899059986992	-5.45989371639507	5.03097174841051e-06	6.27159811496514e-05	protein_coding	chr19:2997639-3047635:-	31.9332982150693	126.465213645112	69.0966196904754	57.0690295538236	9.66721047452408	27.1709615821844	2.43056798024055	8.91022607996485
ENSG00000225206	MIR137HG	75.6116896728404	103.382722203379	47.8406571423016	-1.01485040718994	0.253898210174328	-2.02069335675054	5.30936801870976e-06	6.59592131629067e-05	lncRNA	chr1:97933474-98049863:-	102.452665106681	111.821873117783	99.3855488698618	99.8708017191913	43.5024471353584	36.8748764329645	59.9540101792668	51.0312948216168
ENSG00000185149	NPY2R	94.1592043258129	130.771490219059	57.5469184325664	-1.11094465427896	0.284026402203972	-2.15987025955574	5.72565373377909e-06	7.0887413591946e-05	protein_coding	chr4:155208636-155217078:+	141.038733783223	101.17217091609	136.300181307239	144.574874869686	71.5373575114782	72.779361380851	42.1298449908361	43.7411098471002
ENSG00000105971	CAV2	46.9738104668472	14.3079026018572	79.6397183318371	2.24755825260269	0.573058837006418	4.74878438305041	5.74667755792355e-06	7.10868925605363e-05	protein_coding	chr7:116287380-116508541:+	21.2888654767128	35.9427449307161	0	0	142.107993975504	175.640858799121	0	0.810020552724077
ENSG00000183148	ANKRD20A2P	7.34605719201278	0	14.6921143840256	6.78830450096292	2.70847839999193	110.530790104641	5.81301516344963e-06	7.17750020221229e-05	protein_coding	chr9:40223285-40266845:+	0	0	0	0	5.80032628471445	6.7927403955461	20.2547331686712	25.9206576871705
ENSG00000168807	SNTB2	95.6045484227765	51.4834803478225	139.725616497731	1.35108969816501	0.347638112604096	2.55104738732376	5.86289298213144e-06	7.22773851195813e-05	protein_coding	chr16:69187129-69309052:+	101.122111014386	34.6115321555044	37.8611614742331	32.3391167471667	167.242741209267	149.440288702014	111.806127091065	130.413308988576
ENSG00000243232	PCDHAC2	291.015370713652	401.658494743737	180.372246683567	-1.04286587904844	0.26248663728154	-2.06031635987364	5.87895974593609e-06	7.2413773959943e-05	protein_coding	chr5:140966470-141012347:+	391.182903134598	163.73917135104	442.975589248527	608.736315240785	134.374225595885	121.298935634752	259.260584558992	206.55524094464
ENSG00000155052	CNTNAP5	53.3000579516872	12.4913831734302	94.1087327299441	2.13558846193265	0.604939791798541	4.39416322810335	6.07439128732754e-06	7.44408679944889e-05	protein_coding	chr2:124025287-124915287:+	13.3055409229455	11.9809149769054	10.4118194054141	14.2672573884559	216.545514629339	104.802280388426	27.5464371093929	27.5406987926186
ENSG00000123095	BHLHE41	24.1639074440967	6.59164647256826	41.7361684156252	2.59077430415415	0.718370941457084	6.02421936129141	6.12739292537074e-06	7.49634470066701e-05	protein_coding	chr12:26120030-26125037:-	1.33055409229455	1.33121277521171	15.1444645896932	8.56035443307354	31.9017945659295	47.5491827688227	55.0928742187857	32.4008221089631
ENSG00000189184	PCDH18	69.700131139232	41.2878208337778	98.1124414446861	1.18089852408426	0.300857935190054	2.26717935166553	6.12246072891158e-06	7.49634470066701e-05	protein_coding	chr4:137518918-137532494:-	49.2305014148984	59.9045748845268	20.8236388108282	35.1925682248579	98.6055468401456	126.150893060142	91.5513939223939	76.1419319560632
ENSG00000099399	MAGEB2	26.6692016081197	6.55329614897227	46.7851070672672	2.24296080608898	0.589380491932617	4.73367548479658	6.13461328670802e-06	7.4988393664295e-05	protein_coding	chrX:30215563-30220089:+	10.6444327383564	7.98727665127024	5.67917422113496	1.90230098512745	91.8384995079787	71.808969895773	11.3426505744559	12.1503082908612
ENSG00000144285	SCN1A	34.9466309540541	10.8823818304689	59.0108800776392	2.13023828236279	0.558806098685448	4.37789781972296	6.16866196432961e-06	7.5277440649024e-05	protein_coding	chr2:165984641-166149214:-	6.65277046147276	15.9745533025405	4.73264518427913	16.1695583735833	61.8701470369541	88.3056251420993	26.736247782646	59.1315003488576
ENSG00000138675	FGF5	47.9380606967698	11.3576236425461	84.5184977509935	2.14663716675796	0.576315590741308	4.42794458382528	6.75907907333085e-06	8.16562198900812e-05	protein_coding	chr4:80266599-80336680:+	10.6444327383564	25.2930427290224	3.78611614742331	5.70690295538236	167.242741209267	146.52911424678	7.29170394072164	17.0104316072056
ENSG00000270580	AC139256.3	90.5032413392982	134.832811730363	46.1736709482336	-1.34151996118836	0.352122147982244	-2.53418168636558	7.03119699640229e-06	8.46609934516892e-05	lncRNA	chr16:15104723-15131601:-	97.1304487375023	93.1848942648194	206.34333003457	142.672573884559	42.5357260879059	51.4307487091347	28.3566264361397	62.3715825597539
ENSG00000023171	GRAMD1B	61.7695916120156	33.1288915916646	90.4102916323666	1.32941947948501	0.348556764437101	2.51301534297999	7.06939257016173e-06	8.50249810649495e-05	protein_coding	chr11:123358428-123627774:+	22.6194195690074	22.630617178599	49.219509916503	38.0460197025491	78.304404843645	111.595020783972	83.4495006549254	88.2922402469244
ENSG00000198945	L3MBTL3	47.4499617868463	24.47444812118	70.4254754525125	1.67462606343147	0.449237008512973	3.19236599901411	7.24360340232902e-06	8.67853245380032e-05	protein_coding	chr6:130013699-130141449:+	43.9082850457202	42.5988088067746	4.73264518427913	6.65805344794608	89.9050574130739	111.595020783972	46.9909809513172	33.2108426616872
ENSG00000278864	AC055811.4	22.2159716489013	35.9877857428239	8.44415755497867	-1.92847911642212	0.51646039998736	-3.80653703952865	7.25000850171581e-06	8.67902175726493e-05	TEC	chr17:17181504-17183257:+	31.9332982150693	33.2803193802927	42.5938066585122	36.1437187174216	11.6006525694289	11.6446978209362	4.86113596048109	5.67014386906854
ENSG00000076344	RGS11	63.563545083862	98.2050919335241	28.9219982341998	-1.58140194089355	0.414585955321127	-2.99260515294804	7.33869498380022e-06	8.7779283058298e-05	protein_coding	chr16:268301-275980:-	75.8415832607895	115.815511443418	98.439019833006	102.724253196882	14.5008157117861	43.6676168285106	38.8890876838488	18.6304727126538
ENSG00000241935	HOGA1	17.1982524516253	31.6512070368088	2.7452978664417	-2.98733673240895	0.790970260024428	-7.93008721307851	7.55431717383569e-06	8.99125266915493e-05	protein_coding	chr10:97584323-97612802:+	50.561055507193	53.2485110084682	6.62570325799079	16.1695583735833	5.80032628471445	1.94078297015603	0	3.24008221089631
ENSG00000140025	EFCAB11	108.869227467501	67.9060539096073	149.832401025395	1.03192080394277	0.26401957981967	2.04474481284621	7.67364416200611e-06	9.11828012780907e-05	protein_coding	chr14:89794669-89954777:-	61.2054882455494	78.5415537374907	68.1500906536195	63.7270830017697	126.640457216265	134.884416425844	125.579345645762	212.225384813708
ENSG00000127418	FGFRL1	58.6706920600997	19.2507153713046	98.0906687488948	1.94310309580601	0.51321906955816	3.84531849237777	7.7737062983736e-06	9.19941547476379e-05	protein_coding	chr4:1009936-1026898:+	37.2555145842475	35.9427449307161	0	3.80460197025491	132.44078350098	249.39061166505	4.86113596048109	5.67014386906854
ENSG00000188643	S100A16	66.5681992177246	23.9550784539099	109.181319981539	1.96919849273025	0.501869905721988	3.91550527805846	7.94806054520515e-06	9.39039022618402e-05	protein_coding	chr1:153606886-153613145:-	54.5527177840767	41.2675960315629	0	0	242.646982910554	194.078297015603	0	0
ENSG00000049759	NEDD4L	128.197653741968	177.683838655126	78.7114688288094	-1.10584120766605	0.286632750387336	-2.15224334672715	7.99793693111784e-06	9.43391533855489e-05	protein_coding	chr18:58044226-58401540:+	186.277572921237	199.681916281756	106.011252127853	218.764613289657	108.27275731467	93.1575825674893	60.7641995060137	52.651335927065
ENSG00000259439	LINC01833	174.045530864013	106.115850224214	241.975211503812	1.07578635746045	0.27654291444494	2.10787067791287	8.01482339622325e-06	9.4461350988224e-05	lncRNA	chr2:44921077-44939199:-	107.774881475859	107.828234792148	80.4549681327453	128.405316496103	189.477325300672	313.436449680199	169.329569290091	295.657501744288
ENSG00000138119	MYOF	107.728483567497	35.3143534294307	180.142613705564	1.81238624765555	0.492960070299923	3.51222738082612	8.33662107939383e-06	9.76970986899327e-05	protein_coding	chr10:93306429-93482334:-	75.8415832607895	62.5670004349502	0.946529036855827	1.90230098512745	326.751714038914	393.008551456596	0.810189326746849	0
ENSG00000053524	MCF2L2	32.0762366766426	53.8377499508606	10.3147234024246	-2.07035283043335	0.559984263455399	-4.19989374928137	8.68664430005333e-06	0.000101306851695948	protein_coding	chr3:183178043-183428778:-	86.4860159991459	49.2548726828331	58.6848002850613	20.925310836402	5.80032628471445	13.5854807910922	12.1528399012027	9.72024663268892
ENSG00000174600	CMKLR1	38.6984660787401	20.0348381095173	57.3620940479628	1.36135411256071	0.357053168663244	2.56926217144501	8.82491107447113e-06	0.000102753771505085	protein_coding	chr12:108288044-108339317:-	14.6360950152401	19.9681916281756	24.6097549582515	20.925310836402	66.7037522742161	48.5195742539007	58.3336315257731	55.8914181379613
ENSG00000081923	ATP8B1	52.1208713063056	12.9750431193526	91.2666994932585	2.52971618917552	0.643159114922358	5.7745806793995	9.06110159971326e-06	0.000105081188663982	protein_coding	chr18:57646426-57803315:-	34.5944063996584	17.3057660777522	0	0	203.011419965006	162.055378008028	0	0
ENSG00000111961	SASH1	35.3979352291091	4.23010858294174	66.5657618752764	3.20461654866341	0.882652619109399	9.219040136528	9.16337028660908e-06	0.000106097166526475	protein_coding	chr6:148272304-148552048:+	10.6444327383564	5.32485110084682	0	0.951150492563726	156.60880968729	109.654237813816	0	0
ENSG00000178385	PLEKHM3	117.832090641234	161.33366633178	74.3305149506884	-1.02287100082672	0.264045448308537	-2.0319585894473	9.19564334234247e-06	0.000106385728292344	protein_coding	chr2:207821288-208025527:-	171.641477905997	171.72644800231	102.225135980429	199.741603438383	87.9716153181691	80.5424932614752	70.4864714269759	58.3214797961335
ENSG00000113163	CERT1	289.108251894803	399.101004304028	179.115499485577	-1.00128358703723	0.265810121970233	-2.00178022129884	9.54567402184893e-06	0.000109908146474319	protein_coding	chr5:75356345-75512138:-	275.424697104972	292.866810546575	601.04593840345	427.066571161113	193.344209490482	209.604560776851	169.329569290091	144.183658384886
ENSG00000126778	SIX1	45.4410916670595	11.4043887192033	79.4777946149157	2.3579803723733	0.634340046604117	5.12652195068565	9.58530061658097e-06	0.000110276673945768	protein_coding	chr14:60643421-60658259:-	14.6360950152401	25.2930427290224	3.78611614742331	1.90230098512745	154.675367592385	134.884416425844	3.2407573069874	25.1106371344464
ENSG00000185352	HS6ST3	17.9565206600739	5.36419407450039	30.5488472456475	2.15433603615727	0.580794545970547	4.45163724813522	1.10391474376496e-05	0.000125466451650845	protein_coding	chr13:96090839-96839562:+	6.65277046147276	5.32485110084682	6.62570325799079	2.85345147769118	37.7021208506439	45.6083997986667	18.6343545151775	20.2505138181019
ENSG00000136770	DNAJC1	103.331424390969	142.325580859391	64.3372679225465	-1.01681390565259	0.267286108682129	-2.02344537943742	1.12872805279686e-05	0.000127825360783482	protein_coding	chr10:21756548-22003769:-	202.244222028772	125.1340008699	126.834890938681	115.089209600211	55.1030997047872	66.957012470383	74.5374180607101	60.7515414543058
ENSG00000226419	SLC16A1-AS1	86.045373848575	47.9979815210667	124.092766176083	1.18779270498523	0.317747223549641	2.27803940865927	1.14131181736356e-05	0.000129149381803775	lncRNA	chr1:112956415-113047055:+	43.9082850457202	46.5924471324097	57.7382712482054	43.7529226579314	169.176183304171	136.825199396	71.2966607537227	119.073021250439
ENSG00000198673	TAFA2	12.4695669759394	0.998244910679491	23.9408890411993	4.18981304497305	1.18806570487417	18.2498543503945	1.17956508141816e-05	0.000132958297689759	protein_coding	chr12:61708259-62279150:-	1.33055409229455	2.66242555042341	0	0	42.5357260879059	42.6972253434326	1.6203786534937	8.91022607996485
ENSG00000107796	ACTA2	98.4264510191017	61.9267387641106	134.926163274093	1.32455645758297	0.362823631253174	2.50455875688678	1.22370005851494e-05	0.000137291557727804	protein_coding	chr10:88935074-88991339:-	99.7915569220914	125.1340008699	9.46529036855827	13.3161068958922	220.412398819149	211.545343747007	68.0559034467353	39.6910070834798
ENSG00000136048	DRAM1	30.1685977127612	11.9774549347304	48.3597404907919	2.03574805852893	0.576057766288559	4.1003528340778	1.52019044522431e-05	0.000168208840319047	protein_coding	chr12:101877580-102012130:+	13.3055409229455	27.9554682794458	1.89305807371165	4.75575246281863	68.637194369121	64.0458380151489	21.0649224954181	39.6910070834798
ENSG00000161638	ITGA5	52.6123860776545	18.3000588909288	86.9247132643803	2.00646764916633	0.53357508801646	4.01797238643667	1.53209812325283e-05	0.000169267604105635	protein_coding	chr12:54395261-54419266:-	33.2638523073638	39.9363832563512	0	0	176.909951683791	170.78890137373	0	0
ENSG00000174384	PMS2P6	22.8662098738792	2.36632259213957	43.3660971556188	3.83698929346182	1.24999532492028	14.2905475841424	1.60155296406442e-05	0.000176402405242803	unprocessed_pseudogene	chr7:73093657-73105389:+	0	0	9.46529036855827	0	51.2362155149776	53.3715316792908	23.4954904756586	45.3611509525483
ENSG00000164849	GPR146	26.5609713328319	42.3999565466101	10.7219861190537	-1.78320487137119	0.500545274969782	-3.44189925813511	1.64083155492375e-05	0.000180043632254826	protein_coding	chr7:1044546-1059261:+	29.2721900304802	55.9109365588917	48.2729808796472	36.1437187174216	5.80032628471445	8.73352336570213	16.203786534937	12.1503082908612
ENSG00000175147	TMEM51-AS1	54.6211798535707	81.3580013863786	27.8843583207628	-1.37906023184312	0.387177943186452	-2.60098888089933	1.65643465967319e-05	0.000181480536180546	lncRNA	chr1:15111815-15153618:-	55.8832718763712	75.8791281870673	74.7757939116103	118.893811570466	35.7686787557391	32.0229190075745	22.6853011489118	21.060534370826
ENSG00000168394	TAP1	38.7228728912049	12.3105894268518	65.135156355558	2.26207327893042	0.636391216260331	4.7968032934095	1.6598825184393e-05	0.000181720723822783	protein_coding	chr6:32845209-32853978:-	25.2805277535965	23.9618299538107	0	0	132.44078350098	123.239718604908	0	4.86012331634446
ENSG00000164318	EGFLAM	68.3781914615451	95.5989147681259	41.1574681549644	-1.16611845893171	0.317900723860586	-2.24407121300456	1.6828242501204e-05	0.000184093086711962	protein_coding	chr5:38258409-38465480:+	59.8749341532549	49.2548726828331	136.300181307239	136.965670929177	22.2345840914054	13.5854807910922	79.3985540211912	49.4112537161687
ENSG00000122861	PLAU	40.9087961022274	16.7289131474135	65.0886790570413	1.71139102075928	0.473155993066406	3.2747641815952	1.71635751600683e-05	0.000187336669149071	protein_coding	chr10:73909177-73917496:+	26.6110818458911	34.6115321555044	2.83958711056748	2.85345147769118	145.974878165314	94.1279740525674	6.48151461397479	13.7703493963093
ENSG00000107147	KCNT1	44.7490628194549	65.1527457487122	24.3453798901977	-1.25797772903331	0.345241712605407	-2.39160267395864	1.79457971058596e-05	0.000194553948698956	protein_coding	chr9:135702185-135795508:+	53.2221636917821	47.9236599076214	67.2035616167637	92.2615977786815	21.267863043953	19.4078297015603	21.0649224954181	35.6409043198594
ENSG00000274605	PCCA-DT	56.7531380687908	34.5208970574624	78.9853790801191	1.05432118536085	0.285543939550969	2.07674083179295	1.79725539962209e-05	0.000194698184122234	lncRNA	chr13:100053074-100088950:-	35.9249604919529	31.949106605081	35.9681034005214	34.2414177322941	86.0381732232643	92.1871910824113	60.7641995060137	76.9519525087873
ENSG00000101871	MID1	159.315117932806	82.2873669458285	236.342868919784	1.1858885675754	0.332716558713362	2.27503472738986	1.81511615312103e-05	0.0001961925024953	protein_coding	chrX:10445310-10833654:-	125.072084675688	59.9045748845268	82.3480262064569	61.8247820166422	354.786624415034	353.222500568397	126.389534972508	110.972815723199
ENSG00000120327	PCDHB14	79.2483168123612	109.80198772557	48.6946458991521	-1.03405562888685	0.282490644138869	-2.04777275941687	1.85352696607881e-05	0.000199896391803716	protein_coding	chr5:141222932-141227759:+	114.427651937332	139.777341397229	96.5459617592943	88.4569958084266	36.7353998031915	49.4899657389787	50.2317382583046	58.3214797961335
ENSG00000119866	BCL11A	47.0078990543373	21.6742676112771	72.3415304973976	1.74391238258215	0.511046206310096	3.34942252751098	1.89991491214631e-05	0.000204138593344421	protein_coding	chr2:60450520-60554467:-	5.32221636917821	9.31848942648194	47.3264518427913	24.7299128066569	72.5040785589306	47.5491827688227	89.1208259421534	80.1920347196836
ENSG00000138735	PDE5A	138.489283237974	199.081428526252	77.897137949696	-1.20194081202609	0.334751586268247	-2.30048940493921	1.95339224037227e-05	0.000209263108030406	protein_coding	chr4:119494397-119628804:-	149.02205833699	195.688277956121	231.899614029678	219.715763782221	125.673736168813	46.5787912837447	59.9540101792668	79.3820141669595
ENSG00000147889	CDKN2A	26.1902073009741	10.8339652418107	41.5464493601374	1.76627593625198	0.492775072984811	3.40174721129787	2.00232079049154e-05	0.000213713781716696	protein_coding	chr9:21967753-21995301:-	22.6194195690074	15.9745533025405	2.83958711056748	1.90230098512745	72.5040785589306	71.808969895773	10.532461247709	11.3402877381371
ENSG00000196218	RYR1	54.6089996211891	14.3867485942118	94.8312506481664	2.39785927084148	0.687648586029227	5.27020569427497	2.02408923621334e-05	0.000215877992009696	protein_coding	chr19:38433691-38587564:+	9.31387864606187	22.630617178599	16.0909936265491	9.51150492563726	21.267863043953	181.463207709589	45.3706022978235	131.2233295413
ENSG00000286733	AC090164.5	31.1063039630948	48.5124037719544	13.7002041542352	-1.58984403020236	0.450953806093423	-3.01016804788603	2.07069742372898e-05	0.00022011890052925	lncRNA	chr15:101602786-101614531:-	39.9166227688366	34.6115321555044	66.2570325799079	53.2644275835687	19.3344209490482	8.73352336570213	10.532461247709	16.2004110544815
ENSG00000138604	GLCE	114.140353573149	71.3991452057926	156.881561940506	1.00548644625209	0.274697877124472	2.00762031001269	2.11675215506006e-05	0.000224109392393448	protein_coding	chr15:69160584-69272217:+	71.8499209839058	73.2167026366438	49.219509916503	91.3104472861177	210.745188344625	144.588331276624	123.958966992268	148.233761148506
ENSG00000155846	PPARGC1B	22.4498828668187	9.30859459371704	35.5911711399204	1.70421177916383	0.478499845595601	3.25850854710284	2.12473856367603e-05	0.000224135140175533	protein_coding	chr5:149730298-149855022:+	13.3055409229455	10.6497022016936	7.57223229484661	5.70690295538236	55.1030997047872	37.8452679180425	24.3056798024055	25.1106371344464
ENSG00000236404	VLDLR-AS1	34.9531225545931	54.5885791900965	15.3176659190896	-1.60071538875557	0.452935514937587	-3.03293670161203	2.13917207733525e-05	0.000225329239266907	lncRNA	chr9:2421597-2643359:-	77.1721373530841	51.9172982332565	29.3424001425306	59.9224810315148	20.3011419965006	12.6150893060142	17.8241651884307	10.530267185413
ENSG00000128604	IRF5	33.9821425827782	51.293672878557	16.6706122869994	-1.48911859899312	0.419214916678698	-2.8071742107218	2.14308134770667e-05	0.000225576846148063	protein_coding	chr7:128937457-128950038:+	30.6027441227747	33.2803193802927	88.0272004275919	53.2644275835687	10.6339315219765	5.82234891046808	23.4954904756586	26.7306782398945
ENSG00000099957	P2RX6	51.612998289902	78.6342859272804	24.5917106525235	-1.58738710292665	0.456284417647721	-3.00504605757826	2.19025183640834e-05	0.000229116079188825	protein_coding	chr22:21009808-21028830:+	129.063746952572	54.57972378368	74.7757939116103	56.1178790612599	46.4026102777156	25.2301786120284	16.203786534937	10.530267185413
ENSG00000185633	NDUFA4L2	18.3074047996862	30.9540855581967	5.66072404117571	-2.11767288039149	0.606033508155797	-4.33993333064427	2.19253623765994e-05	0.000229116079188825	protein_coding	chr12:57234903-57240715:-	14.6360950152401	26.6242555042341	39.7542195479447	42.8017721653677	5.80032628471445	3.88156594031206	3.2407573069874	9.72024663268892
ENSG00000183780	SLC35F3	94.4427180060116	51.7921183872101	137.093317624813	1.28097894971351	0.36882683558845	2.43003812699449	2.40217448011236e-05	0.000248304171724004	protein_coding	chr1:233904676-234324511:+	54.5527177840767	78.5415537374907	23.6632259213957	50.4109761058775	119.873409884099	117.41736969444	166.088811983104	144.99367893761
ENSG00000176842	IRX5	42.1147594164625	20.6184624664083	63.6110563665167	1.50170027784885	0.434119891000737	2.83176251222355	2.41817012100058e-05	0.00024945243165532	protein_coding	chr16:54930865-54934485:+	18.6277572921237	37.2739577059278	12.3048774791257	14.2672573884559	53.1696576098824	65.986620985305	69.676282100229	65.6116647706502
ENSG00000225138	SLC9A3-AS1	33.0772960339194	52.476338205579	13.6782538622598	-1.66892081244052	0.478123362163399	-3.17976646596942	2.45640055747995e-05	0.000252855514000052	lncRNA	chr5:473236-480884:+	19.9583113844183	37.2739577059278	94.6529036855827	58.0201800463873	4.83360523726204	12.6150893060142	16.203786534937	21.060534370826
ENSG00000144227	NXPH2	39.9288795504516	21.6496162721134	58.2081428287897	1.24314114508482	0.349623483964412	2.36713361907921	2.56345207777584e-05	0.000262753837972023	protein_coding	chr2:138669157-138780390:-	21.2888654767128	15.9745533025405	25.5562839951073	23.7787623140932	44.4691681828108	36.8748764329645	70.4864714269759	81.0020552724077
ENSG00000026508	CD44	239.282784951743	114.212747142046	364.35282276144	1.16346433719195	0.330383119035201	2.23994659710951	2.61553710767716e-05	0.000267146567109467	protein_coding	chr11:35138870-35232402:+	203.574776121067	214.325256809085	9.46529036855827	29.4856652694755	571.332139044373	822.891979346156	26.736247782646	36.4509248725835
ENSG00000280119	AC093642.2	29.8289694189437	45.3018258578574	14.3561129800301	-1.45875404701477	0.421686725559527	-2.74870874688228	3.03181531681583e-05	0.000304507030397471	TEC	chr2:242001209-242006013:+	33.2638523073638	49.2548726828331	47.3264518427913	51.3621265984412	10.6339315219765	18.4374382164823	11.3426505744559	17.0104316072056
ENSG00000261594	TPBGL	21.4280822950431	33.5087892035833	9.34737538650295	-1.65766607572202	0.485170862659529	-3.1550570135844	3.30213929144993e-05	0.000328692310626925	protein_coding	chr11:75240774-75243704:+	23.9499736613019	26.6242555042341	49.219509916503	34.2414177322941	4.83360523726204	5.82234891046808	13.7732185546964	12.9603288435852
ENSG00000181652	ATG9B	72.9433283404836	102.866709931615	43.0199467493519	-1.11732438308044	0.319649976836792	-2.1694425516344	3.37763601972909e-05	0.000335514935576796	protein_coding	chr7:151012209-151024499:-	97.1304487375023	110.490660342572	133.460594196672	70.3851364497157	45.4358892302632	31.0525275224964	42.940034317583	52.651335927065
ENSG00000170608	FOXA3	15.7101738206063	25.9218672311067	5.49848041010594	-1.94836600773477	0.575114640442734	-3.85937172606227	3.47694673675969e-05	0.000343823501293383	protein_coding	chr19:45863989-45873797:+	15.9666491075346	27.9554682794458	32.1819872530981	27.5833642843481	5.80032628471445	4.85195742539007	6.48151461397479	4.86012331634446
ENSG00000164616	FBXL21P	49.0134118127742	26.8506735525504	71.1761500729981	1.30161460878775	0.376690953216519	2.46504606822932	3.70868343740075e-05	0.000364397660485411	transcribed_unitary_pseudogene	chr5:135930317-135951591:+	58.5443800609603	41.2675960315629	3.78611614742331	3.80460197025491	124.707015121361	134.884416425844	12.1528399012027	12.9603288435852
ENSG00000173890	GPR160	17.0587692924587	5.9362695968298	28.1812689880876	1.97400699310514	0.585337159737565	3.9285774238087	3.83014774596848e-05	0.000374299313486845	protein_coding	chr3:170037995-170085392:+	3.99166227688366	9.31848942648194	5.67917422113496	4.75575246281863	29.9683524710246	20.3782211866383	33.2177623966208	29.1607398980668
ENSG00000163071	SPATA18	39.2205217528561	19.0453346245356	59.3957088811766	1.47378700173903	0.433846449833616	2.77750017350948	3.83920694701072e-05	0.000374678638867742	protein_coding	chr4:52051304-52097299:+	14.6360950152401	35.9427449307161	16.0909936265491	9.51150492563726	86.0381732232643	59.1938805897589	40.5094663373424	51.8413153743409
ENSG00000177989	ODF3B	55.502152911918	76.2982278932248	34.7060779306112	-1.00593784839421	0.288708590356263	-2.00824856884363	4.07256269986005e-05	0.000394790354689046	protein_coding	chr22:50529710-50532580:-	47.8999473226039	53.2485110084682	92.759845611871	111.284607629956	28.0349103761198	18.4374382164823	46.1807916245704	46.1711715052724
ENSG00000131471	AOC3	11.4481379353691	1.66352195682677	21.2327539139114	3.49408295775602	1.10099960844322	11.2674016940657	4.15833081914528e-05	0.000402201522507596	protein_coding	chr17:42851184-42858130:+	3.99166227688366	2.66242555042341	0	0	16.4342578066909	22.3190041567943	31.5973837431271	14.5803699490334
ENSG00000091428	RAPGEF4	162.763411996478	246.65965422481	78.867169768147	-1.32770318639147	0.419933891043834	-2.51002752763221	4.31428168548532e-05	0.000414887699893881	protein_coding	chr2:172735274-173052893:+	125.072084675688	162.407958575828	376.718556668619	322.440016979103	122.773573026456	63.0754465300709	78.5883646944444	51.0312948216168
ENSG00000138131	LOXL4	20.0690263531586	32.0939423527199	8.04411035359721	-1.75040980856371	0.527629011373117	-3.36454124896961	4.45380882630716e-05	0.000427453416068591	protein_coding	chr10:98247690-98268194:-	22.6194195690074	41.2675960315629	38.8076905110889	25.6810632992206	8.70048942707167	9.70391485078014	8.10189326746849	5.67014386906854
ENSG00000228192	AL512353.1	27.0980858713768	11.9250803779896	42.271091364764	1.72657532510754	0.525062430956321	3.30941295482738	4.64724752318637e-05	0.000443957844244728	lncRNA	chr1:42832522-42846422:-	17.2972031998292	19.9681916281756	5.67917422113496	4.75575246281863	51.2362155149776	56.2827061345248	18.6343545151775	42.9310892943761
ENSG00000224383	PRR29	18.734644280734	30.672337419414	6.79695114205388	-1.92371980140348	0.598588843228366	-3.79400032255579	4.99804903265674e-05	0.00047309851961832	protein_coding	chr17:63998351-64004304:+	37.2555145842475	26.6242555042341	33.1285162899539	25.6810632992206	4.83360523726204	2.91117445523404	12.1528399012027	7.29018497451669
ENSG00000113231	PDE8B	102.460499827953	141.270785984605	63.6502136713007	-1.10714208247205	0.330761396774098	-2.1541848948246	5.0563340529636e-05	0.000477678346922599	protein_coding	chr5:77210449-77428256:+	129.063746952572	106.497022016936	107.904310201564	221.618064767348	34.8019577082867	35.9044849478865	94.7921512293813	89.1022607996485
ENSG00000204653	ASPDH	73.9058989525742	101.588311886764	46.2234860183844	-1.02293177195998	0.301540397358188	-2.03204418413194	5.17982310005944e-05	0.000488388141545019	protein_coding	chr19:50511600-50514690:-	90.4776782760296	111.821873117783	90.8667875381594	113.186908615083	44.4691681828108	26.2005700971064	54.2826848920389	59.9415209015817
ENSG00000154856	APCDD1	91.0601589316617	48.0543275690262	134.065990294297	1.29194878479602	0.387639455690877	2.44858585925714	5.28512378003521e-05	0.00049702141954808	protein_coding	chr18:10454635-10489949:+	67.8582587070222	19.9681916281756	48.2729808796472	56.1178790612599	151.775204450028	81.5128847465532	135.301617566724	167.674254413884
ENSG00000104432	IL7	60.2717852446333	31.033583292874	89.5099871963925	1.33417311195747	0.404781123560942	2.52130930212595	5.73060992105419e-05	0.000533370529822619	protein_coding	chr8:78675743-78805523:-	19.9583113844183	35.9427449307161	51.1125679902146	17.1207088661471	90.8717784605263	92.1871910824113	79.3985540211912	95.5824252214411
ENSG00000185664	PMEL	43.2053739821163	63.6850294379318	22.7257185263008	-1.28335184986115	0.390354337401665	-2.43403826724066	5.7535456678675e-05	0.000535161095443743	protein_coding	chr12:55954105-55973317:-	95.7998946452078	47.9236599076214	54.898684137638	56.1178790612599	21.267863043953	19.4078297015603	28.3566264361397	21.8705549235501
ENSG00000124782	RREB1	65.1762052156699	29.1097725236134	101.242637907726	1.49700265300038	0.46439386474922	2.82255687726815	5.83409347583239e-05	0.000541608947246454	protein_coding	chr6:7107597-7251980:+	31.9332982150693	26.6242555042341	28.3958711056748	29.4856652694755	197.211093680291	65.986620985305	92.3615832491408	49.4112537161687
ENSG00000182983	ZNF662	128.71838997545	205.675133297174	51.7616466537273	-1.63518983972524	0.526359418363487	-3.10628421933124	5.91033017062696e-05	0.000546582802297022	protein_coding	chr3:42906142-42919334:+	473.677256856861	78.5415537374907	122.102245754402	148.379476839941	46.4026102777156	45.6083997986667	60.7641995060137	54.2713770325132
ENSG00000110881	ASIC1	245.064867746282	347.476578356958	142.653157135606	-1.04660370111584	0.329045453462159	-2.06566127379682	6.10055331457389e-05	0.000562377758737757	protein_coding	chr12:50057548-50083611:+	219.541425228601	215.656469584296	440.136002137959	514.572416476976	190.444046348124	143.617939791546	118.28764170504	118.263000697715
ENSG00000175938	ORAI3	75.769413651907	117.274356653167	34.2644706506474	-1.4519160791863	0.480341237733705	-2.73571146827552	6.50441295229601e-05	0.000594307882945581	protein_coding	chr16:30949068-30956461:+	175.633140182881	146.433405273288	81.4014971696011	65.6293839868971	21.267863043953	29.1117445523404	29.1668157628866	57.5114592434095
ENSG00000160712	IL6R	9.24567292215823	0	18.4913458443165	6.63925048196696	2.83165350612979	99.6812657015652	6.59801054711668e-05	0.000600962911569665	protein_coding	chr1:154405193-154469450:+	0	0	0	0	29.9683524710246	40.7564423732766	2.43056798024055	0.810020552724077
ENSG00000164708	PGAM2	11.5408312655329	20.3735779889762	2.7080845420895	-2.46363730834729	0.77066452637265	-5.51605678349752	6.67047273077497e-05	0.000606418039148908	protein_coding	chr7:44062727-44065567:-	19.9583113844183	35.9427449307161	17.9840517002607	7.60920394050981	2.90016314235722	3.88156594031206	2.43056798024055	1.62004110544815
ENSG00000253230	LINC00599	95.5464308063648	136.466113669577	54.6267479431529	-1.14865186946049	0.349061330260448	-2.21706623192948	6.71812420488923e-05	0.000609983761714943	lncRNA	chr8:9899871-9906678:-	101.122111014386	137.114915846806	111.690426348988	195.937001468128	51.2362155149776	51.4307487091347	34.0279517233677	81.8120758251318
ENSG00000176381	PRR18	32.502762223153	47.6141230932172	17.3914013530888	-1.26968927844405	0.390195004788947	-2.41109630773119	7.02326844754928e-05	0.000634505394765173	protein_coding	chr6:166305300-166308448:-	51.8916095994876	39.9363832563512	59.6313293219171	38.9971701951128	13.5340946643337	15.5262637612482	20.2547331686712	20.2505138181019
ENSG00000177182	CLVS1	47.5895075866659	73.8589927926289	21.3200223807028	-1.55021942777047	0.486297698824887	-2.92861678815782	7.1888592421166e-05	0.000646639899385666	protein_coding	chr8:61057158-61501645:+	30.6027441227747	95.8473198152429	65.310503543052	103.675403689446	10.6339315219765	25.2301786120284	22.6853011489118	26.7306782398945
ENSG00000169239	CA5B	49.4810854177315	21.7757165486049	77.1864542868581	1.52714971435662	0.49011419362062	2.88215857552395	7.27357206615159e-05	0.000653258412992936	protein_coding	chrX:15688830-15788411:+	15.9666491075346	19.9681916281756	39.7542195479447	11.4138059107647	96.6721047452408	97.0391485078014	55.9030635455326	59.1315003488576
ENSG00000076716	GPC4	31.9530909032727	13.9253656325881	49.9808161739574	1.79223310066962	0.60012596576475	3.46350582614817	7.51454175230272e-05	0.000672175295309501	protein_coding	chrX:133300103-133415489:-	17.2972031998292	27.9554682794458	2.83958711056748	7.60920394050981	39.6355629455487	63.0754465300709	46.9909809513172	50.2212742688928
ENSG00000143891	GALM	90.1848368405745	51.9389091869344	128.430764494215	1.09338840759278	0.334756040869377	2.1337459391647	7.60385273527623e-05	0.000678893513538008	protein_coding	chr2:38666081-38741237:+	42.5777309534257	73.2167026366438	61.5243873956287	30.4368157620392	196.244372632839	136.825199396	90.7412045956471	89.9122813523725
ENSG00000188906	LRRK2	15.6586227442263	27.7625493241534	3.55469616429922	-2.53355378214641	0.823372007223209	-5.78996160841404	8.33490118540738e-05	0.000731097120341824	protein_coding	chr12:40196744-40369285:+	30.6027441227747	22.630617178599	41.6472776216564	16.1695583735833	6.76704733216685	0.970391485078014	5.67132528722794	0.810020552724077
ENSG00000172345	STARD5	36.3095374183642	18.5667940602287	54.0522807764997	1.29703666083619	0.408026867642271	2.45723640180506	8.34496250494966e-05	0.000731536295179506	protein_coding	chr15:81309053-81324183:-	18.6277572921237	18.6369788529639	18.9305807371165	18.0718593587108	31.9017945659295	41.7268338583546	81.0189326746849	61.5615620070298
ENSG00000139278	GLIPR1	56.9863099456076	19.2994564967133	94.673163394502	1.99245324995686	0.605293789781809	3.97913059754004	8.48333812972163e-05	0.000742317731266391	protein_coding	chr12:75480753-75503863:+	25.2805277535965	51.9172982332565	0	0	192.377488443029	186.315165134979	0	0
ENSG00000203805	PLPP4	22.298810832578	9.45714008504683	35.1404815801093	1.65162944924509	0.522533595803976	3.141882982287	8.62143415620808e-05	0.000752127887539479	protein_coding	chr10:120457227-120592065:+	9.31387864606187	19.9681916281756	2.83958711056748	5.70690295538236	54.1363786573348	52.4011401942128	17.0139758616838	17.0104316072056
ENSG00000101000	PROCR	38.4948557356711	15.3054888296196	61.6842226417225	1.90271752877207	0.606499490937178	3.73916861204512	8.80505108513829e-05	0.000765378404535775	protein_coding	chr20:35172072-35216240:+	27.9416359381856	33.2803193802927	0	0	147.908320260218	93.1575825674893	4.05094663373424	1.62004110544815
ENSG00000118946	PCDH17	43.3965226782624	25.6307184507733	61.1623269057515	1.15622682697879	0.360132402918307	2.22873768621903	9.13954729820709e-05	0.000791128397409995	protein_coding	chr13:57631744-57729311:+	17.2972031998292	9.31848942648194	37.8611614742331	38.0460197025491	43.5024471353584	45.6083997986667	69.676282100229	85.8621785887522
ENSG00000204052	LRRC73	16.9155741920749	28.4970421784664	5.33410620568353	-2.0212965179219	0.667539991986297	-4.05948444870574	9.28077334239371e-05	0.00080191422438486	protein_coding	chr6:43506969-43510686:-	26.6110818458911	13.3121277521171	25.5562839951073	48.50867512075	7.73376837961926	3.88156594031206	4.05094663373424	5.67014386906854
ENSG00000065923	SLC9A7	84.9060782134677	37.9839503154704	131.828206111465	1.48479709356891	0.497382710227093	2.79877807210723	9.43729144022761e-05	0.000813495646303837	protein_coding	chrX:46599251-46759118:-	35.9249604919529	23.9618299538107	43.540335695368	48.50867512075	200.111256822648	141.67715682139	142.593321507445	42.9310892943761
ENSG00000235961	PNMA6A	47.1682568818667	66.1081849747412	28.2283287889923	-1.06815651645401	0.332070976211677	-2.09675241313932	9.6545881417442e-05	0.000830742295930225	protein_coding	chrX:153072454-153075019:+	51.8916095994876	55.9109365588917	63.4174454693404	93.2127482712452	25.1347472337626	21.3486126717163	39.6992770105956	26.7306782398945
ENSG00000240240	BX664727.3	9.18312133513259	0.475575246281863	17.8906674239833	4.16669734760472	1.26991644163797	17.9597747087441	9.72284874119834e-05	0.000836118774993247	lncRNA	chr9:40223402-40329221:+	0	0	0	1.90230098512745	31.9017945659295	19.4078297015603	12.1528399012027	8.10020552724077
ENSG00000255182	AC084125.2	24.8552552670136	40.3366811955282	9.37382933849898	-1.80828607430297	0.590798720238115	-3.50225971859903	9.78626757890795e-05	0.000840075033627133	lncRNA	chr8:144495458-144505444:-	55.8832718763712	26.6242555042341	21.770167847684	57.0690295538236	14.5008157117861	6.7927403955461	6.48151461397479	9.72024663268892
ENSG00000255136	AP001972.3	19.3502364305766	36.9209362392517	1.77953662190138	-3.66237330749125	1.23772614347323	-12.6614726402477	0.000101149082513044	0.000864185756323076	lncRNA	chr11:75206048-75241173:-	30.6027441227747	61.2357876597385	55.8452131744938	0	0.966721047452408	2.91117445523404	0.810189326746849	2.43006165817223
ENSG00000241990	PRR34-AS1	53.6589339597473	33.0055953432529	74.3122725762416	1.02205943226205	0.319252656944895	2.03081586009418	0.000101346593307966	0.000865362386398931	lncRNA	chr22:46053705-46057210:+	29.2721900304802	23.9618299538107	32.1819872530981	46.6063741356226	71.5373575114782	81.5128847465532	72.9170394072164	71.2818086397188
ENSG00000196739	COL27A1	7.68266631335495	0.665277046147276	14.7000555805626	3.9956977721376	1.31184702361713	15.9523578377995	0.000111420838785867	0.000941935630693837	protein_coding	chr9:114155537-114312511:+	2.66110818458911	0	0	0	26.101468281215	16.4966552463262	8.10189326746849	8.10020552724077
ENSG00000183287	CCBE1	26.63055337104	8.93182768251472	44.3292790595654	2.02126814778002	0.67257703911012	4.05940462101231	0.000112535706800357	0.000948038000303589	protein_coding	chr18:59430939-59697662:-	1.33055409229455	23.9618299538107	5.67917422113496	4.75575246281863	57.0365417996921	56.2827061345248	29.9770050896334	34.0208632144112
ENSG00000151491	EPS8	25.7926220424855	9.6934449596621	41.8917991253089	2.01629561586971	0.66833404277679	4.0454371700285	0.000113729141567706	0.000956421769848584	protein_coding	chr12:15620134-15882329:-	26.6110818458911	9.31848942648194	1.89305807371165	0.951150492563726	51.2362155149776	91.2167995973333	17.0139758616838	8.10020552724077
ENSG00000154556	SORBS2	48.4417119460535	72.8938169969057	23.9896068952013	-1.36026500516219	0.446923703290385	-2.56732333722974	0.000114258612831527	0.00096031643641736	protein_coding	chr4:185585444-185956652:-	91.8082323683241	74.5479154118556	68.1500906536195	57.0690295538236	12.5673736168813	29.1117445523404	38.0788983571019	16.2004110544815
ENSG00000152661	GJA1	52.8994359044188	28.6131704720458	77.1857013367918	2.06593230441776	0.794175672682819	4.18704465458421	0.000124919031648913	0.00103726514346226	protein_coding	chr6:121435595-121449727:+	63.8665964301385	50.5860854580448	0	0	145.974878165314	127.12128454522	27.5464371093929	8.10020552724077
ENSG00000007944	MYLIP	40.166005253707	22.1797121322608	58.1522983751533	1.19387387815225	0.385807492711864	2.28766194796329	0.000127164675402004	0.0010540975642	protein_coding	chr6:16129086-16148248:+	18.6277572921237	22.630617178599	19.8771097739724	27.5833642843481	43.5024471353584	75.6905358360851	64.0049568130011	49.4112537161687
ENSG00000120328	PCDHB12	45.5545634157817	67.255192462124	23.8539343694393	-1.28361018909252	0.419299481935969	-2.43447416246453	0.00012771341856772	0.00105743495819829	protein_coding	chr5:141208697-141212571:+	57.2138259686658	77.210340962279	95.5994327224385	38.9971701951128	26.101468281215	17.4670467314043	28.3566264361397	23.4905960289982
ENSG00000099337	KCNK6	36.0935939916884	51.0449254271546	21.1422625562221	-1.09754620246676	0.3519271417222	-2.13990418736928	0.000129766991265047	0.00107137345383858	protein_coding	chr19:38319845-38332076:+	50.561055507193	62.5670004349502	53.0056260639263	38.0460197025491	22.2345840914054	24.2597871269504	17.8241651884307	20.2505138181019
ENSG00000107821	KAZALD1	32.8638869259359	47.3267636965173	18.4010101553546	-1.17016860708199	0.378175199529011	-2.25037995484286	0.000129698486003681	0.00107137345383858	protein_coding	chr10:101061989-101068131:+	37.2555145842475	43.9300215819863	63.4174454693404	44.7040731504951	14.5008157117861	19.4078297015603	21.0649224954181	18.6304727126538
ENSG00000102362	SYTL4	18.6042279642861	31.716858199271	5.49159772930118	-2.16768456393048	0.771895736957958	-4.49301713518314	0.00013107209817091	0.00108091537141172	protein_coding	chrX:100674491-100732123:-	39.9166227688366	11.9809149769054	35.0215743636656	39.9483206876765	10.6339315219765	4.85195742539007	1.6203786534937	4.86012331634446
ENSG00000170382	LRRN2	15.6012148356506	26.3850628156504	4.81736685565083	-2.18698766389777	0.760466263540645	-4.55353718004566	0.000140124412404255	0.00114707048683641	protein_coding	chr1:204617170-204685738:-	13.3055409229455	30.6178938298692	42.5938066585122	19.0230098512745	0.966721047452408	2.91117445523404	5.67132528722794	9.72024663268892
ENSG00000025708	TYMP	74.0806400264668	105.832410487901	42.3288695650326	-1.0667061250297	0.351530413385694	-2.09464553436224	0.000145660296534855	0.00118768533619659	protein_coding	chr22:50525752-50530032:-	51.8916095994876	81.2039792879141	167.535639523481	122.698413540721	44.4691681828108	39.7860508881986	38.8890876838488	46.1711715052724
ENSG00000251867	AC009812.1	14.8939682937141	24.4529971593497	5.33493942807854	-1.86056866228513	0.634600802573634	-3.63150775847941	0.000153282162069496	0.0012376001863269	lncRNA	chr8:80484561-80486699:-	17.2972031998292	29.2866810546575	27.449342068819	23.7787623140932	6.76704733216685	4.85195742539007	2.43056798024055	7.29018497451669
ENSG00000119938	PPP1R3C	19.9355104658863	6.73903855683096	33.1319823749417	1.92463879616746	0.657791699048329	3.79641786546598	0.00015518160541686	0.00125122193604357	protein_coding	chr10:91628442-91633071:-	11.974986830651	2.66242555042341	9.46529036855827	2.85345147769118	50.2694944675252	27.1709615821844	29.1668157628866	25.9206576871705
ENSG00000228878	SEPTIN7-DT	15.2861627903461	5.03617700713465	25.5361485735576	1.88937190402586	0.645387644871951	3.70473899030162	0.00015799940271965	0.00127110914706031	lncRNA	chr7:35751856-35800676:-	5.32221636917821	5.32485110084682	2.83958711056748	6.65805344794608	33.8352366608343	35.9044849478865	19.4445438419244	12.9603288435852
ENSG00000204950	LRRC10B	19.1648680195058	30.6957678107798	7.63396822823182	-1.65728076281115	0.563127002889046	-3.15421447802401	0.000160521201328722	0.00128853208365535	protein_coding	chr11:61508749-61511018:+	51.8916095994876	45.261234357198	10.4118194054141	15.2184078810196	11.6006525694289	11.6446978209362	1.6203786534937	5.67014386906854
ENSG00000140807	NKD1	211.298275502486	377.199384554921	45.3971664500519	-2.01700087716988	0.82450760897657	-4.04741526496713	0.000161727871557921	0.0012960617303753	protein_coding	chr16:50548396-50649249:+	530.891082825526	776.097047948425	160.909936265491	40.8994711802402	48.3360523726204	51.4307487091347	46.9909809513172	34.8308837671353
ENSG00000107742	SPOCK2	92.8310541722489	34.2382216734667	151.423886671031	1.75555148923469	0.637192738669314	3.37655367009014	0.000171082705274828	0.00136348017260054	protein_coding	chr10:72059034-72089032:-	42.5777309534257	11.9809149769054	72.8827358378987	9.51150492563726	185.610441110862	198.930254440993	92.3615832491408	128.793267883128
ENSG00000001617	SEMA3F	45.0072659517562	66.445335545286	23.5691963582265	-1.24576045406786	0.425621270369641	-2.37143521163476	0.000172661724977641	0.00137455068514928	protein_coding	chr3:50155045-50189075:+	42.5777309534257	57.2421493341034	100.332077906718	65.6293839868971	23.2013051388578	28.1413530672624	14.5834078814433	28.3507193453427
ENSG00000100100	PIK3IP1	48.3001711919142	67.7056252049026	28.8947171789258	-1.0608833620499	0.351115376451837	-2.08620851598614	0.000178248313041162	0.00141435736548505	protein_coding	chr22:31281594-31292534:-	55.8832718763712	74.5479154118556	77.6153810221778	62.7759325092059	40.6022839930011	22.3190041567943	29.9770050896334	22.6805754762742
ENSG00000198947	DMD	58.1967236768989	94.7944422862656	21.5990050675321	-1.59430351340238	0.586173782368473	-3.01948710828995	0.000179231442353554	0.00142137899462081	protein_coding	chrX:31097677-33339441:-	33.2638523073638	55.9109365588917	214.862091366273	75.1408889125344	12.5673736168813	30.0821360374184	25.9260584558992	17.8204521599297
ENSG00000187720	THSD4	26.1257361260804	6.60484735206664	45.6466249000941	2.10098857070299	0.738523138594515	4.29003248070618	0.000183870316789844	0.00145338891037653	protein_coding	chr15:71096952-71783383:+	13.3055409229455	9.31848942648194	1.89305807371165	1.90230098512745	51.2362155149776	118.387761179518	10.532461247709	2.43006165817223
ENSG00000151012	SLC7A11	46.6678658670117	16.6268048152065	76.708926918817	1.42484045004834	0.514977878475115	2.68484806750015	0.000194807713666403	0.0015348133042427	protein_coding	chr4:138164097-138242349:-	26.6110818458911	19.9681916281756	9.46529036855827	10.462655418201	134.374225595885	141.67715682139	17.0139758616838	13.7703493963093
ENSG00000229619	MBNL1-AS1	15.7783270904981	25.1759321026206	6.38072207837572	-1.85664964458354	0.662045904270534	-3.62165631375044	0.000204558931153473	0.00159772337322408	lncRNA	chr3:152245262-152269557:-	45.2388391380148	27.9554682794458	15.1444645896932	12.3649564033284	9.66721047452408	12.6150893060142	2.43056798024055	0.810020552724077
ENSG00000198929	NOS1AP	37.3834706941454	54.4704572318834	20.2964841564074	-1.20997406531559	0.416852601591925	-2.31333478165061	0.000206167355135678	0.00160854993578365	protein_coding	chr1:162069691-162370475:+	41.2471768611311	53.2485110084682	53.9521551007821	69.433985957152	17.4009788541433	28.1413530672624	12.9630292279496	22.6805754762742
ENSG00000281091	AL117327.1	10.068100262749	2.2344421152292	17.9017584102688	2.73769078191459	0.966646728984183	6.67001858799203	0.0002089517069154	0.00162327324432989	lncRNA	chrX:103404777-103452754:+	1.33055409229455	6.65606387605853	0	0.951150492563726	22.2345840914054	24.2597871269504	9.72227192096219	15.3903905017575
ENSG00000173641	HSPB7	14.0523996558987	24.3075896632401	3.79720964855734	-2.22919458070871	0.801529846299468	-4.68872147431219	0.000216347602935712	0.00167354294884477	protein_coding	chr1:16014028-16019594:-	43.9082850457202	10.6497022016936	26.5028130319631	16.1695583735833	6.76704733216685	1.94078297015603	4.05094663373424	2.43006165817223
ENSG00000151229	SLC2A13	83.8062995486101	50.482089435457	117.130509661763	1.00312592899992	0.336793296833988	2.00433815585242	0.000222068059424883	0.00171047952318059	protein_coding	chr12:39755025-40106089:-	49.2305014148984	69.2230643110087	46.3799228059355	37.0948692099853	208.81174624972	96.0687570227234	83.4495006549254	80.1920347196836
ENSG00000196220	SRGAP3	37.369323197513	16.1932113669929	58.5454350280331	1.43153806121371	0.534944080823433	2.69734126446833	0.000227457635115977	0.00174456510494623	protein_coding	chr3:8980591-9363053:-	10.6444327383564	13.3121277521171	17.0375226634049	23.7787623140932	77.3376837961926	86.3648421719432	35.6483303768614	34.8308837671353
ENSG00000080031	PTPRH	30.3942856043779	47.4480273887873	13.3405438199686	-1.51356811715819	0.562500635311282	-2.85515311742934	0.000232385365976971	0.00177296436572731	protein_coding	chr19:55181247-55209506:-	38.586068676542	30.6178938298692	42.5938066585122	77.9943403902256	11.6006525694289	22.3190041567943	9.72227192096219	9.72024663268892
ENSG00000155530	LRGUK	37.7182946541191	21.6046679111223	53.8319213971158	1.13088782345939	0.387561561987573	2.18993465692001	0.000235334536181487	0.00179168687120182	protein_coding	chr7:134127299-134264591:+	21.2888654767128	11.9809149769054	23.6632259213957	29.4856652694755	38.6688418980963	59.1938805897589	57.5234421990263	59.9415209015817
ENSG00000144802	NFKBIZ	43.5263252067529	63.504902738789	23.5477476747168	-1.22752460839798	0.427820277191972	-2.34164862379012	0.000237391523832255	0.00180355250625944	protein_coding	chr3:101827991-101861022:+	69.1888127993167	45.261234357198	51.1125679902146	88.4569958084266	10.6339315219765	25.2301786120284	25.9260584558992	32.4008221089631
ENSG00000140398	NEIL1	64.2948798065324	91.819071942321	36.7706876707439	-1.09952222675181	0.378285964251066	-2.14283717021261	0.000240412875000343	0.00181981984303346	protein_coding	chr15:75346955-75357115:+	95.7998946452078	39.9363832563512	110.743897312132	120.796112555593	22.2345840914054	39.7860508881986	47.8011702780641	37.2609454253075
ENSG00000103742	IGDCC4	19.9253378622701	5.6080871467727	34.2425885777675	2.22958638717842	0.811570024914072	4.6899950081044	0.000250239437163727	0.00188232043512312	protein_coding	chr15:65381484-65422947:-	9.31387864606187	9.31848942648194	0.946529036855827	2.85345147769118	17.4009788541433	91.2167995973333	8.91208259421534	19.4404932653778
ENSG00000279072	AC118758.3	32.7549416668272	60.8197992249883	4.6900841086662	-2.20787945665672	1.00603005537164	-4.61995710490445	0.000250360453092794	0.00188232043512312	lncRNA	chr7:56809214-56848800:-	176.963694275175	49.2548726828331	12.3048774791257	4.75575246281863	3.86688418980963	6.7927403955461	2.43056798024055	5.67014386906854
ENSG00000258388	PPT2-EGFL8	31.4438639525055	52.3286557995155	10.5590721054955	-1.86408507556276	0.695151755283	-3.64036996219748	0.000258854475804938	0.00193913086352219	protein_coding	chr6:32153845-32171978:+	59.8749341532549	70.5542770862204	12.3048774791257	66.5805344794609	3.86688418980963	16.4966552463262	10.532461247709	11.3402877381371
ENSG00000112297	CRYBG1	14.7445583350182	3.66050579037362	25.8286108796628	2.54327392173751	0.947056083486368	5.82910311114555	0.000275654879982688	0.0020459246553792	protein_coding	chr6:106360717-106572017:+	2.66110818458911	11.9809149769054	0	0	54.1363786573348	42.6972253434326	3.2407573069874	3.24008221089631
ENSG00000181541	MAB21L2	48.9493587851425	68.6456570690553	29.2530605012297	-1.61383108376815	0.679845763122273	-3.06063516783994	0.000276712063365841	0.00205061633030917	protein_coding	chr4:150582151-150584693:+	121.080422398804	78.5415537374907	36.9146324373772	38.0460197025491	66.7037522742161	44.6380083135886	1.6203786534937	4.05010276362038
ENSG00000163673	DCLK3	34.7205177257772	51.4122849352382	18.0287505163163	-1.27716086912978	0.466323787741296	-2.42361555343044	0.00028078427811048	0.00207654106136585	protein_coding	chr3:36712422-36764349:-	33.2638523073638	51.9172982332565	67.2035616167637	53.2644275835687	17.4009788541433	27.1709615821844	11.3426505744559	16.2004110544815
ENSG00000155011	DKK2	67.7475885285551	36.106231171916	99.3889458851941	1.21484019779371	0.430414651663761	2.32115070890657	0.000284307362742285	0.00209830722129989	protein_coding	chr4:106921802-107283806:-	21.2888654767128	58.5733621093151	23.6632259213957	40.8994711802402	115.039804646837	121.298935634752	110.185748437571	51.0312948216168
ENSG00000134531	EMP1	36.69113891967	15.3053241588903	58.0769536804498	1.63552078339759	0.580516404614403	3.10699685990683	0.000288523703734521	0.00212617289416992	protein_coding	chr12:13196723-13219941:+	29.2721900304802	31.949106605081	0	0	112.139641504479	119.358152664596	0	0.810020552724077
ENSG00000180573	H2AC6	22.1274780978762	32.8188574374884	11.436098758264	-1.27649360423464	0.454557093234227	-2.42249485944897	0.000288387300666161	0.00212617289416992	protein_coding	chr6:26124145-26139116:+	33.2638523073638	43.9300215819863	27.449342068819	26.6322137917843	15.4675367592385	11.6446978209362	8.10189326746849	10.530267185413
ENSG00000206417	H1FX-AS1	51.0222993453069	70.3961154135737	31.64848327704	-1.01464744188488	0.353013853724893	-2.02040909584735	0.000290108799793188	0.00213370889668542	lncRNA	chr3:129315392-129326225:+	91.8082323683241	62.5670004349502	50.1660389533588	77.0431898976618	32.8685156133819	47.5491827688227	24.3056798024055	21.8705549235501
ENSG00000172548	NIPAL4	29.3351512906696	11.6458063928924	47.0244961884467	1.80498509433373	0.665630006065934	3.49425548145968	0.00029082099458893	0.002135490743118	protein_coding	chr5:157460019-157474717:+	18.6277572921237	27.9554682794458	0	0	86.0381732232643	98.0095399928794	0.810189326746849	3.24008221089631
ENSG00000023445	BIRC3	9.05209095635235	16.2845947512205	1.81958716148417	-2.63203098377367	0.975010099792345	-6.19898057750559	0.000292759683481731	0.00214428689222221	protein_coding	chr11:102317450-102339403:+	22.6194195690074	15.9745533025405	17.9840517002607	8.56035443307354	0.966721047452408	3.88156594031206	0	2.43006165817223
ENSG00000112599	GUCA1B	22.766919263074	10.1554880281271	35.3783504980209	1.55960809179648	0.590488140975331	2.94773757270295	0.000293808069952791	0.00214978978585781	protein_coding	chr6:42183284-42194956:-	2.66110818458911	6.65606387605853	17.0375226634049	14.2672573884559	32.8685156133819	39.7860508881986	34.0279517233677	34.8308837671353
ENSG00000113578	FGF1	29.454330909859	43.3828632390945	15.5257985806234	-1.21710009916661	0.435153275743965	-2.32478951136924	0.000295265881374179	0.00215739585426247	protein_coding	chr5:142592178-142698070:-	39.9166227688366	22.630617178599	61.5243873956287	49.4598256133138	16.4342578066909	11.6446978209362	16.203786534937	17.8204521599297
ENSG00000156463	SH3RF2	10.4872637972614	0	20.9745275945227	6.6090431101984	3.03836685651776	97.6158226927677	0.000295294768693011	0.00215739585426247	protein_coding	chr5:145936578-146081791:+	0	0	0	0	54.1363786573348	28.1413530672624	1.6203786534937	0
ENSG00000170775	GPR37	29.7972791623657	16.7256151071459	42.8689432175854	1.24129901724643	0.441731210818338	2.36411303616226	0.000298258229395614	0.00217534850769476	protein_coding	chr7:124743885-124765792:-	29.2721900304802	25.2930427290224	5.67917422113496	6.65805344794608	53.1696576098824	73.7497528659291	25.1158691291523	19.4404932653778
ENSG00000049192	ADAMTS6	29.2106001376626	8.5059895924831	49.9152106828421	1.98620056299241	0.744405318819386	3.96192223458126	0.000315382831896139	0.00227907451099271	protein_coding	chr5:65148738-65481920:-	9.31387864606187	19.9681916281756	2.83958711056748	1.90230098512745	29.9683524710246	149.440288702014	8.10189326746849	12.1503082908612
ENSG00000126583	PRKCG	36.7626958405572	52.9338683355845	20.5915233455298	-1.18468800705391	0.425769395663317	-2.27314231030713	0.000323126241245529	0.00232435690335315	protein_coding	chr19:53879190-53907652:+	42.5777309534257	30.6178938298692	67.2035616167637	71.3362869422795	16.4342578066909	6.7927403955461	36.4585197036082	22.6805754762742
ENSG00000204967	PCDHA4	38.0160606718394	55.8550352570336	20.1770860866453	-1.24023184849552	0.453835689318365	-2.36236493652187	0.000328169066633262	0.00235485361553887	protein_coding	chr5:140806929-141012347:+	38.586068676542	65.2294259853736	49.219509916503	70.3851364497157	14.5008157117861	32.9933104926525	16.203786534937	17.0104316072056
ENSG00000185269	NOTUM	45.5249999864453	65.3614204430027	25.688579529888	-1.15650918531704	0.428302460615074	-2.22917392827846	0.000341040915388042	0.00243266888536773	protein_coding	chr17:81952507-81961840:-	74.5110291684949	69.2230643110087	47.3264518427913	70.3851364497157	18.3676999015957	15.5262637612482	41.3196556640893	27.5406987926186
ENSG00000181215	C4orf50	12.6723067676495	21.2619604541645	4.08265308113453	-1.93913922233937	0.764005410385381	-3.83476779723744	0.000354413436535973	0.00251136285618255	protein_coding	chr4:5897373-6200555:-	17.2972031998292	14.6433405273288	32.1819872530981	20.925310836402	3.86688418980963	6.7927403955461	4.05094663373424	1.62004110544815
ENSG00000242628	AC009228.1	7.64521400832677	14.4802808834124	0.810147133241156	-3.57930543961696	1.40488869978248	-11.9530380218068	0.000357341435262821	0.00252406178260557	lncRNA	chr2:24210650-24222201:+	1.33055409229455	18.6369788529639	18.9305807371165	19.0230098512745	0	0	2.43056798024055	0.810020552724077
ENSG00000154080	CHST9	18.0293304256447	5.27610730661622	30.7825535446732	2.24499576339432	0.927112639681589	4.74035716325437	0.000370410615453866	0.00260619972652591	protein_coding	chr18:26906481-27185308:-	2.66110818458911	14.6433405273288	0.946529036855827	2.85345147769118	14.5008157117861	49.4899657389787	38.0788983571019	21.060534370826
ENSG00000156535	CD109	32.0806711330084	10.6472321407543	53.5141101252625	1.94662303762277	0.690547816668017	3.85471190011658	0.000378532655676818	0.00265560015783354	protein_coding	chr6:73695785-73828316:+	19.9583113844183	22.630617178599	0	0	105.372594172312	108.683846328738	0	0
ENSG00000100196	KDELR3	18.9033595728682	7.31903357513588	30.4876855706005	1.81824812047436	0.715936090700781	3.52652708573684	0.000381631068910729	0.00266828331417632	protein_coding	chr22:38468078-38483447:+	6.65277046147276	15.9745533025405	1.89305807371165	4.75575246281863	25.1347472337626	41.7268338583546	37.2687090303551	17.8204521599297
ENSG00000115363	EVA1A	37.0414446849019	19.8677419234471	54.2151474463568	1.88425472724851	0.846510178368836	3.69162171863182	0.000393839474254795	0.00273514333535972	protein_coding	chr2:75469302-75569722:-	43.9082850457202	34.6115321555044	0	0.951150492563726	109.239478362122	67.927403955461	12.9630292279496	26.7306782398945
ENSG00000134363	FST	123.7931273818	7.65167405506941	239.93458070853	4.2109169726573	1.41445138605668	18.5187776823981	0.000402559812820733	0.00278767855069592	protein_coding	chr5:53480626-53487134:+	22.6194195690074	7.98727665127024	0	0	505.595107817609	454.143215016511	0	0
ENSG00000183696	UPP1	50.1631206989333	25.3669532251802	74.9592881726864	1.19446373080403	0.441282170935622	2.28859746053984	0.00040405388027808	0.00279401424236247	protein_coding	chr7:48088628-48108736:+	51.8916095994876	30.6178938298692	13.2514065159816	5.70690295538236	108.27275731467	149.440288702014	14.5834078814433	27.5406987926186
ENSG00000102057	KCND1	38.9392888537986	62.4740546090542	15.4045230985429	-1.51162868266374	0.604443341381552	-2.85131747513197	0.000406918314667192	0.00281228885215333	protein_coding	chrX:48961378-48971844:-	35.9249604919529	143.770979722864	37.8611614742331	32.3391167471667	15.4675367592385	14.5558722761702	18.6343545151775	12.9603288435852
ENSG00000259520	AC051619.4	9.94632092008619	1.90114562120048	17.9914962189719	2.78969405506815	1.15307583243737	6.91483130218688	0.000409066850811311	0.00282328303852747	lncRNA	chr15:45235930-45279251:-	0	0	0.946529036855827	6.65805344794608	19.3344209490482	14.5558722761702	22.6853011489118	15.3903905017575
ENSG00000139832	RAB20	37.7178008161354	20.1319990253419	55.3036026069289	1.15207040342309	0.43259690110296	2.22232590402199	0.000410300212548004	0.00283044565119507	protein_coding	chr13:110523066-110561722:-	21.2888654767128	21.2994044033873	21.770167847684	16.1695583735833	37.7021208506439	32.0229190075745	74.5374180607101	76.9519525087873
ENSG00000145431	PDGFC	14.5304337838187	3.66034111964433	25.4005264479931	2.62305836291548	1.01805937571457	6.16054660815655	0.000416846020715809	0.00286467828006643	protein_coding	chr4:156760454-156971799:-	3.99166227688366	10.6497022016936	0	0	38.6688418980963	52.4011401942128	8.91208259421534	1.62004110544815
ENSG00000189144	ZNF573	24.7306412750423	37.6098254304405	11.8514571196442	-1.38938636663734	0.529341752732249	-2.61967232391411	0.00042374305515044	0.00290380361609485	protein_coding	chr19:37735833-37817300:-	35.9249604919529	31.949106605081	37.8611614742331	44.7040731504951	9.66721047452408	7.76313188062411	22.6853011489118	7.29018497451669
ENSG00000206077	ZDHHC11B	76.3668111663457	106.972310927764	45.7613114049277	-1.07264684865818	0.415240100190813	-2.10328864007589	0.000425291666958865	0.00291028193659369	protein_coding	chr5:710355-784729:-	131.724855137161	115.815511443418	75.7223229484661	104.62655418201	27.0681893286674	27.1709615821844	61.5743888327605	67.2317058760984
ENSG00000286760	AL022069.3	26.9873369570046	14.5756277523928	39.3990461616164	1.18212517167348	0.437686908596275	2.26910783455626	0.000426719253857505	0.00291827885410535	lncRNA	chr6:166342632-166351466:+	13.3055409229455	14.6433405273288	17.0375226634049	13.3161068958922	27.0681893286674	34.9340934628085	55.0928742187857	40.5010276362038
ENSG00000287762	AC108050.1	8.57026954476302	1.5169551830704	15.6235839064556	2.75368292502688	1.03960973904075	6.74436644478315	0.000428244323486679	0.00292495521180873	lncRNA	chr4:41608312-41612411:-	1.33055409229455	0	3.78611614742331	0.951150492563726	4.83360523726204	10.6743063358582	25.1158691291523	21.8705549235501
ENSG00000236200	KDM4A-AS1	9.84210977442272	2.2344421152292	17.4497774336162	2.56187691981991	0.972390413236818	5.90475385086793	0.00042951009875265	0.00293221682039958	lncRNA	chr1:43685123-43708138:-	1.33055409229455	6.65606387605853	0	0.951150492563726	25.1347472337626	30.0821360374184	8.91208259421534	5.67014386906854
ENSG00000115468	EFHD1	30.1745199291066	16.0501092610933	44.2989305971199	1.1737900760846	0.439247369435466	2.25603597936174	0.000437586324303779	0.00297650631896177	protein_coding	chr2:232606057-232682780:+	18.6277572921237	13.3121277521171	16.0909936265491	16.1695583735833	29.9683524710246	28.1413530672624	62.3845781595074	56.7014386906854
ENSG00000188816	HMX2	28.6796339647651	16.1942020601906	41.1650658693397	1.13242927770804	0.417799350181426	2.19227575327828	0.000438644587322483	0.00298142130092282	protein_coding	chr10:123148122-123150672:+	11.974986830651	11.9809149769054	16.0909936265491	24.7299128066569	39.6355629455487	31.0525275224964	46.9909809513172	46.9811920579965
ENSG00000148426	PROSER2	12.0641704795745	3.99017561463822	20.1381653445109	1.91767474468259	0.746230235495491	3.77813628787079	0.000445637684284641	0.0030237759984302	protein_coding	chr10:11823339-11872277:+	3.99166227688366	5.32485110084682	2.83958711056748	3.80460197025491	18.3676999015957	18.4374382164823	30.7871944163803	12.9603288435852
ENSG00000197558	SSPO	19.7716798873044	33.400731907482	6.14262786712684	-2.10561467651195	1.05020417125758	-4.30381085846491	0.000467217795269189	0.00314646943685397	transcribed_unitary_pseudogene	chr7:149776042-149833979:+	22.6194195690074	33.2803193802927	59.6313293219171	18.0718593587108	4.83360523726204	16.4966552463262	0.810189326746849	2.43006165817223
ENSG00000164647	STEAP1	19.9988154465584	9.01546104620429	30.9821698469126	1.46908846005339	0.566817783945847	2.7684691779026	0.000472116140018895	0.00317220840041479	protein_coding	chr7:90154456-90164829:+	7.98332455376732	5.32485110084682	15.1444645896932	7.60920394050981	21.267863043953	32.9933104926525	27.5464371093929	42.121068741652
ENSG00000162755	KLHDC9	24.540890286999	36.5028673885908	12.5789131854071	-1.21242956178796	0.461653390924232	-2.31727547739324	0.000472807779495551	0.00317364039020703	protein_coding	chr1:161098361-161100346:+	17.2972031998292	25.2930427290224	52.0590970270705	51.3621265984412	9.66721047452408	10.6743063358582	16.203786534937	13.7703493963093
ENSG00000226887	ERVMER34-1	40.8650443179307	18.9618794547114	62.7682091811501	1.38643561976942	0.541125753849996	2.614319778857	0.000479194867120016	0.00320637416173277	protein_coding	chr4:52722618-52751586:-	22.6194195690074	13.3121277521171	6.62570325799079	33.2902672397304	73.470799606383	74.7201443510071	44.5604129710767	58.3214797961335
ENSG00000162621	LRRC53	9.23874008089766	1.33055409229455	17.1469260695008	3.16218045874956	1.42597539633051	8.95181647150789	0.000491433708650337	0.00327917015458568	protein_coding	chr1:74469878-74512614:-	5.32221636917821	0	0	0	15.4675367592385	12.6150893060142	19.4445438419244	21.060534370826
ENSG00000279170	TSTD3	43.0119522985266	64.8407125922584	21.1831920047947	-1.37887999340652	0.539988321838421	-2.60066395506709	0.000493152651508972	0.00328912365220707	protein_coding	chr6:99520693-99589899:+	46.5693932303093	126.465213645112	46.3799228059355	39.9483206876765	14.5008157117861	47.5491827688227	10.532461247709	12.1503082908612
ENSG00000249242	TMEM150C	44.1416579753216	62.2723281112573	26.0109878393859	-1.04591855447046	0.394849750293569	-2.06468050874141	0.000505554935728171	0.00335945665050221	protein_coding	chr4:82483170-82562357:-	70.5193668916113	66.5606387605853	46.3799228059355	65.6293839868971	16.4342578066909	25.2301786120284	38.0788983571019	24.3006165817223
ENSG00000164125	GASK1B	49.7226793117345	24.9549700718823	74.4903885515867	1.34157404904072	0.517070417956672	2.53427669675272	0.000512233129856257	0.00340071104972918	protein_coding	chr4:158124474-158173318:-	42.5777309534257	57.2421493341034	0	0	157.575530734742	138.765982366156	0	1.62004110544815
ENSG00000230797	YY2	36.3143329921882	21.6181959961931	51.0104699881833	1.17502089858623	0.449177945279934	2.25796151774557	0.000514219700123167	0.00340920830045011	protein_coding	chrX:21855987-21858740:+	46.5693932303093	26.6242555042341	7.57223229484661	5.70690295538236	83.1380100809071	69.868186925617	21.0649224954181	29.9707604507908
ENSG00000115290	GRB14	64.1790232688249	35.1390802184296	93.2189663192202	1.15450125114583	0.439413082747276	2.22607353563608	0.000518759638323943	0.00343615938007434	protein_coding	chr2:164492417-164621482:-	62.536042337844	23.9618299538107	32.1819872530981	21.8764613289657	126.640457216265	107.71345484366	40.5094663373424	98.0124868796133
ENSG00000139971	ARMH4	13.2526882432004	4.80119341207347	21.7041830743274	2.01617383698077	0.827332106085211	4.04509570628321	0.000529447192074802	0.00349415832690315	protein_coding	chr14:57999735-58298139:-	6.65277046147276	10.6497022016936	0	1.90230098512745	21.267863043953	38.8156594031206	12.1528399012027	14.5803699490334
ENSG00000116039	ATP6V1B1	21.4113990892374	33.9177307796975	8.90506739877732	-1.59477594071178	0.671572868425754	-3.02047603645252	0.00053132273453492	0.00350334120133207	protein_coding	chr2:70935900-70965431:+	30.6027441227747	45.261234357198	23.6632259213957	36.1437187174216	1.93344209490482	7.76313188062411	14.5834078814433	11.3402877381371
ENSG00000136040	PLXNC1	50.9596879886095	74.7035753201587	27.2158006570602	-1.21275019322575	0.476035525291282	-2.31779053699773	0.000535034418924963	0.00352139751937289	protein_coding	chr12:94148577-94307675:+	50.561055507193	87.8600431639726	71.9362068010428	88.4569958084266	15.4675367592385	50.4603572240567	20.2547331686712	22.6805754762742
ENSG00000197020	ZNF100	129.266683831238	181.674974181996	76.8583934804797	-1.01988155525535	0.383914806165901	-2.02775247499615	0.000537933441475737	0.00353726065355672	protein_coding	chr19:21722771-21767579:-	99.7915569220914	308.841363849116	116.423071533267	201.64390442351	75.4042417012878	80.5424932614752	62.3845781595074	89.1022607996485
ENSG00000128342	LIF	11.1280980316187	2.13909720310863	20.1170988601288	2.54326622807436	1.015907843646	5.82907202554885	0.000548910737973958	0.00360453044949959	protein_coding	chr22:30240453-30246759:-	3.99166227688366	2.66242555042341	0	1.90230098512745	26.101468281215	39.7860508881986	2.43056798024055	12.1503082908612
ENSG00000122254	HS3ST2	28.1864601286475	41.980881876665	14.39203838063	-1.30583034257589	0.518767194466848	-2.47225977301676	0.000584597204817985	0.00379831954991481	protein_coding	chr16:22814162-22916338:+	39.9166227688366	62.5670004349502	38.8076905110889	26.6322137917843	10.6339315219765	29.1117445523404	9.72227192096219	8.10020552724077
ENSG00000100302	RASD2	18.2291718292912	28.2485242697021	8.20981938888029	-1.43091547048376	0.571698057311657	-2.69617748604371	0.000585867990893103	0.00380293340003588	protein_coding	chr22:35540831-35553999:+	19.9583113844183	19.9681916281756	35.0215743636656	38.0460197025491	7.73376837961926	4.85195742539007	14.5834078814433	5.67014386906854
ENSG00000005471	ABCB4	43.6434412528524	23.2612557275274	64.0256267781775	1.09916419747723	0.426437764890611	2.1423054547585	0.000600242736357998	0.00388520264906498	protein_coding	chr7:87401696-87480435:-	10.6444327383564	22.630617178599	31.2354582162423	28.5345147769118	27.0681893286674	32.9933104926525	76.9679860409506	119.073021250439
ENSG00000128606	LRRC17	263.769597888643	199.161384681481	328.377811095805	1.0789228072489	0.436320947214902	2.11245821862178	0.000605670943350618	0.00390810323812461	protein_coding	chr7:102913000-102945111:+	343.282955811995	441.962641370287	2.83958711056748	8.56035443307354	687.338664738662	563.797452830326	17.0139758616838	45.3611509525483
ENSG00000144824	PHLDB2	82.3279868458592	54.8939060199898	109.762067671729	1.16005829682949	0.496257514276019	2.23466457327852	0.00067931889125823	0.0042914807128679	protein_coding	chr3:111732497-111976517:+	73.1804750762004	119.809149769054	9.46529036855827	17.1207088661471	167.242741209267	125.180501575064	54.2826848920389	92.3423430105448
ENSG00000231991	ANXA2P2	13.9505800885867	2.13909720310863	25.7620629740648	2.52466490662307	1.08345220748702	5.7543975964648	0.000690861020335956	0.00435110163068855	processed_pseudogene	chr9:33624274-33625293:+	3.99166227688366	2.66242555042341	0	1.90230098512745	39.6355629455487	55.3123146494468	0.810189326746849	7.29018497451669
ENSG00000140057	AK7	31.3690882952829	45.3082645621671	17.4299120283986	-1.109731032719	0.442320491794264	-2.15805410103271	0.000694471530650402	0.00437193843545162	protein_coding	chr14:96392128-96489427:+	62.536042337844	39.9363832563512	37.8611614742331	40.8994711802402	15.4675367592385	14.5558722761702	25.1158691291523	14.5803699490334
ENSG00000183401	CCDC159	18.5605530311817	28.6705662145322	8.4505398478313	-1.40457994128117	0.577214061713241	-2.64740688291157	0.000705699579951343	0.00443298177978984	protein_coding	chr19:11344684-11354944:+	19.9583113844183	22.630617178599	39.7542195479447	32.3391167471667	9.66721047452408	3.88156594031206	13.7732185546964	6.48016442179262
ENSG00000070540	WIPI1	50.4699381494198	27.9586866265708	72.9811896722688	1.03969227528395	0.41623282635561	2.0557891097703	0.000726801452687868	0.00453818523855417	protein_coding	chr17:68420948-68457513:-	27.9416359381856	27.9554682794458	36.9146324373772	19.0230098512745	86.0381732232643	113.535803754128	40.5094663373424	51.8413153743409
ENSG00000181513	ACBD4	40.6244974064023	57.6155595085616	23.633435304243	-1.14673584288758	0.479220509334141	-2.21412372633368	0.000734994720454373	0.0045792417516729	protein_coding	chr17:45132600-45144181:+	63.8665964301385	47.9236599076214	45.4333937690797	73.2385879274069	11.6006525694289	11.6446978209362	31.5973837431271	39.6910070834798
ENSG00000135838	NPL	40.4861469495156	21.7598121518093	59.2124817472219	1.10684913115607	0.442409555620954	2.15374751394085	0.000739299146126873	0.00460209743737386	protein_coding	chr1:182789293-182830384:+	21.2888654767128	30.6178938298692	12.3048774791257	22.8276118215294	57.0365417996921	107.71345484366	38.8890876838488	33.2108426616872
ENSG00000184979	USP18	30.9030829561705	17.8585466587017	43.9476192536393	1.06581877056046	0.41995786007202	2.09335758262587	0.000742959833152116	0.00462091004091559	protein_coding	chr22:18150170-18177397:+	14.6360950152401	22.630617178599	15.1444645896932	19.0230098512745	48.3360523726204	31.0525275224964	45.3706022978235	51.0312948216168
ENSG00000253661	ZFHX4-AS1	10.4037391943281	2.99407604912132	17.8134023395348	2.4052031072537	1.02192738648738	5.29710133207354	0.000771848410845945	0.00477799916602796	lncRNA	chr8:76491200-76683308:-	9.31387864606187	2.66242555042341	0	0	24.1680261863102	34.9340934628085	5.67132528722794	6.48016442179262
ENSG00000115257	PCSK4	32.3238096735765	18.6656050641302	45.9820142830228	1.06502799313641	0.422156820529129	2.09221047511175	0.000775947388913496	0.00479516932525407	protein_coding	chr19:1481428-1490752:-	15.9666491075346	22.630617178599	16.0909936265491	19.9741603438383	33.8352366608343	55.3123146494468	38.8890876838488	55.8914181379613
ENSG00000152229	PSTPIP2	37.7922081772752	21.6618252135163	53.9225911410341	1.06084524161713	0.425271046631116	2.08615339267972	0.000825645475963292	0.00506552224400879	protein_coding	chr18:45983536-46072272:-	11.974986830651	31.949106605081	16.0909936265491	26.6322137917843	60.9034259895017	59.1938805897589	51.0419275850515	44.5511303998242
ENSG00000261600	AC233266.2	7.3630037472814	13.1107184965667	1.61528899799604	-2.41583806070712	1.08615786211736	-5.33629365805968	0.000824999245346748	0.00506552224400879	lncRNA	chr2:91580336-91580863:+	5.32221636917821	18.6369788529639	10.4118194054141	18.0718593587108	2.90016314235722	1.94078297015603	0.810189326746849	0.810020552724077
ENSG00000280106	AC008555.7	12.021865450961	19.7945777566151	4.24915314530693	-1.79104643970238	0.784200315537712	-3.4606581575716	0.000828607840909972	0.00508154291588561	TEC	chr19:34949038-34951205:-	25.2805277535965	9.31848942648194	25.5562839951073	19.0230098512745	1.93344209490482	2.91117445523404	8.10189326746849	4.05010276362038
ENSG00000130940	CASZ1	61.8443250135208	29.784785602376	93.9038644246657	1.44588959379175	0.716720024371431	2.72430757616886	0.00083649098549303	0.00511571562749898	protein_coding	chr1:10636604-10796650:-	66.5277046147276	27.9554682794458	15.1444645896932	9.51150492563726	75.4042417012878	91.2167995973333	43.7502236443298	165.244192755712
ENSG00000204444	APOM	34.5879427577966	20.0895246390099	49.0863608765834	1.08310661916054	0.44732577316726	2.11859323349199	0.000874596533161396	0.00531626863689412	protein_coding	chr6:31652416-31658210:+	30.6027441227747	21.2994044033873	16.0909936265491	12.3649564033284	49.3027734200728	41.7268338583546	63.1947674862542	42.121068741652
ENSG00000170989	S1PR1	18.5196711774983	4.5624177645568	32.4769245904398	2.0913642034886	0.962138529925435	4.26150848121123	0.000880733625504635	0.0053468363095338	protein_coding	chr1:101236865-101243713:+	14.6360950152401	2.66242555042341	0	0.951150492563726	77.3376837961926	48.5195742539007	1.6203786534937	2.43006165817223
ENSG00000170627	GTSF1	18.1520274925522	7.88847098501265	28.4155840000918	1.71882017969445	0.747837309818331	3.29167107528329	0.00091880352236008	0.0055412620728357	protein_coding	chr12:54455950-54473602:-	21.2888654767128	9.31848942648194	0.946529036855827	0	58.0032628471445	42.6972253434326	7.29170394072164	5.67014386906854
ENSG00000181649	PHLDA2	12.352946744303	4.32545349506232	20.3804399935437	2.06607889640266	0.894346481792766	4.18747012105763	0.000918340852314563	0.0055412620728357	protein_coding	chr11:2928273-2929420:-	7.98332455376732	9.31848942648194	0	0	44.4691681828108	28.1413530672624	4.86113596048109	4.05010276362038
ENSG00000125398	SOX9	34.1327337792284	13.7779755051853	54.4874920532716	1.26437476243242	0.553582453486479	2.40223079066711	0.000930703298282926	0.00559620641298246	protein_coding	chr17:72121020-72126416:+	21.2888654767128	18.6369788529639	6.62570325799079	8.56035443307354	71.5373575114782	121.298935634752	14.5834078814433	10.530267185413
ENSG00000075213	SEMA3A	36.1646636549838	10.7876961342013	61.5416311757663	1.72912550380247	0.781866643883535	3.3152680092143	0.000941102640408609	0.00564934820183898	protein_coding	chr7:83955777-84492724:-	29.2721900304802	11.9809149769054	0.946529036855827	0.951150492563726	169.176183304171	73.7497528659291	2.43056798024055	0.810020552724077
ENSG00000162614	NEXN	11.7215509640087	2.9944053905799	20.4486965374374	2.41548346153432	1.09654691109589	5.33498221472934	0.000950649010411135	0.00569013363427641	protein_coding	chr1:77888513-77943895:+	6.65277046147276	5.32485110084682	0	0	57.0365417996921	17.4670467314043	4.86113596048109	2.43006165817223
ENSG00000204962	PCDHA8	47.4779591815223	67.4020967628311	27.5538216002136	-1.07606668384319	0.46866671083842	-2.10828029266632	0.000951431070200424	0.00569246047086016	protein_coding	chr5:140841187-141012347:+	54.5527177840767	58.5733621093151	93.7063746487268	62.7759325092059	39.6355629455487	34.9340934628085	22.6853011489118	12.9603288435852
ENSG00000167995	BEST1	33.2284427138089	50.4034205710963	16.0534648565216	-1.27373688223221	0.570703332647713	-2.41787034185792	0.00105221731187878	0.00620315321988661	protein_coding	chr11:61950063-61965515:+	25.2805277535965	51.9172982332565	37.8611614742331	86.5546948232991	11.6006525694289	24.2597871269504	12.9630292279496	15.3903905017575
ENSG00000117154	IGSF21	18.8414051658211	28.6746895653061	9.00812076633611	-1.33709078985388	0.593488172746001	-2.52641350773851	0.00106570092919222	0.00625715600332615	protein_coding	chr1:18107798-18378483:+	25.2805277535965	30.6178938298692	35.0215743636656	23.7787623140932	15.4675367592385	6.7927403955461	8.91208259421534	4.86012331634446
ENSG00000151881	TMEM267	41.2864628052081	23.6532015238394	58.9197240865768	1.07342268759366	0.449793900613611	2.10442003099531	0.00106893702307748	0.00626819920137726	protein_coding	chr5:43444252-43483893:-	33.2638523073638	25.2930427290224	17.9840517002607	18.0718593587108	36.7353998031915	100.920714448113	49.4215489315578	48.6012331634446
ENSG00000227775	AL031282.1	12.1960009302124	1.52058594558061	22.8714159148441	2.74766131858122	1.51067493977714	6.71627507212571	0.00111249230217275	0.00648192475416512	transcribed_processed_pseudogene	chr1:1724512-1737251:+	0	1.33121277521171	0.946529036855827	3.80460197025491	28.0349103761198	35.9044849478865	26.736247782646	0.810020552724077
ENSG00000168918	INPP5D	26.155999926688	8.96390913114785	43.3480907222282	1.60199097866003	0.784952193015372	3.03561952380663	0.00112335486629954	0.0065346925160584	protein_coding	chr2:233059967-233207903:+	10.6444327383564	5.32485110084682	17.9840517002607	1.90230098512745	61.8701470369541	62.1050550449929	28.3566264361397	21.060534370826
ENSG00000204136	GGTA1P	10.8435162812658	3.56021079304863	18.126821769483	1.7736071402724	0.81238024822257	3.4190775371104	0.00113970766357269	0.00661652186718313	transcribed_unitary_pseudogene	chr9:121444991-121500027:-	2.66110818458911	3.99363832563512	4.73264518427913	2.85345147769118	9.66721047452408	12.6150893060142	17.8241651884307	32.4008221089631
ENSG00000258465	AL139011.2	9.79281569640422	1.66401596901463	17.9216154237938	2.76270334127308	1.7328644356577	6.78666754019734	0.00114921186973147	0.00665702204814332	protein_coding	chr1:160216800-160285130:-	0	6.65606387605853	0	0	8.70048942707167	23.2893956418723	26.736247782646	12.9603288435852
ENSG00000280287	AC131212.3	29.7694340419193	17.0425773521379	42.4962907317006	1.04965105546778	0.444218939878544	2.07002910935609	0.00117761309386805	0.00679569151018833	TEC	chr12:132550729-132554947:+	19.9583113844183	15.9745533025405	20.8236388108282	11.4138059107647	34.8019577082867	58.2234891046808	37.2687090303551	39.6910070834798
ENSG00000164619	BMPER	17.6537237751152	1.66401596901463	33.6434315812157	3.39470059084749	1.5267903945452	10.5173591391042	0.00122853703896082	0.00705020482350514	protein_coding	chr7:33904308-34156427:+	0	6.65606387605853	0	0	39.6355629455487	94.1279740525674	0.810189326746849	0
ENSG00000159307	SCUBE1	85.5401663011165	121.393785486577	49.6865471156563	-1.02672654839053	0.44305463523854	-2.03739618405343	0.00127536910731465	0.00727568667330113	protein_coding	chr22:43197280-43343372:-	202.244222028772	101.17217091609	94.6529036855827	87.5058453158628	41.5690050404535	83.4536677167092	55.9030635455326	17.8204521599297
ENSG00000278195	SSTR3	12.9874928395826	20.84321583764	5.13176984152528	-1.56008462286347	0.733001426447507	-2.94871138941757	0.00129847586357225	0.00738712310278349	protein_coding	chr22:37204237-37212477:-	19.9583113844183	22.630617178599	23.6632259213957	17.1207088661471	7.73376837961926	3.88156594031206	7.29170394072164	1.62004110544815
ENSG00000197816	CCDC180	12.3137443087685	21.2317031947276	3.39578542280952	-1.82397940152505	1.00598803104019	-3.54056450657448	0.00130339575044142	0.00740928778324377	protein_coding	chr9:97307304-97378751:+	14.6360950152401	6.65606387605853	18.9305807371165	44.7040731504951	2.90016314235722	5.82234891046808	2.43056798024055	2.43006165817223
ENSG00000185532	PRKG1	28.8384840044479	14.9089242464216	42.7680437624743	1.20750561168679	0.540201259116887	2.30938004621292	0.00130710092852145	0.00742451795074214	protein_coding	chr10:50990888-52298423:+	14.6360950152401	21.2994044033873	16.0909936265491	7.60920394050981	45.4358892302632	49.4899657389787	21.0649224954181	55.0813975852372
ENSG00000152078	TLCD4	140.05022644811	202.286271413271	77.8141814829497	-1.05714815842196	0.481103471733341	-2.08081421252016	0.00147361250990205	0.00819032022112613	protein_coding	chr1:95117355-95197607:+	86.4860159991459	392.707768687453	214.862091366273	115.089209600211	56.0698207522397	88.3056251420993	81.8291220014317	85.0521580360281
ENSG00000213689	TREX1	39.9677242727506	58.9183862905329	21.0170622549682	-1.19515400671978	0.587592211133532	-2.28969273130216	0.00147659332600561	0.00820373712371561	protein_coding	chr3:48465811-48467645:+	58.5443800609603	45.261234357198	70.0431487273312	61.8247820166422	20.3011419965006	37.8452679180425	5.67132528722794	20.2505138181019
ENSG00000105889	STEAP1B	15.6997902367425	2.32912834443262	29.0704521290523	2.87818627909446	1.22354755220377	7.35225232075893	0.00159229047582415	0.00877578829268962	protein_coding	chr7:22419444-22727613:-	3.99166227688366	5.32485110084682	0	0	43.5024471353584	72.779361380851	0	0
ENSG00000169908	TM4SF1	41.0709890054537	15.5440998064069	66.5978782045005	1.46176982252381	0.70506456713951	2.75446059214444	0.00159997130312974	0.0088114096918557	protein_coding	chr3:149369022-149377692:-	21.2888654767128	39.9363832563512	0	0.951150492563726	122.773573026456	143.617939791546	0	0
ENSG00000288632	NA	48.6884588785304	25.7802565921607	71.5966611649001	1.09619584403693	0.533676804495842	2.13790218025613	0.00164592148940193	0.00902326580155839	NA	NA	29.2721900304802	9.31848942648194	30.2889291793865	34.2414177322941	103.439152077408	77.6313188062411	64.8151461397479	40.5010276362038
ENSG00000028277	POU2F2	36.5218889827993	57.093102482882	15.9506754827166	-1.3868063971726	0.756908635115196	-2.61499175404406	0.00167752566558142	0.00917220587758211	protein_coding	chr19:42086110-42196585:-	15.9666491075346	75.8791281870673	89.9202585013035	46.6063741356226	30.9350735184771	12.6150893060142	9.72227192096219	10.530267185413
ENSG00000203497	PDCD4-AS1	21.5371151082675	32.1473177450105	10.9269124715245	-1.28125091967333	0.631261341458271	-2.43049626932641	0.00173168183919032	0.00938675328037509	lncRNA	chr10:110869868-110872233:-	31.9332982150693	15.9745533025405	34.0750453268098	46.6063741356226	5.80032628471445	3.88156594031206	23.4954904756586	10.530267185413
ENSG00000130822	PNCK	40.2875659766277	57.7729031120059	22.8022288412495	-1.04695296933815	0.488039486564857	-2.06616141912167	0.00181188157661459	0.00974530885927433	protein_coding	chrX:153669733-153689010:-	38.586068676542	75.8791281870673	74.7757939116103	41.850621672804	27.0681893286674	10.6743063358582	24.3056798024055	29.1607398980668
ENSG00000169282	KCNAB1	39.8042934542134	16.9668700669656	62.6417168414612	1.48316595083243	0.741926911902468	2.79561550025045	0.00185325227437288	0.00993779924675759	protein_coding	chr3:156037701-156539138:+	49.2305014148984	18.6369788529639	0	0	116.973246741741	131.97324197061	1.6203786534937	0
ENSG00000104953	TLE6	21.4186700659411	32.0428844498514	10.7944556820309	-1.19240563811821	0.577138237727993	-2.2853349639605	0.00187088675863217	0.0100138106722202	protein_coding	chr19:2977538-2995179:+	21.2888654767128	45.261234357198	41.6472776216564	19.9741603438383	11.6006525694289	9.70391485078014	12.9630292279496	8.91022607996485
ENSG00000125675	GRIA3	38.1736992967124	23.5680800739803	52.7793185194445	1.09117389295277	0.548899740464733	2.13047318450908	0.00187506516288684	0.0100324651025735	protein_coding	chrX:123184153-123490915:+	25.2805277535965	51.9172982332565	9.46529036855827	7.60920394050981	69.6039154165734	52.4011401942128	47.8011702780641	41.3110481889279
ENSG00000088340	FER1L4	36.3472683627308	53.4895495416766	19.2049871837851	-1.10145388080101	0.529287429467211	-2.14570818055077	0.00190559261572732	0.0101599312223382	transcribed_unitary_pseudogene	chr20:35558737-35607562:-	47.8999473226039	29.2866810546575	39.7542195479447	97.0173502415001	21.267863043953	12.6150893060142	28.3566264361397	14.5803699490334
ENSG00000164330	EBF1	32.0692526168845	49.2340249092013	14.9044803245678	-1.24783752239689	0.750436627577149	-2.37485185914964	0.00203968547230865	0.0107190878143512	protein_coding	chr5:158695916-159099916:-	51.8916095994876	15.9745533025405	58.6848002850613	70.3851364497157	24.1680261863102	18.4374382164823	9.72227192096219	7.29018497451669
ENSG00000109193	SULT1E1	46.5515254485107	22.6245243616153	70.4785265354061	1.26903310922212	0.58645575495439	2.40999993780264	0.00208328999055093	0.0109204838946917	protein_coding	chr4:69841212-69860145:-	49.2305014148984	41.2675960315629	0	0	123.740294073908	158.173812067716	0	0
ENSG00000135406	PRPH	32.4586646522197	49.2532211176322	15.6641081868072	-1.29788106593722	0.740376117957509	-2.45867503590931	0.00209730729301957	0.0109780573062829	protein_coding	chr12:49293252-49298686:+	61.2054882455494	30.6178938298692	79.5084390958894	25.6810632992206	32.8685156133819	13.5854807910922	9.72227192096219	6.48016442179262
ENSG00000119737	GPR75	18.2850525783469	9.16681394639785	27.4032912102959	1.14016840904832	0.564825843619618	2.20406750251124	0.00220132049817511	0.0114233458480059	protein_coding	chr2:53852912-53859967:-	9.31387864606187	9.31848942648194	7.57223229484661	10.462655418201	29.0016314235722	41.7268338583546	17.8241651884307	21.060534370826
ENSG00000227398	KIF9-AS1	34.5008272594191	49.4751016751556	19.5265528436826	-1.02155616290897	0.500663527178662	-2.03010755438125	0.00225558981770392	0.0116673164516186	lncRNA	chr3:47164186-47246601:+	57.2138259686658	50.5860854580448	53.0056260639263	37.0948692099853	24.1680261863102	7.76313188062411	18.6343545151775	27.5406987926186
ENSG00000170743	SYT9	20.9500132210931	32.4898544816331	9.41017196055314	-1.34101635534952	0.79185192855707	-2.53329722642415	0.00231527173855479	0.0119037043950634	protein_coding	chr11:7238778-7469043:+	23.9499736613019	31.949106605081	26.5028130319631	47.5575246281863	16.4342578066909	10.6743063358582	8.91208259421534	1.62004110544815
ENSG00000111341	MGP	22.9273195508203	38.5941375422772	7.26050155936348	-1.79514877490139	0.91845953582165	-3.47051261949334	0.00237890501883857	0.012174643683752	protein_coding	chr12:14880864-14885857:-	89.147124183735	65.2294259853736	0	0	18.3676999015957	10.6743063358582	0	0
ENSG00000183779	ZNF703	17.5552074754636	6.74415402472672	28.3662609262005	1.31386106087251	0.727461220781561	2.48605990562203	0.00238184674642638	0.0121853898766451	protein_coding	chr8:37695782-37700019:+	7.98332455376732	6.65606387605853	5.67917422113496	6.65805344794608	29.9683524710246	59.1938805897589	10.532461247709	13.7703493963093
ENSG00000143867	OSR1	11.6370607126865	0.998244910679491	22.2758765146935	3.4444606866846	1.5710535347809	10.8864425631382	0.00243807407341539	0.0124247345297679	protein_coding	chr2:19351485-19358623:-	1.33055409229455	2.66242555042341	0	0	45.4358892302632	43.6676168285106	0	0
ENSG00000205363	INSYN1	48.6613283427332	22.4267399979956	74.8959166874708	1.27330026157099	0.68619351774029	2.41713870254052	0.00251271441388005	0.0127512327181227	protein_coding	chr15:73735431-73752747:-	9.31387864606187	31.949106605081	13.2514065159816	35.1925682248579	22.2345840914054	109.654237813816	98.8430978631156	68.8517469815465
ENSG00000158008	EXTL1	13.381378748668	21.6694139441091	5.09334355322683	-1.37701906716819	0.784304618234325	-2.59731153222125	0.00254785465099896	0.012888885132439	protein_coding	chr1:26019884-26036464:+	22.6194195690074	41.2675960315629	7.57223229484661	15.2184078810196	5.80032628471445	4.85195742539007	4.05094663373424	5.67014386906854
ENSG00000151376	ME3	41.7121464016387	61.5368465206065	21.8874462826709	-1.07765075282345	0.642299666441188	-2.1105964408835	0.00261039636936382	0.0131363931341455	protein_coding	chr11:86441108-86672636:-	87.8165700914405	69.2230643110087	61.5243873956287	27.5833642843481	15.4675367592385	9.70391485078014	32.407573069874	29.9707604507908
ENSG00000164056	SPRY1	24.7013977109501	12.6822376684006	36.7205577534995	1.09695516238073	0.564957511884937	2.13902769574727	0.00262793992571701	0.0132063106058689	protein_coding	chr4:123396795-123403760:+	6.65277046147276	21.2994044033873	10.4118194054141	12.3649564033284	58.9699838945969	36.8748764329645	29.1668157628866	21.8705549235501
ENSG00000175356	SCUBE2	15.6069920744885	25.0313467152596	6.18263743371744	-1.37312433284173	0.786808992774525	-2.59030922342201	0.00264929259409108	0.0132997612605897	protein_coding	chr11:9019498-9138114:-	45.2388391380148	22.630617178599	17.0375226634049	15.2184078810196	9.66721047452408	2.91117445523404	8.91208259421534	3.24008221089631
ENSG00000116299	KIAA1324	31.6552238505657	48.3530737983803	14.9573739027511	-1.20213383097873	0.658622577254843	-2.30079720925563	0.00266510648547439	0.0133559855139442	protein_coding	chr1:109113679-109206781:+	99.7915569220914	18.6369788529639	32.1819872530981	42.8017721653677	17.4009788541433	11.6446978209362	14.5834078814433	16.2004110544815
ENSG00000225127	LINC00237	14.4847817360632	24.2355099388203	4.73405353330609	-1.53081284671496	1.01657037407464	-2.88948593362959	0.00266344938105918	0.0133559855139442	lncRNA	chr20:21085576-21106514:-	37.2555145842475	29.2866810546575	7.57223229484661	22.8276118215294	1.93344209490482	4.85195742539007	2.43056798024055	9.72024663268892
ENSG00000170965	PLAC1	6.93209429643368	0.665441716876565	13.1987468759908	3.04155257515326	1.84040441422255	8.23376672292429	0.00267683306487768	0.0134054688401296	protein_coding	chrX:134565838-134764322:-	1.33055409229455	1.33121277521171	0	0	25.1347472337626	25.2301786120284	0	2.43006165817223
ENSG00000186952	TMEM232	11.5239657346836	17.9553789450298	5.0925525243375	-1.31736945515019	0.719375803440291	-2.492112946648	0.00271176367409334	0.0135218272272012	protein_coding	chr5:110289233-110738956:-	18.6277572921237	19.9681916281756	13.2514065159816	19.9741603438383	6.76704733216685	3.88156594031206	6.48151461397479	3.24008221089631
ENSG00000154102	C16orf74	19.5639607559624	9.30974728882206	29.8181742231027	1.20865263362391	0.651774119824048	2.31121686050327	0.00284030403690968	0.0140731668353967	protein_coding	chr16:85690084-85751129:-	3.99166227688366	19.9681916281756	7.57223229484661	5.70690295538236	40.6022839930011	39.7860508881986	16.203786534937	22.6805754762742
ENSG00000104205	SGK3	20.7061207578715	9.7380627342968	31.6741787814463	1.27553833987529	0.735450017586058	2.42089136254344	0.00284673540352368	0.0140953819689354	protein_coding	chr8:66712734-66862022:+	9.31387864606187	17.3057660777522	6.62570325799079	5.70690295538236	15.4675367592385	45.6083997986667	43.7502236443298	21.8705549235501
ENSG00000267751	AC009005.1	20.4937651646243	10.1144983471807	30.873031982068	1.09192923978163	0.592528555909712	2.13158892100606	0.00298543565614599	0.0146617611983037	lncRNA	chr19:567210-572228:-	9.31387864606187	9.31848942648194	10.4118194054141	11.4138059107647	19.3344209490482	12.6150893060142	49.4215489315578	42.121068741652
ENSG00000134245	WNT2B	14.9377273959463	24.7477726094472	5.12768218244541	-1.61180975531095	0.991437683031157	-3.05634998151103	0.00299279650241917	0.0146929252983421	protein_coding	chr1:112466541-112530165:+	15.9666491075346	61.2357876597385	17.9840517002607	3.80460197025491	9.66721047452408	6.7927403955461	3.2407573069874	0.810020552724077
ENSG00000168350	DEGS2	28.0050259922282	47.0579610441639	8.95209094029244	-1.88272224065988	1.2575464581938	-3.68770241694745	0.00311571338165023	0.0151626495536731	protein_coding	chr14:100143957-100159645:-	10.6444327383564	3.99363832563512	95.5994327224385	77.9943403902256	0	0.970391485078014	34.0279517233677	0.810020552724077
ENSG00000244363	RPL7P23	7.44595072665849	2.1848722985302	12.7070291547868	1.72661486770252	1.03377093703585	3.30950366323478	0.00312670993145327	0.0152110496934196	processed_pseudogene	chr5:77582376-77583122:+	1.33055409229455	2.66242555042341	1.89305807371165	2.85345147769118	5.80032628471445	7.76313188062411	17.8241651884307	19.4404932653778
ENSG00000254612	AP001000.1	24.5205804375411	13.8258966577315	35.2152642173507	1.03588856066476	0.566765140821915	2.05037609069433	0.00316151024091614	0.0153289944362545	processed_pseudogene	chr11:127940913-127941654:-	19.9583113844183	17.3057660777522	6.62570325799079	11.4138059107647	37.7021208506439	26.2005700971064	30.7871944163803	46.1711715052724
ENSG00000111077	TNS2	35.7472597105321	55.3182285704703	16.1762908505939	-1.20190889027302	0.72797760964969	-2.30043850378532	0.00323908197905504	0.0156524986587191	protein_coding	chr12:53046969-53064379:+	17.2972031998292	59.9045748845268	103.171665017285	40.8994711802402	11.6006525694289	22.3190041567943	22.6853011489118	8.10020552724077
ENSG00000251669	FAM86EP	42.4501804130421	23.458708971855	61.4416518542291	1.01127479838208	0.541905799926824	2.01569142454065	0.0032451513490009	0.0156765939499633	transcribed_unprocessed_pseudogene	chr4:3941760-3955432:-	7.98332455376732	41.2675960315629	24.6097549582515	19.9741603438383	43.5024471353584	57.2530976196028	83.4495006549254	61.5615620070298
ENSG00000184384	MAML2	14.0303670269261	4.65726866448951	23.4034653893628	1.86820727688066	1.21281823671184	3.65078643734268	0.00331485105013887	0.0159467229826305	protein_coding	chr11:95976598-96343195:-	15.9666491075346	2.66242555042341	0	0	53.1696576098824	33.9637019777305	1.6203786534937	4.86012331634446
ENSG00000065361	ERBB3	12.0841803473111	5.08261345429533	19.0857472403269	1.35222343571241	0.794916886941307	2.55305290813337	0.00335320639637651	0.0160805023773218	protein_coding	chr12:56076799-56103505:+	6.65277046147276	1.33121277521171	3.78611614742331	8.56035443307354	17.4009788541433	18.4374382164823	17.0139758616838	23.4905960289982
ENSG00000176720	BOK	30.8647362316305	42.831908092239	18.8975643710221	-1.0525046494023	0.772944304537866	-2.07412759734254	0.00347818238365049	0.0166137734780771	protein_coding	chr2:241551424-241574131:+	51.8916095994876	35.9427449307161	42.5938066585122	40.8994711802402	30.9350735184771	34.9340934628085	4.05094663373424	5.67014386906854
ENSG00000231721	LINC-PINT	15.8604552968721	24.7986759839385	6.9222346098056	-1.29280866431456	0.948730243205736	-2.45004570791172	0.00363383935647497	0.0172831275078088	lncRNA	chr7:130938963-131110176:-	30.6027441227747	23.9618299538107	15.1444645896932	29.4856652694755	1.93344209490482	3.88156594031206	16.203786534937	5.67014386906854
ENSG00000165023	DIRAS2	15.448251993292	22.8426784505541	8.05382553602989	-1.11159240171123	0.663881962229443	-2.16084022513948	0.00379913641145423	0.0179630517095645	protein_coding	chr9:90609832-90642862:-	21.2888654767128	22.630617178599	21.770167847684	25.6810632992206	2.90016314235722	5.82234891046808	10.532461247709	12.9603288435852
ENSG00000092969	TGFB2	41.3147451309848	19.4838875883436	63.145602673626	1.07921360018955	0.622764316425061	2.11288405348832	0.0038239068309985	0.018056575388268	protein_coding	chr1:218345336-218444619:+	50.561055507193	15.9745533025405	2.83958711056748	8.56035443307354	150.808483402576	76.6609273211631	11.3426505744559	13.7703493963093
ENSG00000135318	NT5E	116.748194483748	38.7342595621178	194.762129405378	1.05163460192324	0.694681690582828	2.07287712832602	0.00383323605579133	0.0180770366358644	protein_coding	chr6:85449584-85495791:+	49.2305014148984	97.1785325904546	6.62570325799079	1.90230098512745	433.091029258679	338.666628292227	3.2407573069874	4.05010276362038
ENSG00000183506	PI4KAP2	312.625083097593	464.725391521077	160.524774674109	-1.06891861484018	0.644548815685962	-2.09786030753838	0.00384217924689185	0.0181133095245165	transcribed_unitary_pseudogene	chr22:21473000-21517533:-	604.071557901727	218.31889513472	634.174454693404	402.336658354456	87.0048942707167	261.035309485986	102.89404449685	191.164850442882
ENSG00000118523	CCN2	23.2692106897896	4.6589153717824	41.8795060077967	2.33038759059265	1.25312382720398	5.02940450296819	0.00395163276580226	0.0185419272518934	protein_coding	chr6:131948176-131951372:-	2.66110818458911	15.9745533025405	0	0	94.738662650336	72.779361380851	0	0
ENSG00000134256	CD101	22.8660946283491	8.06876662665711	37.6634226300412	1.27375516886571	1.11935906391064	2.41790098935288	0.00409067220462635	0.0190674070265884	protein_coding	chr1:117001750-117036476:+	14.6360950152401	5.32485110084682	10.4118194054141	1.90230098512745	29.9683524710246	9.70391485078014	41.3196556640893	69.6617675342706
ENSG00000181449	SOX2	11.9417319225717	5.08261274233326	18.8008511028102	1.34915250032283	0.880700011122525	2.5476242334701	0.00409342328160304	0.0190740873002707	protein_coding	chr3:181711925-181714436:+	11.974986830651	2.66242555042341	2.83958711056748	2.85345147769118	15.4675367592385	28.1413530672624	17.8241651884307	13.7703493963093
ENSG00000203709	MIR29B2CHG	13.6569761724875	22.4662501321741	4.84770221280094	-1.51235984346307	1.11217171923112	-2.85276289490375	0.00410740487184667	0.0191207689643734	lncRNA	chr1:207801518-207879115:-	54.5527177840767	3.99363832563512	14.1979355528374	17.1207088661471	6.76704733216685	7.76313188062411	2.43056798024055	2.43006165817223
ENSG00000278867	AC090616.6	10.2120852979414	16.0927483181546	4.33142227772819	-1.41444079040253	1.02565927904992	-2.66556394252901	0.00420450797427813	0.0194601355649912	TEC	chr17:32051030-32053208:+	7.98332455376732	14.6433405273288	21.770167847684	19.9741603438383	1.93344209490482	0	8.91208259421534	6.48016442179262
ENSG00000205549	C9orf92	13.3442781444322	20.179258826149	6.50929746271531	-1.13376946580127	0.698856236103267	-2.19431320877216	0.00433579418412942	0.0199846972060207	protein_coding	chr9:16203935-16410990:-	15.9666491075346	23.9618299538107	22.7166968845398	18.0718593587108	7.73376837961926	2.91117445523404	8.91208259421534	6.48016442179262
ENSG00000107282	APBA1	574.853485543564	297.918548521525	851.788422565602	1.0809859251853	0.765121237839512	2.11548128867393	0.00443072897113951	0.0203380718044092	protein_coding	chr9:69427532-69672371:-	139.708179690928	698.886706986146	153.337703970644	199.741603438383	732.774553968925	859.76685577912	798.036486845646	1016.57579366872
ENSG00000166762	CATSPER2	38.2873519655851	61.8592587377136	14.7154451934565	-1.16884419840117	0.99879954041512	-2.24831503117411	0.00444988337978421	0.0203936548941155	protein_coding	chr15:43628503-43668118:-	3.99166227688366	61.2357876597385	84.2410842801686	97.9685007340638	14.5008157117861	18.4374382164823	13.7732185546964	12.1503082908612
ENSG00000224729	PCOLCE-AS1	15.9457572242342	25.1868851693139	6.70462927915439	-1.17024242223827	1.14795172043675	-2.25049509795555	0.00458619450287527	0.0208926638464318	lncRNA	chr7:100589402-100604206:-	17.2972031998292	19.9681916281756	50.1660389533588	13.3161068958922	10.6339315219765	9.70391485078014	2.43056798024055	4.05010276362038
ENSG00000177508	IRX3	46.0734845241644	25.5946779640429	66.552291084286	1.03616922600621	0.640530828450563	2.05077501456217	0.00461736038605719	0.0210081914075466	protein_coding	chr16:54283304-54286787:-	62.536042337844	13.3121277521171	20.8236388108282	5.70690295538236	87.9716153181691	83.4536677167092	55.0928742187857	39.6910070834798
ENSG00000266524	GDF10	14.5088580525625	22.5019578966619	6.51575820846315	-1.15273066768678	0.766689706428889	-2.22334320716225	0.00490943041805511	0.0221077120225612	protein_coding	chr10:47300197-47313577:+	7.98332455376732	7.98727665127024	31.2354582162423	42.8017721653677	2.90016314235722	2.91117445523404	5.67132528722794	14.5803699490334
ENSG00000262468	LINC01569	17.2507729554885	26.0451675722645	8.45637833871258	-1.0710880084071	0.685961824063612	-2.10101725200391	0.00503723285677833	0.0225638722179365	lncRNA	chr16:4243943-4253817:-	7.98332455376732	14.6433405273288	50.1660389533588	31.387966254603	5.80032628471445	2.91117445523404	16.203786534937	8.91022607996485
ENSG00000204767	INSYN2B	16.6556797842267	6.55824623417668	26.7531133342767	1.2553812498855	0.92931450820863	2.38730227666306	0.00515221028996638	0.0229824962816326	protein_coding	chr5:169861303-169980495:-	13.3055409229455	11.9809149769054	0.946529036855827	0	58.0032628471445	46.5787912837447	1.6203786534937	0.810020552724077
ENSG00000142700	DMRTA2	15.5046377624859	7.40712105498212	23.6021544699896	1.11765989977457	0.7688088314385	2.16994714118259	0.00541306611535418	0.0238633280193485	protein_coding	chr1:50417550-50423443:-	5.32221636917821	5.32485110084682	8.51876133170244	10.462655418201	32.8685156133819	14.5558722761702	14.5834078814433	32.4008221089631
ENSG00000116785	CFHR3	11.3240580102838	18.0000020573084	4.64811396325922	-1.22668431671426	0.953616421576768	-2.34028513747438	0.00560962180228409	0.0245281136992319	protein_coding	chr1:196774813-196795407:+	19.9583113844183	9.31848942648194	16.0909936265491	26.6322137917843	5.80032628471445	3.88156594031206	1.6203786534937	7.29018497451669
ENSG00000198133	TMEM229B	17.0309293607451	27.8334166443201	6.22844207717013	-1.14589194501105	0.975368369931676	-2.21282896348982	0.00563632711762564	0.024630000716605	protein_coding	chr14:67447084-67533739:-	3.99166227688366	13.3121277521171	27.449342068819	66.5805344794609	5.80032628471445	2.91117445523404	8.91208259421534	7.29018497451669
ENSG00000185811	IKZF1	14.2464188994735	4.83921368224881	23.6536241166981	1.37596361627822	1.22120096454324	2.59541207864421	0.00574151205906047	0.0249990686013183	protein_coding	chr7:50304068-50405101:+	5.32221636917821	2.66242555042341	8.51876133170244	2.85345147769118	27.0681893286674	6.7927403955461	9.72227192096219	51.0312948216168
ENSG00000225968	ELFN1	11.6413204892593	18.7155035103257	4.56713746819293	-1.19701839289014	1.00343860257481	-2.2926536002652	0.00576311605707603	0.0250780453078958	protein_coding	chr7:1688119-1747954:+	18.6277572921237	30.6178938298692	13.2514065159816	12.3649564033284	6.76704733216685	0.970391485078014	4.05094663373424	6.48016442179262
ENSG00000213801	ZNF321P	17.4912235943489	28.2278412199995	6.75460596869833	-1.21391205167037	1.05132454253978	-2.31965789571844	0.00594207525182142	0.0256945488854531	transcribed_processed_pseudogene	chr19:52927135-52942601:-	29.2721900304802	6.65606387605853	12.3048774791257	64.6782334943334	4.83360523726204	6.7927403955461	8.10189326746849	7.29018497451669
ENSG00000185522	LMNTD2	17.3323758577559	26.532955673669	8.13179604184282	-1.12072783664301	0.834586121140836	-2.17456651264135	0.00595145545256471	0.025727423764925	protein_coding	chr11:554850-560738:-	27.9416359381856	14.6433405273288	36.9146324373772	26.6322137917843	4.83360523726204	5.82234891046808	3.2407573069874	18.6304727126538
ENSG00000085276	MECOM	26.2363420309834	12.738414419949	39.7342696420179	1.05129692650024	0.79304635728571	2.0723920100357	0.00600458329622916	0.0259106541581171	protein_coding	chr3:169083499-169663775:-	7.98332455376732	10.6497022016936	3.78611614742331	28.5345147769118	44.4691681828108	45.6083997986667	37.2687090303551	31.590801556239
ENSG00000095397	WHRN	28.8089575780127	13.1016395439182	44.5162756121073	1.0380928408671	0.875023719810095	2.05351123553424	0.00625713601759475	0.0268324532096737	protein_coding	chr9:114402080-114505473:-	9.31387864606187	21.2994044033873	17.0375226634049	4.75575246281863	13.5340946643337	44.6380083135886	47.8011702780641	72.0918291924428
ENSG00000185551	NR2F2	21.6642978023425	5.98765808605478	37.3409375186302	1.57392844312671	2.36441881539507	2.97714284203842	0.00628191987369019	0.026909307206068	protein_coding	chr15:96325938-96340263:+	22.6194195690074	1.33121277521171	0	0	64.7703101793113	80.5424932614752	4.05094663373424	0
ENSG00000222019	URAHP	11.9286722679921	19.0866577396867	4.77068679629743	-1.19932522787171	1.04153864747512	-2.29632243112804	0.00652618616250477	0.0276584164948555	transcribed_unprocessed_pseudogene	chr16:90039761-90047773:-	3.99166227688366	23.9618299538107	23.6632259213957	24.7299128066569	5.80032628471445	1.94078297015603	6.48151461397479	4.86012331634446
ENSG00000158887	MPZ	13.671728531333	23.0994357663624	4.24402129630359	-1.2549662508084	1.67127192316419	-2.38661565493569	0.00664232956825268	0.0280595162325269	protein_coding	chr1:161304735-161309972:-	5.32221636917821	58.5733621093151	6.62570325799079	21.8764613289657	4.83360523726204	4.85195742539007	1.6203786534937	5.67014386906854
ENSG00000185046	ANKS1B	16.7551306436206	25.3886339086749	8.12162737856636	-1.04138713488416	0.836366646175948	-2.05820564358493	0.0067252115756352	0.0283359496751582	protein_coding	chr12:98726457-99984654:-	21.2888654767128	25.2930427290224	39.7542195479447	15.2184078810196	11.6006525694289	8.73352336570213	9.72227192096219	2.43006165817223
ENSG00000143450	OAZ3	10.9606123661565	4.03595071005979	17.8852740222532	1.19959936685051	1.08107727343507	2.29675881669926	0.00673193110557	0.0283560066620823	protein_coding	chr1:151762899-151771334:+	1.33055409229455	5.32485110084682	4.73264518427913	4.75575246281863	11.6006525694289	4.85195742539007	34.0279517233677	21.060534370826
ENSG00000196267	ZNF836	29.7473646166885	43.6688933497744	15.8258358836025	-1.00118251772644	0.754077065195417	-2.00163998968028	0.00682265790656847	0.0286298428187201	protein_coding	chr19:52153864-52171643:-	7.98332455376732	51.9172982332565	64.3639745061962	50.4109761058775	4.83360523726204	10.6743063358582	20.2547331686712	27.5406987926186
ENSG00000165169	DYNLT3	12.353753905151	3.99281497198868	20.7146928383134	1.44216987701901	1.5822173063929	2.71729251084756	0.00689334891834876	0.0288846088289698	protein_coding	chrX:37836757-37847571:-	6.65277046147276	9.31848942648194	0	0	29.9683524710246	50.4603572240567	0	2.43006165817223
ENSG00000241431	RPL37P6	16.6672108462142	24.8748792381586	8.45954245426987	-1.00818314135833	0.764153245420781	-2.01137647659804	0.00724535304536232	0.0301204593345346	transcribed_processed_pseudogene	chr8:56588385-56588787:+	11.974986830651	17.3057660777522	34.0750453268098	36.1437187174216	1.93344209490482	6.7927403955461	6.48151461397479	18.6304727126538
ENSG00000249307	LINC01088	12.4682719074218	4.98891720632753	19.9476266085161	1.09985971448419	1.29194690450381	2.14333849989765	0.00737535017113838	0.0305592450692487	lncRNA	chr4:78939485-79309673:+	10.6444327383564	2.66242555042341	1.89305807371165	4.75575246281863	7.73376837961926	24.2597871269504	27.5464371093929	20.2505138181019
ENSG00000139344	AMDHD1	11.9488154110587	19.1233579752058	4.77427284691165	-1.05558003107328	1.0716906901945	-2.07855371471123	0.00781750566518488	0.0320426959762732	protein_coding	chr12:95943331-95968720:+	3.99166227688366	14.6433405273288	33.1285162899539	24.7299128066569	1.93344209490482	5.82234891046808	4.86113596048109	6.48016442179262
ENSG00000101306	MYLK2	11.7754658169342	5.03502235516974	18.5159092786987	1.0154469436211	1.36746893827371	2.0215290610513	0.00818646721271203	0.0332816685307813	protein_coding	chr20:31819308-31834689:+	0	3.99363832563512	4.73264518427913	11.4138059107647	20.3011419965006	16.4966552463262	23.4954904756586	13.7703493963093
ENSG00000152192	POU4F1	9.16682503345213	3.61027800271953	14.7233720641847	1.00654444767809	1.53614726273037	2.00909313976771	0.00948587412107449	0.0374314966622538	protein_coding	chr13:78598362-78603552:-	2.66110818458911	1.33121277521171	2.83958711056748	7.60920394050981	8.70048942707167	19.4078297015603	21.0649224954181	9.72024663268892
ENSG00000153976	HS3ST3A1	45.0390222410727	16.9713161766564	73.106728305489	1.29955109333415	1.11355692104259	2.46152278404986	0.00971836252794424	0.0380763023462201	protein_coding	chr17:13494032-13601929:-	13.3055409229455	54.57972378368	0	0	166.276020161814	126.150893060142	0	0
ENSG00000204264	PSMB8	24.2371806272274	9.98113174096061	38.4932295134941	1.20094268673758	1.0015414639443	2.29889836700894	0.0100889584147593	0.0391782922288199	protein_coding	chr6:32840717-32844679:-	23.9499736613019	15.9745533025405	0	0	84.1047311283595	69.868186925617	0	0
ENSG00000055813	CCDC85A	24.6185384684061	8.31695110121668	40.9201258355956	1.36115953876874	1.3181964319145	2.5689156828528	0.0107660884909415	0.0413418940645785	protein_coding	chr2:56183990-56386172:+	25.2805277535965	7.98727665127024	0	0	83.1380100809071	80.5424932614752	0	0
